customer_id,order_id,row_id,sales,line_no
AA-10315,CA-2016-103982,5199,3930.07,1
AA-10315,CA-2014-128055,2230,673.57,2
AA-10315,CA-2016-103982,5201,431.98,3
AA-10315,CA-2017-147039,1160,362.94,4
AA-10315,CA-2014-128055,2231,52.98,5
AA-10315,CA-2016-103982,5202,41.72,6
AA-10315,CA-2015-121391,1300,26.96,7
AA-10315,CA-2014-138100,7469,14.94,8
AA-10315,CA-2014-138100,7470,14.56,9
AA-10315,CA-2017-147039,1161,11.54,10
AA-10315,CA-2016-103982,5200,2.3,11
AA-10375,CA-2016-131065,2264,499.98,1
AA-10375,CA-2015-140921,809,149.97,2
AA-10375,CA-2017-100230,6750,116.98,3
AA-10375,CA-2015-114503,6466,84.96,4
AA-10375,US-2017-169488,9540,39.96,5
AA-10375,CA-2014-130729,3008,34.27,6
AA-10375,CA-2015-140921,808,28.4,7
AA-10375,CA-2017-100230,6749,17.94,8
AA-10375,US-2017-169488,9539,16.9,9
AA-10375,CA-2016-126613,536,16.77,10
AA-10375,CA-2014-158064,1173,16.52,11
AA-10375,CA-2017-100230,6748,14.95,12
AA-10375,CA-2016-131065,2266,8.26,13
AA-10375,CA-2016-131065,2265,5.28,14
AA-10375,CA-2015-109939,1979,5.25,15
AA-10480,CA-2016-114601,7706,479.97,1
AA-10480,CA-2016-114601,7705,447.84,2
AA-10480,CA-2016-121671,3112,265.17,3
AA-10480,CA-2016-121671,3109,242.94,4
AA-10480,CA-2016-114601,7704,209.97,5
AA-10480,CA-2016-121671,3111,51.84,6
AA-10480,CA-2014-155271,1460,27.46,7
AA-10480,CA-2016-121671,3108,21.93,8
AA-10480,CA-2017-114412,13,15.55,9
AA-10480,CA-2016-114601,7703,11.56,10
AA-10480,CA-2016-114601,7707,8.64,11
AA-10480,CA-2016-121671,3110,7.64,12
AA-10645,CA-2015-110863,8010,1323.9,1
AA-10645,CA-2016-147137,4454,1279.17,2
AA-10645,CA-2014-154963,4023,853.93,3
AA-10645,CA-2015-110863,8008,541.24,4
AA-10645,CA-2014-143210,8004,271.9,5
AA-10645,CA-2014-154963,4021,170.06,6
AA-10645,CA-2016-131205,6039,129.92,7
AA-10645,CA-2016-131205,6038,113.94,8
AA-10645,CA-2015-110863,8009,106.32,9
AA-10645,CA-2014-154963,4022,82.78,10
AA-10645,CA-2014-143210,8005,45.84,11
AA-10645,CA-2016-147137,4453,43.96,12
AA-10645,CA-2016-131205,6037,42.6,13
AA-10645,CA-2016-147137,4455,27.92,14
AA-10645,CA-2016-147137,4452,25.4,15
AA-10645,CA-2017-157196,7490,12.96,16
AA-10645,CA-2014-143210,8006,9.82,17
AA-10645,CA-2016-131205,6040,5.28,18
AB-10015,CA-2016-140935,8803,341.96,1
AB-10015,CA-2014-156587,4964,242.94,2
AB-10015,CA-2016-140935,8802,221.98,3
AB-10015,CA-2014-156587,4962,48.71,4
AB-10015,CA-2014-156587,4963,17.94,5
AB-10015,CA-2014-152905,8223,12.62,6
AB-10060,CA-2016-129714,354,4355.17,1
AB-10060,CA-2017-107174,8169,2036.86,2
AB-10060,CA-2017-107174,8170,449.57,3
AB-10060,CA-2017-118213,9499,167.94,4
AB-10060,US-2016-108637,2365,160.32,5
AB-10060,US-2016-108637,2364,127.88,6
AB-10060,CA-2017-107174,8171,108.96,7
AB-10060,CA-2017-159688,5001,79.99,8
AB-10060,CA-2017-118213,9500,67.8,9
AB-10060,CA-2016-129714,353,49.12,10
AB-10060,US-2016-108637,2366,46.0,11
AB-10060,CA-2016-161207,1176,27.93,12
AB-10060,CA-2016-129714,351,24.56,13
AB-10060,CA-2017-134173,3034,20.74,14
AB-10060,CA-2015-150511,5051,18.54,15
AB-10060,CA-2016-129714,350,6.79,16
AB-10060,CA-2017-118213,9498,4.41,17
AB-10060,CA-2016-129714,352,3.05,18
AB-10105,CA-2016-117121,9040,9892.74,1
AB-10105,CA-2014-103100,4284,1103.97,2
AB-10105,CA-2017-101042,2552,821.88,3
AB-10105,CA-2017-153822,6973,471.92,4
AB-10105,CA-2017-126788,3912,470.38,5
AB-10105,US-2016-122245,1410,393.17,6
AB-10105,CA-2017-121643,4715,344.7,7
AB-10105,CA-2015-163181,9107,287.91,8
AB-10105,CA-2015-163181,9106,177.65,9
AB-10105,CA-2016-147431,5614,117.96,10
AB-10105,CA-2017-153822,6972,89.58,11
AB-10105,CA-2015-163181,9103,84.78,12
AB-10105,CA-2015-163181,9104,64.96,13
AB-10105,CA-2017-140781,9208,39.82,14
AB-10105,CA-2015-163181,9105,32.06,15
AB-10105,CA-2015-163181,9102,23.64,16
AB-10105,CA-2017-101042,2553,21.96,17
AB-10105,CA-2017-153822,6974,18.18,18
AB-10105,CA-2017-153822,6971,12.62,19
AB-10105,CA-2014-103100,4283,3.69,20
AB-10150,CA-2014-169061,8498,479.97,1
AB-10150,CA-2017-158876,1600,99.14,2
AB-10150,CA-2014-169061,8501,97.82,3
AB-10150,CA-2017-120761,1556,91.96,4
AB-10150,CA-2014-169061,8497,59.52,5
AB-10150,CA-2014-169061,8500,49.63,6
AB-10150,CA-2014-169061,8499,18.62,7
AB-10150,CA-2017-158876,1598,16.9,8
AB-10150,CA-2017-158876,1601,15.99,9
AB-10150,CA-2016-147970,5114,15.55,10
AB-10150,CA-2015-168186,2631,14.94,11
AB-10150,CA-2017-158876,1599,6.67,12
AB-10165,CA-2015-115945,4317,304.23,1
AB-10165,CA-2015-131534,693,166.24,2
AB-10165,CA-2017-145737,6133,163.96,3
AB-10165,CA-2017-126634,8665,94.2,4
AB-10165,CA-2017-144932,931,89.86,5
AB-10165,CA-2015-115945,4316,88.75,6
AB-10165,CA-2015-144043,8465,46.69,7
AB-10165,US-2014-139500,5304,37.3,8
AB-10165,CA-2015-131534,694,33.4,9
AB-10165,CA-2017-131212,3434,24.82,10
AB-10165,CA-2015-115945,4315,20.96,11
AB-10165,CA-2017-131212,3435,14.98,12
AB-10165,CA-2017-144932,930,14.59,13
AB-10165,CA-2017-144932,932,13.87,14
AB-10255,CA-2017-126662,4573,479.98,1
AB-10255,CA-2017-155873,2708,192.16,2
AB-10255,CA-2015-142055,5528,37.94,3
AB-10255,CA-2015-110093,3614,36.78,4
AB-10255,CA-2017-127705,1332,27.44,5
AB-10255,CA-2014-122679,9484,19.68,6
AB-10255,CA-2017-155873,2707,19.44,7
AB-10255,CA-2016-151155,3721,18.92,8
AB-10255,CA-2016-151323,5136,17.05,9
AB-10255,CA-2017-155873,2706,16.68,10
AB-10255,CA-2015-110093,3613,16.45,11
AB-10255,CA-2016-151155,3722,15.42,12
AB-10255,US-2016-158708,1694,13.62,13
AB-10255,CA-2017-127705,1331,2.97,14
AB-10600,US-2017-155425,1368,899.14,1
AB-10600,US-2017-155425,1366,239.95,2
AB-10600,US-2017-155425,1367,201.58,3
AB-10600,US-2017-155425,1365,95.99,4
AB-10600,US-2017-155425,1364,38.39,5
AB-10600,CA-2015-158323,7754,17.09,6
AB-10600,CA-2014-115336,4131,14.48,7
AB-10600,CA-2015-111234,4217,9.24,8
AC-10420,CA-2014-129924,339,698.35,1
AC-10420,US-2017-158218,1857,127.92,2
AC-10420,CA-2016-144400,6237,57.58,3
AC-10420,US-2017-158218,1858,34.24,4
AC-10420,CA-2014-129924,338,7.71,5
AC-10450,CA-2017-141789,1897,1793.98,1
AC-10450,CA-2017-158729,3589,1665.62,2
AC-10450,CA-2016-163573,4116,1219.96,3
AC-10450,US-2014-167262,4772,742.34,4
AC-10450,CA-2015-164441,3025,52.27,5
AC-10450,CA-2015-164441,3026,17.94,6
AC-10450,CA-2016-116232,4666,16.56,7
AC-10450,US-2015-106495,5815,11.67,8
AC-10450,CA-2016-116232,4665,7.51,9
AC-10615,CA-2017-157987,1954,1282.41,1
AC-10615,CA-2017-157987,1949,254.53,2
AC-10615,CA-2017-157987,1956,238.0,3
AC-10615,CA-2017-157987,1952,197.97,4
AC-10615,CA-2017-157987,1957,167.97,5
AC-10615,CA-2015-100734,7472,147.18,6
AC-10615,CA-2017-136007,6028,71.96,7
AC-10615,CA-2017-169411,3701,37.93,8
AC-10615,CA-2017-157987,1951,26.43,9
AC-10615,CA-2017-157987,1947,23.1,10
AC-10615,CA-2017-157987,1953,18.9,11
AC-10615,CA-2017-157987,1958,17.12,12
AC-10615,CA-2017-157987,1950,12.98,13
AC-10615,CA-2017-101637,9530,12.77,14
AC-10615,CA-2017-157987,1948,11.54,15
AC-10615,CA-2017-136007,6027,8.4,16
AC-10615,CA-2017-157987,1955,4.92,17
AC-10615,CA-2015-100734,7471,3.58,18
AC-10660,CA-2016-161928,6149,201.58,1
AC-10660,US-2014-122021,4898,183.37,2
AC-10660,CA-2017-135650,2843,143.73,3
AC-10660,CA-2016-134544,8382,84.78,4
AC-10660,CA-2016-158617,9447,35.88,5
AC-10660,US-2014-122021,4899,7.97,6
AD-10180,CA-2017-127432,516,2999.95,1
AD-10180,CA-2017-127432,519,1126.02,2
AD-10180,CA-2017-143245,4929,897.15,3
AD-10180,US-2014-152030,125,600.56,4
AD-10180,CA-2017-160416,3700,163.96,5
AD-10180,US-2017-136784,5289,163.96,6
AD-10180,CA-2017-127432,517,51.45,7
AD-10180,CA-2015-120439,1327,51.07,8
AD-10180,CA-2017-143245,4928,19.44,9
AD-10180,CA-2015-124268,1287,15.48,10
AD-10180,CA-2017-127432,518,11.96,11
AD-10180,CA-2014-128062,9736,5.88,12
AF-10870,CA-2016-146934,2443,662.84,1
AF-10870,CA-2016-146934,2441,345.0,2
AF-10870,CA-2016-146934,2446,257.98,3
AF-10870,US-2017-139969,2151,233.06,4
AF-10870,CA-2016-146934,2442,174.29,5
AF-10870,CA-2016-146934,2444,95.1,6
AF-10870,CA-2017-125269,8201,72.78,7
AF-10870,CA-2016-126270,9669,71.97,8
AF-10870,CA-2017-167871,3946,44.38,9
AF-10870,CA-2016-146934,2445,26.88,10
AF-10870,CA-2016-139234,3360,26.18,11
AF-10870,CA-2016-126270,9668,18.09,12
AF-10870,CA-2017-125269,8200,10.43,13
AF-10870,CA-2015-168634,5609,7.78,14
AF-10870,CA-2016-139234,3359,3.21,15
AF-10870,CA-2017-167871,3947,2.94,16
AF-10885,CA-2014-114181,7555,349.97,1
AF-10885,CA-2015-114300,848,287.94,2
AF-10885,CA-2015-114300,847,83.72,3
AF-10885,CA-2014-103702,3285,63.92,4
AF-10885,CA-2016-115588,2869,38.98,5
AF-10885,CA-2014-114181,7556,22.32,6
AF-10885,CA-2016-115588,2868,14.72,7
AG-10270,CA-2016-105732,7388,1336.44,1
AG-10270,CA-2016-105732,7385,378.0,2
AG-10270,CA-2016-105732,7387,373.08,3
AG-10270,CA-2016-105732,7382,149.95,4
AG-10270,CA-2014-103058,7411,99.98,5
AG-10270,CA-2014-167164,18,55.5,6
AG-10270,CA-2016-105732,7380,40.74,7
AG-10270,CA-2015-153738,8037,37.68,8
AG-10270,CA-2016-105732,7389,29.97,9
AG-10270,CA-2016-105732,7386,17.64,10
AG-10270,CA-2016-105732,7384,17.61,11
AG-10270,CA-2016-105732,7383,16.9,12
AG-10270,CA-2017-139416,4676,15.01,13
AG-10270,CA-2016-105732,7381,14.4,14
AG-10300,CA-2014-147298,2615,230.28,1
AG-10300,CA-2016-143749,4185,81.94,2
AG-10300,CA-2015-166800,6996,31.08,3
AG-10300,CA-2014-147298,2616,18.29,4
AG-10300,CA-2017-161823,3587,5.96,5
AG-10330,CA-2017-142909,7152,182.55,1
AG-10330,CA-2016-104150,6159,167.28,2
AG-10330,CA-2017-107748,4353,95.84,3
AG-10330,CA-2016-104150,6158,81.54,4
AG-10330,CA-2017-104927,6195,75.88,5
AG-10330,CA-2017-104927,6193,25.92,6
AG-10330,CA-2017-107748,4354,12.96,7
AG-10330,CA-2017-108287,7738,12.67,8
AG-10330,CA-2017-104927,6194,6.33,9
AG-10390,CA-2014-158470,7844,71.28,1
AG-10390,CA-2014-158470,7843,58.05,2
AG-10390,CA-2017-107244,6005,19.76,3
AG-10390,CA-2016-109820,1034,15.7,4
AG-10390,CA-2016-109820,1036,14.43,5
AG-10390,CA-2014-125171,4986,14.4,6
AG-10390,CA-2016-136483,2197,4.7,7
AG-10390,CA-2016-109820,1035,2.63,8
AG-10495,CA-2015-162201,9817,516.96,1
AG-10495,CA-2015-111948,9314,418.32,2
AG-10495,CA-2015-118738,5374,347.36,3
AG-10495,CA-2015-104241,5647,192.22,4
AG-10495,CA-2015-162201,9816,173.49,5
AG-10495,CA-2015-162201,9818,173.21,6
AG-10495,CA-2015-111948,9315,123.86,7
AG-10495,CA-2015-156146,5160,105.58,8
AG-10495,CA-2015-156146,5161,68.72,9
AG-10495,CA-2017-132976,279,59.71,10
AG-10495,CA-2015-162201,9821,42.24,11
AG-10495,CA-2017-132976,280,24.84,12
AG-10495,CA-2016-168921,6611,19.3,13
AG-10495,CA-2015-162201,9822,18.26,14
AG-10495,CA-2017-132976,278,18.18,15
AG-10495,CA-2015-118738,5373,15.55,16
AG-10495,CA-2017-132976,277,11.65,17
AG-10495,CA-2015-118738,5375,10.37,18
AG-10495,CA-2015-162201,9820,9.0,19
AG-10495,CA-2015-162201,9819,4.45,20
AG-10495,CA-2015-142692,4275,3.59,21
AG-10525,CA-2014-158281,7289,559.71,1
AG-10525,CA-2015-164084,8630,481.18,2
AG-10525,CA-2014-167850,315,178.38,3
AG-10525,CA-2015-164084,8628,90.0,4
AG-10525,CA-2015-164084,8627,70.26,5
AG-10525,CA-2015-169572,8791,46.62,6
AG-10525,CA-2014-167850,316,15.55,7
AG-10525,CA-2015-164084,8631,7.24,8
AG-10525,CA-2015-164084,8629,6.1,9
AG-10675,CA-2016-108987,400,2396.27,1
AG-10675,CA-2016-133368,7270,315.78,2
AG-10675,CA-2015-137512,2975,244.01,3
AG-10675,CA-2016-108987,401,131.14,4
AG-10675,CA-2016-133368,7269,89.57,5
AG-10675,CA-2016-108987,402,57.58,6
AG-10675,US-2017-146822,8148,49.12,7
AG-10675,CA-2017-163335,5184,40.29,8
AG-10675,CA-2017-163335,5185,38.71,9
AG-10675,CA-2016-108987,399,35.95,10
AG-10675,CA-2017-101483,1735,34.85,11
AG-10675,CA-2017-101483,1736,22.0,12
AG-10675,CA-2015-137512,2976,15.94,13
AG-10675,US-2017-104094,5280,13.48,14
AG-10675,CA-2017-101483,1737,4.37,15
AG-10765,CA-2015-110947,4579,113.1,1
AG-10765,CA-2017-126123,5697,27.4,2
AG-10765,CA-2017-126123,5698,13.46,3
AG-10765,CA-2015-113222,8742,10.74,4
AG-10765,US-2014-158638,879,5.89,5
AG-10900,US-2014-119137,374,1023.94,1
AG-10900,CA-2016-160108,9163,680.01,2
AG-10900,US-2014-119137,376,479.04,3
AG-10900,CA-2015-130785,1761,411.33,4
AG-10900,CA-2016-160108,9162,405.86,5
AG-10900,CA-2017-110198,9335,314.35,6
AG-10900,CA-2015-130785,1763,293.2,7
AG-10900,CA-2017-116939,5715,177.55,8
AG-10900,CA-2016-158435,4707,173.24,9
AG-10900,CA-2015-136728,8187,170.07,10
AG-10900,CA-2017-161557,6351,108.4,11
AG-10900,CA-2015-148376,1698,106.96,12
AG-10900,CA-2016-158435,4705,65.17,13
AG-10900,CA-2015-130785,1762,28.75,14
AG-10900,CA-2015-148376,1699,21.56,15
AG-10900,CA-2016-158435,4706,14.62,16
AG-10900,US-2014-119137,375,9.24,17
AG-10900,US-2014-119137,373,8.16,18
AG-10900,CA-2015-136728,8186,7.82,19
AG-10900,CA-2015-115399,8826,6.91,20
AG-10900,CA-2017-110198,9336,4.61,21
AH-10030,CA-2015-130113,9681,668.16,1
AH-10030,CA-2015-130113,9680,323.1,2
AH-10030,CA-2014-113768,5355,279.46,3
AH-10030,CA-2014-122070,7164,247.84,4
AH-10030,CA-2016-162747,3312,86.45,5
AH-10030,US-2014-158400,6129,49.41,6
AH-10030,CA-2014-157644,8804,34.77,7
AH-10030,CA-2014-157644,8805,18.9,8
AH-10030,CA-2017-164000,3200,18.7,9
AH-10030,CA-2014-122070,7165,9.91,10
AH-10030,CA-2014-113768,5356,8.0,11
AH-10075,CA-2016-149797,925,841.57,1
AH-10075,CA-2017-125451,8449,637.9,2
AH-10075,CA-2017-145702,6044,314.35,3
AH-10075,CA-2017-125451,8446,240.74,4
AH-10075,CA-2016-144015,8687,231.72,5
AH-10075,CA-2017-125451,8448,210.68,6
AH-10075,CA-2017-118857,1867,196.45,7
AH-10075,CA-2017-112004,7087,190.9,8
AH-10075,CA-2016-147109,8415,165.6,9
AH-10075,CA-2016-147109,8414,51.84,10
AH-10075,CA-2017-125451,8450,43.44,11
AH-10075,CA-2017-125451,8447,35.0,12
AH-10075,CA-2017-145702,6045,27.89,13
AH-10075,CA-2016-144015,8688,17.9,14
AH-10075,CA-2017-165029,1570,12.84,15
AH-10075,CA-2016-144015,8689,12.48,16
AH-10075,CA-2017-112004,7086,8.6,17
AH-10075,CA-2014-160066,4983,5.22,18
AH-10075,CA-2015-161795,7755,3.01,19
AH-10075,CA-2017-125451,8451,2.22,20
AH-10120,CA-2016-145261,5659,377.45,1
AH-10120,CA-2014-123295,2103,259.14,2
AH-10120,CA-2017-150987,4651,244.55,3
AH-10120,CA-2017-150987,4652,195.76,4
AH-10120,CA-2017-107958,7696,163.96,5
AH-10120,CA-2016-145261,5658,112.78,6
AH-10120,CA-2017-151211,6413,102.93,7
AH-10120,CA-2017-151211,6414,98.16,8
AH-10120,CA-2016-135594,8882,50.12,9
AH-10120,CA-2016-145261,5655,45.24,10
AH-10120,CA-2016-145261,5661,28.68,11
AH-10120,CA-2016-145261,5656,18.69,12
AH-10120,CA-2016-145261,5660,15.94,13
AH-10120,CA-2016-145261,5657,11.65,14
AH-10120,CA-2017-131632,6398,5.25,15
AH-10120,CA-2017-107958,7697,5.23,16
AH-10195,CA-2016-112697,289,961.48,1
AH-10195,CA-2016-112697,287,254.06,2
AH-10195,CA-2016-112697,288,194.53,3
AH-10195,CA-2015-125185,5255,99.37,4
AH-10195,CA-2015-125185,5256,33.57,5
AH-10195,CA-2017-123043,5403,24.67,6
AH-10195,CA-2017-154732,3349,16.03,7
AH-10195,CA-2017-123043,5404,3.74,8
AH-10210,CA-2017-146983,9274,1577.94,1
AH-10210,CA-2017-147956,2482,1003.62,2
AH-10210,CA-2015-165050,4979,773.94,3
AH-10210,CA-2014-153983,4416,575.92,4
AH-10210,US-2017-148831,9091,348.56,5
AH-10210,CA-2017-166919,6303,195.96,6
AH-10210,CA-2017-104080,4884,171.2,7
AH-10210,CA-2015-155040,266,79.9,8
AH-10210,CA-2014-153983,4417,30.4,9
AH-10210,CA-2015-165050,4977,21.36,10
AH-10210,CA-2016-166485,3456,16.5,11
AH-10210,CA-2015-165050,4978,6.69,12
AH-10210,CA-2017-104080,4885,3.36,13
AH-10465,CA-2015-141243,5056,1352.4,1
AH-10465,CA-2017-115546,4161,539.97,2
AH-10465,CA-2015-141243,5054,398.4,3
AH-10465,CA-2015-151547,6067,88.96,4
AH-10465,CA-2016-126165,5696,71.09,5
AH-10465,CA-2017-115546,4162,22.58,6
AH-10465,CA-2017-145275,9670,14.94,7
AH-10465,CA-2015-141243,5055,7.06,8
AH-10585,CA-2014-162278,4306,383.96,1
AH-10585,US-2017-152492,6031,239.24,2
AH-10585,CA-2014-162278,4305,63.92,3
AH-10585,CA-2016-160479,9427,35.4,4
AH-10585,CA-2017-109715,4211,15.98,5
AH-10690,CA-2016-113831,5301,2275.5,1
AH-10690,CA-2016-113831,5302,1979.7,2
AH-10690,CA-2015-110548,5727,946.34,3
AH-10690,CA-2016-144148,8168,863.13,4
AH-10690,CA-2015-113628,3810,523.92,5
AH-10690,CA-2016-148740,4397,361.38,6
AH-10690,CA-2014-160276,8920,177.68,7
AH-10690,CA-2015-113628,3812,146.14,8
AH-10690,CA-2015-139780,7356,116.4,9
AH-10690,CA-2015-113628,3811,100.79,10
AH-10690,CA-2016-138282,7467,87.84,11
AH-10690,CA-2016-158869,3447,70.88,12
AH-10690,CA-2016-113831,5303,62.1,13
AH-10690,CA-2016-145709,8922,52.68,14
AH-10690,CA-2015-112214,5855,33.49,15
AH-10690,CA-2015-112214,5856,23.04,16
AH-10690,CA-2015-166604,5644,17.94,17
AH-10690,CA-2015-112214,5858,14.76,18
AH-10690,CA-2015-113628,3807,11.76,19
AH-10690,CA-2016-145709,8923,11.57,20
AH-10690,CA-2015-113628,3808,5.24,21
AH-10690,CA-2015-113628,3809,4.66,22
AH-10690,CA-2015-112214,5857,1.36,23
AI-10855,CA-2014-131387,8452,1679.96,1
AI-10855,CA-2016-158694,5046,720.76,2
AI-10855,CA-2017-116855,3029,504.9,3
AI-10855,CA-2016-158694,5044,467.46,4
AI-10855,CA-2014-102330,7694,319.97,5
AI-10855,CA-2014-159709,5197,158.13,6
AI-10855,CA-2016-158694,5043,129.92,7
AI-10855,CA-2014-102330,7693,88.8,8
AI-10855,CA-2016-158694,5042,67.71,9
AI-10855,US-2017-160759,1516,63.69,10
AI-10855,CA-2016-158694,5045,61.4,11
AI-10855,CA-2014-159709,5198,43.6,12
AI-10855,CA-2015-167479,9212,19.44,13
AI-10855,CA-2015-158918,8670,17.12,14
AI-10855,CA-2016-158694,5048,14.7,15
AI-10855,CA-2017-107552,6305,6.68,16
AI-10855,CA-2017-155929,5442,6.37,17
AI-10855,CA-2016-158694,5047,5.18,18
AJ-10780,CA-2014-141313,6296,1737.18,1
AJ-10780,CA-2014-108609,6640,1421.66,2
AJ-10780,CA-2014-141313,6297,704.25,3
AJ-10780,CA-2017-111577,5338,307.78,4
AJ-10780,US-2017-133361,6463,261.96,5
AJ-10780,CA-2014-141313,6298,141.76,6
AJ-10780,US-2017-133361,6462,89.97,7
AJ-10780,US-2017-133361,6464,74.0,8
AJ-10780,CA-2014-149020,867,51.94,9
AJ-10780,US-2017-133361,6461,37.2,10
AJ-10780,US-2017-133361,6460,14.7,11
AJ-10780,CA-2015-165554,9051,10.86,12
AJ-10780,CA-2016-123617,2850,7.43,13
AJ-10780,US-2017-133361,6459,3.76,14
AJ-10780,CA-2014-149020,866,2.89,15
AJ-10795,CA-2017-142342,5652,1194.17,1
AJ-10795,CA-2016-123946,6845,1059.12,2
AJ-10795,CA-2014-110786,4040,767.95,3
AJ-10795,CA-2014-106810,769,310.88,4
AJ-10795,CA-2014-110786,4043,274.77,5
AJ-10795,CA-2014-110786,4042,191.98,6
AJ-10795,CA-2016-134474,863,191.47,7
AJ-10795,CA-2016-138079,2694,109.9,8
AJ-10795,CA-2014-110786,4044,70.56,9
AJ-10795,CA-2016-123946,6844,67.9,10
AJ-10795,CA-2016-134474,865,59.18,11
AJ-10795,CA-2017-142342,5650,57.9,12
AJ-10795,CA-2017-142342,5649,32.4,13
AJ-10795,CA-2014-110786,4038,24.9,14
AJ-10795,CA-2014-110786,4039,21.12,15
AJ-10795,CA-2016-123946,6842,20.7,16
AJ-10795,CA-2014-110786,4041,14.35,17
AJ-10795,CA-2016-123946,6843,11.34,18
AJ-10795,CA-2017-142342,5651,10.56,19
AJ-10795,CA-2016-134474,864,5.25,20
AJ-10795,CA-2016-123015,5178,4.99,21
AJ-10945,CA-2017-133004,3655,638.73,1
AJ-10945,US-2015-132836,9095,403.68,2
AJ-10945,CA-2016-115378,5163,301.96,3
AJ-10945,US-2015-132836,9094,299.98,4
AJ-10945,CA-2015-126347,9376,50.0,5
AJ-10945,CA-2015-164497,9330,45.28,6
AJ-10945,US-2015-132836,9096,41.9,7
AJ-10945,US-2015-132836,9097,28.91,8
AJ-10945,CA-2014-155852,556,19.46,9
AJ-10945,CA-2017-137421,9960,9.34,10
AJ-10960,CA-2014-113362,492,449.15,1
AJ-10960,CA-2014-131800,8265,122.94,2
AJ-10960,CA-2014-131800,8266,35.45,3
AJ-10960,CA-2014-113362,493,11.07,4
AJ-10960,CA-2017-123246,3864,10.64,5
AM-10360,US-2015-107944,8881,239.97,1
AM-10360,US-2015-107944,8880,192.72,2
AM-10360,CA-2017-161340,9296,115.96,3
AM-10360,CA-2017-109701,2352,79.47,4
AM-10360,CA-2017-109701,2350,69.46,5
AM-10360,CA-2016-157000,188,37.22,6
AM-10360,CA-2016-157000,189,20.02,7
AM-10360,CA-2014-132542,5418,15.36,8
AM-10360,CA-2017-161340,9295,13.87,9
AM-10360,CA-2017-109701,2351,10.86,10
AM-10360,CA-2017-109701,2353,10.08,11
AM-10360,CA-2017-109701,2349,9.02,12
AM-10705,CA-2014-145387,4209,1604.9,1
AM-10705,CA-2016-145905,2016,900.08,2
AM-10705,US-2017-124821,4270,871.4,3
AM-10705,CA-2014-145387,4210,385.69,4
AM-10705,CA-2017-157903,6190,383.84,5
AM-10705,CA-2016-145905,2014,350.98,6
AM-10705,CA-2017-104731,6588,302.94,7
AM-10705,CA-2017-104731,6585,271.96,8
AM-10705,CA-2017-104731,6590,231.72,9
AM-10705,CA-2017-104731,6584,101.94,10
AM-10705,CA-2014-145387,4204,49.25,11
AM-10705,CA-2015-151470,8437,45.58,12
AM-10705,CA-2014-145387,4207,34.08,13
AM-10705,CA-2017-104731,6587,19.68,14
AM-10705,CA-2014-145387,4208,17.67,15
AM-10705,CA-2015-100573,2447,17.48,16
AM-10705,CA-2017-104731,6589,14.94,17
AM-10705,CA-2014-145387,4206,14.76,18
AM-10705,CA-2015-138457,8264,13.09,19
AM-10705,CA-2016-145905,2015,13.08,20
AM-10705,CA-2014-145387,4205,10.16,21
AM-10705,CA-2017-104731,6586,8.8,22
AO-10810,CA-2016-148096,6134,161.28,1
AP-10720,US-2016-103674,9980,437.47,1
AP-10720,US-2016-103674,9974,271.96,2
AP-10720,US-2016-103674,9977,249.58,3
AP-10720,US-2016-114174,2544,173.94,4
AP-10720,CA-2014-127964,1164,125.76,5
AP-10720,CA-2017-143021,6951,79.97,6
AP-10720,CA-2017-143021,6950,58.41,7
AP-10720,CA-2016-136322,9806,45.57,8
AP-10720,CA-2016-136322,9807,28.75,9
AP-10720,US-2015-165449,2748,27.17,10
AP-10720,CA-2016-120250,4582,25.63,11
AP-10720,CA-2014-127964,1165,25.32,12
AP-10720,US-2016-103674,9975,18.69,13
AP-10720,US-2016-114174,2545,14.76,14
AP-10720,US-2016-103674,9978,13.86,15
AP-10720,US-2016-103674,9979,13.38,16
AP-10720,US-2016-103674,9976,13.36,17
AP-10720,CA-2014-127964,1163,9.99,18
AP-10720,CA-2016-154403,1578,4.98,19
AP-10915,CA-2016-168893,4435,842.94,1
AP-10915,CA-2014-146969,1145,686.32,2
AP-10915,CA-2014-124737,7025,223.06,3
AP-10915,CA-2014-146969,1142,204.6,4
AP-10915,US-2017-132059,3176,180.59,5
AP-10915,CA-2016-128412,2192,153.55,6
AP-10915,CA-2014-124737,7023,143.64,7
AP-10915,CA-2016-128412,2194,123.92,8
AP-10915,CA-2017-168228,4637,123.92,9
AP-10915,CA-2014-105270,5780,112.65,10
AP-10915,CA-2016-128412,2193,65.34,11
AP-10915,CA-2014-146969,1146,62.18,12
AP-10915,US-2017-132059,3177,47.98,13
AP-10915,CA-2017-168228,4639,47.3,14
AP-10915,CA-2016-128412,2196,44.75,15
AP-10915,CA-2016-128412,2195,35.1,16
AP-10915,CA-2014-124737,7024,31.1,17
AP-10915,CA-2014-105270,5779,30.48,18
AP-10915,CA-2017-146136,712,24.45,19
AP-10915,CA-2016-168893,4433,24.1,20
AP-10915,CA-2016-168893,4431,20.0,21
AP-10915,CA-2014-124737,7020,15.55,22
AP-10915,US-2016-164588,4160,12.84,23
AP-10915,CA-2017-168228,4638,12.39,24
AP-10915,CA-2014-113047,3745,11.85,25
AP-10915,CA-2016-168893,4434,8.75,26
AP-10915,CA-2014-146969,1143,8.72,27
AP-10915,CA-2016-168893,4432,7.98,28
AP-10915,CA-2014-124737,7021,6.8,29
AP-10915,CA-2014-146969,1144,6.48,30
AP-10915,CA-2014-124737,7022,4.22,31
AR-10345,US-2014-115189,7360,523.76,1
AR-10345,US-2014-115189,7359,251.96,2
AR-10345,CA-2015-139374,7724,179.89,3
AR-10345,CA-2017-126396,5768,85.2,4
AR-10345,CA-2017-126438,4926,14.88,5
AR-10405,US-2017-134481,378,1488.42,1
AR-10405,CA-2015-164427,4581,239.7,2
AR-10405,CA-2014-157882,2275,143.43,3
AR-10405,CA-2014-157882,2276,122.35,4
AR-10405,CA-2017-140844,654,103.12,5
AR-10405,CA-2017-140844,653,97.82,6
AR-10405,CA-2017-149468,6907,41.28,7
AR-10510,CA-2016-147536,3351,89.97,1
AR-10510,CA-2015-112319,761,58.32,2
AR-10510,US-2014-105767,610,55.19,3
AR-10510,CA-2014-115056,5825,26.14,4
AR-10510,US-2014-105767,609,21.17,5
AR-10510,CA-2017-111808,2974,10.8,6
AR-10510,US-2014-105767,608,3.28,7
AR-10540,CA-2017-138289,6521,5443.96,1
AR-10540,US-2015-136987,7461,639.97,2
AR-10540,CA-2017-138289,6522,302.67,3
AR-10540,CA-2017-138289,6523,56.07,4
AR-10540,CA-2014-122588,3990,52.96,5
AR-10540,US-2015-136987,7462,52.76,6
AR-10540,CA-2016-138037,5357,27.24,7
AR-10540,CA-2017-154935,1507,17.88,8
AR-10540,CA-2015-123505,2153,14.94,9
AR-10570,CA-2016-157588,6958,51.75,1
AR-10570,CA-2016-157588,6957,36.4,2
AR-10825,CA-2017-118724,7085,1626.19,1
AR-10825,CA-2016-132304,9060,1115.17,2
AR-10825,CA-2017-141425,6258,384.59,3
AR-10825,US-2016-148110,3145,347.8,4
AR-10825,CA-2016-160745,651,316.0,5
AR-10825,CA-2016-160745,650,302.38,6
AR-10825,US-2017-108343,9321,183.92,7
AR-10825,US-2017-108343,9320,163.76,8
AR-10825,CA-2014-109218,3148,32.4,9
AR-10825,CA-2015-160213,4167,19.44,10
AR-10825,CA-2016-160745,649,14.8,11
AR-10825,US-2017-108343,9319,13.36,12
AR-10825,CA-2017-118724,7084,3.52,13
AS-10045,CA-2017-162691,1834,1439.98,1
AS-10045,CA-2017-113481,1341,695.7,2
AS-10045,CA-2016-148747,9538,477.67,3
AS-10045,CA-2017-101749,3040,171.29,4
AS-10045,US-2017-147655,9129,88.07,5
AS-10045,US-2014-150126,4580,65.78,6
AS-10045,CA-2017-162691,1835,36.29,7
AS-10045,CA-2016-162901,1352,31.4,8
AS-10045,CA-2017-113481,1343,28.85,9
AS-10045,CA-2017-113481,1342,15.66,10
AS-10090,CA-2015-127509,1989,1024.38,1
AS-10090,CA-2014-156160,9659,579.53,2
AS-10090,CA-2017-136448,3460,538.19,3
AS-10090,CA-2016-119865,5228,353.57,4
AS-10090,CA-2016-119865,5227,186.14,5
AS-10090,CA-2014-156160,9656,97.44,6
AS-10090,CA-2017-145877,2402,94.2,7
AS-10090,CA-2017-136448,3457,71.98,8
AS-10090,CA-2017-136448,3461,47.98,9
AS-10090,CA-2016-119865,5226,36.56,10
AS-10090,US-2017-108063,1895,34.65,11
AS-10090,CA-2017-145877,2403,28.4,12
AS-10090,CA-2015-127509,1990,26.22,13
AS-10090,CA-2017-136448,3458,22.51,14
AS-10090,CA-2016-104311,7849,18.94,15
AS-10090,CA-2015-127509,1991,17.34,16
AS-10090,CA-2015-127509,1988,17.22,17
AS-10090,CA-2014-132913,8949,13.97,18
AS-10090,CA-2014-156160,9658,13.04,19
AS-10090,CA-2016-104311,7850,12.67,20
AS-10090,CA-2016-150007,6109,6.0,21
AS-10090,CA-2016-104311,7851,5.04,22
AS-10090,CA-2014-156160,9657,3.98,23
AS-10090,CA-2017-136448,3459,3.44,24
AS-10090,CA-2016-150007,6110,1.91,25
AS-10135,CA-2017-162929,547,41.28,1
AS-10135,CA-2017-162929,548,13.36,2
AS-10135,CA-2016-149461,1802,4.18,3
AS-10225,CA-2014-110408,1977,1394.95,1
AS-10225,CA-2017-112515,2655,1292.94,2
AS-10225,CA-2014-110408,1978,545.88,3
AS-10225,CA-2014-110408,1976,275.97,4
AS-10225,CA-2017-112515,2657,261.74,5
AS-10225,CA-2016-143154,8496,165.6,6
AS-10225,CA-2017-112515,2654,164.88,7
AS-10225,CA-2017-117926,4953,69.48,8
AS-10225,CA-2015-144253,305,26.8,9
AS-10225,CA-2017-112515,2656,25.58,10
AS-10225,CA-2017-112515,2658,14.4,11
AS-10225,CA-2017-112515,2653,11.78,12
AS-10225,CA-2017-112515,2652,10.78,13
AS-10240,CA-2014-149958,603,142.78,1
AS-10240,CA-2014-149958,607,131.9,2
AS-10240,CA-2016-118913,2191,60.81,3
AS-10240,CA-2014-149958,604,45.7,4
AS-10240,CA-2014-149958,606,43.19,5
AS-10240,CA-2017-101049,1630,41.26,6
AS-10240,CA-2016-114405,9936,36.74,7
AS-10240,CA-2016-114405,9935,33.53,8
AS-10240,CA-2017-101049,1629,17.92,9
AS-10240,CA-2015-143700,9964,10.37,10
AS-10240,CA-2014-128538,6215,7.64,11
AS-10240,CA-2014-149958,605,7.22,12
AS-10240,CA-2015-150749,5755,5.56,13
AS-10285,US-2016-164196,8469,2678.94,1
AS-10285,CA-2016-163755,703,209.88,2
AS-10285,CA-2017-149706,6273,116.31,3
AS-10285,CA-2016-114209,7069,82.66,4
AS-10285,CA-2016-134775,382,50.96,5
AS-10285,CA-2016-134775,383,49.54,6
AS-10285,US-2016-106677,2784,23.99,7
AS-10285,CA-2016-114209,7068,1.96,8
AS-10630,CA-2017-100314,987,336.51,1
AS-10630,CA-2014-101392,8091,269.36,2
AS-10630,US-2015-146745,4456,129.57,3
AS-10630,CA-2017-100314,986,27.97,4
AS-10630,CA-2017-124597,1916,15.53,5
AS-10630,US-2016-155404,6465,13.28,6
AS-10630,CA-2017-124597,1917,11.95,7
AS-10630,CA-2017-100314,985,7.97,8
AS-10630,US-2015-146745,4457,6.37,9
AS-10630,CA-2014-162684,2411,5.68,10
AS-10630,CA-2017-124597,1915,4.61,11
AS-10630,US-2017-129224,8785,4.61,12
AT-10435,CA-2017-102407,4292,896.33,1
AT-10435,CA-2017-102407,4293,189.0,2
AT-10435,CA-2016-100468,1503,33.52,3
AT-10435,CA-2014-120243,1177,11.56,4
AT-10435,CA-2017-102407,4291,11.16,5
AT-10435,CA-2017-106355,5642,11.12,6
AT-10435,CA-2016-100468,1504,9.94,7
AT-10435,CA-2014-111360,9922,5.74,8
AT-10435,CA-2015-133977,6257,3.44,9
AT-10735,CA-2015-123113,7580,2625.12,1
AT-10735,CA-2016-108210,9719,223.96,2
AT-10735,CA-2017-103443,7040,166.72,3
AT-10735,CA-2014-146731,6267,143.86,4
AT-10735,CA-2017-103443,7042,124.36,5
AT-10735,CA-2017-153787,628,97.16,6
AT-10735,CA-2017-135034,1010,95.98,7
AT-10735,CA-2014-146500,8462,95.94,8
AT-10735,CA-2016-108210,9718,79.96,9
AT-10735,CA-2016-112893,2995,55.36,10
AT-10735,CA-2016-116603,7842,45.96,11
AT-10735,CA-2014-146500,8461,25.3,12
AT-10735,CA-2017-103443,7041,24.82,13
AT-10735,CA-2015-123113,7581,17.94,14
AT-10735,CA-2017-106824,8492,5.94,15
AT-10735,CA-2014-146731,6266,3.49,16
AW-10840,CA-2017-143798,1689,310.88,1
AW-10840,CA-2017-123001,3936,201.58,2
AW-10840,CA-2017-123001,3935,74.0,3
AW-10840,CA-2015-129112,1567,21.48,4
AW-10840,CA-2015-149678,2094,12.88,5
AW-10840,CA-2017-143798,1688,10.37,6
AW-10840,CA-2017-123001,3934,9.4,7
AW-10840,CA-2015-129112,1568,8.78,8
AW-10930,CA-2016-136812,2511,1117.92,1
AW-10930,CA-2017-107321,4991,689.41,2
AW-10930,CA-2016-120824,8721,379.37,3
AW-10930,CA-2015-144519,7275,339.96,4
AW-10930,CA-2016-120824,8722,67.54,5
AW-10930,CA-2016-120824,8717,64.38,6
AW-10930,CA-2015-144519,7276,63.98,7
AW-10930,US-2014-103905,2208,38.27,8
AW-10930,US-2014-103905,2207,29.93,9
AW-10930,CA-2016-120824,8720,15.55,10
AW-10930,US-2017-118157,9218,15.28,11
AW-10930,CA-2016-120824,8719,11.26,12
AW-10930,CA-2016-120824,8718,6.98,13
AW-10930,CA-2017-107321,4990,6.67,14
AW-10930,CA-2016-163216,6377,4.93,15
AW-10930,CA-2016-120824,8723,1.52,16
AY-10555,CA-2017-137428,2964,97.18,1
AY-10555,CA-2014-102652,6016,91.96,2
AY-10555,CA-2017-137428,2963,81.57,3
AY-10555,CA-2016-139934,8908,66.98,4
AY-10555,CA-2014-102652,6019,55.48,5
AY-10555,CA-2014-102652,6017,33.11,6
AY-10555,CA-2017-137428,2965,24.32,7
AY-10555,CA-2014-102652,6018,19.44,8
AY-10555,CA-2017-137428,2966,18.96,9
AY-10555,CA-2014-101427,8690,8.02,10
AZ-10750,CA-2016-100993,8144,557.73,1
AZ-10750,CA-2014-148586,2433,366.79,2
AZ-10750,CA-2016-100993,8143,186.54,3
AZ-10750,CA-2016-100993,8145,159.97,4
AZ-10750,CA-2017-110940,9589,121.54,5
AZ-10750,CA-2015-151253,6293,88.78,6
AZ-10750,CA-2015-151253,6294,64.14,7
AZ-10750,CA-2015-130876,5212,36.63,8
AZ-10750,CA-2014-158442,5103,15.55,9
AZ-10750,CA-2016-100993,8142,14.73,10
AZ-10750,CA-2014-158442,5102,5.18,11
AZ-10750,CA-2014-158442,5101,4.45,12
BB-10990,CA-2015-141810,9194,344.7,1
BB-10990,CA-2014-169642,8888,276.28,2
BB-10990,CA-2016-103947,647,31.56,3
BB-10990,CA-2016-103947,648,30.14,4
BB-10990,CA-2015-141810,9193,29.37,5
BB-10990,US-2017-112928,2288,17.48,6
BB-10990,CA-2017-118136,275,8.82,7
BB-10990,CA-2017-118136,276,5.98,8
BB-11545,US-2017-118941,7766,1779.9,1
BB-11545,CA-2016-169838,7687,1568.61,2
BB-11545,CA-2017-102379,6271,1159.06,3
BB-11545,CA-2017-158561,6989,1158.12,4
BB-11545,US-2017-118941,7767,219.9,5
BB-11545,CA-2016-155166,5033,212.94,6
BB-11545,CA-2017-102379,6272,179.9,7
BB-11545,CA-2016-169838,7689,160.0,8
BB-11545,CA-2016-124506,2514,95.97,9
BB-11545,CA-2016-124506,2515,47.99,10
BB-11545,CA-2017-102379,6270,39.99,11
BB-11545,CA-2017-130043,439,31.87,12
BB-11545,CA-2016-155166,5034,26.49,13
BB-11545,CA-2015-107083,8767,24.59,14
BB-11545,US-2017-118941,7765,17.52,15
BB-11545,CA-2016-169838,7688,17.3,16
BB-11545,CA-2015-115168,8829,10.56,17
BB-11545,CA-2015-107083,8768,7.98,18
BB-11545,CA-2015-107083,8765,5.34,19
BB-11545,CA-2015-107083,8766,1.7,20
BC-11125,CA-2017-113530,3625,681.41,1
BC-11125,CA-2014-147543,6846,478.48,2
BC-11125,CA-2014-113859,5278,340.12,3
BC-11125,CA-2015-158351,9483,319.98,4
BC-11125,US-2017-120418,2309,280.79,5
BC-11125,US-2017-120418,2313,215.59,6
BC-11125,CA-2016-143910,4646,145.76,7
BC-11125,CA-2016-123050,8230,89.97,8
BC-11125,US-2017-120418,2311,88.04,9
BC-11125,CA-2016-123050,8228,82.64,10
BC-11125,US-2017-120418,2310,68.45,11
BC-11125,CA-2016-149335,8309,37.17,12
BC-11125,CA-2017-113530,3628,36.32,13
BC-11125,CA-2016-123050,8229,31.02,14
BC-11125,US-2017-120418,2312,15.87,15
BC-11125,US-2016-134369,6999,12.96,16
BC-11125,CA-2017-113530,3627,5.58,17
BC-11125,CA-2017-113530,3626,3.52,18
BD-11320,CA-2015-120677,6885,2567.84,1
BD-11320,CA-2016-136406,552,1121.57,2
BD-11320,CA-2016-119165,2448,492.84,3
BD-11320,CA-2016-167241,8895,312.03,4
BD-11320,CA-2017-117485,1970,291.96,5
BD-11320,CA-2016-110086,9613,239.98,6
BD-11320,CA-2016-167241,8897,165.6,7
BD-11320,CA-2017-107125,4949,117.49,8
BD-11320,CA-2017-158071,5367,88.78,9
BD-11320,CA-2015-121699,7311,64.75,10
BD-11320,CA-2016-148593,4179,46.35,11
BD-11320,CA-2017-122735,1441,39.96,12
BD-11320,CA-2016-130680,3529,38.24,13
BD-11320,CA-2016-167241,8898,37.52,14
BD-11320,CA-2017-122735,1440,29.7,15
BD-11320,CA-2017-107125,4950,18.84,16
BD-11320,CA-2016-167241,8896,17.94,17
BD-11320,CA-2017-158071,5369,15.58,18
BD-11320,CA-2017-158071,5368,11.56,19
BD-11500,US-2017-105935,8313,2939.93,1
BD-11500,CA-2014-140795,541,468.9,2
BD-11500,US-2017-133312,5080,359.5,3
BD-11500,US-2014-151015,9064,322.19,4
BD-11500,CA-2015-117828,2320,194.32,5
BD-11500,US-2017-105935,8312,62.72,6
BD-11500,CA-2015-167696,9401,31.12,7
BD-11500,US-2014-151015,9066,19.14,8
BD-11500,US-2017-133312,5081,10.48,9
BD-11500,US-2014-151015,9065,2.95,10
BD-11560,CA-2015-163923,9553,151.96,1
BD-11560,CA-2017-124716,8487,110.96,2
BD-11560,CA-2017-124716,8486,45.68,3
BD-11560,CA-2017-124716,8488,11.94,4
BD-11605,CA-2014-157147,4938,1325.85,1
BD-11605,CA-2016-112102,1130,343.92,2
BD-11605,CA-2014-157147,4939,334.0,3
BD-11605,CA-2017-144694,635,235.94,4
BD-11605,US-2014-164406,9827,195.14,5
BD-11605,CA-2016-105746,7562,170.79,6
BD-11605,US-2014-164406,9823,152.91,7
BD-11605,US-2014-164406,9824,92.94,8
BD-11605,CA-2016-112102,1132,63.9,9
BD-11605,US-2015-123960,3037,56.3,10
BD-11605,US-2015-123960,3035,53.7,11
BD-11605,US-2014-164406,9826,46.44,12
BD-11605,CA-2016-112102,1131,40.99,13
BD-11605,US-2015-123960,3036,36.26,14
BD-11605,US-2015-123960,3038,32.4,15
BD-11605,US-2015-123960,3039,29.16,16
BD-11605,CA-2015-158792,526,22.2,17
BD-11605,CA-2014-157147,4940,19.9,18
BD-11605,CA-2017-144694,634,17.88,19
BD-11605,US-2014-164406,9825,17.86,20
BD-11620,CA-2017-130211,4478,333.09,1
BD-11620,CA-2014-152254,8397,310.69,2
BD-11620,CA-2017-100202,2822,302.38,3
BD-11620,CA-2017-130211,4479,248.98,4
BD-11620,CA-2016-157686,1068,194.85,5
BD-11620,CA-2016-111976,6417,108.58,6
BD-11620,CA-2016-111941,5330,33.57,7
BD-11620,CA-2016-111976,6418,5.98,8
BD-11635,CA-2015-110814,8401,232.4,1
BD-11635,CA-2015-110814,8402,164.65,2
BD-11635,CA-2014-152422,6020,91.92,3
BD-11635,CA-2017-109589,2566,71.0,4
BD-11635,CA-2015-110814,8403,22.68,5
BD-11725,CA-2017-146192,8280,675.06,1
BD-11725,CA-2015-128139,588,294.93,2
BD-11725,CA-2017-125472,6402,241.96,3
BD-11725,CA-2017-168396,4633,123.96,4
BD-11725,CA-2015-128139,587,70.98,5
BD-11725,CA-2017-168396,4632,51.75,6
BD-11725,CA-2016-165015,2742,46.72,7
BD-11725,CA-2017-101574,5462,9.24,8
BD-11725,CA-2017-125472,6404,8.01,9
BD-11725,CA-2017-125472,6403,3.89,10
BD-11770,CA-2017-115105,5973,240.78,1
BD-11770,CA-2016-148698,1278,86.35,2
BD-11770,CA-2016-124667,1781,83.36,3
BD-11770,CA-2016-165918,8617,81.98,4
BD-11770,CA-2016-124667,1780,59.97,5
BD-11770,US-2016-122182,4063,39.99,6
BD-11770,CA-2016-165918,8618,39.62,7
BD-11770,CA-2016-165918,8616,14.26,8
BD-11770,CA-2016-165918,8615,7.38,9
BD-11770,CA-2017-145338,8590,4.77,10
BE-11335,CA-2017-137596,911,1928.78,1
BE-11335,CA-2017-137596,910,1199.8,2
BE-11335,CA-2017-137596,912,352.38,3
BE-11335,US-2017-105046,4526,269.98,4
BE-11335,CA-2017-155985,2410,211.84,5
BE-11335,US-2017-105046,4527,99.9,6
BE-11335,CA-2016-166912,5968,81.98,7
BE-11335,US-2017-105046,4528,39.08,8
BE-11335,CA-2016-128307,5446,20.94,9
BE-11410,CA-2016-125220,9514,1649.75,1
BE-11410,CA-2017-141782,9745,268.58,2
BE-11410,CA-2017-121314,3798,251.64,3
BE-11410,CA-2016-108630,9587,61.12,4
BE-11410,CA-2016-161662,2696,30.35,5
BE-11455,US-2017-166324,9877,848.54,1
BE-11455,CA-2015-122406,4969,199.98,2
BE-11455,CA-2015-122406,4967,128.85,3
BE-11455,US-2017-166324,9879,122.38,4
BE-11455,CA-2015-122406,4970,110.98,5
BE-11455,CA-2016-140774,1795,107.94,6
BE-11455,CA-2016-118052,2382,54.71,7
BE-11455,US-2016-146857,6633,54.48,8
BE-11455,CA-2016-118052,2381,49.57,9
BE-11455,CA-2015-115924,5948,25.9,10
BE-11455,US-2017-166324,9878,8.7,11
BE-11455,CA-2015-122406,4968,8.4,12
BE-11455,CA-2016-118052,2380,7.22,13
BF-10975,CA-2016-100041,4408,314.55,1
BF-10975,CA-2014-117345,1841,78.3,2
BF-10975,CA-2014-117345,1840,62.92,3
BF-10975,CA-2014-117345,1839,44.13,4
BF-10975,US-2017-120908,9215,20.66,5
BF-10975,CA-2014-109904,8053,17.94,6
BF-10975,CA-2014-117345,1838,17.54,7
BF-10975,CA-2015-116260,6838,11.12,8
BF-10975,CA-2016-100041,4407,9.08,9
BF-10975,CA-2015-116750,2636,7.23,10
BF-10975,CA-2015-137281,6089,6.48,11
BF-10975,CA-2015-116750,2635,4.93,12
BF-10975,CA-2016-100041,4409,4.91,13
BF-11005,CA-2017-103380,2247,659.98,1
BF-11005,US-2016-105452,9593,302.72,2
BF-11005,CA-2016-137729,2590,246.17,3
BF-11005,CA-2017-103380,2243,56.56,4
BF-11005,US-2016-105452,9592,24.7,5
BF-11005,CA-2014-141355,7050,14.58,6
BF-11005,CA-2017-103380,2245,9.02,7
BF-11005,CA-2017-103380,2246,8.62,8
BF-11005,CA-2016-137729,2589,5.98,9
BF-11005,CA-2017-103380,2244,5.56,10
BF-11020,CA-2015-145758,8478,1035.8,1
BF-11020,CA-2016-156265,5246,333.58,2
BF-11020,US-2017-124779,6650,319.98,3
BF-11020,CA-2016-159940,2375,253.37,4
BF-11020,CA-2017-134495,5491,218.35,5
BF-11020,US-2017-124779,6654,213.43,6
BF-11020,CA-2016-156265,5245,136.46,7
BF-11020,CA-2016-159940,2372,60.29,8
BF-11020,CA-2017-114804,8019,52.79,9
BF-11020,US-2017-124779,6651,45.92,10
BF-11020,US-2017-124779,6649,42.62,11
BF-11020,CA-2017-134495,5488,23.98,12
BF-11020,CA-2016-159940,2374,23.69,13
BF-11020,CA-2017-133333,760,22.72,14
BF-11020,CA-2014-165568,7438,21.36,15
BF-11020,US-2017-124779,6652,21.18,16
BF-11020,CA-2017-134495,5490,20.81,17
BF-11020,US-2017-124779,6653,20.74,18
BF-11020,CA-2016-156265,5247,12.54,19
BF-11020,CA-2017-134495,5489,6.26,20
BF-11020,CA-2016-159940,2373,2.63,21
BF-11080,CA-2017-140676,2079,94.85,1
BF-11080,CA-2017-140676,2078,90.86,2
BF-11080,CA-2017-140676,2077,39.9,3
BF-11080,CA-2017-117128,9608,21.6,4
BF-11080,CA-2014-163013,2198,14.67,5
BF-11080,CA-2017-117128,9609,11.07,6
BF-11170,CA-2016-159891,8761,1270.99,1
BF-11170,CA-2017-151799,7698,1199.98,2
BF-11170,US-2014-138247,4507,818.38,3
BF-11170,CA-2017-151799,7702,526.58,4
BF-11170,US-2014-138247,4505,361.96,5
BF-11170,CA-2014-110184,1222,255.94,6
BF-11170,CA-2014-110184,1221,249.75,7
BF-11170,CA-2015-145835,7160,222.38,8
BF-11170,US-2014-138247,4504,173.66,9
BF-11170,US-2015-113327,4606,167.94,10
BF-11170,US-2015-113327,4604,153.73,11
BF-11170,CA-2016-159891,8762,125.36,12
BF-11170,CA-2017-151799,7699,73.85,13
BF-11170,US-2014-138247,4506,62.85,14
BF-11170,CA-2016-149111,2644,36.79,15
BF-11170,CA-2017-151799,7700,25.71,16
BF-11170,US-2014-138247,4509,23.99,17
BF-11170,US-2016-120460,2155,22.61,18
BF-11170,US-2014-138247,4508,20.34,19
BF-11170,CA-2016-149111,2645,18.62,20
BF-11170,US-2015-113327,4603,18.27,21
BF-11170,CA-2017-151799,7701,17.28,22
BF-11170,CA-2015-145835,7161,16.0,23
BF-11170,US-2017-119039,4180,14.98,24
BF-11170,US-2015-113327,4605,12.22,25
BF-11170,CA-2016-162348,6792,9.98,26
BF-11170,CA-2014-167724,6708,7.83,27
BF-11215,CA-2016-154662,6047,692.94,1
BF-11215,CA-2017-106859,3069,288.24,2
BF-11215,CA-2017-106859,3067,214.95,3
BF-11215,CA-2017-106859,3066,140.74,4
BF-11215,CA-2017-106859,3065,90.8,5
BF-11215,CA-2014-103219,8138,56.52,6
BF-11215,CA-2017-102729,9532,55.62,7
BF-11215,CA-2017-106859,3068,45.36,8
BF-11275,CA-2017-161130,6352,361.38,1
BF-11275,CA-2014-148040,2872,314.35,2
BF-11275,CA-2014-148040,2871,74.35,3
BF-11275,CA-2017-169012,8038,41.91,4
BG-11035,CA-2015-141565,8209,1369.76,1
BG-11035,CA-2017-117198,5610,659.9,2
BG-11035,CA-2015-141565,8210,294.37,3
BG-11035,CA-2015-120901,6072,152.69,4
BG-11035,US-2014-114377,9787,149.9,5
BG-11035,CA-2016-134110,8566,67.18,6
BG-11035,CA-2014-155390,7761,42.21,7
BG-11035,CA-2017-165715,6760,32.78,8
BG-11035,CA-2016-134110,8567,15.23,9
BG-11035,CA-2015-120901,6074,5.89,10
BG-11035,CA-2017-169005,9083,5.56,11
BG-11035,CA-2015-120901,6073,3.49,12
BG-11695,US-2016-162852,2845,845.49,1
BG-11695,CA-2016-153682,1234,839.99,2
BG-11695,CA-2015-108588,7720,59.52,3
BG-11695,CA-2014-127523,4125,35.91,4
BG-11695,CA-2017-105543,8117,33.29,5
BG-11695,CA-2017-121412,1269,29.33,6
BG-11695,CA-2015-108588,7721,17.48,7
BG-11695,CA-2015-108588,7722,13.17,8
BG-11740,CA-2017-135419,8305,486.37,1
BG-11740,CA-2016-165995,6338,339.96,2
BG-11740,CA-2017-119389,3252,60.31,3
BG-11740,CA-2015-154200,4195,51.98,4
BG-11740,CA-2016-165995,6337,47.04,5
BG-11740,CA-2016-145240,4514,10.78,6
BG-11740,CA-2014-164749,6591,9.91,7
BH-11710,CA-2014-115812,11,1706.18,1
BH-11710,CA-2014-115812,12,911.42,2
BH-11710,CA-2014-115812,8,907.15,3
BH-11710,US-2014-140914,9749,797.94,4
BH-11710,CA-2016-112123,3092,479.95,5
BH-11710,CA-2016-112123,3091,447.86,6
BH-11710,CA-2017-135587,7855,320.64,7
BH-11710,CA-2016-112123,3093,166.44,8
BH-11710,CA-2014-115812,10,114.9,9
BH-11710,CA-2017-127306,4912,111.98,10
BH-11710,CA-2017-135587,7856,52.0,11
BH-11710,CA-2014-115812,6,48.86,12
BH-11710,CA-2017-127306,4911,36.29,13
BH-11710,CA-2017-112865,2844,36.05,14
BH-11710,CA-2015-149300,5759,32.99,15
BH-11710,CA-2014-115812,9,18.5,16
BH-11710,CA-2017-127306,4910,18.34,17
BH-11710,US-2014-140914,9748,10.98,18
BH-11710,US-2015-130491,7612,9.54,19
BH-11710,CA-2014-115812,7,7.28,20
BH-11710,CA-2017-127306,4913,5.97,21
BH-11710,US-2015-130491,7613,5.81,22
BH-11710,US-2015-130491,7614,5.76,23
BH-11710,CA-2017-127306,4914,2.51,24
BK-11260,US-2014-140452,5095,214.95,1
BK-11260,CA-2014-125612,857,102.3,2
BK-11260,CA-2017-151183,7286,46.36,3
BK-11260,CA-2015-113110,2020,40.14,4
BK-11260,CA-2014-125612,856,39.96,5
BK-11260,US-2014-140452,5099,35.17,6
BK-11260,US-2014-140452,5096,35.04,7
BK-11260,CA-2015-113110,2019,33.36,8
BK-11260,CA-2017-117009,9055,21.96,9
BK-11260,CA-2014-125612,858,21.36,10
BK-11260,CA-2015-113110,2017,17.57,11
BK-11260,CA-2015-113110,2018,14.62,12
BK-11260,US-2014-140452,5094,14.02,13
BK-11260,US-2014-140452,5097,10.78,14
BK-11260,CA-2016-130799,2884,6.96,15
BK-11260,US-2014-140452,5098,4.6,16
BM-11140,CA-2014-139892,166,8159.95,1
BM-11140,CA-2014-139892,168,1740.06,2
BM-11140,CA-2017-121706,6921,356.79,3
BM-11140,CA-2014-139892,167,275.93,4
BM-11140,CA-2016-106278,9069,215.98,5
BM-11140,CA-2016-126004,1228,193.86,6
BM-11140,CA-2016-126004,1227,182.94,7
BM-11140,CA-2014-139892,170,177.98,8
BM-11140,CA-2014-139892,171,143.98,9
BM-11140,CA-2016-126004,1223,113.79,10
BM-11140,CA-2016-126004,1224,78.15,11
BM-11140,CA-2016-106278,9070,65.94,12
BM-11140,CA-2016-126004,1226,40.56,13
BM-11140,CA-2014-139892,169,32.06,14
BM-11140,CA-2014-139892,165,9.94,15
BM-11140,CA-2016-126004,1225,1.73,16
BM-11575,CA-2016-160304,4920,231.98,1
BM-11575,US-2017-129203,9588,195.14,2
BM-11575,CA-2016-160304,4919,173.94,3
BM-11575,CA-2015-105102,2326,79.87,4
BM-11575,CA-2015-105102,2327,46.38,5
BM-11575,CA-2016-142615,6835,27.88,6
BM-11575,CA-2017-155642,8183,22.61,7
BM-11575,CA-2017-165155,7338,15.51,8
BM-11575,CA-2015-105102,2328,12.96,9
BM-11575,CA-2017-155642,8184,1.89,10
BM-11650,CA-2017-152912,3184,1633.14,1
BM-11650,CA-2017-149048,2596,914.97,2
BM-11650,CA-2017-152912,3183,826.62,3
BM-11650,CA-2015-124107,5716,619.95,4
BM-11650,CA-2017-149048,2597,587.97,5
BM-11650,CA-2017-152912,3185,544.38,6
BM-11650,CA-2017-149048,2598,530.34,7
BM-11650,US-2014-134733,3352,436.0,8
BM-11650,CA-2017-167101,2104,221.92,9
BM-11650,CA-2015-100454,842,186.05,10
BM-11650,CA-2017-149048,2595,180.96,11
BM-11650,CA-2017-102519,915,143.73,12
BM-11650,US-2014-134733,3353,83.98,13
BM-11650,CA-2015-100454,840,60.45,14
BM-11650,CA-2015-124107,5718,57.96,15
BM-11650,CA-2017-102519,914,46.94,16
BM-11650,CA-2014-125514,2792,36.27,17
BM-11650,CA-2015-124107,5719,29.4,18
BM-11650,CA-2015-124107,5717,29.16,19
BM-11650,CA-2017-167101,2105,26.0,20
BM-11650,CA-2014-125514,2791,25.96,21
BM-11650,CA-2017-149048,2599,14.94,22
BM-11650,CA-2014-165379,3368,14.35,23
BM-11650,CA-2015-100454,841,11.52,24
BM-11650,CA-2014-165379,3367,10.37,25
BM-11650,CA-2017-152912,3182,9.64,26
BM-11650,CA-2014-125514,2793,6.48,27
BM-11650,CA-2016-163202,5399,2.91,28
BM-11650,CA-2017-121678,8716,1.82,29
BM-11785,CA-2014-106971,9140,475.94,1
BM-11785,CA-2016-101966,1306,419.94,2
BM-11785,CA-2014-116568,5106,186.3,3
BM-11785,US-2015-157014,785,47.98,4
BM-11785,US-2015-157014,784,35.49,5
BM-11785,US-2015-157014,782,32.07,6
BM-11785,CA-2015-165813,8780,29.3,7
BM-11785,CA-2016-105473,6919,28.8,8
BM-11785,US-2015-157014,783,24.0,9
BM-11785,CA-2017-152968,9067,23.08,10
BM-11785,CA-2016-117660,4763,13.71,11
BM-11785,CA-2014-133270,1746,13.36,12
BM-11785,CA-2016-117660,4762,5.9,13
BM-11785,CA-2015-160787,9437,2.95,14
BN-11470,CA-2014-138527,706,166.84,1
BN-11470,CA-2017-114370,8440,49.62,2
BN-11470,CA-2014-138527,707,15.22,3
BN-11470,CA-2015-106215,5250,12.58,4
BN-11470,US-2017-149006,6906,10.68,5
BN-11470,CA-2014-138527,705,10.37,6
BN-11515,CA-2016-169943,1718,454.9,1
BN-11515,CA-2016-169943,1717,242.9,2
BN-11515,CA-2014-103940,3928,137.24,3
BN-11515,CA-2017-131625,3231,114.9,4
BN-11515,CA-2014-118339,1346,93.78,5
BN-11515,CA-2014-103940,3926,57.93,6
BN-11515,CA-2014-118339,1349,53.4,7
BN-11515,CA-2016-169943,1721,47.74,8
BN-11515,CA-2014-118339,1347,47.18,9
BN-11515,CA-2016-169943,1720,39.76,10
BN-11515,CA-2016-169943,1719,35.92,11
BN-11515,CA-2014-118339,1350,35.88,12
BN-11515,CA-2014-103940,3927,35.34,13
BN-11515,CA-2014-103940,3925,30.28,14
BN-11515,CA-2014-118339,1348,19.68,15
BN-11515,CA-2017-163405,514,6.63,16
BN-11515,CA-2017-163405,515,5.88,17
BO-11350,CA-2016-105207,9494,1592.85,1
BO-11350,CA-2017-132199,8354,373.47,2
BO-11350,CA-2017-128076,8749,239.98,3
BO-11350,CA-2017-128076,8747,210.58,4
BO-11350,CA-2017-132199,8355,64.2,5
BO-11350,CA-2017-144883,5295,50.4,6
BO-11350,CA-2016-137204,2614,41.57,7
BO-11350,CA-2017-132199,8352,32.45,8
BO-11350,CA-2017-128076,8748,30.96,9
BO-11350,CA-2017-132199,8353,26.39,10
BO-11350,CA-2016-105207,9495,11.88,11
BO-11350,CA-2017-132199,8356,8.0,12
BO-11425,CA-2017-158386,1554,124.75,1
BO-11425,CA-2015-136658,7205,6.08,2
BP-11050,CA-2016-160535,6574,563.4,1
BP-11050,CA-2016-160535,6575,319.92,2
BP-11050,CA-2017-151596,5888,42.76,3
BP-11050,US-2014-154655,9440,22.24,4
BP-11050,CA-2017-143084,9015,19.4,5
BP-11050,CA-2017-143084,9014,13.9,6
BP-11050,CA-2016-108364,7792,1.8,7
BP-11095,CA-2014-162992,8795,583.8,1
BP-11095,CA-2017-160325,5596,437.85,2
BP-11095,CA-2017-160325,5595,391.98,3
BP-11095,CA-2017-135377,8779,287.98,4
BP-11095,CA-2014-162992,8796,211.17,5
BP-11095,CA-2015-148180,7437,99.2,6
BP-11095,CA-2017-137365,6936,95.98,7
BP-11095,CA-2014-137911,7153,88.77,8
BP-11095,CA-2016-156811,4387,43.92,9
BP-11095,CA-2015-138219,7967,33.36,10
BP-11095,CA-2014-146990,6982,30.18,11
BP-11095,CA-2016-156811,4388,25.03,12
BP-11095,CA-2015-148180,7436,23.14,13
BP-11095,CA-2014-162992,8794,22.55,14
BP-11095,CA-2017-161851,7369,15.57,15
BP-11095,CA-2014-162992,8793,14.62,16
BP-11095,US-2014-134971,394,12.46,17
BP-11095,CA-2017-105445,4523,9.43,18
BP-11095,CA-2015-148180,7435,9.14,19
BP-11095,CA-2014-146990,6981,5.92,20
BP-11155,CA-2015-158491,7251,989.97,1
BP-11155,CA-2016-154767,6755,275.24,2
BP-11155,CA-2016-154767,6751,121.96,3
BP-11155,CA-2015-158491,7250,119.98,4
BP-11155,CA-2016-154767,6753,61.96,5
BP-11155,CA-2017-147564,3128,49.12,6
BP-11155,CA-2017-156139,5739,38.38,7
BP-11155,CA-2017-128629,2927,18.84,8
BP-11155,CA-2016-154767,6752,8.74,9
BP-11155,CA-2016-154767,6754,7.96,10
BP-11155,US-2017-154851,4689,5.72,11
BP-11185,CA-2017-130036,8936,1119.89,1
BP-11185,CA-2015-166219,9430,1099.96,2
BP-11185,CA-2016-142902,311,466.77,3
BP-11185,US-2017-140907,3247,324.9,4
BP-11185,CA-2016-115574,2306,141.37,5
BP-11185,CA-2016-158211,5869,104.58,6
BP-11185,CA-2015-166219,9431,103.48,7
BP-11185,CA-2017-146626,5132,101.12,8
BP-11185,CA-2017-167150,1059,65.57,9
BP-11185,US-2017-140907,3246,49.08,10
BP-11185,CA-2017-167150,1058,19.94,11
BP-11185,US-2017-140907,3248,18.24,12
BP-11185,CA-2016-142902,312,15.23,13
BP-11185,CA-2016-142902,310,15.14,14
BP-11185,CA-2017-130036,8935,12.67,15
BP-11185,US-2015-112508,2558,6.99,16
BP-11185,CA-2016-142902,313,6.26,17
BP-11185,CA-2016-158211,5868,4.67,18
BP-11230,CA-2015-135174,3045,1022.97,1
BP-11230,CA-2017-142888,1874,70.98,2
BP-11230,CA-2014-101462,6850,59.92,3
BP-11230,US-2016-116442,6378,14.76,4
BP-11230,CA-2016-141551,5682,6.48,5
BP-11230,CA-2016-141551,5681,6.38,6
BP-11290,CA-2016-142398,5775,638.29,1
BP-11290,CA-2017-137505,9746,364.08,2
BP-11290,CA-2016-142895,5834,363.92,3
BP-11290,CA-2017-154760,7221,274.49,4
BP-11290,CA-2014-153976,1351,258.28,5
BP-11290,CA-2016-150483,8903,191.08,6
BP-11290,CA-2017-156664,8848,130.11,7
BP-11290,CA-2017-156664,8847,91.36,8
BP-11290,CA-2017-137505,9747,71.09,9
BP-11290,CA-2016-150483,8901,32.06,10
BP-11290,CA-2016-150483,8902,18.5,11
BP-11290,CA-2016-142398,5776,13.21,12
BP-11290,CA-2016-150483,8904,10.37,13
BP-11290,CA-2017-156664,8845,7.24,14
BP-11290,CA-2016-142895,5833,6.26,15
BP-11290,CA-2017-156664,8846,4.82,16
BS-11365,US-2016-107440,4278,9099.93,1
BS-11365,CA-2014-168130,4251,887.1,2
BS-11365,US-2014-143581,8246,344.91,3
BS-11365,CA-2016-149965,7288,57.69,4
BS-11365,US-2014-148194,8000,57.68,5
BS-11365,US-2016-107440,4280,25.3,6
BS-11365,US-2014-148194,7999,12.18,7
BS-11365,US-2016-107440,4279,9.96,8
BS-11365,CA-2016-149965,7287,6.9,9
BS-11380,US-2017-112347,7545,906.68,1
BS-11380,CA-2017-160633,9618,899.98,2
BS-11380,CA-2015-142475,5605,590.35,3
BS-11380,US-2017-112347,7543,508.7,4
BS-11380,CA-2017-116288,4636,242.94,5
BS-11380,US-2017-112347,7541,242.35,6
BS-11380,CA-2017-160633,9620,139.96,7
BS-11380,US-2017-112347,7539,114.29,8
BS-11380,CA-2017-160633,9619,86.35,9
BS-11380,US-2017-112347,7544,57.36,10
BS-11380,US-2017-112347,7542,49.62,11
BS-11380,US-2017-112347,7540,36.62,12
BS-11380,US-2014-134712,1643,12.62,13
BS-11590,CA-2014-106376,68,1113.02,1
BS-11590,US-2017-109610,9463,701.96,2
BS-11590,US-2015-109015,6355,337.98,3
BS-11590,CA-2014-106376,69,167.97,4
BS-11590,CA-2014-149524,6475,61.96,5
BS-11590,CA-2016-105900,3720,33.4,6
BS-11590,CA-2014-107398,8887,20.86,7
BS-11590,US-2015-109015,6354,8.39,8
BS-11590,CA-2014-107398,8885,6.53,9
BS-11590,CA-2014-107398,8886,2.86,10
BS-11665,CA-2016-101791,7607,1297.37,1
BS-11665,CA-2015-126725,5845,777.21,2
BS-11665,CA-2015-126725,5842,415.97,3
BS-11665,CA-2015-126725,5843,304.9,4
BS-11665,CA-2015-126725,5847,225.57,5
BS-11665,CA-2014-126032,2127,86.38,6
BS-11665,CA-2015-126725,5844,80.96,7
BS-11665,CA-2015-126725,5848,36.6,8
BS-11665,CA-2015-126725,5846,32.4,9
BS-11665,CA-2016-101791,7605,25.18,10
BS-11665,CA-2016-101791,7606,5.58,11
BS-11755,CA-2014-103373,1830,779.8,1
BS-11755,CA-2016-156748,8533,496.86,2
BS-11755,CA-2016-156748,8534,389.97,3
BS-11755,CA-2014-133690,202,218.75,4
BS-11755,CA-2017-135069,7424,195.1,5
BS-11755,CA-2017-123778,3373,160.96,6
BS-11755,CA-2015-126137,3075,120.67,7
BS-11755,CA-2017-130631,5458,68.46,8
BS-11755,CA-2017-135069,7425,36.67,9
BS-11755,CA-2016-156748,8531,33.36,10
BS-11755,CA-2017-123778,3372,25.82,11
BS-11755,CA-2017-130631,5457,19.6,12
BS-11755,CA-2016-156748,8532,13.76,13
BS-11755,CA-2014-133690,203,2.6,14
BS-11800,CA-2017-135279,970,501.81,1
BS-11800,CA-2017-135279,968,191.6,2
BS-11800,CA-2015-122371,2498,124.46,3
BS-11800,CA-2015-122371,2497,64.17,4
BS-11800,CA-2017-135279,966,35.97,5
BS-11800,CA-2017-135279,967,12.96,6
BS-11800,CA-2017-135279,965,9.82,7
BS-11800,CA-2017-135279,969,8.64,8
BT-11305,CA-2014-166954,4378,1487.04,1
BT-11305,CA-2014-166954,4376,303.25,2
BT-11305,CA-2014-166954,4377,270.72,3
BT-11305,CA-2017-115994,1415,239.97,4
BT-11305,CA-2015-138002,2204,191.82,5
BT-11305,CA-2017-115994,1416,37.74,6
BT-11305,CA-2015-153612,4013,17.12,7
BT-11305,CA-2015-103723,2715,13.9,8
BT-11305,CA-2015-138002,2203,6.1,9
BT-11395,CA-2015-110016,1082,1106.91,1
BT-11395,CA-2017-117513,8619,399.67,2
BT-11395,US-2015-120502,5180,258.58,3
BT-11395,CA-2014-107769,7371,257.98,4
BT-11395,US-2015-120502,5181,75.84,5
BT-11395,US-2015-120502,5179,37.68,6
BT-11395,CA-2015-110016,1081,19.92,7
BT-11395,CA-2015-111325,3793,16.03,8
BT-11395,CA-2016-126935,2499,9.58,9
BT-11395,CA-2015-111325,3792,4.42,10
BT-11440,CA-2014-151946,8610,353.57,1
BT-11440,US-2016-163461,6849,76.86,2
BT-11440,CA-2016-106383,2226,72.29,3
BT-11440,CA-2014-151946,8608,56.96,4
BT-11440,CA-2014-151946,8609,15.56,5
BT-11440,CA-2014-139283,9628,14.67,6
BT-11440,CA-2014-151946,8611,13.96,7
BT-11485,CA-2015-165085,1095,355.96,1
BT-11485,CA-2016-122511,9698,30.34,2
BT-11485,CA-2015-165085,1094,28.9,3
BT-11530,CA-2017-117212,1191,892.22,1
BT-11530,CA-2017-117212,1190,889.54,2
BT-11530,CA-2017-117212,1192,223.92,3
BT-11530,CA-2014-146864,6529,216.4,4
BT-11530,CA-2017-123029,9141,159.98,5
BT-11530,CA-2016-148208,6229,110.38,6
BT-11530,CA-2017-117212,1189,81.92,7
BT-11530,CA-2016-148208,6230,55.18,8
BT-11530,CA-2014-104780,3079,31.84,9
BT-11530,CA-2017-117212,1193,23.12,10
BT-11680,CA-2014-121629,8573,998.85,1
BT-11680,CA-2016-123358,6737,579.51,2
BT-11680,CA-2015-132626,3679,464.97,3
BT-11680,CA-2015-132626,3680,181.96,4
BT-11680,CA-2015-132626,3684,153.36,5
BT-11680,CA-2016-123358,6738,150.66,6
BT-11680,CA-2016-123358,6736,113.76,7
BT-11680,CA-2015-132626,3686,98.21,8
BT-11680,CA-2015-132626,3682,84.09,9
BT-11680,CA-2015-132626,3683,79.36,10
BT-11680,US-2017-161193,1813,77.6,11
BT-11680,CA-2016-146423,9207,51.84,12
BT-11680,CA-2016-123358,6739,48.03,13
BT-11680,CA-2015-132626,3685,43.68,14
BT-11680,CA-2017-158967,2773,19.1,15
BT-11680,CA-2015-132626,3678,15.8,16
BT-11680,CA-2016-146423,9206,15.48,17
BT-11680,CA-2015-132626,3681,12.39,18
BT-11680,US-2017-161193,1814,4.66,19
BT-11680,CA-2015-125710,6454,3.44,20
BV-11245,CA-2015-156734,6731,643.14,1
BV-11245,US-2016-168410,5307,296.37,2
BV-11245,CA-2017-104220,772,207.0,3
BV-11245,CA-2015-103793,1531,74.35,4
BV-11245,US-2016-168410,5306,68.95,5
BV-11245,CA-2017-104220,775,40.3,6
BV-11245,US-2016-168410,5308,39.98,7
BV-11245,CA-2017-104220,776,34.58,8
BV-11245,CA-2016-123526,4750,33.4,9
BV-11245,CA-2017-104220,773,32.35,10
BV-11245,CA-2015-156734,6732,20.74,11
BV-11245,CA-2017-104220,771,18.28,12
BV-11245,CA-2017-104220,774,7.71,13
BV-11245,CA-2015-156734,6730,6.13,14
BW-11065,CA-2017-157413,7801,324.74,1
BW-11065,CA-2015-119634,5758,46.15,2
BW-11065,CA-2014-100391,9441,14.62,3
BW-11110,CA-2017-159366,978,3059.98,1
BW-11110,CA-2017-154074,6406,569.57,2
BW-11110,CA-2015-137302,7831,311.98,3
BW-11110,CA-2017-154074,6407,149.73,4
BW-11110,CA-2016-101161,6442,99.87,5
BW-11110,CA-2016-101161,6445,82.26,6
BW-11110,CA-2015-137302,7829,63.94,7
BW-11110,CA-2016-127194,8188,62.82,8
BW-11110,CA-2015-137302,7830,59.52,9
BW-11110,CA-2015-106565,816,51.84,10
BW-11110,US-2016-126844,2557,51.71,11
BW-11110,CA-2015-137302,7832,50.35,12
BW-11110,CA-2016-101161,6443,37.94,13
BW-11110,CA-2016-101161,6441,34.7,14
BW-11110,CA-2017-151855,9457,27.19,15
BW-11110,CA-2016-101161,6444,24.9,16
BW-11110,CA-2017-151855,9458,12.06,17
BW-11200,CA-2014-109897,8244,806.34,1
BW-11200,CA-2016-116596,9533,427.64,2
BW-11200,CA-2016-120873,4515,290.98,3
BW-11200,CA-2014-109897,8245,85.44,4
BW-11200,CA-2016-116596,9534,40.67,5
BW-11200,CA-2016-116596,9535,33.48,6
BW-11200,CA-2017-143343,2289,16.4,7
BW-11200,US-2014-167633,2106,15.55,8
BW-11200,US-2017-106579,7506,12.18,9
BW-11200,CA-2016-116596,9536,9.73,10
CA-11965,CA-2016-157791,6528,1999.96,1
CA-11965,CA-2015-161452,7646,892.22,2
CA-11965,CA-2015-105690,4287,439.99,3
CA-11965,CA-2015-105690,4285,246.13,4
CA-11965,CA-2014-167997,8151,141.96,5
CA-11965,CA-2017-122112,7871,24.45,6
CA-11965,CA-2017-134649,2834,15.47,7
CA-11965,CA-2015-105690,4286,11.7,8
CA-11965,CA-2014-167997,8150,10.68,9
CA-11965,CA-2017-134649,2835,7.16,10
CA-12055,CA-2016-107328,3497,513.02,1
CA-12055,CA-2016-107328,3498,487.92,2
CA-12055,CA-2016-168081,1180,258.7,3
CA-12055,CA-2016-125661,5702,139.96,4
CA-12055,US-2016-164945,8080,134.27,5
CA-12055,CA-2015-162621,4489,69.12,6
CA-12055,CA-2016-125661,5701,40.75,7
CA-12055,CA-2015-162621,4488,16.27,8
CA-12055,CA-2016-107328,3499,15.24,9
CA-12055,CA-2015-162621,4490,4.47,10
CA-12265,CA-2015-120362,1375,912.75,1
CA-12265,CA-2017-140053,2437,545.85,2
CA-12265,CA-2017-122196,5065,391.98,3
CA-12265,CA-2017-106432,5176,328.4,4
CA-12265,CA-2017-102610,8912,143.93,5
CA-12265,CA-2016-106894,1729,100.0,6
CA-12265,CA-2017-102610,8911,95.98,7
CA-12265,CA-2014-128237,9309,45.48,8
CA-12265,CA-2014-128237,9310,25.44,9
CA-12265,CA-2014-128237,9308,14.88,10
CA-12265,CA-2017-169607,9888,9.96,11
CA-12265,US-2014-111171,622,8.69,12
CA-12265,CA-2016-106894,1730,7.83,13
CA-12265,CA-2014-128237,9307,6.56,14
CA-12265,CA-2017-102610,8914,4.93,15
CA-12265,CA-2017-102610,8913,3.56,16
CA-12265,CA-2017-106432,5175,2.07,17
CA-12310,CA-2017-120936,4901,481.32,1
CA-12310,US-2014-150434,3354,359.98,2
CA-12310,US-2016-116365,8606,180.96,3
CA-12310,US-2016-116365,8605,165.6,4
CA-12310,US-2014-150434,3355,70.56,5
CA-12310,US-2017-145366,270,57.58,6
CA-12310,US-2017-145366,269,37.21,7
CA-12310,US-2016-116365,8604,30.08,8
CA-12310,US-2014-150434,3356,20.88,9
CA-12310,CA-2017-120936,4902,13.98,10
CA-12310,US-2014-150434,3357,3.81,11
CA-12775,CA-2014-140858,820,1228.47,1
CA-12775,CA-2017-145653,5220,498.26,2
CA-12775,US-2015-140200,947,393.17,3
CA-12775,CA-2014-140858,822,335.52,4
CA-12775,CA-2015-135853,8509,175.23,5
CA-12775,CA-2015-135853,8510,125.99,6
CA-12775,CA-2017-122175,6670,87.4,7
CA-12775,CA-2017-122175,6667,42.85,8
CA-12775,CA-2014-140858,818,41.47,9
CA-12775,CA-2014-140858,821,31.09,10
CA-12775,CA-2015-135853,8511,23.0,11
CA-12775,CA-2017-122175,6669,17.0,12
CA-12775,CA-2014-145576,563,13.13,13
CA-12775,CA-2014-145576,562,13.0,14
CA-12775,US-2016-132857,1603,6.67,15
CA-12775,CA-2017-122175,6668,6.16,16
CA-12775,CA-2014-140858,819,3.17,17
CB-12025,CA-2015-146563,660,999.43,1
CB-12025,CA-2015-146563,662,918.79,2
CB-12025,CA-2015-121188,8055,892.35,3
CB-12025,CA-2015-121188,8057,728.82,4
CB-12025,CA-2015-146563,661,724.08,5
CB-12025,CA-2017-144484,5271,406.6,6
CB-12025,CA-2015-121188,8056,307.67,7
CB-12025,CA-2017-131282,6567,243.99,8
CB-12025,US-2017-102904,8554,239.92,9
CB-12025,CA-2016-117583,9814,204.95,10
CB-12025,CA-2016-117583,9815,79.95,11
CB-12025,US-2017-152898,9282,67.9,12
CB-12025,CA-2015-121188,8059,43.18,13
CB-12025,CA-2015-121188,8058,41.36,14
CB-12025,CA-2016-117583,9813,34.65,15
CB-12025,CA-2017-144484,5270,32.36,16
CB-12025,CA-2017-100160,4152,29.24,17
CB-12025,CA-2016-117583,9812,25.92,18
CB-12025,CA-2017-100160,4153,15.55,19
CB-12025,CA-2014-140004,196,7.41,20
CB-12025,CA-2017-131282,6568,7.12,21
CB-12025,CA-2014-130869,6023,7.08,22
CB-12025,CA-2014-140004,197,6.05,23
CB-12025,CA-2017-100160,4154,4.9,24
CB-12025,CA-2015-121188,8060,4.16,25
CB-12025,CA-2015-146563,663,2.72,26
CB-12415,CA-2016-147417,1987,1439.98,1
CB-12415,US-2017-157896,2139,146.82,2
CB-12415,CA-2016-139941,7148,92.94,3
CB-12415,CA-2017-152660,6123,61.57,4
CB-12415,CA-2016-113656,7294,59.99,5
CB-12415,CA-2016-139941,7149,52.56,6
CB-12415,CA-2016-163398,4437,27.38,7
CB-12415,US-2015-136259,9077,27.2,8
CB-12415,CA-2016-163398,4438,26.41,9
CB-12415,US-2015-136259,9076,7.22,10
CB-12415,CA-2017-111374,1992,4.96,11
CB-12415,CA-2016-163398,4436,2.18,12
CB-12535,US-2016-165505,9149,1564.29,1
CB-12535,CA-2015-100146,7407,722.35,2
CB-12535,CA-2015-100146,7404,509.96,3
CB-12535,CA-2017-161046,5950,299.97,4
CB-12535,CA-2017-161046,5951,262.24,5
CB-12535,CA-2017-161046,5952,234.36,6
CB-12535,CA-2015-111094,1783,122.94,7
CB-12535,CA-2015-100146,7405,122.91,8
CB-12535,US-2016-165505,9147,99.98,9
CB-12535,CA-2015-100146,7406,97.57,10
CB-12535,CA-2015-104514,2487,85.52,11
CB-12535,CA-2017-161046,5949,42.68,12
CB-12535,CA-2015-104514,2489,20.04,13
CB-12535,CA-2016-147585,1684,14.82,14
CB-12535,CA-2017-136826,267,14.02,15
CB-12535,CA-2015-104514,2488,9.84,16
CB-12535,CA-2015-113971,1152,8.35,17
CB-12535,US-2016-165505,9148,8.04,18
CB-12535,CA-2015-111094,1782,6.58,19
CC-12100,CA-2014-136399,3132,627.17,1
CC-12100,CA-2014-136399,3131,395.0,2
CC-12100,CA-2014-136399,3130,241.57,3
CC-12100,CA-2015-108532,6471,131.98,4
CC-12100,CA-2015-108532,6472,114.52,5
CC-12100,CA-2015-104297,9881,85.06,6
CC-12100,CA-2016-129308,6525,59.99,7
CC-12100,CA-2014-136399,3129,44.46,8
CC-12100,CA-2016-161781,1077,40.88,9
CC-12100,CA-2016-129308,6524,10.08,10
CC-12100,CA-2016-129308,6527,9.42,11
CC-12100,CA-2016-129308,6526,5.72,12
CC-12100,CA-2015-113040,7980,5.1,13
CC-12145,CA-2015-121797,2710,1919.98,1
CC-12145,CA-2015-121797,2709,227.36,2
CC-12145,CA-2014-141726,5969,104.85,3
CC-12145,CA-2015-132906,581,51.52,4
CC-12145,CA-2015-122623,2806,47.52,5
CC-12145,CA-2014-141726,5972,43.02,6
CC-12145,CA-2017-146185,6975,31.74,7
CC-12145,CA-2014-141726,5971,19.92,8
CC-12145,CA-2016-130078,5257,10.56,9
CC-12145,CA-2014-141726,5970,8.7,10
CC-12145,CA-2016-148201,1870,6.48,11
CC-12220,CA-2016-145730,4003,637.9,1
CC-12220,CA-2014-166891,6440,589.41,2
CC-12220,CA-2017-161410,5386,545.92,3
CC-12220,CA-2017-152695,2337,426.79,4
CC-12220,CA-2017-161410,5385,358.2,5
CC-12220,CA-2016-145730,4004,287.91,6
CC-12220,CA-2017-119914,9994,243.16,7
CC-12220,US-2017-107888,6542,139.92,8
CC-12220,CA-2016-155474,3255,107.98,9
CC-12220,US-2017-107888,6543,107.88,10
CC-12220,CA-2016-131380,7158,87.92,11
CC-12220,US-2017-107888,6541,73.68,12
CC-12220,CA-2016-155992,1264,69.9,13
CC-12220,CA-2015-147879,5889,45.68,14
CC-12220,CA-2016-155992,1265,41.85,15
CC-12220,CA-2016-145730,4005,36.6,16
CC-12220,US-2017-107888,6544,33.29,17
CC-12220,CA-2014-161634,8341,32.4,18
CC-12220,CA-2016-155474,3256,19.3,19
CC-12220,CA-2014-103527,8381,10.9,20
CC-12220,CA-2017-152695,2336,10.86,21
CC-12220,CA-2016-131380,7159,5.98,22
CC-12370,CA-2016-143714,6426,8399.98,1
CC-12370,CA-2016-135265,3984,2799.96,2
CC-12370,CA-2016-135265,3983,287.97,3
CC-12370,CA-2016-154690,2858,225.3,4
CC-12370,US-2017-155866,8192,187.76,5
CC-12370,CA-2016-143714,6429,122.38,6
CC-12370,CA-2016-135265,3985,48.94,7
CC-12370,US-2017-155866,8191,38.88,8
CC-12370,CA-2016-143714,6428,10.37,9
CC-12370,CA-2016-143714,6427,6.29,10
CC-12370,CA-2017-106691,8966,1.25,11
CC-12430,CA-2017-166695,6068,518.27,1
CC-12430,CA-2016-116736,878,371.97,2
CC-12430,CA-2017-143035,6374,371.97,3
CC-12430,CA-2017-166695,6070,343.2,4
CC-12430,CA-2016-116736,876,322.59,5
CC-12430,CA-2015-150791,3420,271.76,6
CC-12430,CA-2016-118570,1884,217.06,7
CC-12430,CA-2017-126221,646,209.3,8
CC-12430,CA-2017-143035,6372,83.92,9
CC-12430,CA-2016-163384,1292,32.4,10
CC-12430,CA-2016-116736,877,29.99,11
CC-12430,CA-2017-125290,3047,26.38,12
CC-12430,CA-2017-125290,3046,13.9,13
CC-12430,CA-2016-163384,1291,13.22,14
CC-12430,US-2016-148957,9449,12.32,15
CC-12430,US-2016-114888,4770,11.95,16
CC-12430,CA-2017-166695,6069,6.98,17
CC-12430,CA-2017-143035,6373,6.63,18
CC-12430,US-2016-114888,4771,6.24,19
CC-12475,CA-2016-158260,8869,686.4,1
CC-12475,US-2017-160836,7494,512.19,2
CC-12475,CA-2017-144225,6694,164.88,3
CC-12475,CA-2017-158344,4262,63.96,4
CC-12475,US-2014-163146,8536,56.4,5
CC-12475,CA-2016-146836,3238,45.58,6
CC-12475,CA-2016-146836,3237,44.94,7
CC-12475,CA-2017-100811,4012,39.3,8
CC-12475,US-2016-139388,4844,14.96,9
CC-12475,CA-2016-155033,5004,10.56,10
CC-12475,US-2017-160836,7493,10.27,11
CC-12475,CA-2017-100811,4011,8.45,12
CC-12475,US-2017-160836,7495,1.56,13
CC-12550,CA-2017-169901,346,47.98,1
CC-12550,CA-2017-118542,3557,45.36,2
CC-12550,CA-2017-123071,7762,10.37,3
CC-12550,CA-2017-118542,3558,10.13,4
CC-12610,CA-2014-124688,3485,1202.94,1
CC-12610,CA-2014-124688,3483,579.95,2
CC-12610,CA-2017-155957,3631,213.14,3
CC-12610,CA-2015-161445,6790,140.74,4
CC-12610,CA-2016-157707,7970,120.78,5
CC-12610,CA-2016-157707,7968,90.88,6
CC-12610,CA-2015-132507,2175,61.79,7
CC-12610,CA-2017-155957,3630,52.27,8
CC-12610,CA-2016-118178,9177,31.09,9
CC-12610,CA-2014-124688,3484,29.12,10
CC-12610,CA-2016-157707,7969,15.99,11
CC-12610,CA-2016-146521,2071,1.94,12
CC-12670,CA-2017-112753,4496,917.92,1
CC-12670,CA-2014-154158,9382,424.27,2
CC-12670,CA-2016-152121,1932,271.99,3
CC-12670,CA-2017-163139,260,221.55,4
CC-12670,CA-2016-167759,3887,134.85,5
CC-12670,CA-2014-154158,9384,83.92,6
CC-12670,CA-2014-154158,9381,64.78,7
CC-12670,CA-2014-154158,9380,45.53,8
CC-12670,CA-2017-112753,4497,38.88,9
CC-12670,CA-2015-128993,9056,21.98,10
CC-12670,CA-2017-163139,259,20.37,11
CC-12670,CA-2017-163139,261,17.52,12
CC-12670,US-2016-100419,470,4.79,13
CC-12670,CA-2014-154158,9383,1.34,14
CC-12685,CA-2015-140984,3824,991.2,1
CC-12685,CA-2015-140984,3825,879.98,2
CC-12685,CA-2015-109190,8494,479.98,3
CC-12685,CA-2015-119480,7092,163.44,4
CC-12685,CA-2015-119480,7091,106.32,5
CC-12685,CA-2015-109190,8493,60.74,6
CC-12685,CA-2015-119480,7094,51.55,7
CC-12685,US-2014-158057,1769,51.47,8
CC-12685,CA-2015-119480,7093,42.76,9
CC-12685,CA-2015-140984,3826,12.96,10
CC-12685,US-2014-158057,1768,7.64,11
CC-12685,CA-2015-109190,8495,6.08,12
CD-11920,CA-2017-111556,4391,1259.97,1
CD-11920,CA-2015-101910,800,283.92,2
CD-11920,CA-2017-111556,4390,183.97,3
CD-11920,CA-2016-122017,5364,81.96,4
CD-11920,CA-2016-122017,5363,70.56,5
CD-11920,CA-2017-111556,4392,68.97,6
CD-11920,CA-2017-111556,4389,46.76,7
CD-11920,CA-2014-147235,4480,24.9,8
CD-11920,CA-2017-107853,9438,12.96,9
CD-11980,CA-2017-144596,7099,318.96,1
CD-11980,US-2017-119438,680,182.99,2
CD-11980,US-2017-119438,679,82.52,3
CD-11980,US-2017-119438,678,27.82,4
CD-11980,CA-2016-100083,1894,24.78,5
CD-11980,US-2017-119438,677,2.69,6
CD-12280,US-2017-132444,1653,169.68,1
CD-12280,CA-2017-102925,9468,166.5,2
CD-12280,CA-2017-102925,9467,164.69,3
CD-12280,US-2017-132444,1654,132.52,4
CD-12280,CA-2017-102925,9473,128.12,5
CD-12280,CA-2017-102925,9470,110.96,6
CD-12280,CA-2017-102925,9474,101.4,7
CD-12280,CA-2017-102925,9471,99.98,8
CD-12280,US-2017-132444,1657,95.94,9
CD-12280,CA-2017-102925,9469,12.96,10
CD-12280,CA-2017-102925,9472,11.42,11
CD-12280,US-2017-132444,1656,8.45,12
CD-12280,US-2017-132444,1655,2.96,13
CD-12790,CA-2016-124352,2521,868.59,1
CD-12790,CA-2015-149972,2786,601.54,2
CD-12790,CA-2016-124352,2524,121.6,3
CD-12790,CA-2016-145135,8384,59.97,4
CD-12790,CA-2014-166961,7778,51.45,5
CD-12790,CA-2014-166961,7779,37.06,6
CD-12790,CA-2016-124352,2520,29.46,7
CD-12790,CA-2016-124352,2519,20.16,8
CD-12790,CA-2016-145135,8385,13.36,9
CD-12790,CA-2016-124352,2522,12.96,10
CD-12790,CA-2014-139857,1704,12.35,11
CD-12790,CA-2014-166961,7776,10.98,12
CD-12790,CA-2015-149972,2787,7.9,13
CD-12790,CA-2014-166961,7777,7.86,14
CD-12790,CA-2016-124352,2523,5.5,15
CG-12040,CA-2016-140081,937,447.7,1
CG-12040,CA-2016-121020,6287,239.98,2
CG-12040,CA-2016-164350,2206,67.56,3
CG-12040,CA-2016-140081,934,45.06,4
CG-12040,CA-2016-140081,935,29.72,5
CG-12040,US-2017-104955,1477,28.91,6
CG-12040,CA-2017-143217,5079,18.24,7
CG-12040,CA-2016-140081,936,15.55,8
CG-12040,CA-2015-161242,9565,11.76,9
CG-12520,CA-2016-152156,2,731.94,1
CG-12520,CA-2016-152156,1,261.96,2
CG-12520,US-2015-123918,6878,131.38,3
CG-12520,CA-2017-164098,5492,18.16,4
CG-12520,US-2015-123918,6879,5.34,5
CH-12070,CA-2016-109344,1828,1127.98,1
CH-12070,CA-2015-123673,1919,299.9,2
CH-12070,CA-2015-127110,1869,78.26,3
CH-12070,CA-2015-127110,1868,31.1,4
CJ-11875,CA-2016-163951,8667,16.52,1
CJ-12010,CA-2016-128818,2183,3999.95,1
CJ-12010,CA-2017-102204,8237,2803.92,2
CJ-12010,CA-2017-144491,9788,1023.33,3
CJ-12010,CA-2017-102204,8236,933.26,4
CJ-12010,CA-2017-144491,9789,600.56,5
CJ-12010,CA-2016-128818,2182,442.76,6
CJ-12010,US-2016-161683,4198,394.82,7
CJ-12010,CA-2017-144491,9791,211.25,8
CJ-12010,CA-2016-128818,2184,199.95,9
CJ-12010,US-2016-112977,1876,176.78,10
CJ-12010,CA-2017-122105,417,95.92,11
CJ-12010,CA-2016-128818,2180,85.23,12
CJ-12010,CA-2016-128818,2185,63.68,13
CJ-12010,CA-2016-128818,2181,44.4,14
CJ-12010,CA-2017-144491,9790,39.99,15
CJ-12010,US-2016-161683,4199,18.19,16
CJ-12010,CA-2017-150469,7820,11.84,17
CJ-12010,CA-2016-122392,1528,11.65,18
CJ-12010,CA-2016-122392,1527,4.16,19
CJ-12010,CA-2017-102204,8235,3.33,20
CK-12205,CA-2017-110443,6364,1039.99,1
CK-12205,US-2016-100720,601,494.38,2
CK-12205,CA-2016-112256,7074,175.92,3
CK-12205,CA-2017-110443,6363,150.8,4
CK-12205,US-2016-100720,600,143.98,5
CK-12205,CA-2014-131541,5688,129.89,6
CK-12205,CA-2016-140018,4825,127.55,7
CK-12205,CA-2017-110821,7652,119.45,8
CK-12205,CA-2017-110821,7653,118.16,9
CK-12205,CA-2017-104577,3762,87.6,10
CK-12205,CA-2016-140018,4826,77.95,11
CK-12205,CA-2016-110982,5524,58.24,12
CK-12205,US-2015-144771,8744,53.04,13
CK-12205,CA-2017-110443,6365,51.84,14
CK-12205,CA-2014-131541,5689,48.94,15
CK-12205,CA-2014-113929,2912,41.4,16
CK-12205,CA-2014-113929,2914,39.55,17
CK-12205,CA-2014-113929,2913,35.0,18
CK-12205,CA-2016-140018,4824,30.35,19
CK-12205,CA-2016-110982,5523,21.55,20
CK-12205,CA-2015-135363,2199,15.55,21
CK-12205,CA-2014-131541,5687,14.32,22
CK-12205,CA-2016-112256,7076,13.34,23
CK-12205,US-2015-144771,8743,11.03,24
CK-12205,CA-2017-122028,6898,10.78,25
CK-12205,CA-2014-166884,1543,10.46,26
CK-12205,CA-2014-166884,1542,8.32,27
CK-12205,US-2016-100720,602,5.84,28
CK-12205,CA-2015-135363,2200,5.23,29
CK-12205,CA-2016-112256,7073,5.18,30
CK-12205,CA-2016-112256,7075,4.75,31
CK-12205,CA-2016-112256,7072,4.45,32
CK-12325,US-2014-125521,2841,1139.92,1
CK-12325,CA-2017-109085,9348,899.43,2
CK-12325,CA-2017-109085,9344,455.97,3
CK-12325,CA-2016-134789,6719,159.92,4
CK-12325,CA-2014-104472,720,73.32,5
CK-12325,CA-2014-104472,719,59.81,6
CK-12325,CA-2017-109085,9346,57.59,7
CK-12325,CA-2017-109085,9347,30.14,8
CK-12325,CA-2016-134789,6717,30.0,9
CK-12325,CA-2016-134789,6718,25.92,10
CK-12325,US-2017-135230,4723,7.58,11
CK-12325,CA-2017-109085,9345,5.72,12
CK-12595,CA-2017-100902,7757,431.16,1
CK-12595,CA-2015-142237,2052,341.49,2
CK-12595,US-2016-167472,5534,323.37,3
CK-12595,CA-2015-142237,2049,289.8,4
CK-12595,CA-2017-100902,7756,268.24,5
CK-12595,US-2016-167472,5532,179.94,6
CK-12595,CA-2017-138611,615,119.94,7
CK-12595,CA-2016-158610,7166,69.52,8
CK-12595,US-2016-167472,5536,64.14,9
CK-12595,US-2016-167472,5535,59.94,10
CK-12595,CA-2017-104647,2083,37.44,11
CK-12595,CA-2016-119683,3607,29.34,12
CK-12595,US-2016-167472,5533,26.85,13
CK-12595,CA-2015-142237,2054,25.34,14
CK-12595,CA-2016-124233,4196,24.7,15
CK-12595,US-2016-167472,5538,12.96,16
CK-12595,US-2017-127341,3886,12.13,17
CK-12595,CA-2014-106264,3293,11.91,18
CK-12595,US-2016-167472,5537,11.67,19
CK-12595,CA-2015-142237,2053,11.12,20
CK-12595,CA-2015-142237,2051,6.48,21
CK-12595,CA-2015-120516,4796,5.64,22
CK-12595,CA-2017-138611,616,3.65,23
CK-12595,CA-2014-106264,3294,3.48,24
CK-12595,CA-2015-142237,2050,2.5,25
CK-12760,US-2017-117247,1395,652.45,1
CK-12760,CA-2015-127754,8814,266.35,2
CK-12760,CA-2016-101336,4629,140.75,3
CK-12760,CA-2014-107755,850,115.36,4
CK-12760,CA-2016-101336,4627,77.55,5
CK-12760,US-2017-166611,1880,68.74,6
CK-12760,US-2017-117247,1396,66.65,7
CK-12760,US-2016-140809,3242,56.45,8
CK-12760,CA-2016-101336,4630,36.63,9
CK-12760,CA-2014-104976,889,34.68,10
CK-12760,CA-2016-101630,4778,25.71,11
CK-12760,CA-2016-101336,4628,24.88,12
CK-12760,CA-2016-101630,4777,8.67,13
CK-12760,CA-2015-160696,4985,7.24,14
CL-11890,CA-2017-121888,1540,782.94,1
CL-11890,CA-2017-121888,1541,242.48,2
CL-11890,US-2014-155894,2344,123.55,3
CL-11890,US-2017-131583,3395,40.03,4
CL-11890,CA-2017-121888,1538,39.99,5
CL-11890,US-2016-150035,3471,16.74,6
CL-11890,CA-2017-121888,1539,16.28,7
CL-12565,CA-2015-135580,6011,2548.56,1
CL-12565,CA-2017-119452,4429,1805.88,2
CL-12565,CA-2014-125731,7526,1487.04,3
CL-12565,CA-2016-106530,1631,1006.06,4
CL-12565,CA-2016-153178,9782,673.57,5
CL-12565,CA-2016-134803,3425,558.4,6
CL-12565,CA-2016-153178,9781,437.85,7
CL-12565,CA-2014-116239,1565,354.9,8
CL-12565,CA-2016-118129,8430,303.92,9
CL-12565,CA-2015-135580,6013,287.88,10
CL-12565,CA-2015-135580,6012,271.44,11
CL-12565,CA-2016-134803,3421,262.24,12
CL-12565,CA-2016-134803,3422,182.72,13
CL-12565,CA-2016-134803,3423,131.6,14
CL-12565,CA-2014-131310,2982,123.14,15
CL-12565,CA-2016-128867,112,75.96,16
CL-12565,CA-2015-135580,6010,74.94,17
CL-12565,CA-2015-135580,6009,68.52,18
CL-12565,CA-2016-106530,1635,58.11,19
CL-12565,CA-2016-128867,113,27.24,20
CL-12565,CA-2016-106530,1634,25.12,21
CL-12565,CA-2016-134803,3424,22.72,22
CL-12565,CA-2014-125731,7525,21.73,23
CL-12565,CA-2014-127936,4404,21.24,24
CL-12565,CA-2017-129567,787,17.46,25
CL-12565,CA-2014-131310,2983,11.26,26
CL-12565,CA-2016-106530,1632,10.69,27
CL-12565,CA-2016-106530,1633,10.37,28
CL-12700,CA-2016-149279,4988,1325.76,1
CL-12700,CA-2016-108875,5663,511.06,2
CL-12700,US-2017-166037,6778,449.91,3
CL-12700,CA-2016-108875,5662,21.44,4
CL-12700,CA-2017-141446,9961,18.0,5
CL-12700,CA-2016-149279,4987,15.55,6
CL-12700,CA-2017-159604,2663,8.76,7
CL-12700,CA-2016-149279,4989,3.11,8
CM-11815,CA-2017-121489,8041,572.58,1
CM-11815,CA-2017-121489,8040,388.7,2
CM-11815,CA-2017-145765,8788,271.97,3
CM-11815,CA-2017-145765,8786,195.96,4
CM-11815,CA-2017-140494,6689,111.96,5
CM-11815,CA-2014-127383,4559,49.57,6
CM-11815,CA-2017-121489,8042,33.18,7
CM-11815,CA-2014-151554,3261,20.74,8
CM-11815,CA-2017-145765,8787,15.55,9
CM-11815,CA-2016-110730,5242,13.68,10
CM-11935,US-2016-135923,2472,451.14,1
CM-11935,US-2016-135923,2473,64.86,2
CM-11935,CA-2015-147816,7742,35.12,3
CM-11935,US-2016-135923,2471,14.27,4
CM-12115,CA-2017-100524,1339,677.58,1
CM-12115,CA-2017-149699,8178,474.95,2
CM-12115,CA-2017-137414,7207,369.16,3
CM-12115,CA-2017-100524,1340,75.04,4
CM-12115,CA-2017-100524,1338,29.78,5
CM-12115,CA-2015-105361,6776,17.64,6
CM-12115,CA-2017-137414,7206,17.46,7
CM-12160,CA-2016-155530,3771,2003.52,1
CM-12160,CA-2017-113453,6196,329.99,2
CM-12160,CA-2016-111493,4186,98.16,3
CM-12160,CA-2017-113453,6197,71.38,4
CM-12160,CA-2017-162936,8607,23.18,5
CM-12160,CA-2017-156412,2691,5.35,6
CM-12160,US-2017-139955,1069,1.74,7
CM-12190,CA-2017-146164,8578,607.52,1
CM-12190,CA-2015-101154,5619,443.92,2
CM-12190,CA-2017-165386,2008,183.37,3
CM-12190,US-2017-118598,7492,119.94,4
CM-12190,CA-2015-152527,3405,77.88,5
CM-12190,CA-2017-146164,8579,31.16,6
CM-12190,CA-2015-158554,1564,11.35,7
CM-12235,CA-2016-155845,2573,1399.94,1
CM-12235,CA-2016-144309,7618,679.96,2
CM-12235,CA-2016-101525,5862,109.92,3
CM-12235,US-2016-114230,8623,39.81,4
CM-12235,CA-2016-149237,9501,26.94,5
CM-12235,CA-2016-101525,5863,19.44,6
CM-12235,CA-2016-144309,7617,18.54,7
CM-12235,CA-2016-101525,5864,11.16,8
CM-12385,CA-2015-145352,510,6354.95,1
CM-12385,CA-2017-111738,9491,2022.27,2
CM-12385,CA-2015-128027,2449,269.49,3
CM-12385,CA-2017-119746,4775,222.38,4
CM-12385,CA-2015-145352,509,46.74,5
CM-12385,CA-2017-119746,4774,11.52,6
CM-12385,CA-2017-111738,9492,9.12,7
CM-12385,CA-2015-145352,508,8.34,8
CM-12385,CA-2017-119746,4773,6.46,9
CM-12385,CA-2015-145352,507,2.74,10
CM-12445,CA-2016-133697,6208,56.69,1
CM-12445,CA-2016-145898,5213,51.45,2
CM-12445,CA-2016-133697,6206,51.02,3
CM-12445,CA-2016-145898,5215,35.4,4
CM-12445,CA-2016-145898,5216,29.9,5
CM-12445,CA-2016-133697,6207,25.25,6
CM-12445,CA-2014-133851,862,23.1,7
CM-12445,CA-2016-145898,5214,7.83,8
CM-12445,CA-2014-133851,861,7.36,9
CM-12655,US-2016-113677,6117,2279.96,1
CM-12655,CA-2017-113418,3296,1704.89,2
CM-12655,CA-2015-140410,1487,1212.85,3
CM-12655,CA-2017-143126,4717,521.96,4
CM-12655,CA-2015-168088,9963,383.47,5
CM-12655,CA-2015-140410,1488,89.97,6
CM-12655,CA-2015-168088,9962,65.58,7
CM-12655,CA-2015-140410,1489,42.6,8
CM-12655,CA-2016-169026,3196,23.34,9
CM-12655,US-2016-113677,6118,14.94,10
CM-12715,CA-2015-133585,8782,1228.0,1
CM-12715,CA-2014-103492,7547,755.94,2
CM-12715,CA-2014-103492,7546,719.95,3
CM-12715,CA-2014-104563,9644,481.57,4
CM-12715,CA-2014-104563,9643,436.7,5
CM-12715,CA-2014-104563,9642,204.9,6
CM-12715,CA-2015-133585,8781,55.33,7
CM-12715,CA-2014-144974,8052,41.38,8
CM-12715,CA-2014-144974,8051,21.18,9
CM-12715,CA-2014-104563,9641,20.65,10
CM-12715,CA-2014-103492,7548,11.98,11
CM-12715,CA-2014-144974,8050,5.97,12
CM-12715,CA-2014-103492,7549,0.9,13
CP-12085,US-2017-167402,6621,4164.05,1
CP-12085,CA-2015-113215,6046,238.15,2
CP-12085,US-2017-167402,6622,212.94,3
CP-12085,US-2017-167402,6620,209.94,4
CP-12085,CA-2016-113236,9276,184.7,5
CP-12085,CA-2014-127187,2716,129.98,6
CP-12085,CA-2016-113236,9277,47.92,7
CP-12085,CA-2017-144064,1942,47.36,8
CP-12085,CA-2015-145457,7439,46.9,9
CP-12085,CA-2017-132430,2712,45.89,10
CP-12085,US-2017-167402,6619,32.4,11
CP-12085,CA-2017-144064,1943,27.44,12
CP-12085,CA-2016-128258,1328,11.34,13
CP-12085,CA-2017-144064,1944,3.24,14
CP-12340,US-2014-148838,2358,1579.75,1
CP-12340,CA-2015-105571,6049,1345.49,2
CP-12340,US-2014-148838,2359,1071.58,3
CP-12340,US-2014-148838,2360,613.91,4
CP-12340,CA-2016-133613,7745,566.97,5
CP-12340,US-2016-108098,1485,177.0,6
CP-12340,US-2014-148838,2362,155.04,7
CP-12340,CA-2017-168102,3656,113.57,8
CP-12340,CA-2016-127642,4361,111.96,9
CP-12340,CA-2016-164889,9938,71.09,10
CP-12340,US-2014-148838,2361,34.86,11
CP-12340,CA-2015-105571,6048,16.15,12
CP-12340,CA-2017-117240,759,13.13,13
CP-12340,CA-2016-133613,7746,9.84,14
CP-12340,CA-2016-133613,7744,7.96,15
CR-12580,US-2017-105998,7998,1673.18,1
CR-12580,CA-2016-155551,2422,230.38,2
CR-12580,US-2017-105998,7997,199.75,3
CR-12580,CA-2016-165561,6244,25.35,4
CR-12580,CA-2016-101742,5634,10.53,5
CR-12580,CA-2016-155551,2423,9.66,6
CR-12625,CA-2014-111003,308,289.2,1
CR-12625,CA-2016-162159,8892,121.78,2
CR-12625,CA-2014-111003,307,45.48,3
CR-12625,US-2014-112795,8695,19.44,4
CR-12730,CA-2017-116519,3007,904.9,1
CR-12730,CA-2014-166716,5800,421.37,2
CR-12730,CA-2016-137239,657,134.29,3
CR-12730,CA-2016-137239,655,113.55,4
CR-12730,CA-2016-164035,2903,23.12,5
CR-12730,CA-2016-137239,656,3.32,6
CR-12820,CA-2017-159149,8108,438.34,1
CR-12820,US-2017-136868,4184,344.91,2
CR-12820,US-2017-136868,4182,319.96,3
CR-12820,CA-2017-159149,8107,175.44,4
CR-12820,CA-2017-159149,8106,89.07,5
CR-12820,US-2017-136868,4183,17.04,6
CR-12820,CA-2015-128958,7834,13.12,7
CS-11845,CA-2017-131828,3146,963.14,1
CS-11845,CA-2017-147452,5267,167.94,2
CS-11845,CA-2017-131828,3147,88.78,3
CS-11845,US-2015-138716,4062,25.03,4
CS-11845,CA-2017-147452,5266,11.76,5
CS-11845,CA-2014-130575,9512,9.26,6
CS-11845,CA-2015-136378,4046,9.16,7
CS-11845,CA-2017-147452,5268,3.89,8
CS-11860,CA-2014-124618,7037,479.98,1
CS-11860,CA-2017-158883,4769,25.34,2
CS-11860,US-2017-123204,6832,17.48,3
CS-11860,US-2014-121566,5154,6.6,4
CS-11860,CA-2017-106047,9010,3.82,5
CS-11860,US-2014-121566,5153,2.69,6
CS-11860,CA-2015-150413,8980,1.72,7
CS-11950,US-2014-141257,2750,585.55,1
CS-11950,US-2014-159926,3302,539.96,2
CS-11950,CA-2017-102820,9374,419.94,3
CS-11950,CA-2016-161746,9710,340.92,4
CS-11950,US-2016-151827,5421,280.78,5
CS-11950,CA-2016-161746,9707,242.14,6
CS-11950,CA-2015-151869,9268,102.58,7
CS-11950,CA-2016-120796,5059,99.85,8
CS-11950,US-2014-159926,3301,76.79,9
CS-11950,CA-2017-118640,579,69.71,10
CS-11950,US-2014-159926,3303,60.31,11
CS-11950,US-2014-159926,3300,51.0,12
CS-11950,US-2017-126053,7324,41.96,13
CS-11950,US-2016-151827,5422,31.98,14
CS-11950,CA-2015-151869,9269,20.04,15
CS-11950,CA-2016-161746,9709,19.96,16
CS-11950,CA-2016-161746,9708,12.39,17
CS-11950,CA-2017-144365,9612,11.68,18
CS-11950,US-2017-126053,7325,9.45,19
CS-11950,CA-2016-159737,2160,8.81,20
CS-11950,CA-2017-118640,580,8.79,21
CS-11950,US-2014-159926,3304,1.94,22
CS-12130,CA-2014-118962,174,340.14,1
CS-12130,CA-2015-102036,2272,199.74,2
CS-12130,CA-2014-118962,173,110.96,3
CS-12130,US-2016-144211,2693,108.58,4
CS-12130,US-2015-120712,345,88.8,5
CS-12130,CA-2014-118962,172,20.94,6
CS-12130,US-2016-144211,2692,15.48,7
CS-12175,CA-2017-117632,5823,285.48,1
CS-12175,CA-2017-117632,5821,238.62,2
CS-12175,CA-2014-109302,6769,196.21,3
CS-12175,US-2016-159415,3989,79.12,4
CS-12175,CA-2017-117632,5824,19.17,5
CS-12175,CA-2016-157714,4190,9.99,6
CS-12175,CA-2017-161592,8738,8.1,7
CS-12175,CA-2017-117632,5822,7.77,8
CS-12250,CA-2014-162775,766,646.74,1
CS-12250,CA-2014-162775,768,572.58,2
CS-12250,CA-2014-101560,5193,397.6,3
CS-12250,CA-2017-105487,5483,239.96,4
CS-12250,CA-2017-105487,5481,103.19,5
CS-12250,CA-2015-136420,9061,89.7,6
CS-12250,CA-2017-139080,6360,86.35,7
CS-12250,CA-2014-101560,5194,85.96,8
CS-12250,US-2014-169390,8736,64.96,9
CS-12250,CA-2014-162775,765,50.94,10
CS-12250,CA-2015-136420,9062,50.12,11
CS-12250,CA-2014-101560,5196,45.66,12
CS-12250,CA-2017-105487,5484,40.68,13
CS-12250,CA-2015-149811,5350,39.9,14
CS-12250,CA-2017-105487,5482,36.0,15
CS-12250,CA-2016-161095,4308,33.57,16
CS-12250,CA-2015-149811,5349,32.34,17
CS-12250,CA-2017-139080,6358,25.92,18
CS-12250,CA-2017-139080,6357,19.68,19
CS-12250,CA-2016-119641,9721,18.96,20
CS-12250,CA-2014-101560,5195,13.12,21
CS-12250,CA-2017-153227,8391,11.76,22
CS-12250,CA-2014-162775,764,11.36,23
CS-12250,CA-2017-148992,8801,10.69,24
CS-12250,CA-2016-161095,4307,7.75,25
CS-12250,CA-2015-121041,2586,6.61,26
CS-12250,CA-2017-139080,6359,6.48,27
CS-12250,CA-2014-162775,767,5.64,28
CS-12355,CA-2015-142755,1119,619.95,1
CS-12355,CA-2017-124296,4030,479.97,2
CS-12355,CA-2017-111269,6745,479.95,3
CS-12355,CA-2015-142755,1118,279.9,4
CS-12355,CA-2017-131233,3101,242.35,5
CS-12355,CA-2017-124296,4031,232.88,6
CS-12355,CA-2015-139164,6704,217.58,7
CS-12355,CA-2014-109043,8996,152.24,8
CS-12355,CA-2015-139164,6706,143.98,9
CS-12355,CA-2014-109043,8995,91.36,10
CS-12355,CA-2014-141005,6793,62.94,11
CS-12355,CA-2016-128111,2394,39.68,12
CS-12355,CA-2017-165687,2287,35.04,13
CS-12355,CA-2017-164364,4743,27.93,14
CS-12355,CA-2017-111269,6746,23.92,15
CS-12355,CA-2017-105053,1263,17.47,16
CS-12355,CA-2015-142755,1121,15.28,17
CS-12355,CA-2017-131233,3100,10.78,18
CS-12355,CA-2017-164364,4741,9.96,19
CS-12355,CA-2017-164364,4742,9.21,20
CS-12355,CA-2015-139164,6705,5.43,21
CS-12355,CA-2015-142755,1120,4.36,22
CS-12400,CA-2016-133816,8249,743.99,1
CS-12400,US-2017-100930,233,620.61,2
CS-12400,US-2017-100930,236,617.98,3
CS-12400,CA-2014-127586,2906,310.12,4
CS-12400,CA-2017-127096,8696,300.9,5
CS-12400,US-2015-119312,3903,270.34,6
CS-12400,US-2017-100930,235,258.07,7
CS-12400,US-2017-100930,232,233.86,8
CS-12400,US-2017-119662,85,230.38,9
CS-12400,CA-2016-140207,2450,29.12,10
CS-12400,CA-2017-135111,7486,25.9,11
CS-12400,US-2017-100930,234,5.33,12
CS-12400,CA-2017-107293,1562,2.78,13
CS-12400,CA-2017-135111,7485,2.48,14
CS-12460,US-2017-126179,1305,287.97,1
CS-12460,CA-2017-148691,2465,136.99,2
CS-12460,CA-2017-148691,2463,83.92,3
CS-12460,US-2017-126179,1304,23.99,4
CS-12460,CA-2017-148691,2464,14.62,5
CS-12460,CA-2017-148691,2466,3.15,6
CS-12490,CA-2016-118073,8137,562.29,1
CS-12490,CA-2015-128608,9798,235.19,2
CS-12490,CA-2016-100671,3378,111.67,3
CS-12490,CA-2015-128608,9801,107.12,4
CS-12490,CA-2015-128608,9799,26.38,5
CS-12490,CA-2015-128608,9800,10.38,6
CS-12490,CA-2015-128608,9797,10.37,7
CS-12490,CA-2016-144785,9678,6.99,8
CS-12490,CA-2016-144785,9679,6.84,9
CS-12505,CA-2016-108196,7773,4499.99,1
CS-12505,CA-2016-108196,7772,456.59,2
CS-12505,CA-2016-134208,1508,396.0,3
CS-12505,US-2017-115609,6823,168.1,4
CS-12505,CA-2016-108196,7774,59.98,5
CS-12505,CA-2016-121958,1478,52.14,6
CS-12505,CA-2015-159380,2805,25.68,7
CS-12505,CA-2014-100860,9660,18.75,8
CS-12505,CA-2015-159380,2804,12.84,9
CT-11995,CA-2014-166086,6566,872.32,1
CT-11995,US-2016-126893,2242,494.98,2
CT-11995,CA-2017-137085,2685,312.55,3
CT-11995,CA-2017-162481,2036,269.97,4
CT-11995,CA-2014-138681,4692,242.35,5
CT-11995,CA-2014-138681,4693,221.92,6
CT-11995,CA-2014-166086,6564,194.25,7
CT-11995,CA-2015-145849,2236,190.86,8
CT-11995,US-2016-141264,8876,185.38,9
CT-11995,CA-2014-138681,4691,71.98,10
CT-11995,US-2016-141264,8877,58.92,11
CT-11995,CA-2014-138681,4690,51.97,12
CT-11995,CA-2015-145849,2237,24.32,13
CT-11995,CA-2014-166086,6563,16.14,14
CT-11995,CA-2017-158106,2928,8.64,15
CT-11995,CA-2014-166086,6565,8.64,16
CT-11995,CA-2014-138681,4694,8.45,17
CT-11995,CA-2017-162481,2035,8.26,18
CV-12295,US-2014-137869,7841,1184.72,1
CV-12295,US-2017-117534,2387,479.98,2
CV-12295,CA-2014-151792,5029,239.98,3
CV-12295,US-2017-117534,2386,211.17,4
CV-12295,US-2017-117534,2385,185.92,5
CV-12295,US-2017-117534,2383,176.04,6
CV-12295,CA-2017-119655,7595,146.86,7
CV-12295,CA-2016-123120,5331,63.94,8
CV-12295,CA-2016-123120,5332,60.6,9
CV-12295,CA-2017-119655,7596,36.56,10
CV-12295,CA-2016-123120,5333,22.72,11
CV-12295,US-2017-117534,2384,16.02,12
CV-12295,US-2014-137869,7840,6.12,13
CV-12805,US-2016-144057,8915,856.66,1
CV-12805,CA-2017-151484,6156,332.7,2
CV-12805,CA-2017-135692,3099,220.27,3
CV-12805,CA-2017-157252,440,207.85,4
CV-12805,CA-2017-164707,5388,167.98,5
CV-12805,CA-2017-164707,5389,109.53,6
CV-12805,US-2016-144057,8918,76.64,7
CV-12805,CA-2017-146493,7660,53.9,8
CV-12805,CA-2017-151484,6154,51.97,9
CV-12805,CA-2017-151484,6155,51.34,10
CV-12805,US-2016-144057,8917,48.78,11
CV-12805,CA-2017-151484,6157,42.41,12
CV-12805,CA-2017-146780,111,41.96,13
CV-12805,CA-2017-135692,3098,33.12,14
CV-12805,CA-2016-120859,963,21.88,15
CV-12805,US-2016-144057,8919,18.53,16
CV-12805,US-2016-144057,8916,13.18,17
CV-12805,CA-2017-137582,8386,11.81,18
CV-12805,CA-2017-164707,5390,9.82,19
CW-11905,CA-2017-152436,7821,592.74,1
CW-11905,CA-2017-161655,8336,299.52,2
CW-11905,CA-2014-133753,491,70.37,3
CW-11905,CA-2014-133753,490,63.98,4
CW-11905,CA-2016-119018,6775,38.88,5
CW-11905,CA-2015-119214,2037,29.04,6
CW-11905,CA-2015-119214,2038,14.62,7
CW-11905,CA-2014-133753,489,7.99,8
CW-11905,CA-2016-119018,6773,7.71,9
CW-11905,CA-2015-156153,7748,7.56,10
CW-11905,CA-2016-119018,6774,4.18,11
CY-12745,CA-2017-130302,9834,895.94,1
CY-12745,CA-2015-112144,6977,621.76,2
CY-12745,CA-2017-117114,7827,508.77,3
CY-12745,CA-2015-109708,4966,467.04,4
CY-12745,US-2014-122959,3142,210.39,5
CY-12745,US-2016-101616,5354,87.28,6
CY-12745,CA-2016-166163,1088,71.98,7
CY-12745,CA-2017-130715,9337,17.9,8
CY-12745,CA-2017-117114,7828,9.91,9
CY-12745,CA-2015-112144,6976,5.9,10
CY-12745,CA-2016-166163,1089,3.15,11
Co-12640,CA-2015-147501,4645,558.4,1
Co-12640,US-2014-112949,8146,471.9,2
Co-12640,CA-2016-140543,1901,191.88,3
Co-12640,CA-2014-162866,2967,32.95,4
Co-12640,CA-2014-162866,2968,30.02,5
Co-12640,CA-2015-147501,4644,6.37,6
Co-12640,CA-2014-136280,1490,5.04,7
Co-12640,US-2014-112949,8147,3.52,8
DA-13450,US-2017-158512,1846,40.08,1
DA-13450,US-2017-158512,1847,37.68,2
DA-13450,CA-2014-115133,9623,32.9,3
DA-13450,CA-2014-115133,9621,16.7,4
DA-13450,US-2014-157406,1749,10.37,5
DA-13450,US-2014-138835,5854,9.64,6
DA-13450,US-2014-157406,1750,6.24,7
DA-13450,CA-2014-115133,9622,3.15,8
DB-12910,CA-2016-101672,7873,915.14,1
DB-12910,US-2017-159205,3090,671.93,2
DB-12910,CA-2017-124898,2902,184.66,3
DB-12910,CA-2017-141201,7014,148.26,4
DB-12910,CA-2016-101672,7875,97.82,5
DB-12910,US-2017-159205,3089,61.0,6
DB-12910,CA-2017-155089,2513,45.66,7
DB-12910,CA-2016-137176,3568,15.01,8
DB-12910,CA-2014-108707,2530,10.37,9
DB-12910,CA-2016-101672,7874,8.56,10
DB-12910,CA-2016-127985,5643,7.04,11
DB-12910,CA-2016-101672,7872,6.16,12
DB-12970,CA-2016-110975,7397,866.65,1
DB-12970,CA-2017-132178,3633,763.44,2
DB-12970,CA-2016-110975,7396,313.18,3
DB-12970,CA-2015-141593,9956,273.57,4
DB-12970,CA-2016-162943,6762,253.76,5
DB-12970,US-2014-159618,5553,79.51,6
DB-12970,CA-2017-132178,3632,69.52,7
DB-12970,US-2014-159618,5555,67.99,8
DB-12970,CA-2015-141593,9953,55.26,9
DB-12970,US-2014-159618,5554,36.29,10
DB-12970,CA-2015-141593,9955,34.25,11
DB-12970,US-2014-159618,5552,16.66,12
DB-12970,CA-2015-141593,9954,6.48,13
DB-12970,US-2014-159618,5551,2.67,14
DB-13060,CA-2014-128146,1181,1322.93,1
DB-13060,CA-2016-113292,6474,871.8,2
DB-13060,CA-2016-127369,434,714.3,3
DB-13060,CA-2014-104269,158,457.57,4
DB-13060,CA-2017-132353,903,323.98,5
DB-13060,CA-2017-107629,6713,266.35,6
DB-13060,CA-2017-121258,9992,258.58,7
DB-13060,CA-2017-107629,6716,95.23,8
DB-13060,CA-2017-121258,9991,91.96,9
DB-13060,CA-2017-107629,6714,56.33,10
DB-13060,CA-2017-107629,6715,39.26,11
DB-13060,CA-2017-121258,9993,29.6,12
DB-13060,CA-2014-128146,1182,3.76,13
DB-13120,CA-2015-101889,7650,1548.99,1
DB-13120,US-2017-148551,8641,760.98,2
DB-13120,CA-2015-161998,3994,172.7,3
DB-13120,CA-2015-124653,797,132.79,4
DB-13120,CA-2015-130204,1740,129.45,5
DB-13120,CA-2015-161998,3992,63.55,6
DB-13120,CA-2015-161998,3993,41.38,7
DB-13120,CA-2015-130204,1738,31.44,8
DB-13120,CA-2015-124653,799,21.56,9
DB-13120,CA-2015-101889,7651,19.87,10
DB-13120,CA-2015-130204,1739,17.9,11
DB-13120,CA-2015-124653,798,12.96,12
DB-13120,CA-2017-160514,237,10.56,13
DB-13120,CA-2015-136700,8196,8.96,14
DB-13210,CA-2016-158778,7594,887.27,1
DB-13210,CA-2017-165841,1967,281.97,2
DB-13210,CA-2017-165841,1969,166.44,3
DB-13210,CA-2015-157812,521,129.57,4
DB-13210,CA-2016-122448,5468,122.35,5
DB-13210,US-2016-162677,3160,119.98,6
DB-13210,CA-2017-109960,3651,104.88,7
DB-13210,CA-2017-152709,5281,85.52,8
DB-13210,CA-2016-158778,7592,71.25,9
DB-13210,CA-2017-165841,1968,69.5,10
DB-13210,US-2016-162677,3159,67.64,11
DB-13210,CA-2016-158778,7591,58.25,12
DB-13210,US-2016-134761,3487,36.19,13
DB-13210,CA-2017-109960,3652,34.7,14
DB-13210,CA-2017-109960,3653,33.72,15
DB-13210,CA-2015-157812,520,18.39,16
DB-13210,CA-2017-109960,3654,14.94,17
DB-13210,CA-2015-157812,522,14.11,18
DB-13210,CA-2016-158778,7593,7.87,19
DB-13210,CA-2016-149370,817,5.34,20
DB-13210,CA-2016-108567,3688,2.69,21
DB-13270,CA-2016-163804,6468,2079.4,1
DB-13270,CA-2017-122504,2075,761.54,2
DB-13270,CA-2016-163804,6469,629.95,3
DB-13270,CA-2017-154011,9288,457.49,4
DB-13270,CA-2016-143609,6185,403.92,5
DB-13270,CA-2014-107181,1544,82.9,6
DB-13270,CA-2016-163804,6470,72.42,7
DB-13270,CA-2017-122504,2074,59.97,8
DB-13270,US-2016-144477,9717,37.31,9
DB-13270,CA-2014-107181,1545,34.24,10
DB-13270,CA-2015-118227,4766,25.99,11
DB-13270,CA-2017-154011,9287,6.89,12
DB-13270,US-2015-141453,2923,3.88,13
DB-13360,CA-2016-139556,4648,434.65,1
DB-13360,CA-2017-150623,6380,286.15,2
DB-13360,CA-2014-100972,7868,166.44,3
DB-13360,CA-2017-150623,6379,99.99,4
DB-13360,CA-2016-119123,9343,51.18,5
DB-13360,CA-2015-143882,8276,43.06,6
DB-13405,CA-2017-157091,2232,526.45,1
DB-13405,CA-2015-129322,6663,447.86,2
DB-13405,CA-2017-140949,2452,119.7,3
DB-13405,CA-2015-129322,6662,113.92,4
DB-13405,CA-2017-140949,2456,107.44,5
DB-13405,CA-2015-141145,3530,87.17,6
DB-13405,CA-2017-140949,2455,71.6,7
DB-13405,CA-2017-140949,2458,59.1,8
DB-13405,CA-2017-140949,2454,57.06,9
DB-13405,CA-2017-140949,2459,46.53,10
DB-13405,CA-2015-129322,6661,39.66,11
DB-13405,CA-2017-140949,2451,18.75,12
DB-13405,CA-2017-140949,2453,9.14,13
DB-13405,CA-2017-140949,2457,7.31,14
DB-13555,CA-2017-115882,8772,942.78,1
DB-13555,CA-2014-136336,9075,828.84,2
DB-13555,US-2017-133200,4671,772.68,3
DB-13555,US-2017-133200,4670,623.46,4
DB-13555,CA-2017-104885,7640,441.96,5
DB-13555,CA-2017-115882,8773,74.35,6
DB-13555,CA-2017-104885,7641,68.04,7
DB-13555,CA-2017-104885,7638,59.52,8
DB-13555,CA-2017-104885,7639,57.96,9
DB-13555,US-2017-133200,4669,11.06,10
DB-13555,CA-2017-158036,3657,9.1,11
DB-13555,CA-2014-114314,5929,8.92,12
DB-13555,CA-2014-114314,5928,7.31,13
DB-13555,CA-2014-151953,2218,2.82,14
DB-13615,CA-2015-137946,336,959.98,1
DB-13615,CA-2016-135636,5975,387.72,2
DB-13615,CA-2016-115224,5591,352.38,3
DB-13615,CA-2017-145779,8442,84.42,4
DB-13615,CA-2017-133074,8524,55.86,5
DB-13615,CA-2017-132185,2677,43.58,6
DB-13615,CA-2014-137351,3048,43.18,7
DB-13615,CA-2016-115224,5590,34.05,8
DB-13615,CA-2015-137946,337,14.37,9
DB-13615,CA-2017-132185,2676,8.76,10
DB-13615,CA-2015-137946,335,4.75,11
DB-13660,CA-2017-121853,9325,594.82,1
DB-13660,CA-2017-121853,9324,211.04,2
DB-13660,US-2017-105830,6342,156.51,3
DB-13660,CA-2017-121853,9326,72.96,4
DB-13660,CA-2014-104402,6324,65.97,5
DB-13660,CA-2017-105886,1910,18.96,6
DB-13660,CA-2015-111990,4569,10.48,7
DB-13660,CA-2017-101959,9766,9.84,8
DB-13660,CA-2017-101959,9767,7.78,9
DB-13660,CA-2017-101077,3391,6.85,10
DC-12850,CA-2017-128363,7899,1614.58,1
DC-12850,CA-2017-128363,7904,423.65,2
DC-12850,CA-2016-130911,9130,301.47,3
DC-12850,US-2014-160444,1357,281.42,4
DC-12850,CA-2017-128363,7898,272.05,5
DC-12850,US-2014-160444,1356,220.78,6
DC-12850,CA-2017-131016,2824,47.58,7
DC-12850,US-2017-133781,2500,37.61,8
DC-12850,CA-2017-128363,7902,31.98,9
DC-12850,CA-2017-128363,7900,24.32,10
DC-12850,CA-2016-130911,9131,18.66,11
DC-12850,CA-2017-128363,7903,14.76,12
DC-12850,CA-2015-143532,3576,14.5,13
DC-12850,CA-2017-100426,1270,12.48,14
DC-12850,CA-2017-131016,2823,8.93,15
DC-12850,CA-2014-145212,2479,5.46,16
DC-12850,CA-2017-167017,8428,4.36,17
DC-12850,CA-2017-128363,7901,1.58,18
DC-13285,CA-2015-117884,8556,447.94,1
DC-13285,CA-2017-104003,1715,307.67,2
DC-13285,CA-2015-117884,8557,150.41,3
DC-13285,CA-2014-106803,758,119.8,4
DC-13285,US-2017-136189,4319,82.38,5
DC-13285,CA-2016-137736,2341,41.86,6
DC-13285,CA-2014-106803,757,24.56,7
DD-13570,US-2014-104759,5050,79.98,1
DD-13570,CA-2017-147844,7394,59.52,2
DD-13570,CA-2014-166730,8969,39.13,3
DD-13570,CA-2017-147844,7395,34.4,4
DD-13570,CA-2017-110926,4138,25.06,5
DD-13570,CA-2017-147844,7393,15.7,6
DD-13570,US-2014-104759,5049,8.13,7
DD-13570,US-2016-148334,4107,4.31,8
DD-13570,CA-2017-125640,5116,3.3,9
DE-13255,CA-2015-153381,3427,1408.1,1
DE-13255,CA-2015-142601,4720,947.17,2
DE-13255,CA-2016-126529,1027,63.31,3
DE-13255,CA-2015-142601,4721,61.96,4
DE-13255,CA-2014-109134,6684,20.04,5
DE-13255,CA-2016-126529,1028,15.59,6
DE-13255,CA-2016-126529,1026,15.55,7
DE-13255,CA-2015-153381,3426,15.24,8
DE-13255,CA-2014-123253,4303,3.91,9
DF-13135,CA-2016-168032,8925,1439.97,1
DF-13135,CA-2016-168032,8927,626.1,2
DF-13135,CA-2015-124933,7100,212.64,3
DF-13135,CA-2014-153479,2725,95.65,4
DF-13135,CA-2014-153479,2724,14.45,5
DF-13135,CA-2016-168032,8926,1.73,6
DG-13300,CA-2017-123372,2661,1979.89,1
DG-13300,CA-2015-130848,9393,582.34,2
DG-13300,US-2015-153500,1053,282.89,3
DG-13300,US-2015-153500,1051,168.46,4
DG-13300,CA-2017-123372,2662,79.96,5
DG-13300,CA-2014-139423,8389,76.12,6
DG-13300,US-2016-106313,7736,19.44,7
DG-13300,US-2015-153500,1052,6.72,8
DH-13075,CA-2015-159534,9926,1087.94,1
DH-13075,CA-2015-104941,3705,899.97,2
DH-13075,US-2017-147886,5745,795.48,3
DH-13075,CA-2014-102274,3400,629.1,4
DH-13075,US-2017-147886,5742,532.72,5
DH-13075,CA-2015-159534,9927,199.98,6
DH-13075,CA-2014-102274,3401,193.95,7
DH-13075,CA-2015-102316,8503,184.75,8
DH-13075,CA-2015-159534,9928,83.92,9
DH-13075,CA-2015-159534,9924,49.85,10
DH-13075,CA-2014-102274,3399,36.99,11
DH-13075,CA-2015-104941,3706,32.4,12
DH-13075,US-2017-147886,5743,26.72,13
DH-13075,US-2017-147886,5741,26.48,14
DH-13075,CA-2015-104941,3703,24.78,15
DH-13075,CA-2015-159534,9925,23.99,16
DH-13075,US-2017-147886,5746,21.56,17
DH-13075,US-2017-147886,5744,20.04,18
DH-13075,CA-2015-104941,3704,19.14,19
DH-13075,CA-2015-102316,8502,15.98,20
DH-13075,US-2017-147886,5740,12.96,21
DH-13075,CA-2016-166240,4704,8.71,22
DH-13075,CA-2014-102274,3402,5.46,23
DH-13675,CA-2014-105249,5495,411.33,1
DH-13675,CA-2014-156244,8290,211.25,2
DH-13675,CA-2014-156244,8289,158.93,3
DH-13675,CA-2015-127593,3852,85.3,4
DH-13675,CA-2014-156244,8288,47.96,5
DH-13675,CA-2014-105249,5494,41.4,6
DH-13675,CA-2015-145324,8832,39.96,7
DH-13675,CA-2014-156244,8287,31.1,8
DH-13675,CA-2014-105249,5493,7.36,9
DH-13675,CA-2014-156244,8291,5.55,10
DH-13675,CA-2014-156244,8292,2.95,11
DJ-13420,CA-2016-123540,8563,1454.9,1
DJ-13420,CA-2015-168004,636,392.94,2
DJ-13420,CA-2014-144071,9214,79.44,3
DJ-13420,CA-2015-109736,4719,45.36,4
DJ-13420,CA-2014-144071,9213,39.88,5
DJ-13510,CA-2016-128594,2857,1603.14,1
DJ-13510,CA-2014-111500,2534,339.96,2
DJ-13510,CA-2017-156895,4471,128.06,3
DJ-13510,CA-2014-111500,2531,114.2,4
DJ-13510,CA-2017-137876,5314,64.96,5
DJ-13510,US-2017-132220,8429,62.35,6
DJ-13510,CA-2017-108749,5183,45.78,7
DJ-13510,CA-2017-108749,5182,45.36,8
DJ-13510,CA-2017-137876,5315,30.56,9
DJ-13510,US-2017-118535,8483,20.7,10
DJ-13510,CA-2014-111500,2532,17.96,11
DJ-13510,CA-2017-153339,326,15.99,12
DJ-13510,CA-2014-111500,2533,12.67,13
DJ-13630,CA-2017-115602,1251,1704.56,1
DJ-13630,CA-2017-115602,1250,1141.94,2
DJ-13630,CA-2015-123232,2234,319.97,3
DJ-13630,CA-2016-164511,683,68.6,4
DJ-13630,CA-2016-164511,682,64.96,5
DJ-13630,CA-2017-115602,1249,38.82,6
DJ-13630,CA-2016-164511,681,14.35,7
DJ-13630,CA-2017-115602,1252,3.2,8
DK-12835,CA-2017-139199,1469,872.94,1
DK-12835,CA-2017-167094,1904,478.48,2
DK-12835,US-2015-164448,1430,427.42,3
DK-12835,CA-2016-160941,6560,419.9,4
DK-12835,CA-2015-147529,6390,311.15,5
DK-12835,US-2014-143721,7266,155.37,6
DK-12835,CA-2017-149489,1685,99.28,7
DK-12835,US-2016-161844,3258,79.97,8
DK-12835,CA-2017-104388,9569,79.96,9
DK-12835,CA-2016-120082,7931,59.52,10
DK-12835,CA-2017-139199,1470,41.54,11
DK-12835,CA-2017-168403,7876,31.1,12
DK-12835,US-2015-164448,1429,29.8,13
DK-12835,CA-2014-141838,9054,28.78,14
DK-12835,CA-2017-167094,1905,28.4,15
DK-12835,CA-2014-141838,9053,27.94,16
DK-12835,US-2015-164448,1428,14.75,17
DK-12835,CA-2017-139199,1471,12.96,18
DK-12835,CA-2015-147529,6391,12.96,19
DK-12835,CA-2017-168403,7877,11.18,20
DK-12835,US-2015-164448,1427,9.73,21
DK-12835,CA-2017-149489,1687,7.52,22
DK-12835,CA-2017-167094,1903,5.18,23
DK-12835,CA-2014-141838,9052,3.36,24
DK-12835,CA-2016-160941,6561,3.15,25
DK-12835,US-2016-161844,3259,2.95,26
DK-12835,CA-2017-149489,1686,1.19,27
DK-12895,CA-2015-105627,3996,860.93,1
DK-12895,CA-2015-105627,3997,769.95,2
DK-12895,CA-2015-105627,3995,512.94,3
DK-12895,CA-2015-105627,3999,373.08,4
DK-12895,CA-2017-108112,4076,339.14,5
DK-12895,CA-2017-152310,8254,299.99,6
DK-12895,CA-2017-152310,8256,242.62,7
DK-12895,CA-2017-108112,4075,220.06,8
DK-12895,CA-2017-152310,8255,192.16,9
DK-12895,CA-2017-152310,8258,174.95,10
DK-12895,CA-2015-139738,7590,128.74,11
DK-12895,CA-2017-152310,8259,100.7,12
DK-12895,CA-2017-152310,8257,46.74,13
DK-12895,CA-2015-105627,3998,14.98,14
DK-12895,CA-2017-133501,4340,5.18,15
DK-12985,CA-2014-163034,4058,646.2,1
DK-12985,CA-2015-134894,540,283.92,2
DK-12985,CA-2015-112767,8180,277.5,3
DK-12985,CA-2017-140627,6225,218.35,4
DK-12985,CA-2015-134894,539,152.94,5
DK-12985,CA-2017-140627,6223,72.7,6
DK-12985,US-2017-141943,5192,23.16,7
DK-12985,CA-2017-140627,6224,12.26,8
DK-13090,CA-2017-100622,8821,959.98,1
DK-13090,CA-2015-110457,118,787.53,2
DK-13090,CA-2016-134334,7813,550.43,3
DK-13090,CA-2017-117807,3582,104.85,4
DK-13090,CA-2017-104913,5750,74.95,5
DK-13090,CA-2017-100622,8823,55.98,6
DK-13090,CA-2017-124940,9318,47.9,7
DK-13090,CA-2015-129098,882,30.84,8
DK-13090,CA-2017-100622,8824,10.69,9
DK-13090,CA-2016-134334,7814,10.56,10
DK-13090,CA-2016-134334,7812,7.98,11
DK-13090,CA-2016-134334,7811,4.77,12
DK-13090,CA-2017-100622,8822,4.09,13
DK-13150,CA-2014-166191,182,408.74,1
DK-13150,CA-2017-102197,6509,279.9,2
DK-13150,CA-2017-102197,6510,50.35,3
DK-13150,CA-2017-102197,6511,34.02,4
DK-13150,CA-2014-166191,181,24.82,5
DK-13225,CA-2017-100650,555,1295.78,1
DK-13225,CA-2016-127138,5960,770.35,2
DK-13225,CA-2016-168543,8049,706.86,3
DK-13225,CA-2016-127138,5957,676.55,4
DK-13225,CA-2015-122756,387,482.34,5
DK-13225,CA-2016-130288,5924,313.18,6
DK-13225,CA-2015-113173,549,250.27,7
DK-13225,CA-2016-127138,5958,154.9,8
DK-13225,CA-2016-127138,5959,30.56,9
DK-13225,CA-2016-155481,2143,30.48,10
DK-13225,CA-2016-155481,2144,23.99,11
DK-13225,CA-2016-155481,2145,16.69,12
DK-13225,CA-2015-113173,550,11.36,13
DK-13225,CA-2014-157623,1891,10.56,14
DK-13225,CA-2015-113173,551,8.72,15
DK-13225,CA-2017-105480,2270,6.98,16
DK-13225,CA-2017-105480,2269,6.48,17
DK-13225,CA-2014-157623,1892,3.38,18
DK-13225,CA-2015-122756,388,2.96,19
DK-13375,US-2016-111290,4442,965.85,1
DK-13375,CA-2015-131884,2222,485.94,2
DK-13375,US-2016-139087,6275,428.4,3
DK-13375,CA-2014-100006,2718,377.97,4
DK-13375,CA-2017-133046,8097,234.95,5
DK-13375,CA-2017-166835,9720,221.02,6
DK-13375,US-2016-111290,4441,109.95,7
DK-13375,US-2016-139087,6277,87.71,8
DK-13375,CA-2015-131884,2224,70.69,9
DK-13375,US-2016-139087,6278,69.52,10
DK-13375,CA-2015-131884,2223,37.38,11
DK-13375,US-2016-111290,4444,32.4,12
DK-13375,US-2016-111290,4443,29.2,13
DK-13375,CA-2017-133046,8095,26.2,14
DK-13375,US-2016-139087,6276,24.75,15
DK-13375,CA-2015-145065,2389,24.45,16
DK-13375,CA-2017-133046,8094,23.88,17
DK-13375,US-2016-139087,6279,20.78,18
DK-13375,CA-2017-133046,8096,12.96,19
DK-13375,US-2016-139087,6280,12.82,20
DK-13375,US-2016-139087,6274,12.42,21
DK-13375,CA-2015-145065,2388,7.86,22
DK-13375,CA-2017-165099,6990,1.39,23
DL-12865,US-2016-125402,9843,483.14,1
DL-12865,US-2016-125402,9840,479.98,2
DL-12865,CA-2016-154060,5316,187.06,3
DL-12865,CA-2016-102456,1579,170.88,4
DL-12865,US-2016-125402,9841,44.74,5
DL-12865,CA-2014-165974,777,32.76,6
DL-12865,US-2016-125402,9838,29.6,7
DL-12865,CA-2015-156524,2133,19.65,8
DL-12865,CA-2014-143182,2695,15.38,9
DL-12865,US-2017-146878,6004,12.29,10
DL-12865,US-2016-125402,9837,10.9,11
DL-12865,CA-2017-154718,1885,6.0,12
DL-12865,US-2016-125402,9842,5.76,13
DL-12865,US-2016-125402,9839,4.98,14
DL-12925,US-2014-115196,7647,1299.99,1
DL-12925,US-2014-137155,7559,533.94,2
DL-12925,CA-2015-136798,5063,377.97,3
DL-12925,CA-2015-134747,2917,263.96,4
DL-12925,CA-2015-112571,960,204.6,5
DL-12925,US-2014-137155,7560,167.94,6
DL-12925,CA-2015-134747,2915,135.72,7
DL-12925,CA-2015-136798,5064,123.96,8
DL-12925,CA-2017-121615,2908,52.4,9
DL-12925,CA-2015-136798,5062,43.98,10
DL-12925,US-2014-137155,7561,31.68,11
DL-12925,CA-2017-121615,2909,14.94,12
DL-12925,CA-2015-134747,2916,12.56,13
DL-12925,CA-2017-121615,2907,8.56,14
DL-13315,CA-2016-146941,254,361.92,1
DL-13315,CA-2017-145226,1169,272.94,2
DL-13315,CA-2014-115791,971,127.1,3
DL-13315,CA-2014-115791,972,124.2,4
DL-13315,CA-2017-145226,1168,109.48,5
DL-13315,CA-2016-149783,5808,87.17,6
DL-13315,CA-2016-146941,253,80.58,7
DL-13315,CA-2014-154165,9516,54.21,8
DL-13315,CA-2017-155159,6979,48.87,9
DL-13315,US-2017-114034,5258,38.88,10
DL-13315,CA-2017-145226,1171,31.92,11
DL-13315,CA-2016-149783,5809,31.74,12
DL-13315,CA-2014-115791,974,30.07,13
DL-13315,CA-2017-145226,1170,19.44,14
DL-13315,CA-2014-115791,973,18.59,15
DL-13315,CA-2016-149783,5807,12.19,16
DL-13315,CA-2014-108182,8981,8.95,17
DL-13330,CA-2015-109337,6678,393.54,1
DL-13330,CA-2015-109337,6676,83.9,2
DL-13330,CA-2017-143329,2803,41.37,3
DL-13330,US-2014-130358,4064,20.02,4
DL-13330,CA-2015-109337,6677,19.75,5
DL-13330,CA-2016-125815,4951,12.42,6
DL-13330,CA-2015-109337,6675,10.92,7
DL-13330,US-2014-130358,4065,3.1,8
DL-13495,US-2017-117723,2535,1801.63,1
DL-13495,CA-2016-127649,4751,837.6,2
DL-13495,CA-2016-106558,2303,316.0,3
DL-13495,CA-2015-153717,4111,160.98,4
DL-13495,CA-2017-142643,6836,152.65,5
DL-13495,CA-2017-144750,6416,83.88,6
DL-13495,CA-2015-153717,4110,73.98,7
DL-13495,CA-2017-151911,1491,62.96,8
DL-13495,CA-2017-142643,6837,22.72,9
DL-13495,CA-2015-153717,4112,17.34,10
DL-13495,CA-2016-144855,1117,6.3,11
DL-13495,CA-2015-153717,4113,3.28,12
DM-12955,CA-2014-141649,7398,795.41,1
DM-12955,CA-2015-168480,3031,194.32,2
DM-12955,CA-2014-101175,4565,100.7,3
DM-12955,CA-2016-163153,3766,99.37,4
DM-12955,CA-2017-128769,8211,81.57,5
DM-12955,CA-2015-168480,3032,25.99,6
DM-12955,CA-2015-168767,3521,12.83,7
DM-12955,CA-2016-106621,8088,10.5,8
DM-12955,CA-2016-163153,3767,1.34,9
DM-13015,CA-2014-160766,5127,2799.96,1
DM-13015,US-2017-105389,3857,823.96,2
DM-13015,CA-2017-139717,6025,646.27,3
DM-13015,CA-2014-160766,5128,601.3,4
DM-13015,CA-2014-160766,5125,464.29,5
DM-13015,CA-2016-160500,2821,298.78,6
DM-13015,CA-2014-160766,5130,287.97,7
DM-13015,CA-2016-136231,3876,108.78,8
DM-13015,CA-2016-136231,3875,86.06,9
DM-13015,CA-2014-160766,5126,68.46,10
DM-13015,CA-2014-160766,5131,44.82,11
DM-13015,CA-2016-136231,3874,23.47,12
DM-13015,CA-2015-129392,4192,21.12,13
DM-13015,CA-2014-160766,5129,16.99,14
DM-13015,CA-2017-110429,4264,11.67,15
DM-13015,CA-2017-139717,6026,10.37,16
DM-13015,US-2017-105389,3858,10.27,17
DM-13015,CA-2016-136231,3877,10.27,18
DM-13015,CA-2016-160500,2820,6.72,19
DM-13015,US-2017-105389,3856,3.56,20
DM-13345,CA-2017-157854,2849,2690.97,1
DM-13345,CA-2016-114482,3523,404.94,2
DM-13345,CA-2016-129861,9604,376.87,3
DM-13345,CA-2015-142734,7583,127.76,4
DM-13345,CA-2016-144554,3061,119.98,5
DM-13345,CA-2017-108854,5410,90.48,6
DM-13345,CA-2017-108854,5408,87.92,7
DM-13345,CA-2017-157854,2848,56.28,8
DM-13345,CA-2017-108854,5411,42.76,9
DM-13345,CA-2016-114482,3522,40.46,10
DM-13345,CA-2017-108854,5409,22.42,11
DM-13345,CA-2014-164910,3966,7.87,12
DM-13345,CA-2014-119529,8979,5.76,13
DM-13525,CA-2015-132465,8029,772.68,1
DM-13525,CA-2014-103317,5439,213.22,2
DM-13525,CA-2015-132465,8026,210.68,3
DM-13525,CA-2015-132465,8027,78.8,4
DM-13525,CA-2016-149195,5382,25.92,5
DM-13525,CA-2015-132465,8028,19.99,6
DM-13525,CA-2014-103317,5437,19.52,7
DM-13525,CA-2016-149195,5383,15.81,8
DM-13525,CA-2016-149195,5384,10.37,9
DM-13525,CA-2014-103317,5438,9.81,10
DN-13690,CA-2016-114860,9349,842.72,1
DN-13690,CA-2017-136882,9448,477.3,2
DN-13690,CA-2014-166744,5238,362.94,3
DN-13690,CA-2014-166744,5237,164.22,4
DN-13690,CA-2014-119977,8853,123.92,5
DN-13690,CA-2014-166744,5239,59.98,6
DN-13690,CA-2016-114860,9350,41.96,7
DN-13690,CA-2016-114951,3957,22.14,8
DN-13690,CA-2014-139451,83,21.39,9
DN-13690,CA-2014-139451,82,14.9,10
DN-13690,CA-2016-151498,7986,8.32,11
DO-13435,US-2015-168935,385,375.46,1
DO-13435,CA-2017-100636,6761,272.94,2
DO-13435,CA-2014-108903,5602,142.49,3
DO-13435,US-2017-100398,8806,102.72,4
DO-13435,CA-2017-102771,2150,84.95,5
DO-13435,US-2015-168935,386,83.98,6
DO-13435,CA-2015-121272,4130,73.28,7
DO-13435,CA-2014-108903,5600,55.98,8
DO-13435,CA-2017-140760,3690,43.92,9
DO-13435,CA-2017-140760,3689,25.34,10
DO-13435,CA-2016-133144,3945,17.34,11
DO-13435,CA-2014-108903,5601,14.48,12
DO-13435,CA-2015-169299,7768,7.15,13
DO-13645,CA-2017-118003,8521,302.94,1
DO-13645,CA-2017-165008,8045,295.06,2
DO-13645,CA-2017-102309,9253,199.95,3
DO-13645,CA-2017-118003,8520,182.22,4
DO-13645,US-2017-117450,7304,97.18,5
DO-13645,CA-2015-126669,7905,76.64,6
DO-13645,CA-2017-133207,5838,57.57,7
DO-13645,CA-2017-115777,6425,19.44,8
DO-13645,CA-2017-118003,8519,12.99,9
DO-13645,CA-2017-102309,9254,12.96,10
DO-13645,US-2017-117450,7305,10.37,11
DP-13000,CA-2015-105347,1778,368.91,1
DP-13000,CA-2014-122609,9905,127.98,2
DP-13000,CA-2015-115742,53,89.99,3
DP-13000,CA-2017-142174,5296,89.57,4
DP-13000,CA-2015-115742,51,75.18,5
DP-13000,CA-2017-157350,8129,64.96,6
DP-13000,US-2017-154872,6545,58.17,7
DP-13000,CA-2015-115742,50,38.22,8
DP-13000,CA-2014-122609,9904,25.13,9
DP-13000,US-2017-154872,6547,24.78,10
DP-13000,CA-2016-166618,9179,23.65,11
DP-13000,CA-2014-103800,7981,16.45,12
DP-13000,CA-2015-105347,1779,14.7,13
DP-13000,CA-2016-166618,9178,13.98,14
DP-13000,CA-2016-141180,4965,7.76,15
DP-13000,CA-2015-115742,52,6.16,16
DP-13000,US-2017-154872,6546,5.04,17
DP-13105,CA-2016-162390,8569,968.74,1
DP-13105,CA-2016-162390,8571,479.98,2
DP-13105,CA-2016-162390,8570,222.35,3
DP-13105,CA-2016-159009,9352,184.75,4
DP-13105,CA-2017-102974,6721,149.95,5
DP-13105,CA-2015-132080,1175,50.11,6
DP-13105,CA-2016-152534,852,38.88,7
DP-13105,CA-2017-155362,9378,32.56,8
DP-13105,CA-2017-102974,6722,23.32,9
DP-13105,CA-2017-163671,8856,21.31,10
DP-13105,CA-2017-102974,6723,16.74,11
DP-13105,CA-2016-159009,9351,13.22,12
DP-13105,CA-2017-141663,9405,7.92,13
DP-13105,CA-2016-152534,851,5.16,14
DP-13165,CA-2014-112158,709,883.92,1
DP-13165,CA-2014-112158,708,119.96,2
DP-13165,CA-2014-112158,710,46.72,3
DP-13165,CA-2015-112522,6833,8.02,4
DP-13390,CA-2016-138478,7819,4535.98,1
DP-13390,CA-2015-118423,1595,359.06,2
DP-13390,CA-2014-107139,3791,180.96,3
DP-13390,CA-2016-138478,7817,113.22,4
DP-13390,CA-2015-129217,8247,70.97,5
DP-13390,CA-2014-168592,3450,56.65,6
DP-13390,CA-2015-129217,8248,36.78,7
DP-13390,CA-2016-138478,7818,35.88,8
DP-13390,CA-2017-150931,4937,33.74,9
DP-13390,CA-2014-134621,6243,18.24,10
DP-13390,CA-2016-138583,8482,16.66,11
DP-13390,CA-2014-168592,3451,14.97,12
DP-13390,CA-2014-168592,3452,4.02,13
DP-13390,CA-2017-154466,6683,3.6,14
DR-12880,CA-2015-103933,5726,899.91,1
DR-12880,CA-2017-161956,3750,879.98,2
DR-12880,CA-2017-161956,3754,841.57,3
DR-12880,US-2015-159982,258,647.9,4
DR-12880,CA-2017-143574,5733,638.82,5
DR-12880,US-2016-164189,3030,403.17,6
DR-12880,CA-2017-161956,3755,354.9,7
DR-12880,CA-2017-161956,3749,321.92,8
DR-12880,CA-2017-148810,5629,273.55,9
DR-12880,US-2016-127425,5448,249.95,10
DR-12880,CA-2017-161956,3752,230.28,11
DR-12880,CA-2017-161956,3748,198.46,12
DR-12880,CA-2017-134404,2570,164.39,13
DR-12880,CA-2017-161956,3753,116.28,14
DR-12880,US-2015-159982,256,82.37,15
DR-12880,US-2015-159982,257,53.92,16
DR-12880,US-2016-127425,5447,33.0,17
DR-12880,CA-2017-143574,5734,30.69,18
DR-12880,CA-2017-161956,3751,28.4,19
DR-12880,CA-2017-143574,5735,25.16,20
DR-12880,CA-2016-117282,2154,14.16,21
DR-12880,CA-2017-148810,5628,13.87,22
DR-12880,CA-2017-134404,2571,13.25,23
DR-12880,US-2015-159982,255,12.13,24
DR-12940,US-2016-140158,7667,5399.91,1
DR-12940,CA-2015-104626,2819,1088.76,2
DR-12940,CA-2017-160899,6693,477.51,3
DR-12940,CA-2015-104871,7002,366.74,4
DR-12940,CA-2014-100881,8464,302.38,5
DR-12940,CA-2016-160241,7879,242.18,6
DR-12940,CA-2015-104626,2818,124.36,7
DR-12940,US-2016-140158,7668,119.1,8
DR-12940,CA-2015-104626,2816,114.6,9
DR-12940,CA-2015-104626,2817,60.74,10
DR-12940,US-2016-140158,7666,30.4,11
DR-12940,US-2015-163783,3191,12.67,12
DR-12940,CA-2017-142671,6415,11.52,13
DS-13030,CA-2017-131954,733,242.94,1
DS-13030,CA-2017-144848,6367,240.37,2
DS-13030,US-2017-125717,4465,209.79,3
DS-13030,CA-2017-131954,734,179.97,4
DS-13030,US-2017-125717,4461,147.18,5
DS-13030,CA-2014-113271,9244,119.83,6
DS-13030,CA-2017-144848,6368,119.02,7
DS-13030,CA-2017-131954,735,99.7,8
DS-13030,CA-2017-131954,737,84.98,9
DS-13030,US-2017-125717,4463,76.78,10
DS-13030,US-2017-125717,4462,54.38,11
DS-13030,CA-2017-144848,6366,41.22,12
DS-13030,US-2017-125717,4460,32.78,13
DS-13030,CA-2014-113271,9246,32.4,14
DS-13030,CA-2017-131954,736,27.94,15
DS-13030,CA-2017-131954,738,18.72,16
DS-13030,US-2017-125717,4464,14.35,17
DS-13030,CA-2014-113271,9243,14.3,18
DS-13030,CA-2014-113271,9245,5.56,19
DS-13180,CA-2015-163055,227,622.45,1
DS-13180,CA-2015-130456,4634,586.4,2
DS-13180,CA-2016-127243,7368,347.8,3
DS-13180,CA-2016-127243,7364,340.18,4
DS-13180,CA-2017-154907,469,205.33,5
DS-13180,CA-2014-132983,8921,159.98,6
DS-13180,CA-2016-146325,7942,134.8,7
DS-13180,CA-2015-159863,4617,134.38,8
DS-13180,CA-2016-146325,7941,81.42,9
DS-13180,CA-2015-130456,4635,80.98,10
DS-13180,CA-2016-119074,8546,39.92,11
DS-13180,CA-2016-127243,7367,32.54,12
DS-13180,CA-2016-119074,8547,32.54,13
DS-13180,CA-2015-163055,228,21.98,14
DS-13180,CA-2016-119074,8545,20.24,15
DS-13180,CA-2017-134285,3898,15.55,16
DS-13180,CA-2016-127243,7365,12.67,17
DS-13180,CA-2016-127243,7366,6.89,18
DS-13180,CA-2017-134285,3897,3.55,19
DS-13180,CA-2015-163055,226,2.2,20
DV-13045,CA-2017-168389,7345,721.88,1
DV-13045,CA-2017-139773,2977,188.55,2
DV-13045,CA-2017-168389,7346,73.57,3
DV-13045,CA-2017-168389,7348,64.78,4
DV-13045,CA-2017-125745,5618,19.52,5
DV-13045,CA-2016-106656,5300,18.9,6
DV-13045,CA-2016-138688,3,14.62,7
DV-13045,CA-2017-168389,7347,13.58,8
DV-13045,CA-2016-106656,5299,4.08,9
DV-13465,CA-2015-146486,5342,899.95,1
DV-13465,CA-2014-124646,2157,501.81,2
DV-13465,CA-2017-145233,582,470.38,3
DV-13465,CA-2017-145233,586,406.37,4
DV-13465,CA-2016-126102,9086,276.78,5
DV-13465,CA-2015-146486,5339,244.55,6
DV-13465,CA-2014-124646,2158,161.94,7
DV-13465,US-2017-152002,1569,122.97,8
DV-13465,CA-2017-145233,583,105.58,9
DV-13465,CA-2015-100251,9986,55.6,10
DV-13465,CA-2015-100251,9985,31.5,11
DV-13465,CA-2017-145233,584,31.15,12
DV-13465,CA-2015-146486,5341,13.98,13
DV-13465,CA-2015-146486,5340,12.24,14
DV-13465,CA-2017-145233,585,6.78,15
DW-13195,US-2016-127971,3239,318.43,1
DW-13195,CA-2014-133158,7003,289.24,2
DW-13195,CA-2017-101581,4295,177.23,3
DW-13195,US-2016-127971,3240,122.92,4
DW-13195,CA-2014-133158,7004,69.46,5
DW-13195,CA-2014-123477,5365,64.86,6
DW-13195,US-2017-103226,4428,27.18,7
DW-13195,US-2016-127971,3241,7.07,8
DW-13195,CA-2014-152849,3885,4.37,9
DW-13480,CA-2014-131926,245,2001.86,1
DW-13480,CA-2014-131926,248,1503.25,2
DW-13480,CA-2016-164399,7191,674.35,3
DW-13480,US-2017-132297,3083,539.97,4
DW-13480,CA-2016-164399,7190,203.98,5
DW-13480,CA-2014-131926,246,166.72,6
DW-13480,US-2017-132297,3082,58.34,7
DW-13480,CA-2014-131926,247,47.88,8
DW-13480,CA-2016-101938,2162,34.58,9
DW-13480,CA-2014-131926,249,25.92,10
DW-13480,CA-2016-151141,1902,14.78,11
DW-13540,CA-2017-132521,1078,119.96,1
DW-13540,CA-2016-149902,3967,88.04,2
DW-13540,CA-2017-148642,9313,63.49,3
DW-13540,CA-2017-132521,1079,31.44,4
DW-13540,CA-2016-128706,7848,16.19,5
DW-13540,CA-2017-101210,1483,9.73,6
DW-13540,CA-2017-132521,1080,6.88,7
DW-13540,CA-2017-148642,9312,4.93,8
DW-13540,CA-2017-101210,1484,3.42,9
DW-13585,CA-2015-162950,9093,482.94,1
DW-13585,US-2017-126060,5361,198.27,2
DW-13585,CA-2016-148516,6583,179.97,3
DW-13585,CA-2017-123134,2518,129.93,4
DW-13585,US-2017-164147,132,78.3,5
DW-13585,US-2017-164147,131,59.97,6
DW-13585,CA-2014-120432,5913,25.5,7
DW-13585,US-2017-164147,133,21.46,8
DW-13585,CA-2015-162950,9092,15.55,9
DW-13585,CA-2016-165820,5724,12.96,10
Dl-13600,CA-2016-120530,4735,658.75,1
Dl-13600,CA-2014-133424,5285,44.4,2
Dl-13600,CA-2014-153150,716,19.92,3
Dl-13600,CA-2014-133424,5284,15.84,4
Dl-13600,CA-2017-114552,702,15.07,5
Dl-13600,US-2017-155299,262,1.62,6
Dp-13240,CA-2015-169796,5007,2321.9,1
Dp-13240,US-2017-162558,5321,2314.12,2
Dp-13240,CA-2017-148404,3386,580.67,3
Dp-13240,CA-2014-116834,4002,345.0,4
Dp-13240,US-2017-132381,6105,314.53,5
Dp-13240,CA-2016-152072,2880,254.97,6
Dp-13240,CA-2017-148404,3388,222.38,7
Dp-13240,CA-2017-148404,3390,154.76,8
Dp-13240,CA-2017-169691,5477,84.55,9
Dp-13240,CA-2014-116834,4001,63.47,10
Dp-13240,CA-2017-139822,7921,59.98,11
Dp-13240,CA-2016-152072,2878,52.34,12
Dp-13240,CA-2017-148404,3389,50.45,13
Dp-13240,CA-2014-129574,2761,48.4,14
Dp-13240,CA-2017-169691,5476,44.4,15
Dp-13240,CA-2017-139822,7920,38.62,16
Dp-13240,CA-2015-139962,3364,37.88,17
Dp-13240,US-2017-162558,5322,34.24,18
Dp-13240,US-2017-162558,5320,27.36,19
Dp-13240,US-2017-162558,5319,20.74,20
Dp-13240,US-2017-162558,5323,19.76,21
Dp-13240,CA-2015-139962,3363,19.44,22
Dp-13240,CA-2017-148404,3387,18.94,23
Dp-13240,CA-2015-169796,5008,17.94,24
Dp-13240,CA-2017-169691,5478,17.94,25
Dp-13240,US-2017-162558,5317,11.81,26
Dp-13240,US-2017-162558,5318,9.66,27
Dp-13240,CA-2017-163692,4085,7.86,28
Dp-13240,CA-2016-152072,2879,4.66,29
EA-14035,CA-2015-158939,5773,599.99,1
EA-14035,CA-2016-102813,8777,528.43,2
EA-14035,CA-2016-164924,7238,341.99,3
EA-14035,CA-2015-154921,786,186.69,4
EA-14035,CA-2016-104633,8224,185.88,5
EA-14035,CA-2014-151162,5576,179.94,6
EA-14035,CA-2016-121447,9013,135.8,7
EA-14035,CA-2014-151162,5572,98.38,8
EA-14035,CA-2016-108581,1945,95.97,9
EA-14035,CA-2016-168956,1821,92.06,10
EA-14035,CA-2014-114195,9869,68.7,11
EA-14035,CA-2016-168956,1823,62.96,12
EA-14035,CA-2017-121909,2225,54.82,13
EA-14035,CA-2016-102813,8778,41.47,14
EA-14035,CA-2014-151162,5575,36.74,15
EA-14035,CA-2014-151162,5573,29.94,16
EA-14035,CA-2014-114195,9871,22.43,17
EA-14035,US-2014-156216,231,18.65,18
EA-14035,CA-2014-151162,5574,17.47,19
EA-14035,CA-2016-104633,8225,12.96,20
EA-14035,CA-2016-108581,1946,10.37,21
EA-14035,CA-2017-154501,5526,9.78,22
EA-14035,CA-2016-168956,1822,6.98,23
EA-14035,CA-2016-168956,1824,5.18,24
EA-14035,CA-2014-114195,9870,3.13,25
EB-13705,CA-2016-128223,5871,1293.49,1
EB-13705,CA-2017-147277,455,665.41,2
EB-13705,CA-2014-100090,6288,502.49,3
EB-13705,CA-2014-129938,7484,445.8,4
EB-13705,CA-2017-147277,454,284.36,5
EB-13705,CA-2014-100090,6289,196.7,6
EB-13705,CA-2015-128125,6808,98.38,7
EB-13705,CA-2015-104493,2043,57.5,8
EB-13705,CA-2017-107797,9601,41.47,9
EB-13705,CA-2015-128125,6809,22.38,10
EB-13705,US-2016-137547,839,21.07,11
EB-13705,CA-2017-134978,506,15.92,12
EB-13750,CA-2015-166947,6559,1522.64,1
EB-13750,CA-2017-122707,2740,477.24,2
EB-13750,CA-2017-161739,3317,341.96,3
EB-13750,CA-2016-145548,7033,245.65,4
EB-13750,CA-2016-166380,8297,111.98,5
EB-13750,CA-2016-145548,7032,92.94,6
EB-13750,US-2016-147340,5397,63.2,7
EB-13750,CA-2016-145548,7034,55.01,8
EB-13750,CA-2017-161459,6319,39.96,9
EB-13750,CA-2016-145548,7031,36.0,10
EB-13750,CA-2016-126809,1560,35.35,11
EB-13750,CA-2016-145548,7035,35.23,12
EB-13750,CA-2017-161459,6320,34.08,13
EB-13750,CA-2015-128083,3659,30.88,14
EB-13750,CA-2016-145548,7030,28.14,15
EB-13750,CA-2016-166380,8296,26.55,16
EB-13750,CA-2017-122707,2741,25.98,17
EB-13750,CA-2016-137652,8426,18.43,18
EB-13750,CA-2015-128083,3658,8.69,19
EB-13750,CA-2015-128083,3660,6.41,20
EB-13840,CA-2015-164301,9858,3393.68,1
EB-13840,CA-2017-156951,570,451.15,2
EB-13840,CA-2016-139885,1534,212.88,3
EB-13840,US-2014-102631,4226,94.43,4
EB-13840,CA-2017-156951,567,91.84,5
EB-13840,CA-2017-156951,568,81.09,6
EB-13840,CA-2017-156951,569,19.44,7
EB-13840,CA-2014-146885,4647,13.62,8
EB-13870,CA-2015-106320,25,1044.63,1
EB-13870,CA-2016-144939,981,599.29,2
EB-13870,CA-2017-148999,5485,419.14,3
EB-13870,US-2014-126340,5766,333.58,4
EB-13870,CA-2014-110219,4560,127.87,5
EB-13870,US-2015-110569,3298,121.79,6
EB-13870,CA-2017-130967,4294,53.98,7
EB-13870,CA-2016-159989,4752,40.68,8
EB-13870,US-2015-110569,3297,19.19,9
EB-13870,CA-2015-153626,3455,5.16,10
EB-13870,CA-2017-169817,4757,1.91,11
EB-13930,US-2017-106551,8119,526.34,1
EB-13930,CA-2014-123400,9139,180.96,2
EB-13930,CA-2016-122728,1677,104.28,3
EB-13930,CA-2016-101448,4555,56.82,4
EB-13930,US-2016-116400,3977,39.92,5
EB-13930,CA-2014-123400,9138,18.34,6
EB-13930,CA-2016-122728,1678,17.94,7
EB-13975,US-2016-164630,2898,959.97,1
EB-13975,CA-2016-135461,9115,623.96,2
EB-13975,CA-2017-115427,1298,20.72,3
EB-13975,US-2016-150357,7273,20.61,4
EB-13975,CA-2017-115427,1297,13.9,5
EB-13975,US-2016-150357,7274,4.1,6
EB-14110,CA-2016-121370,4813,1199.98,1
EB-14110,CA-2015-106257,7836,479.92,2
EB-14110,CA-2016-121370,4812,380.06,3
EB-14110,CA-2016-116561,5240,332.94,4
EB-14110,CA-2017-149895,3127,258.53,5
EB-14110,CA-2015-106257,7835,241.57,6
EB-14110,CA-2015-111612,9555,71.12,7
EB-14110,CA-2016-121370,4814,48.58,8
EB-14110,CA-2016-116561,5241,39.87,9
EB-14110,US-2015-153283,9331,15.56,10
EB-14110,CA-2015-111612,9556,3.01,11
EB-14170,CA-2014-111962,9731,807.75,1
EB-14170,CA-2015-142930,8820,335.52,2
EB-14170,CA-2016-143441,5699,11.84,3
EB-14170,CA-2017-162635,1324,10.82,4
EB-14170,CA-2014-111962,9730,10.05,5
EB-14170,CA-2014-103086,9558,5.31,6
EB-14170,CA-2015-148705,7878,5.04,7
EC-14050,US-2016-169369,5251,249.95,1
EC-14050,CA-2017-161102,6455,56.56,2
EC-14050,US-2016-169369,5252,49.12,3
EC-14050,CA-2017-163188,9493,38.16,4
EC-14050,CA-2017-161102,6456,36.96,5
EC-14050,US-2017-140074,3105,25.68,6
EC-14050,CA-2014-139633,4420,5.48,7
ED-13885,CA-2015-160227,9057,2621.32,1
ED-13885,CA-2016-118311,8694,450.0,2
ED-13885,CA-2015-137071,9012,100.8,3
ED-13885,CA-2017-133102,7187,74.59,4
ED-13885,CA-2016-149916,8668,55.36,5
ED-13885,CA-2017-134838,3964,44.67,6
ED-13885,CA-2017-133102,7189,38.86,7
ED-13885,CA-2014-110352,2084,23.68,8
ED-13885,CA-2014-110527,1741,20.88,9
ED-13885,CA-2017-133102,7188,16.78,10
ED-13885,CA-2017-134838,3963,12.84,11
ED-13885,CA-2016-149916,8669,11.56,12
ED-13885,CA-2017-133102,7186,8.02,13
ED-13885,CA-2017-133102,7185,5.55,14
EG-13900,US-2016-150861,731,542.65,1
EG-13900,US-2016-150861,729,400.03,2
EG-13900,CA-2017-141719,5038,239.96,3
EG-13900,US-2017-167570,8109,215.54,4
EG-13900,CA-2015-138625,9605,197.72,5
EG-13900,US-2016-150861,728,182.72,6
EG-13900,US-2016-150861,730,33.63,7
EG-13900,CA-2017-114524,3243,13.47,8
EG-13900,US-2016-150861,732,6.3,9
EH-13765,CA-2016-136301,5885,4912.59,1
EH-13765,CA-2016-135776,4897,1117.92,2
EH-13765,US-2017-111423,1920,895.92,3
EH-13765,CA-2016-100944,6285,563.24,4
EH-13765,US-2017-111423,1921,462.56,5
EH-13765,US-2015-147242,3467,361.96,6
EH-13765,CA-2016-100944,6284,304.9,7
EH-13765,US-2015-147242,3468,278.82,8
EH-13765,CA-2016-135776,4894,227.28,9
EH-13765,CA-2016-158155,9854,214.7,10
EH-13765,CA-2014-138450,5111,186.91,11
EH-13765,CA-2016-153836,9204,114.95,12
EH-13765,CA-2016-158155,9852,90.48,13
EH-13765,US-2015-147242,3466,61.96,14
EH-13765,CA-2016-135776,4896,61.96,15
EH-13765,CA-2016-155565,3532,54.9,16
EH-13765,CA-2014-138450,5110,52.51,17
EH-13765,US-2016-119046,7212,51.65,18
EH-13765,CA-2016-135776,4895,47.9,19
EH-13765,CA-2014-142979,9850,39.68,20
EH-13765,CA-2016-135776,4892,37.94,21
EH-13765,US-2016-119046,7211,30.18,22
EH-13765,CA-2016-153836,9203,28.75,23
EH-13765,CA-2016-136301,5884,28.28,24
EH-13765,CA-2017-152499,7984,15.12,25
EH-13765,CA-2016-158155,9853,13.08,26
EH-13765,CA-2016-158155,9851,12.56,27
EH-13765,US-2016-119046,7213,11.23,28
EH-13765,CA-2014-138450,5112,10.05,29
EH-13765,CA-2016-135776,4891,8.82,30
EH-13765,CA-2017-152499,7985,7.87,31
EH-13765,CA-2016-135776,4893,4.2,32
EH-13945,US-2016-110156,1106,100.7,1
EH-13945,CA-2016-121755,27,90.57,2
EH-13945,US-2016-158288,9124,78.76,3
EH-13945,CA-2014-107594,2733,73.98,4
EH-13945,US-2016-110156,1111,71.96,5
EH-13945,CA-2017-153080,6467,68.46,6
EH-13945,US-2016-110156,1109,58.37,7
EH-13945,US-2016-110156,1110,40.97,8
EH-13945,CA-2015-114048,6088,29.22,9
EH-13945,CA-2017-160458,3943,25.92,10
EH-13945,CA-2016-121755,26,11.65,11
EH-13945,US-2016-110156,1108,10.78,12
EH-13945,US-2016-110156,1112,10.37,13
EH-13945,CA-2014-107594,2734,5.58,14
EH-13945,CA-2015-149384,3198,3.37,15
EH-13945,US-2016-110156,1107,2.33,16
EH-13945,US-2016-110156,1113,1.19,17
EH-13990,CA-2016-124100,6128,328.0,1
EH-13990,CA-2016-107790,5366,151.19,2
EH-13990,CA-2014-103366,1914,149.95,3
EH-13990,CA-2014-102295,2367,120.71,4
EH-13990,CA-2015-156510,6451,45.68,5
EH-13990,CA-2014-138513,6628,12.96,6
EH-13990,CA-2015-156510,6450,10.76,7
EH-13990,CA-2015-156510,6452,6.7,8
EH-14005,CA-2014-140165,1888,398.35,1
EH-14005,CA-2017-167381,2123,241.96,2
EH-14005,CA-2014-154592,8945,164.88,3
EH-14005,CA-2017-133095,5874,108.08,4
EH-14005,CA-2017-144862,2125,104.68,5
EH-14005,CA-2017-127516,4288,64.78,6
EH-14005,CA-2017-144862,2126,62.96,7
EH-14005,CA-2016-152814,1072,29.47,8
EH-14005,CA-2017-167381,2124,27.72,9
EH-14005,CA-2017-133095,5875,9.54,10
EH-14005,CA-2014-140165,1887,7.1,11
EH-14125,US-2015-154389,5187,748.75,1
EH-14125,US-2016-156097,658,701.37,2
EH-14125,CA-2017-124744,7897,447.84,3
EH-14125,CA-2014-100867,9462,321.55,4
EH-14125,CA-2016-136126,5003,191.6,5
EH-14125,CA-2015-134201,6061,142.04,6
EH-14125,CA-2016-104969,3674,121.1,7
EH-14125,CA-2017-112725,4146,120.78,8
EH-14125,CA-2017-124744,7895,82.4,9
EH-14125,CA-2016-136126,5002,69.5,10
EH-14125,CA-2017-125752,3785,41.42,11
EH-14125,CA-2016-146010,3968,40.64,12
EH-14125,CA-2015-134201,6062,14.67,13
EH-14125,CA-2017-112725,4144,12.74,14
EH-14125,CA-2016-104969,3673,8.87,15
EH-14125,CA-2017-112725,4145,8.82,16
EH-14125,CA-2017-124744,7896,6.24,17
EH-14125,US-2016-156097,659,2.31,18
EH-14185,CA-2016-167115,5440,588.78,1
EH-14185,CA-2014-143840,3268,135.98,2
EH-14185,CA-2016-160486,9283,72.22,3
EH-14185,CA-2014-143840,3269,44.95,4
EH-14185,CA-2014-139542,7709,40.78,5
EH-14185,CA-2017-112984,5984,20.54,6
EH-14185,CA-2014-139542,7710,13.7,7
EH-14185,CA-2014-105340,3394,6.93,8
EJ-13720,CA-2017-123085,6576,1049.44,1
EJ-13720,CA-2015-169656,7582,422.86,2
EJ-13720,US-2014-117163,3796,333.0,3
EJ-13720,CA-2017-123085,6577,170.35,4
EJ-13720,US-2014-117163,3795,57.23,5
EJ-13720,CA-2014-108273,4714,56.57,6
EJ-13720,US-2014-117163,3797,36.44,7
EJ-13720,CA-2014-108273,4713,36.29,8
EJ-14155,CA-2016-142594,8395,901.95,1
EJ-14155,CA-2014-105648,8712,626.35,2
EJ-14155,CA-2017-147410,7104,421.1,3
EJ-14155,CA-2016-142594,8396,366.01,4
EJ-14155,CA-2016-142594,8393,137.94,5
EJ-14155,CA-2016-142594,8394,111.15,6
EJ-14155,CA-2017-133641,1245,48.69,7
EJ-14155,US-2017-110989,5249,43.5,8
EK-13795,CA-2014-111871,6152,1198.33,1
EK-13795,CA-2015-154340,4176,56.3,2
EK-13795,CA-2015-109113,7747,25.49,3
EK-13795,CA-2017-108091,4776,23.36,4
EL-13735,CA-2016-113061,1037,86.62,1
EL-13735,CA-2017-150707,888,37.66,2
EM-13810,CA-2015-113404,2540,1348.7,1
EM-13810,CA-2015-113404,2541,700.15,2
EM-13810,CA-2015-139584,3157,284.36,3
EM-13810,CA-2016-158358,9750,159.98,4
EM-13810,CA-2017-137344,2855,40.29,5
EM-13810,CA-2015-139584,3158,26.0,6
EM-13810,CA-2015-142041,2412,7.52,7
EM-13825,CA-2017-114258,3462,492.77,1
EM-13825,CA-2017-122035,2315,416.32,2
EM-13825,CA-2017-122035,2319,389.97,3
EM-13825,CA-2015-149748,9783,274.8,4
EM-13825,CA-2017-122035,2317,182.94,5
EM-13825,CA-2015-109603,8909,182.72,6
EM-13825,US-2017-128398,6913,159.56,7
EM-13825,CA-2015-149748,9784,62.18,8
EM-13825,CA-2017-122035,2318,60.83,9
EM-13825,CA-2017-122035,2316,43.0,10
EM-13825,CA-2016-136595,7550,21.2,11
EM-13825,CA-2014-103807,9003,15.24,12
EM-13825,CA-2017-122035,2314,14.62,13
EM-13825,CA-2016-116764,7252,9.22,14
EM-13825,CA-2015-149748,9785,8.28,15
EM-13825,CA-2014-103807,9002,5.95,16
EM-13960,CA-2015-156566,9489,572.8,1
EM-13960,CA-2017-168942,6912,186.54,2
EM-13960,CA-2015-148873,9036,108.77,3
EM-13960,CA-2015-119697,162,54.38,4
EM-13960,CA-2015-129042,4718,8.22,5
EM-13960,CA-2015-148873,9035,2.99,6
EM-14065,CA-2014-127691,484,159.98,1
EM-14065,CA-2017-149720,8518,30.34,2
EM-14065,CA-2016-155670,1747,11.23,3
EM-14065,CA-2017-133620,8320,11.21,4
EM-14065,CA-2016-155670,1748,10.27,5
EM-14065,CA-2014-127691,483,5.96,6
EM-14095,CA-2015-163237,8899,494.97,1
EM-14095,US-2015-159499,7627,325.63,2
EM-14095,CA-2017-132437,8620,65.12,3
EM-14095,CA-2016-161669,843,37.44,4
EM-14095,CA-2016-161669,844,26.98,5
EM-14095,CA-2015-163237,8900,25.06,6
EM-14095,US-2015-159499,7628,23.34,7
EM-14095,US-2015-159499,7629,16.52,8
EM-14095,CA-2016-161669,846,14.62,9
EM-14095,CA-2016-161669,845,11.36,10
EM-14140,CA-2016-139997,7473,1499.95,1
EM-14140,CA-2017-134915,2955,671.98,2
EM-14140,CA-2016-152730,7258,629.1,3
EM-14140,CA-2015-146255,6346,587.97,4
EM-14140,CA-2016-152730,7254,364.74,5
EM-14140,CA-2016-152730,7261,125.99,6
EM-14140,CA-2015-146255,6343,119.85,7
EM-14140,CA-2017-134915,2952,113.89,8
EM-14140,CA-2017-134915,2953,113.57,9
EM-14140,CA-2015-146255,6345,69.28,10
EM-14140,CA-2016-152730,7256,49.76,11
EM-14140,CA-2016-152730,7255,47.4,12
EM-14140,CA-2016-152730,7260,45.36,13
EM-14140,CA-2017-134915,2950,41.6,14
EM-14140,CA-2015-146255,6344,30.44,15
EM-14140,CA-2017-134915,2951,23.12,16
EM-14140,US-2016-131058,8149,20.16,17
EM-14140,CA-2016-152730,7259,14.7,18
EM-14140,CA-2017-134915,2954,7.92,19
EM-14140,CA-2014-168158,5589,6.1,20
EM-14140,CA-2016-152730,7257,5.56,21
EM-14200,CA-2017-167549,7930,298.12,1
EM-14200,CA-2017-162033,6130,53.25,2
EM-14200,CA-2015-141754,6735,11.7,3
EM-14200,CA-2017-162033,6131,3.76,4
EN-13780,CA-2016-165848,2603,1349.85,1
EN-13780,CA-2015-103177,5514,239.97,2
EN-13780,CA-2015-103177,5515,160.32,3
EN-13780,CA-2016-165848,2604,136.78,4
EN-13780,CA-2015-103177,5516,128.85,5
EN-13780,CA-2016-126284,8484,83.7,6
EN-13780,CA-2016-165848,2605,61.12,7
EN-13780,CA-2017-160087,3707,23.83,8
EN-13780,CA-2016-165848,2602,14.94,9
EP-13915,US-2016-131611,4267,956.66,1
EP-13915,US-2016-131611,4265,863.13,2
EP-13915,CA-2015-163587,4164,671.94,3
EP-13915,CA-2014-134278,1550,559.99,4
EP-13915,CA-2017-149888,2726,359.97,5
EP-13915,CA-2017-149888,2727,350.35,6
EP-13915,US-2016-159856,2886,307.92,7
EP-13915,CA-2017-122770,9684,201.04,8
EP-13915,CA-2017-157483,3175,181.86,9
EP-13915,CA-2017-111815,3474,180.98,10
EP-13915,US-2016-131611,4269,171.96,11
EP-13915,CA-2015-123330,5133,107.98,12
EP-13915,CA-2017-111815,3475,99.98,13
EP-13915,CA-2017-131303,9743,62.65,14
EP-13915,US-2016-119298,6978,59.98,15
EP-13915,US-2017-165953,4613,47.62,16
EP-13915,US-2017-122637,537,42.62,17
EP-13915,CA-2017-122770,9683,38.88,18
EP-13915,CA-2016-140641,3878,38.19,19
EP-13915,CA-2017-102099,2889,32.4,20
EP-13915,CA-2016-113390,9752,27.72,21
EP-13915,US-2017-165953,4614,23.48,22
EP-13915,CA-2015-163587,4163,16.52,23
EP-13915,CA-2017-102099,2888,12.96,24
EP-13915,CA-2017-122770,9685,12.96,25
EP-13915,US-2016-131611,4268,12.59,26
EP-13915,US-2017-125808,9639,11.56,27
EP-13915,CA-2017-122770,9682,8.64,28
EP-13915,CA-2017-102099,2887,6.63,29
EP-13915,CA-2016-113390,9751,5.34,30
EP-13915,US-2016-131611,4266,3.56,31
ER-13855,CA-2016-162236,7784,876.3,1
ER-13855,CA-2016-162236,7785,185.38,2
ER-13855,CA-2016-149223,99,77.88,3
ER-13855,CA-2015-127019,2777,60.98,4
ER-13855,CA-2016-162236,7783,45.25,5
ES-14020,US-2017-163300,5991,2357.49,1
ES-14020,US-2017-163300,5992,369.54,2
ES-14020,CA-2016-127775,2758,239.97,3
ES-14020,CA-2017-103499,4753,209.57,4
ES-14020,US-2017-163300,5993,184.75,5
ES-14020,CA-2015-142433,6168,117.46,6
ES-14020,CA-2014-156433,795,21.72,7
ES-14020,CA-2014-156433,794,9.96,8
ES-14080,CA-2017-127397,7228,1319.8,1
ES-14080,CA-2016-108056,9332,859.2,2
ES-14080,CA-2015-104129,4541,493.92,3
ES-14080,CA-2016-134936,5543,455.97,4
ES-14080,CA-2016-136924,542,380.86,5
ES-14080,CA-2014-108189,3225,318.4,6
ES-14080,CA-2014-108189,3228,230.38,7
ES-14080,CA-2017-157469,8971,151.19,8
ES-14080,CA-2017-127397,7227,123.92,9
ES-14080,CA-2015-104129,4540,105.98,10
ES-14080,CA-2017-139619,44,95.62,11
ES-14080,CA-2016-154998,9369,37.94,12
ES-14080,CA-2017-157469,8970,19.73,13
ES-14080,CA-2014-108189,3227,15.36,14
ES-14080,CA-2014-108189,3226,12.77,15
ES-14080,CA-2016-134936,5544,10.44,16
ES-14080,CA-2014-108189,3223,9.41,17
ES-14080,CA-2014-108189,3229,7.16,18
ES-14080,CA-2016-134936,5545,5.21,19
ES-14080,CA-2014-108189,3224,4.67,20
FA-14230,CA-2017-122364,6041,859.2,1
FA-14230,CA-2017-122364,6042,506.28,2
FA-14230,US-2015-131359,3692,439.99,3
FA-14230,CA-2016-113845,6492,289.57,4
FA-14230,CA-2016-113845,6494,244.77,5
FA-14230,CA-2015-140718,8850,159.84,6
FA-14230,CA-2015-108672,7491,106.68,7
FA-14230,US-2015-131359,3693,87.96,8
FA-14230,CA-2015-140718,8849,74.24,9
FA-14230,US-2015-131359,3691,59.99,10
FA-14230,CA-2015-135391,1844,40.78,11
FA-14230,CA-2015-135391,1843,40.1,12
FA-14230,CA-2016-113845,6493,39.72,13
FA-14230,US-2015-131359,3694,15.49,14
FA-14230,CA-2015-140718,8852,9.39,15
FA-14230,CA-2014-156601,323,7.16,16
FA-14230,CA-2015-140718,8851,2.89,17
FC-14245,CA-2016-147256,8891,1927.59,1
FC-14245,CA-2016-147256,8890,449.97,2
FC-14245,CA-2017-167640,6514,286.93,3
FC-14245,CA-2017-167640,6515,206.38,4
FC-14245,CA-2017-117422,5431,161.57,5
FC-14245,CA-2017-144456,8326,158.38,6
FC-14245,CA-2017-144456,8325,61.68,7
FC-14245,CA-2015-149517,9599,60.84,8
FC-14245,CA-2015-115693,6361,56.3,9
FC-14245,CA-2017-167640,6512,23.88,10
FC-14245,CA-2017-167640,6513,11.52,11
FC-14245,CA-2017-117422,5433,6.22,12
FC-14245,CA-2017-117422,5432,4.06,13
FC-14245,CA-2015-104059,8274,3.42,14
FC-14335,CA-2017-107517,6839,1640.7,1
FC-14335,CA-2016-138968,7649,1352.03,2
FC-14335,CA-2017-107517,6840,371.2,3
FC-14335,US-2014-134054,9275,255.85,4
FC-14335,CA-2015-121405,6435,180.96,5
FC-14335,CA-2015-138492,8589,51.97,6
FC-14335,CA-2015-121405,6434,23.52,7
FC-14335,US-2017-126081,3573,5.18,8
FC-14335,CA-2016-138968,7648,4.54,9
FC-14335,CA-2015-107741,5174,3.41,10
FG-14260,CA-2014-152443,5877,447.86,1
FG-14260,CA-2017-127460,3107,298.46,2
FG-14260,CA-2014-152443,5879,245.88,3
FG-14260,CA-2017-155607,5135,93.34,4
FG-14260,CA-2017-106033,1329,87.92,5
FG-14260,CA-2017-101308,3979,84.78,6
FG-14260,CA-2017-155607,5134,58.73,7
FG-14260,CA-2014-101833,9461,34.44,8
FG-14260,CA-2014-152443,5878,17.94,9
FG-14260,CA-2017-101308,3978,8.94,10
FG-14260,CA-2017-160801,7791,4.84,11
FH-14275,CA-2017-104640,3218,931.18,1
FH-14275,CA-2017-121503,1913,597.13,2
FH-14275,CA-2014-100916,7573,591.32,3
FH-14275,CA-2017-104640,3219,430.88,4
FH-14275,CA-2017-128370,1848,362.35,5
FH-14275,CA-2014-153808,8841,299.97,6
FH-14275,CA-2016-152170,1137,287.52,7
FH-14275,CA-2017-121503,1912,273.9,8
FH-14275,CA-2014-100916,7572,194.7,9
FH-14275,CA-2014-153808,8839,70.95,10
FH-14275,CA-2014-153808,8840,65.57,11
FH-14275,CA-2016-152170,1138,37.68,12
FH-14275,CA-2017-104318,8622,20.77,13
FH-14275,CA-2016-152170,1140,20.58,14
FH-14275,CA-2016-152170,1139,19.98,15
FH-14275,CA-2016-152170,1141,17.38,16
FH-14275,CA-2016-168557,8468,8.93,17
FH-14275,CA-2017-162474,9392,7.99,18
FH-14275,CA-2017-107832,3554,7.48,19
FH-14275,CA-2017-128370,1849,7.18,20
FH-14275,CA-2014-100916,7574,2.84,21
FH-14350,CA-2017-104801,2731,799.96,1
FH-14350,CA-2015-165624,4014,542.94,2
FH-14350,CA-2015-165624,4019,251.91,3
FH-14350,CA-2015-165624,4016,193.8,4
FH-14350,CA-2017-106831,4840,158.38,5
FH-14350,CA-2017-104801,2732,107.53,6
FH-14350,CA-2015-165624,4018,97.88,7
FH-14350,CA-2017-106831,4839,27.74,8
FH-14350,CA-2015-165624,4020,25.86,9
FH-14350,CA-2015-148859,4037,24.82,10
FH-14350,CA-2015-165624,4017,21.4,11
FH-14350,CA-2015-165624,4015,8.64,12
FH-14350,CA-2017-104801,2730,6.63,13
FH-14350,CA-2017-106831,4838,3.8,14
FH-14365,CA-2015-111829,1645,3149.93,1
FH-14365,CA-2015-162047,5764,1448.82,2
FH-14365,CA-2015-111829,1644,1247.64,3
FH-14365,CA-2014-169684,6537,328.59,4
FH-14365,CA-2017-121398,6076,270.62,5
FH-14365,CA-2015-111829,1646,209.7,6
FH-14365,CA-2017-121398,6075,153.55,7
FH-14365,CA-2014-169684,6538,98.35,8
FH-14365,CA-2017-109750,3197,29.97,9
FH-14365,CA-2016-104689,9205,23.04,10
FH-14365,US-2017-124303,200,16.06,11
FH-14365,CA-2017-126676,8591,7.98,12
FH-14365,US-2017-124303,199,2.95,13
FM-14215,US-2017-164056,1728,1048.35,1
FM-14215,CA-2014-114790,7017,587.97,2
FM-14215,CA-2017-127929,2295,181.95,3
FM-14215,CA-2014-114790,7015,146.76,4
FM-14215,CA-2016-104983,9773,123.92,5
FM-14215,CA-2016-134516,5607,98.39,6
FM-14215,US-2016-101196,3772,82.37,7
FM-14215,CA-2016-132143,2283,48.16,8
FM-14215,CA-2014-114790,7016,32.96,9
FM-14215,CA-2016-124814,4501,23.2,10
FM-14215,CA-2017-143651,4932,23.1,11
FM-14215,CA-2016-134516,5606,17.09,12
FM-14215,CA-2014-114790,7018,14.94,13
FM-14215,CA-2014-114643,1856,14.52,14
FM-14215,CA-2016-124814,4500,12.96,15
FM-14290,CA-2016-114867,9674,1499.97,1
FM-14290,CA-2017-146535,3591,1443.96,2
FM-14290,US-2017-129777,3663,258.9,3
FM-14290,CA-2014-123260,187,176.8,4
FM-14290,US-2017-153948,5903,59.94,5
FM-14290,CA-2017-121160,9227,52.75,6
FM-14290,US-2017-153948,5904,45.36,7
FM-14290,CA-2016-155488,1001,44.02,8
FM-14290,US-2017-153948,5906,41.4,9
FM-14290,US-2017-153948,5905,26.4,10
FM-14290,US-2017-129777,3664,24.56,11
FM-14290,US-2017-153948,5907,16.95,12
FM-14290,CA-2015-130554,5876,11.74,13
FM-14290,CA-2016-114867,9673,7.97,14
FM-14290,CA-2017-121160,9224,7.54,15
FM-14290,CA-2016-103163,3577,4.78,16
FM-14290,CA-2016-103163,3578,4.73,17
FM-14290,CA-2017-121160,9226,4.14,18
FM-14290,CA-2017-146535,3590,2.88,19
FM-14290,CA-2017-121160,9225,1.41,20
FM-14380,CA-2015-124499,9263,389.97,1
FM-14380,CA-2015-112711,7796,307.17,2
FM-14380,US-2016-135720,633,300.77,3
FM-14380,CA-2015-124499,9264,269.91,4
FM-14380,CA-2016-146150,8172,264.18,5
FM-14380,US-2016-135720,631,243.38,6
FM-14380,CA-2017-134796,7454,148.48,7
FM-14380,CA-2016-141082,1313,122.12,8
FM-14380,CA-2015-136147,8624,121.1,9
FM-14380,US-2016-135720,632,119.8,10
FM-14380,CA-2015-136147,8625,111.96,11
FM-14380,CA-2017-163321,2746,79.99,12
FM-14380,CA-2016-145842,3537,40.74,13
FM-14380,CA-2016-141082,1312,3.69,14
FO-14305,CA-2014-132612,1812,1441.3,1
FO-14305,US-2015-115343,8855,617.98,2
FO-14305,CA-2017-141992,2481,153.58,3
FO-14305,US-2017-107979,9645,89.54,4
FO-14305,CA-2015-103093,7764,74.52,5
FO-14305,US-2017-107979,9647,72.59,6
FO-14305,US-2015-115343,8854,55.6,7
FO-14305,CA-2017-144036,3723,35.71,8
FO-14305,US-2017-107979,9646,35.17,9
FO-14305,US-2016-142251,6138,32.06,10
FO-14305,CA-2016-112578,8764,27.96,11
FO-14305,CA-2016-112578,8763,14.03,12
FO-14305,CA-2017-141992,2480,11.18,13
FO-14305,CA-2017-106943,1073,8.64,14
FO-14305,CA-2015-132136,7782,8.57,15
FP-14320,CA-2016-111213,5142,1317.49,1
FP-14320,CA-2014-138128,8124,1079.98,2
FP-14320,US-2015-168704,8929,609.98,3
FP-14320,CA-2017-137099,566,374.38,4
FP-14320,US-2015-168704,8931,239.98,5
FP-14320,US-2015-168704,8930,211.37,6
FP-14320,CA-2016-111213,5143,63.84,7
FP-14320,CA-2016-125850,5752,44.4,8
FP-14320,US-2016-153129,1435,33.9,9
FP-14320,CA-2014-138128,8123,30.67,10
FP-14320,CA-2016-125850,5753,20.65,11
FP-14320,CA-2014-138737,7237,8.64,12
FP-14320,CA-2017-113572,8331,7.88,13
FP-14320,CA-2016-111213,5144,3.59,14
FW-14395,CA-2016-139409,9142,43.6,1
FW-14395,CA-2015-121552,7654,19.56,2
FW-14395,CA-2017-118668,9686,16.59,3
GA-14515,CA-2015-155306,2756,1447.65,1
GA-14515,CA-2015-155306,2755,783.96,2
GA-14515,CA-2016-132731,3525,657.55,3
GA-14515,CA-2015-155306,2754,323.37,4
GA-14515,CA-2017-136350,4050,276.69,5
GA-14515,CA-2017-136350,4051,172.76,6
GA-14515,US-2017-143175,7088,99.87,7
GA-14515,CA-2017-138870,9855,50.32,8
GA-14515,CA-2014-120950,9857,43.68,9
GA-14515,CA-2017-138870,9856,24.56,10
GA-14515,CA-2016-106915,7729,17.86,11
GA-14515,CA-2015-155306,2757,11.96,12
GA-14515,CA-2015-155306,2753,5.56,13
GA-14515,CA-2014-133963,9833,3.98,14
GA-14725,CA-2014-168368,9258,332.94,1
GA-14725,CA-2014-131247,6139,205.67,2
GA-14725,CA-2017-114636,875,192.16,3
GA-14725,CA-2017-110842,2838,121.6,4
GA-14725,CA-2014-168368,9260,64.96,5
GA-14725,CA-2014-168368,9255,60.89,6
GA-14725,CA-2014-168368,9259,51.9,7
GA-14725,CA-2017-107503,849,48.9,8
GA-14725,CA-2017-134194,7944,44.69,9
GA-14725,CA-2017-134194,7946,40.98,10
GA-14725,CA-2017-152786,5387,40.41,11
GA-14725,CA-2017-134194,7943,39.58,12
GA-14725,CA-2017-134194,7945,31.74,13
GA-14725,CA-2014-138072,6060,27.97,14
GA-14725,CA-2017-110842,2837,19.44,15
GA-14725,US-2015-126235,4631,17.14,16
GA-14725,CA-2014-168368,9256,14.94,17
GA-14725,CA-2015-149993,5588,10.9,18
GA-14725,CA-2017-110842,2836,10.89,19
GA-14725,CA-2014-168368,9257,9.64,20
GA-14725,US-2015-110163,2802,7.88,21
GA-14725,CA-2017-134194,7947,3.17,22
GB-14530,CA-2016-159912,4684,241.92,1
GB-14530,CA-2016-164672,1602,211.96,2
GB-14530,CA-2015-131422,1833,207.0,3
GB-14530,CA-2016-149314,1159,195.18,4
GB-14530,CA-2014-140228,3611,177.57,5
GB-14530,CA-2016-159912,4685,163.88,6
GB-14530,CA-2017-129028,6008,127.95,7
GB-14530,CA-2017-160983,899,46.96,8
GB-14530,CA-2015-149566,8548,39.0,9
GB-14530,CA-2014-140228,3610,27.1,10
GB-14530,CA-2015-126186,8550,24.64,11
GB-14530,CA-2015-167745,3761,24.4,12
GB-14530,CA-2015-167745,3760,16.9,13
GB-14530,CA-2015-149566,8549,12.6,14
GB-14530,CA-2015-167745,3759,11.68,15
GB-14530,CA-2016-159912,4687,10.58,16
GB-14530,CA-2016-128923,2033,9.39,17
GB-14530,CA-2016-128923,2034,9.33,18
GB-14530,CA-2014-140228,3609,6.91,19
GB-14530,CA-2016-159912,4686,3.49,20
GB-14575,CA-2015-158421,6176,1690.04,1
GB-14575,CA-2015-158421,6184,887.84,2
GB-14575,CA-2015-158421,6181,629.95,3
GB-14575,CA-2017-130309,4342,544.38,4
GB-14575,US-2017-147984,4784,279.9,5
GB-14575,CA-2015-158421,6178,121.96,6
GB-14575,CA-2015-158421,6182,113.73,7
GB-14575,CA-2016-137337,7234,113.6,8
GB-14575,CA-2015-158421,6177,85.96,9
GB-14575,CA-2016-137337,7236,69.46,10
GB-14575,CA-2015-158421,6180,63.96,11
GB-14575,CA-2015-139850,2981,43.3,12
GB-14575,CA-2015-158421,6179,23.92,13
GB-14575,CA-2015-139850,2980,20.74,14
GB-14575,CA-2015-158421,6183,14.6,15
GB-14575,CA-2016-137337,7235,12.96,16
GD-14590,CA-2017-150420,5926,1099.5,1
GD-14590,CA-2016-121223,614,728.95,2
GD-14590,CA-2014-111934,8597,35.44,3
GD-14590,CA-2014-111934,8596,11.88,4
GD-14590,CA-2016-121223,613,8.45,5
GD-14590,CA-2017-162880,6807,3.86,6
GG-14650,CA-2017-131807,7956,435.17,1
GG-14650,CA-2014-106439,2065,405.64,2
GG-14650,CA-2014-106439,2067,251.91,3
GG-14650,CA-2017-131807,7960,206.35,4
GG-14650,US-2015-136476,119,157.79,5
GG-14650,CA-2014-106439,2066,146.35,6
GG-14650,CA-2016-129686,1772,97.98,7
GG-14650,CA-2014-106439,2061,80.3,8
GG-14650,CA-2017-131807,7959,72.9,9
GG-14650,CA-2014-106439,2063,64.74,10
GG-14650,CA-2016-129686,1773,62.4,11
GG-14650,US-2017-145597,7377,54.34,12
GG-14650,CA-2016-153353,2956,39.99,13
GG-14650,US-2016-114776,1133,19.44,14
GG-14650,CA-2014-106439,2064,19.3,15
GG-14650,CA-2014-106439,2062,15.97,16
GG-14650,CA-2017-131807,7958,15.8,17
GG-14650,CA-2017-131807,7957,14.9,18
GG-14650,CA-2017-118122,7120,13.9,19
GG-14650,CA-2014-106439,2068,12.39,20
GG-14650,CA-2017-157112,6596,11.76,21
GG-14650,CA-2014-106439,2060,11.34,22
GG-14650,CA-2017-131807,7961,7.99,23
GG-14650,CA-2017-157112,6597,5.34,24
GH-14410,CA-2017-163006,5157,1001.58,1
GH-14410,CA-2017-159282,7282,599.99,2
GH-14410,CA-2017-163006,5158,569.06,3
GH-14410,CA-2017-132647,4654,166.45,4
GH-14410,US-2015-164966,6550,155.88,5
GH-14410,CA-2014-128986,3156,93.02,6
GH-14410,CA-2016-144540,4615,62.79,7
GH-14410,CA-2014-114125,8174,41.9,8
GH-14410,CA-2016-144540,4616,28.44,9
GH-14410,US-2017-131849,3855,26.4,10
GH-14410,CA-2014-114125,8175,23.92,11
GH-14410,CA-2017-163006,5159,14.22,12
GH-14410,CA-2016-118934,9161,11.88,13
GH-14410,CA-2017-132647,4653,11.76,14
GH-14410,US-2017-131849,3854,4.95,15
GH-14410,CA-2016-118934,9160,4.34,16
GH-14410,CA-2014-114125,8173,2.88,17
GH-14425,CA-2014-144414,6818,3266.38,1
GH-14425,CA-2015-144806,1525,247.1,2
GH-14425,CA-2015-144806,1522,206.11,3
GH-14425,CA-2015-144806,1524,198.27,4
GH-14425,CA-2017-141138,7352,111.79,5
GH-14425,CA-2015-144806,1526,86.3,6
GH-14425,CA-2015-144806,1523,19.92,7
GH-14425,CA-2014-144414,6817,17.9,8
GH-14425,US-2015-120572,2711,12.83,9
GH-14425,CA-2014-144414,6816,6.24,10
GH-14485,CA-2016-117590,36,1097.54,1
GH-14485,CA-2016-117590,37,190.92,2
GH-14485,CA-2015-131352,8134,72.78,3
GH-14665,CA-2017-136539,955,78.85,1
GH-14665,CA-2015-163090,4421,40.92,2
GH-14665,CA-2017-136539,954,27.17,3
GK-14620,US-2016-116729,1806,2575.94,1
GK-14620,CA-2016-101546,4861,1793.98,2
GK-14620,CA-2015-161767,6952,479.99,3
GK-14620,US-2014-165862,4552,351.22,4
GK-14620,CA-2014-164469,4847,263.96,5
GK-14620,US-2016-116729,1808,254.24,6
GK-14620,CA-2016-162138,324,251.52,7
GK-14620,CA-2015-164567,7597,225.58,8
GK-14620,CA-2016-162138,325,99.99,9
GK-14620,CA-2014-164469,4848,71.63,10
GK-14620,CA-2015-133396,9671,64.68,11
GK-14620,US-2016-116729,1807,45.36,12
GK-14620,CA-2017-139444,6256,9.86,13
GK-14620,CA-2014-164469,4849,9.33,14
GM-14440,CA-2014-154893,5639,1325.76,1
GM-14440,CA-2016-161025,6160,772.68,2
GM-14440,CA-2014-154893,5640,572.16,3
GM-14440,US-2017-121251,1861,257.57,4
GM-14440,US-2014-155544,8346,218.38,5
GM-14440,US-2017-168613,7171,145.76,6
GM-14440,US-2017-121251,1862,119.96,7
GM-14440,CA-2017-146031,2713,60.12,8
GM-14440,US-2014-155544,8344,59.2,9
GM-14440,US-2014-155544,8345,32.95,10
GM-14440,CA-2017-135783,805,18.28,11
GM-14455,CA-2017-151981,6399,824.95,1
GM-14455,CA-2014-138940,4862,758.35,2
GM-14455,US-2016-161396,1404,419.4,3
GM-14455,CA-2017-122595,3332,227.98,4
GM-14455,CA-2017-151981,6401,227.88,5
GM-14455,US-2016-161396,1403,205.18,6
GM-14455,CA-2016-159695,89,158.37,7
GM-14455,US-2014-143231,2343,113.97,8
GM-14455,US-2014-143231,2342,63.2,9
GM-14455,CA-2017-122595,3333,52.68,10
GM-14455,CA-2017-151981,6400,24.64,11
GM-14455,CA-2017-122595,3334,2.03,12
GM-14500,CA-2015-127173,5119,629.93,1
GM-14500,US-2017-111241,2025,239.12,2
GM-14500,US-2017-123834,7845,124.4,3
GM-14500,CA-2015-127173,5120,79.06,4
GM-14500,CA-2016-137393,9676,41.6,5
GM-14500,CA-2015-167374,5104,40.03,6
GM-14500,CA-2015-127173,5118,34.44,7
GM-14500,CA-2015-167374,5105,16.78,8
GM-14500,CA-2016-119445,1286,14.9,9
GM-14500,CA-2017-134418,7735,12.42,10
GM-14500,CA-2015-169733,8474,9.95,11
GM-14500,CA-2016-117625,9379,7.07,12
GM-14500,CA-2014-141901,7070,5.98,13
GM-14680,CA-2014-103310,9198,1432.0,1
GM-14680,CA-2016-106243,6946,523.92,2
GM-14680,CA-2016-139157,2229,330.59,3
GM-14680,CA-2017-126144,9439,285.58,4
GM-14680,CA-2014-103310,9200,256.78,5
GM-14680,US-2016-139710,1927,177.48,6
GM-14680,CA-2014-103310,9199,41.04,7
GM-14680,CA-2014-127012,1240,40.97,8
GM-14680,CA-2014-103310,9197,39.96,9
GM-14680,CA-2014-127012,1241,22.96,10
GM-14680,CA-2014-127012,1239,12.35,11
GM-14695,CA-2014-102988,3281,4164.05,1
GM-14695,CA-2017-102750,2478,1322.35,2
GM-14695,CA-2016-100244,3412,271.98,3
GM-14695,CA-2016-100244,3414,77.52,4
GM-14695,CA-2016-100244,3411,65.79,5
GM-14695,CA-2016-100244,3415,48.64,6
GM-14695,CA-2014-102988,3278,28.99,7
GM-14695,CA-2014-102988,3277,22.96,8
GM-14695,CA-2014-102988,3280,22.96,9
GM-14695,CA-2014-102988,3279,12.96,10
GM-14695,CA-2016-100244,3413,11.76,11
GP-14740,CA-2015-117961,2030,104.9,1
GP-14740,CA-2015-117961,2031,61.04,2
GP-14740,CA-2014-136742,869,44.91,3
GP-14740,CA-2015-117961,2029,14.73,4
GP-14740,CA-2015-117961,2032,10.95,5
GR-14560,US-2014-123183,5395,1025.88,1
GR-14560,US-2014-123183,5394,213.08,2
GR-14560,US-2014-123183,5392,22.5,3
GR-14560,CA-2014-103401,4499,12.96,4
GR-14560,US-2014-123183,5393,9.96,5
GT-14635,US-2017-168116,684,7999.98,1
GT-14635,CA-2014-159520,2142,991.76,2
GT-14635,US-2017-168116,685,167.44,3
GT-14635,CA-2014-159520,2140,149.54,4
GT-14635,CA-2015-144386,3310,25.34,5
GT-14635,CA-2014-159520,2141,17.14,6
GT-14710,CA-2014-128209,6536,4007.84,1
GT-14710,CA-2014-128209,6535,2152.78,2
GT-14710,CA-2015-124450,1023,1379.92,3
GT-14710,CA-2015-124450,1022,1267.53,4
GT-14710,CA-2017-161774,6408,899.43,5
GT-14710,US-2016-169040,2935,431.98,6
GT-14710,US-2016-169040,2938,248.08,7
GT-14710,CA-2016-123274,855,242.94,8
GT-14710,US-2014-135881,7013,208.16,9
GT-14710,US-2016-169040,2939,189.7,10
GT-14710,US-2016-169040,2934,156.79,11
GT-14710,CA-2017-161774,6412,76.86,12
GT-14710,CA-2016-106460,7538,70.88,13
GT-14710,US-2016-169040,2940,59.81,14
GT-14710,CA-2017-161774,6410,47.95,15
GT-14710,US-2016-169040,2937,47.21,16
GT-14710,CA-2017-161774,6409,46.2,17
GT-14710,CA-2016-123274,854,44.46,18
GT-14710,CA-2017-126956,828,37.24,19
GT-14710,US-2016-169040,2936,35.89,20
GT-14710,CA-2017-126956,827,35.0,21
GT-14710,CA-2016-126795,6594,33.57,22
GT-14710,CA-2015-124450,1021,22.74,23
GT-14710,CA-2017-151190,6145,20.07,24
GT-14710,US-2014-135881,7011,17.96,25
GT-14710,CA-2017-126956,829,15.28,26
GT-14710,CA-2017-101945,554,10.82,27
GT-14710,CA-2017-161774,6411,7.99,28
GT-14710,US-2014-135881,7012,5.04,29
GT-14755,CA-2015-105725,4739,61.06,1
GT-14755,CA-2017-104745,372,53.42,2
GT-14755,CA-2015-105725,4740,35.54,3
GT-14755,CA-2017-130526,3853,33.57,4
GT-14755,CA-2017-104745,371,25.92,5
GT-14755,CA-2016-130029,3565,12.96,6
GT-14755,CA-2016-130029,3566,3.96,7
GW-14605,CA-2017-155075,4498,631.18,1
GW-14605,CA-2014-168312,8311,376.51,2
GW-14605,CA-2016-108105,9079,318.08,3
GW-14605,CA-2015-135489,6629,279.86,4
GW-14605,CA-2014-124709,3866,238.0,5
GW-14605,CA-2014-168312,8310,137.35,6
GW-14605,CA-2016-169334,7822,111.67,7
GW-14605,US-2017-113852,1845,90.57,8
GW-14605,CA-2016-108105,9080,5.8,9
GZ-14470,CA-2016-131737,4402,971.5,1
GZ-14470,CA-2016-131737,4401,901.95,2
GZ-14470,CA-2015-123141,6709,883.84,3
GZ-14470,CA-2014-124723,8894,489.23,4
GZ-14470,CA-2017-126928,8878,480.0,5
GZ-14470,CA-2015-123141,6710,230.35,6
GZ-14470,CA-2016-131737,4400,199.9,7
GZ-14470,CA-2017-156769,4127,54.66,8
GZ-14470,CA-2014-132500,739,49.98,9
GZ-14470,CA-2017-126928,8879,34.05,10
GZ-14470,CA-2016-129903,103,23.92,11
GZ-14470,CA-2015-154795,4337,14.37,12
GZ-14470,US-2017-123463,883,13.48,13
GZ-14470,CA-2015-154795,4336,7.92,14
GZ-14545,US-2017-167318,8302,1649.95,1
GZ-14545,CA-2017-140515,9228,381.36,2
GZ-14545,US-2017-167318,8303,362.35,3
GZ-14545,CA-2014-107153,1325,46.26,4
GZ-14545,CA-2017-137001,7262,14.7,5
HA-14905,CA-2017-130141,4643,579.14,1
HA-14905,CA-2016-145611,8046,393.25,2
HA-14905,CA-2015-134075,6240,360.38,3
HA-14905,CA-2014-146640,1414,334.77,4
HA-14905,CA-2017-123036,6887,259.9,5
HA-14905,CA-2015-134075,6239,166.5,6
HA-14905,CA-2017-123036,6886,37.06,7
HA-14905,CA-2015-153073,5113,17.5,8
HA-14905,CA-2015-105634,1918,11.65,9
HA-14905,CA-2017-130141,4642,3.17,10
HA-14920,CA-2015-110744,146,671.93,1
HA-14920,US-2016-113649,3519,569.54,2
HA-14920,CA-2014-157924,4169,433.57,3
HA-14920,CA-2015-155334,272,209.93,4
HA-14920,CA-2016-154018,2164,191.98,5
HA-14920,CA-2015-136735,4318,167.86,6
HA-14920,CA-2016-154018,2166,139.92,7
HA-14920,US-2016-113649,3518,44.78,8
HA-14920,CA-2014-157924,4168,31.92,9
HA-14920,US-2016-113649,3517,30.82,10
HA-14920,CA-2017-117044,4369,20.54,11
HA-14920,CA-2016-154018,2167,15.87,12
HA-14920,CA-2017-157651,1318,14.2,13
HA-14920,CA-2015-155334,274,10.92,14
HA-14920,CA-2017-117044,4368,10.53,15
HA-14920,CA-2016-154018,2165,8.29,16
HA-14920,CA-2016-154018,2168,6.29,17
HA-14920,CA-2015-155334,273,5.28,18
HD-14785,CA-2014-119172,9591,104.58,1
HD-14785,CA-2015-162376,8746,59.94,2
HD-14785,CA-2015-157343,8538,25.92,3
HD-14785,CA-2015-157343,8537,18.31,4
HD-14785,CA-2014-119172,9590,17.47,5
HD-14785,CA-2015-162376,8745,17.12,6
HD-14785,CA-2015-157343,8539,8.02,7
HE-14800,CA-2017-140480,8409,174.95,1
HE-14800,CA-2016-114944,8176,156.51,2
HE-14800,CA-2017-140480,8406,141.9,3
HE-14800,CA-2016-146374,9967,109.69,4
HE-14800,CA-2017-143252,8932,99.95,5
HE-14800,CA-2017-140480,8405,83.92,6
HE-14800,CA-2017-140480,8407,39.98,7
HE-14800,CA-2017-143252,8933,29.34,8
HE-14800,CA-2017-140480,8408,28.91,9
HE-14800,CA-2016-146374,9965,13.4,10
HE-14800,CA-2016-146374,9966,4.98,11
HF-14995,CA-2016-117681,5400,556.67,1
HF-14995,CA-2016-164784,2665,370.62,2
HF-14995,US-2016-147711,6779,344.94,3
HF-14995,CA-2016-104276,7202,331.02,4
HF-14995,CA-2014-153969,3166,239.98,5
HF-14995,CA-2014-158029,2752,225.3,6
HF-14995,CA-2016-104276,7201,116.76,7
HF-14995,CA-2014-153969,3163,78.35,8
HF-14995,CA-2014-153969,3164,59.52,9
HF-14995,US-2016-147711,6782,58.48,10
HF-14995,CA-2014-153969,3165,38.52,11
HF-14995,CA-2017-129833,1691,33.45,12
HF-14995,CA-2014-153969,3167,19.35,13
HF-14995,CA-2014-153969,3162,15.56,14
HF-14995,US-2016-147711,6780,14.76,15
HF-14995,US-2016-147711,6781,12.76,16
HF-14995,CA-2017-129833,1692,10.4,17
HF-14995,CA-2016-164784,2664,3.98,18
HF-14995,CA-2016-164784,2666,2.74,19
HG-14845,CA-2017-141873,3821,314.35,1
HG-14845,CA-2017-122763,8999,274.06,2
HG-14845,CA-2017-122763,8998,56.7,3
HG-14845,CA-2014-142727,2891,51.96,4
HG-14845,CA-2017-141873,3822,18.98,5
HG-14845,CA-2017-141873,3823,18.24,6
HG-14845,CA-2017-150504,9482,18.16,7
HG-14845,CA-2014-142727,2892,17.94,8
HG-14845,CA-2017-141873,3820,12.82,9
HG-14845,US-2015-161347,6353,2.41,10
HG-14965,US-2017-122714,4992,1889.99,1
HG-14965,CA-2016-145919,1317,579.3,2
HG-14965,US-2017-122672,9607,194.35,3
HG-14965,CA-2016-145919,1316,183.84,4
HG-14965,US-2017-122672,9606,70.72,5
HG-14965,CA-2015-169201,2255,43.56,6
HG-14965,CA-2015-169201,2254,43.26,7
HG-14965,CA-2016-146437,8613,39.68,8
HG-14965,CA-2016-145919,1315,38.88,9
HG-14965,CA-2015-122168,8516,35.76,10
HG-14965,CA-2016-109407,4612,31.36,11
HG-14965,US-2017-160143,7536,29.7,12
HG-14965,CA-2015-102806,6920,24.59,13
HG-14965,CA-2015-122168,8515,17.52,14
HG-14965,CA-2015-156118,8626,15.7,15
HG-14965,CA-2014-126480,8956,8.56,16
HG-14965,US-2014-152723,2107,0.88,17
HG-15025,CA-2014-163748,5757,1999.96,1
HG-15025,CA-2015-165162,6688,1117.92,2
HG-15025,CA-2017-169978,3315,271.76,3
HG-15025,CA-2016-111794,2667,79.51,4
HG-15025,US-2016-156692,6022,71.98,5
HG-15025,CA-2017-117821,5497,63.92,6
HG-15025,CA-2016-111794,2668,28.35,7
HG-15025,CA-2017-146724,2782,22.0,8
HG-15025,US-2016-156692,6021,17.34,9
HG-15025,CA-2017-169978,3316,14.38,10
HG-15025,CA-2014-163748,5756,3.16,11
HH-15010,CA-2014-135699,1651,109.92,1
HH-15010,CA-2017-131492,3058,31.5,2
HH-15010,CA-2017-131492,3059,30.56,3
HH-15010,CA-2017-131492,3060,24.37,4
HH-15010,CA-2014-135699,1652,13.36,5
HH-15010,CA-2017-131492,3057,8.96,6
HJ-14875,CA-2016-166772,9281,163.88,1
HJ-14875,CA-2015-100216,4171,54.82,2
HJ-14875,CA-2017-132584,9585,53.72,3
HJ-14875,CA-2016-118500,8666,49.5,4
HJ-14875,CA-2015-100216,4170,31.1,5
HJ-14875,CA-2016-165470,3464,5.08,6
HK-14890,US-2017-141677,7174,2399.96,1
HK-14890,CA-2015-150875,4193,696.42,2
HK-14890,CA-2014-144281,9697,491.55,3
HK-14890,CA-2015-150875,4194,304.78,4
HK-14890,CA-2015-109862,6540,291.1,5
HK-14890,CA-2015-109862,6539,158.99,6
HK-14890,US-2017-141677,7173,143.96,7
HK-14890,US-2017-141677,7176,87.17,8
HK-14890,US-2017-141677,7175,74.35,9
HK-14890,CA-2017-124576,2186,54.9,10
HK-14890,CA-2016-165484,1811,54.82,11
HK-14890,CA-2016-130001,359,36.24,12
HK-14890,CA-2017-126382,205,35.17,13
HK-14890,US-2017-141677,7177,32.23,14
HK-14890,CA-2016-165484,1810,16.16,15
HL-15040,CA-2017-166709,4191,10499.97,1
HL-15040,US-2014-147627,1127,1067.94,2
HL-15040,US-2014-147627,1122,699.93,3
HL-15040,CA-2016-101987,4688,440.91,4
HL-15040,US-2014-147627,1124,38.6,5
HL-15040,CA-2014-127159,1658,34.79,6
HL-15040,US-2014-147627,1126,23.34,7
HL-15040,US-2014-147627,1123,22.96,8
HL-15040,CA-2017-134607,2978,22.58,9
HL-15040,CA-2016-140634,897,15.65,10
HL-15040,US-2014-147627,1125,6.63,11
HM-14860,US-2015-128587,8991,4899.93,1
HM-14860,US-2016-110170,2404,956.66,2
HM-14860,CA-2014-129189,8024,657.93,3
HM-14860,CA-2016-100510,9273,631.96,4
HM-14860,CA-2017-125199,1363,309.58,5
HM-14860,CA-2015-118871,4561,271.44,6
HM-14860,CA-2017-125199,1361,123.26,7
HM-14860,CA-2015-118871,4562,110.35,8
HM-14860,CA-2014-129189,8023,87.92,9
HM-14860,CA-2017-127117,5646,74.45,10
HM-14860,CA-2015-118871,4563,36.4,11
HM-14860,CA-2017-125199,1362,23.68,12
HM-14860,CA-2016-100510,9272,10.02,13
HM-14860,US-2015-128587,8990,9.68,14
HM-14860,CA-2017-132738,5091,8.78,15
HM-14860,CA-2017-132738,5090,7.97,16
HM-14860,CA-2017-129805,2432,7.4,17
HM-14860,CA-2014-129189,8022,4.99,18
HM-14860,CA-2017-146367,5243,3.32,19
HM-14860,CA-2014-129189,8025,1.04,20
HM-14980,CA-2015-129917,6955,503.96,1
HM-14980,CA-2017-151281,8638,139.58,2
HM-14980,CA-2015-129917,6954,53.57,3
HM-14980,CA-2017-130904,8319,20.99,4
HM-14980,CA-2015-129917,6953,11.81,5
HM-14980,CA-2016-106075,71,4.62,6
HM-14980,CA-2017-130904,8318,1.75,7
HP-14815,CA-2017-111689,881,1242.9,1
HP-14815,CA-2015-156853,9557,184.66,2
HP-14815,CA-2014-121664,1335,140.74,3
HP-14815,CA-2014-122217,7143,111.15,4
HP-14815,CA-2017-161893,9654,95.98,5
HP-14815,CA-2015-122259,398,70.12,6
HP-14815,US-2015-118983,15,68.81,7
HP-14815,CA-2017-111689,880,68.47,8
HP-14815,CA-2017-161893,9655,4.94,9
HP-14815,US-2015-118983,16,2.54,10
HR-14770,CA-2015-103954,5035,687.4,1
HR-14770,CA-2017-165904,9444,219.18,2
HR-14770,CA-2017-113278,9865,159.8,3
HR-14770,CA-2017-113278,9861,67.8,4
HR-14770,CA-2017-113278,9859,67.4,5
HR-14770,CA-2017-113278,9866,18.96,6
HR-14770,CA-2017-113278,9862,18.76,7
HR-14770,CA-2017-165904,9443,16.26,8
HR-14770,CA-2017-113278,9863,12.12,9
HR-14770,CA-2017-106964,1025,11.81,10
HR-14770,CA-2017-113278,9864,11.34,11
HR-14770,US-2014-143707,5714,5.94,12
HR-14770,CA-2017-113278,9860,2.52,13
HR-14830,US-2017-135013,6902,2399.96,1
HR-14830,CA-2015-135538,2660,883.84,2
HR-14830,CA-2014-127131,1186,485.88,3
HR-14830,CA-2017-166184,7799,469.99,4
HR-14830,CA-2015-157287,8543,422.63,5
HR-14830,CA-2017-166184,7800,207.85,6
HR-14830,CA-2014-127131,1188,197.58,7
HR-14830,CA-2017-166184,7798,47.01,8
HR-14830,CA-2015-110632,2565,33.82,9
HR-14830,CA-2015-157287,8542,33.57,10
HR-14830,CA-2014-127131,1187,25.92,11
HR-14830,CA-2015-110632,2564,15.02,12
HR-14830,CA-2015-147011,6106,13.63,13
HR-14830,CA-2014-127131,1185,12.1,14
HW-14935,CA-2017-121559,9949,2405.2,1
HW-14935,CA-2017-121559,9948,1925.88,2
HW-14935,CA-2017-121027,5613,1496.16,3
HW-14935,CA-2017-121027,5612,843.9,4
HW-14935,CA-2017-140326,3513,825.17,5
HW-14935,CA-2016-140130,6420,368.97,6
HW-14935,CA-2016-136133,803,355.32,7
HW-14935,CA-2016-140130,6422,332.94,8
HW-14935,CA-2017-165491,2321,265.93,9
HW-14935,CA-2017-105809,802,215.97,10
HW-14935,CA-2017-121559,9950,83.97,11
HW-14935,CA-2017-121559,9951,39.89,12
HW-14935,CA-2015-103072,7216,25.92,13
HW-14935,CA-2017-105809,801,22.23,14
HW-14935,CA-2016-140130,6419,21.96,15
HW-14935,CA-2017-140326,3514,17.76,16
HW-14935,CA-2017-121559,9952,17.38,17
HW-14935,CA-2015-103072,7215,16.4,18
HW-14935,CA-2016-140130,6421,12.39,19
HW-14935,CA-2017-140326,3515,6.91,20
HZ-14950,CA-2017-124765,8661,723.92,1
HZ-14950,CA-2017-168739,3404,65.42,2
HZ-14950,CA-2017-157420,9039,55.18,3
HZ-14950,US-2016-154361,1693,21.88,4
HZ-14950,CA-2017-108931,9595,11.56,5
HZ-14950,CA-2017-108931,9594,8.56,6
IG-15085,CA-2015-101000,8467,370.14,1
IG-15085,CA-2017-158743,2800,145.85,2
IG-15085,CA-2016-159345,1552,111.96,3
IG-15085,CA-2014-143168,7117,61.96,4
IG-15085,CA-2017-158743,2799,39.96,5
IG-15085,CA-2017-158743,2798,13.36,6
IG-15085,CA-2014-143168,7118,1.34,7
IL-15100,CA-2017-143063,2190,1454.49,1
IL-15100,US-2015-114741,5560,1325.85,2
IL-15100,CA-2015-156482,4941,1268.82,3
IL-15100,CA-2015-151722,8769,288.0,4
IL-15100,CA-2015-156482,4942,283.92,5
IL-15100,CA-2017-143063,2189,121.3,6
IL-15100,CA-2016-111318,8705,115.14,7
IL-15100,CA-2017-143063,2188,70.08,8
IL-15100,CA-2016-169971,3789,62.38,9
IL-15100,CA-2014-152296,2173,19.75,10
IL-15100,US-2015-114741,5561,14.94,11
IL-15100,US-2015-114741,5559,6.48,12
IL-15100,CA-2015-156482,4943,5.68,13
IL-15100,CA-2016-169971,3788,3.91,14
IM-15055,CA-2016-129630,9930,2799.96,1
IM-15055,CA-2014-102645,9156,40.08,2
IM-15055,CA-2016-129630,9929,24.27,3
IM-15055,CA-2016-124527,6791,8.32,4
IM-15070,CA-2014-120768,1434,1819.86,1
IM-15070,CA-2015-154956,1253,1099.96,2
IM-15070,CA-2016-161389,14,407.98,3
IM-15070,CA-2015-104346,4791,364.95,4
IM-15070,CA-2016-140501,2087,324.9,5
IM-15070,CA-2014-120768,1432,152.76,6
IM-15070,CA-2016-140501,2088,146.73,7
IM-15070,CA-2016-140501,2085,122.12,8
IM-15070,CA-2015-104346,4792,85.06,9
IM-15070,CA-2016-109925,4984,84.84,10
IM-15070,CA-2015-104346,4786,69.58,11
IM-15070,CA-2015-104346,4788,58.08,12
IM-15070,CA-2015-104346,4790,54.92,13
IM-15070,CA-2015-104346,4789,52.42,14
IM-15070,CA-2015-104346,4793,27.7,15
IM-15070,CA-2016-140501,2086,18.45,16
IM-15070,CA-2015-104346,4785,13.12,17
IM-15070,CA-2015-100545,1706,11.61,18
IM-15070,CA-2014-120768,1433,7.27,19
IM-15070,CA-2015-104346,4787,4.22,20
IM-15070,CA-2016-140501,2089,3.96,21
JA-15970,CA-2017-158379,1804,4663.74,1
JA-15970,CA-2014-151295,2414,629.06,2
JA-15970,CA-2016-116526,6985,376.74,3
JA-15970,US-2017-150070,8125,161.57,4
JA-15970,CA-2014-131947,7602,148.7,5
JA-15970,CA-2017-158379,1805,79.98,6
JA-15970,CA-2014-131947,7603,55.92,7
JA-15970,CA-2017-128335,5140,51.55,8
JA-15970,CA-2014-131947,7600,40.24,9
JA-15970,CA-2014-131947,7599,38.26,10
JA-15970,CA-2014-131947,7601,29.93,11
JA-15970,CA-2017-102414,957,29.59,12
JA-15970,CA-2016-116526,6986,29.52,13
JA-15970,CA-2016-116526,6988,26.4,14
JA-15970,CA-2016-116526,6983,24.1,15
JA-15970,CA-2017-128335,5139,23.34,16
JA-15970,CA-2017-152261,7861,18.53,17
JA-15970,CA-2017-102414,959,15.55,18
JA-15970,CA-2014-151295,2413,11.96,19
JA-15970,CA-2016-116526,6987,11.96,20
JA-15970,CA-2016-116526,6984,8.78,21
JA-15970,CA-2017-158379,1803,5.61,22
JA-15970,CA-2014-131947,7598,5.25,23
JA-15970,CA-2017-102414,958,4.75,24
JB-15400,CA-2017-132339,4415,387.99,1
JB-15400,CA-2016-165316,836,265.48,2
JB-15400,CA-2017-158246,2122,215.98,3
JB-15400,CA-2017-117443,6998,175.87,4
JB-15400,CA-2015-121608,1859,137.62,5
JB-15400,US-2015-104185,2840,120.33,6
JB-15400,CA-2015-121608,1860,100.49,7
JB-15400,CA-2016-101189,9521,93.02,8
JB-15400,CA-2015-145821,1450,88.75,9
JB-15400,US-2014-100853,175,52.45,10
JB-15400,CA-2017-142125,7350,38.82,11
JB-15400,CA-2016-165316,834,35.22,12
JB-15400,CA-2016-165316,835,23.7,13
JB-15400,CA-2017-142125,7351,21.9,14
JB-15400,US-2014-100853,176,20.16,15
JB-15400,CA-2017-117443,6997,13.84,16
JB-15925,CA-2015-169397,224,479.99,1
JB-15925,CA-2014-150203,7715,250.26,2
JB-15925,CA-2015-169397,223,72.7,3
JB-15925,CA-2015-169397,225,27.17,4
JB-15925,CA-2015-169397,221,22.7,5
JB-15925,US-2015-167220,4754,22.37,6
JB-15925,CA-2015-169397,222,19.78,7
JB-15925,CA-2015-169397,220,5.58,8
JB-16000,CA-2017-124674,3024,327.73,1
JB-16000,CA-2017-107713,7922,174.3,2
JB-16000,US-2017-157224,6222,56.7,3
JB-16000,CA-2016-163937,6970,24.85,4
JB-16000,CA-2016-121993,4583,23.62,5
JB-16000,CA-2017-168179,5648,19.44,6
JB-16000,US-2017-159562,5217,17.48,7
JB-16045,CA-2016-139269,2988,1267.65,1
JB-16045,CA-2015-107937,3778,665.88,2
JB-16045,US-2016-155173,8443,431.94,3
JB-16045,US-2016-155173,8445,68.24,4
JB-16045,CA-2017-110625,8392,27.46,5
JB-16045,CA-2016-139269,2986,24.96,6
JB-16045,CA-2016-139269,2987,19.36,7
JB-16045,CA-2016-158302,8441,10.58,8
JB-16045,US-2016-155173,8444,2.04,9
JC-15340,US-2017-129441,533,47.94,1
JC-15340,CA-2016-102792,3687,9.84,2
JC-15340,CA-2016-154536,3617,9.56,3
JC-15340,CA-2014-100328,3084,3.93,4
JC-15385,CA-2017-108560,1622,786.48,1
JC-15385,CA-2017-108560,1621,198.46,2
JC-15385,CA-2017-108560,1624,50.0,3
JC-15385,CA-2017-108560,1623,23.17,4
JC-15775,CA-2016-118626,2555,705.54,1
JC-15775,CA-2017-112039,1877,470.38,2
JC-15775,CA-2017-109393,8039,436.0,3
JC-15775,CA-2017-121293,6786,259.92,4
JC-15775,CA-2015-127824,9415,249.58,5
JC-15775,US-2017-120607,5053,195.64,6
JC-15775,CA-2014-159184,3623,142.4,7
JC-15775,CA-2017-121293,6785,138.59,8
JC-15775,CA-2017-118360,4329,42.93,9
JC-15775,CA-2017-121293,6784,37.75,10
JC-15775,CA-2017-121293,6787,20.74,11
JC-15775,CA-2017-121293,6783,20.1,12
JC-15775,CA-2015-127824,9416,17.94,13
JC-15775,CA-2014-109127,9465,17.28,14
JC-15775,CA-2015-127824,9417,10.11,15
JC-15775,CA-2014-159184,3624,7.16,16
JC-16105,US-2014-167738,1268,292.27,1
JC-16105,CA-2015-149734,84,200.98,2
JC-16105,US-2014-167738,1267,142.86,3
JC-16105,CA-2017-139913,2895,69.08,4
JC-16105,CA-2014-141173,8844,67.15,5
JC-16105,CA-2017-139913,2896,35.88,6
JC-16105,CA-2017-139913,2894,26.4,7
JC-16105,CA-2017-126046,762,12.39,8
JC-16105,CA-2017-139913,2893,11.56,9
JD-15790,CA-2015-134719,5186,1801.63,1
JD-15790,CA-2016-134138,8161,227.96,2
JD-15790,US-2015-159513,5781,71.98,3
JD-15790,CA-2017-152485,1497,16.78,4
JD-15790,CA-2017-152485,1498,13.12,5
JD-15790,CA-2017-143294,7733,10.69,6
JD-15790,CA-2017-152485,1496,10.19,7
JD-15895,CA-2016-143805,8681,2104.55,1
JD-15895,CA-2016-144218,3787,1085.42,2
JD-15895,CA-2016-142545,300,1082.48,3
JD-15895,CA-2014-127866,8133,535.41,4
JD-15895,CA-2014-122336,342,509.97,5
JD-15895,CA-2016-168046,9361,428.68,6
JD-15895,CA-2016-136329,1412,408.01,7
JD-15895,CA-2016-168046,9359,313.72,8
JD-15895,CA-2016-136329,1413,165.28,9
JD-15895,CA-2015-127481,7795,97.88,10
JD-15895,CA-2016-110366,141,82.8,11
JD-15895,CA-2016-142545,302,77.6,12
JD-15895,CA-2016-157161,6966,75.98,13
JD-15895,CA-2014-122336,344,71.93,14
JD-15895,CA-2014-138436,4245,66.3,15
JD-15895,CA-2016-157161,6968,60.12,16
JD-15895,CA-2016-142545,301,56.91,17
JD-15895,CA-2016-168046,9360,45.98,18
JD-15895,CA-2016-168046,9358,43.12,19
JD-15895,CA-2014-127866,8130,41.94,20
JD-15895,CA-2016-143805,8682,40.7,21
JD-15895,CA-2016-142545,299,32.4,22
JD-15895,CA-2015-127481,7794,32.4,23
JD-15895,CA-2014-122336,343,30.99,24
JD-15895,CA-2016-157161,6965,24.1,25
JD-15895,CA-2016-157161,6964,22.32,26
JD-15895,CA-2014-122336,341,17.86,27
JD-15895,CA-2016-142545,303,14.28,28
JD-15895,CA-2014-127866,8132,13.12,29
JD-15895,CA-2014-127866,8131,11.96,30
JD-15895,CA-2016-157161,6963,10.2,31
JD-15895,CA-2016-157161,6967,6.46,32
JD-16015,CA-2017-156818,2705,132.6,1
JD-16015,CA-2014-110611,6356,83.92,2
JD-16015,US-2017-152569,5510,56.7,3
JD-16015,CA-2014-148950,1975,35.02,4
JD-16015,CA-2014-102085,4948,29.24,5
JD-16015,CA-2017-152198,8754,17.71,6
JD-16015,US-2017-152569,5511,11.12,7
JD-16015,CA-2017-152198,8756,6.26,8
JD-16015,CA-2014-148950,1973,5.1,9
JD-16015,CA-2017-152198,8755,4.86,10
JD-16015,CA-2014-148950,1974,2.9,11
JD-16060,CA-2017-168123,4745,221.16,1
JD-16060,CA-2014-123344,366,211.96,2
JD-16060,CA-2017-168123,4746,127.96,3
JD-16060,US-2015-125374,1061,107.77,4
JD-16060,CA-2017-168123,4747,18.69,5
JD-16060,CA-2017-168123,4744,7.9,6
JD-16150,CA-2017-168858,3444,2504.74,1
JD-16150,CA-2017-155880,2942,1526.56,2
JD-16150,US-2015-163279,5813,1487.98,3
JD-16150,CA-2016-116911,8784,1128.39,4
JD-16150,US-2015-147739,2330,547.14,5
JD-16150,CA-2017-155880,2943,368.97,6
JD-16150,CA-2014-119144,8711,344.91,7
JD-16150,CA-2014-119144,8710,305.97,8
JD-16150,US-2015-163279,5811,105.52,9
JD-16150,CA-2015-145184,3064,104.97,10
JD-16150,US-2015-163279,5812,91.96,11
JD-16150,CA-2017-155880,2941,90.99,12
JD-16150,CA-2015-145184,3063,83.97,13
JD-16150,CA-2014-119144,8709,79.97,14
JD-16150,CA-2016-116911,8783,20.42,15
JD-16150,CA-2016-147067,641,18.84,16
JD-16150,CA-2017-168858,3443,16.74,17
JE-15475,CA-2016-133795,5023,772.47,1
JE-15475,CA-2015-112116,1559,171.96,2
JE-15475,CA-2017-132934,890,149.95,3
JE-15475,CA-2016-133795,5022,72.64,4
JE-15475,CA-2017-132934,891,51.31,5
JE-15475,CA-2016-152632,479,40.2,6
JE-15475,CA-2016-133795,5024,39.92,7
JE-15475,CA-2015-163762,3794,29.79,8
JE-15475,US-2016-132577,6085,24.03,9
JE-15475,US-2016-132577,6084,23.62,10
JE-15475,US-2016-132577,6083,6.22,11
JE-15475,US-2016-132577,6087,4.49,12
JE-15475,US-2016-132577,6086,2.09,13
JE-15610,CA-2017-133263,5563,2999.95,1
JE-15610,CA-2015-121720,3119,1123.92,2
JE-15610,CA-2015-121720,3125,1036.62,3
JE-15610,CA-2015-121720,3126,563.81,4
JE-15610,CA-2017-119494,7036,523.39,5
JE-15610,US-2014-146353,4907,269.9,6
JE-15610,CA-2015-121720,3120,249.58,7
JE-15610,CA-2016-154081,8456,222.38,8
JE-15610,CA-2017-166317,1784,219.84,9
JE-15610,CA-2017-166317,1785,98.16,10
JE-15610,CA-2017-166317,1787,86.97,11
JE-15610,CA-2015-121720,3123,78.6,12
JE-15610,CA-2017-133263,5564,64.12,13
JE-15610,CA-2015-121720,3122,60.77,14
JE-15610,CA-2015-121720,3121,48.67,15
JE-15610,CA-2017-133263,5562,34.54,16
JE-15610,CA-2017-166317,1786,33.04,17
JE-15610,US-2014-146353,4906,22.92,18
JE-15610,US-2017-136707,4827,14.02,19
JE-15610,CA-2015-121720,3124,3.77,20
JE-15715,CA-2016-169670,8272,2563.06,1
JE-15715,CA-2016-105081,6632,1747.25,2
JE-15715,CA-2016-106950,7082,1012.68,3
JE-15715,CA-2016-105081,6631,698.35,4
JE-15715,CA-2017-126914,8789,698.35,5
JE-15715,CA-2016-112109,1941,662.88,6
JE-15715,CA-2016-106950,7081,472.52,7
JE-15715,CA-2016-106950,7079,309.46,8
JE-15715,CA-2015-110877,5420,150.38,9
JE-15715,CA-2017-126914,8790,77.73,10
JE-15715,CA-2015-129770,2735,49.12,11
JE-15715,CA-2015-110877,5419,36.29,12
JE-15715,CA-2017-124261,9732,34.24,13
JE-15715,CA-2016-112109,1939,33.49,14
JE-15715,US-2017-105697,7914,25.7,15
JE-15715,CA-2014-126200,8459,25.68,16
JE-15715,CA-2016-106950,7078,22.91,17
JE-15715,CA-2016-112109,1938,19.97,18
JE-15715,CA-2016-106950,7080,19.46,19
JE-15715,CA-2016-106950,7083,17.22,20
JE-15715,CA-2014-126200,8460,12.38,21
JE-15715,CA-2016-112109,1940,8.74,22
JE-15745,CA-2015-139731,1439,2453.43,1
JE-15745,US-2015-134026,73,831.94,2
JE-15745,CA-2017-161053,3849,691.96,3
JE-15745,US-2015-101511,178,396.8,4
JE-15745,CA-2017-129462,830,301.96,5
JE-15745,CA-2015-139731,1438,263.88,6
JE-15745,CA-2017-108070,2546,205.92,7
JE-15745,CA-2014-142048,422,196.75,8
JE-15745,CA-2017-129462,832,191.98,9
JE-15745,CA-2017-129462,831,180.66,10
JE-15745,CA-2016-113621,1179,179.97,11
JE-15745,CA-2016-113621,1178,172.5,12
JE-15745,CA-2016-144729,2776,154.44,13
JE-15745,CA-2017-108070,2547,102.83,14
JE-15745,US-2015-134026,74,97.04,15
JE-15745,US-2015-134026,75,72.78,16
JE-15745,CA-2017-129462,833,65.99,17
JE-15745,US-2016-162026,5507,61.96,18
JE-15745,US-2017-141852,4611,47.12,19
JE-15745,CA-2017-161053,3850,34.95,20
JE-15745,US-2015-168914,5248,20.77,21
JE-15745,US-2014-147606,79,19.3,22
JE-15745,US-2015-101511,179,15.88,23
JE-16165,CA-2016-114489,150,1951.84,1
JE-16165,CA-2016-114489,148,384.45,2
JE-16165,CA-2016-114489,151,171.55,3
JE-16165,CA-2016-114489,149,149.97,4
JE-16165,US-2017-146416,3190,20.93,5
JE-16165,US-2017-135503,6909,14.76,6
JE-16165,US-2017-146416,3189,3.75,7
JF-15190,US-2016-155103,6696,415.18,1
JF-15190,CA-2014-116407,2010,333.06,2
JF-15190,CA-2017-121083,6141,274.8,3
JF-15190,CA-2017-121083,6143,257.98,4
JF-15190,CA-2017-121083,6142,195.64,5
JF-15190,US-2017-123862,7372,153.78,6
JF-15190,CA-2017-121083,6144,119.04,7
JF-15190,US-2017-110646,8809,118.65,8
JF-15190,US-2017-123862,7374,110.11,9
JF-15190,US-2017-123862,7373,61.02,10
JF-15190,US-2016-155103,6698,54.96,11
JF-15190,CA-2015-105508,9919,39.98,12
JF-15190,US-2016-155103,6697,35.23,13
JF-15190,US-2017-110646,8808,33.28,14
JF-15190,US-2017-123281,1337,25.11,15
JF-15190,CA-2014-116407,2011,24.9,16
JF-15190,US-2017-110646,8810,14.76,17
JF-15190,US-2017-123862,7375,7.89,18
JF-15190,CA-2014-116407,2009,4.22,19
JF-15295,US-2017-110604,2634,220.96,1
JF-15295,CA-2016-163594,7362,194.35,2
JF-15295,CA-2017-122077,5939,95.99,3
JF-15295,CA-2014-114510,4679,82.8,4
JF-15295,CA-2014-114510,4678,80.98,5
JF-15295,CA-2014-114510,4681,62.05,6
JF-15295,US-2017-110604,2633,42.62,7
JF-15295,US-2017-110604,2632,39.96,8
JF-15295,CA-2016-163594,7363,36.62,9
JF-15295,CA-2014-114510,4677,33.09,10
JF-15295,CA-2014-114510,4680,21.36,11
JF-15295,CA-2016-163594,7361,19.44,12
JF-15295,CA-2017-122077,5940,13.22,13
JF-15295,CA-2016-167290,3292,11.68,14
JF-15355,CA-2015-132486,3873,842.35,1
JF-15355,CA-2015-132486,3869,240.78,2
JF-15355,CA-2015-132486,3870,191.97,3
JF-15355,CA-2015-132486,3868,148.32,4
JF-15355,CA-2017-136651,7242,92.88,5
JF-15355,CA-2017-141103,7739,89.95,6
JF-15355,CA-2017-136651,7241,66.36,7
JF-15355,CA-2016-152163,4175,58.34,8
JF-15355,CA-2017-144113,727,55.99,9
JF-15355,CA-2017-169474,7065,32.67,10
JF-15355,CA-2017-136651,7243,24.14,11
JF-15355,CA-2017-144113,726,17.57,12
JF-15355,CA-2016-152163,4173,14.2,13
JF-15355,CA-2016-152163,4174,12.96,14
JF-15355,CA-2015-132486,3872,11.8,15
JF-15355,CA-2015-132486,3871,11.56,16
JF-15415,US-2017-142188,6235,1471.96,1
JF-15415,CA-2015-102855,9004,239.94,2
JF-15415,US-2017-142188,6232,177.57,3
JF-15415,US-2017-142188,6236,79.96,4
JF-15415,CA-2015-105844,7089,79.36,5
JF-15415,CA-2017-164826,571,72.45,6
JF-15415,US-2017-142188,6234,71.28,7
JF-15415,CA-2014-156342,9897,62.02,8
JF-15415,CA-2017-164826,573,33.26,9
JF-15415,CA-2015-102855,9005,23.84,10
JF-15415,US-2017-142188,6233,19.44,11
JF-15415,CA-2017-164826,574,14.85,12
JF-15415,CA-2017-164826,572,13.96,13
JF-15415,US-2014-166828,9366,11.56,14
JF-15490,CA-2015-133445,6227,291.17,1
JF-15490,US-2014-106334,4553,230.28,2
JF-15490,CA-2015-141740,7006,205.16,3
JF-15490,US-2017-162124,9923,191.97,4
JF-15490,CA-2015-133445,6226,66.29,5
JF-15490,CA-2016-164483,2885,17.46,6
JF-15490,CA-2016-159653,4724,14.73,7
JF-15490,CA-2014-117317,1594,13.44,8
JF-15490,US-2014-106334,4554,12.84,9
JF-15490,CA-2017-159884,1532,10.74,10
JF-15490,US-2017-150847,3410,10.37,11
JF-15490,CA-2017-159884,1533,8.38,12
JF-15490,CA-2015-130736,564,3.96,13
JF-15490,US-2017-120649,5425,3.52,14
JF-15490,CA-2015-130736,565,2.61,15
JF-15565,CA-2016-102162,4640,1599.92,1
JF-15565,CA-2017-167941,2969,499.58,2
JF-15565,US-2015-153374,7095,479.95,3
JF-15565,CA-2016-105781,9722,326.65,4
JF-15565,US-2014-126571,3266,281.9,5
JF-15565,CA-2017-167941,2973,259.14,6
JF-15565,CA-2015-137750,4045,204.85,7
JF-15565,US-2014-126571,3267,201.43,8
JF-15565,CA-2016-166373,8030,106.08,9
JF-15565,CA-2016-105781,9723,89.97,10
JF-15565,CA-2016-121034,1801,53.95,11
JF-15565,CA-2017-167941,2970,31.1,12
JF-15565,CA-2017-167941,2972,28.27,13
JF-15565,CA-2017-167941,2971,13.27,14
JF-15565,CA-2016-121034,1800,11.17,15
JF-15565,CA-2016-102162,4641,11.09,16
JG-15115,US-2014-135972,393,1799.97,1
JG-15115,US-2014-135972,392,246.38,2
JG-15115,CA-2015-123092,8988,105.58,3
JG-15115,CA-2015-123092,8987,95.97,4
JG-15115,CA-2015-123092,8986,77.95,5
JG-15115,CA-2014-142951,7677,23.47,6
JG-15115,CA-2015-123092,8989,9.34,7
JG-15160,CA-2015-157084,1626,1265.85,1
JG-15160,CA-2014-141796,5150,1214.85,2
JG-15160,CA-2015-157084,1625,675.96,3
JG-15160,CA-2015-131856,8663,619.15,4
JG-15160,US-2017-116897,6437,477.15,5
JG-15160,CA-2016-108434,3593,465.18,6
JG-15160,CA-2017-118885,1878,393.57,7
JG-15160,CA-2017-118885,1879,302.38,8
JG-15160,US-2017-116897,6438,302.38,9
JG-15160,CA-2016-124772,3009,191.82,10
JG-15160,CA-2015-131856,8664,127.9,11
JG-15160,CA-2017-138548,2460,97.84,12
JG-15160,CA-2016-102498,8741,73.2,13
JG-15160,CA-2014-105872,7737,70.37,14
JG-15160,US-2017-116897,6436,35.0,15
JG-15160,CA-2015-131856,8662,21.97,16
JG-15160,CA-2016-123176,7126,17.94,17
JG-15160,CA-2016-123176,7127,13.89,18
JG-15310,CA-2017-119578,3102,695.16,1
JG-15310,CA-2016-116799,3757,563.43,2
JG-15310,CA-2017-101322,6150,340.7,3
JG-15310,CA-2017-119578,3103,220.98,4
JG-15310,CA-2016-129728,7409,167.84,5
JG-15310,CA-2016-141957,5667,99.49,6
JG-15310,CA-2016-141957,5666,66.69,7
JG-15310,CA-2016-116799,3756,42.78,8
JG-15310,CA-2016-141957,5664,18.66,9
JG-15310,CA-2017-103765,9217,13.76,10
JG-15310,CA-2016-141957,5665,11.09,11
JG-15805,CA-2016-100790,481,704.25,1
JG-15805,CA-2017-167899,989,520.05,2
JG-15805,CA-2014-132801,3827,107.44,3
JG-15805,CA-2014-151001,3880,52.1,4
JG-15805,CA-2014-151001,3879,49.63,5
JG-15805,CA-2014-104829,5396,21.98,6
JG-15805,CA-2015-120446,7442,18.9,7
JG-15805,CA-2017-167899,990,17.97,8
JG-15805,CA-2016-100790,480,14.7,9
JH-15430,CA-2017-105620,8958,120.0,1
JH-15430,US-2017-108014,5594,59.91,2
JH-15430,US-2014-137680,5512,32.9,3
JH-15430,CA-2017-121818,1040,28.73,4
JH-15430,CA-2017-121818,1039,23.97,5
JH-15430,US-2014-137680,5513,22.78,6
JH-15430,CA-2017-105620,8957,21.0,7
JH-15820,CA-2017-132122,2233,228.92,1
JH-15820,CA-2017-117870,2171,107.98,2
JH-15820,CA-2017-117870,2170,71.98,3
JH-15820,US-2014-107699,4143,57.42,4
JH-15820,CA-2015-133536,6259,22.92,5
JH-15820,CA-2015-102778,9286,18.18,6
JH-15820,CA-2017-117870,2169,14.02,7
JH-15820,CA-2015-169537,8463,7.5,8
JH-15910,CA-2016-130162,219,302.38,1
JH-15910,US-2017-152380,304,219.08,2
JH-15910,CA-2015-118843,6788,129.93,3
JH-15910,CA-2016-130162,218,93.06,4
JH-15910,CA-2015-118843,6789,69.93,5
JH-15910,CA-2015-104115,6914,55.98,6
JH-15910,US-2017-112613,2434,54.37,7
JH-15910,US-2016-115952,6265,28.85,8
JH-15910,CA-2017-152226,6281,5.9,9
JH-15985,CA-2015-116638,9640,4297.64,1
JH-15985,CA-2014-169726,3629,2060.74,2
JH-15985,CA-2015-109638,461,899.91,3
JH-15985,CA-2017-135860,208,131.98,4
JH-15985,CA-2015-109638,460,103.92,5
JH-15985,CA-2016-151372,4945,96.08,6
JH-15985,CA-2017-135860,211,91.99,7
JH-15985,CA-2017-135860,207,83.92,8
JH-15985,CA-2016-148908,5177,53.25,9
JH-15985,CA-2017-135860,210,52.29,10
JH-15985,CA-2015-109638,462,51.31,11
JH-15985,CA-2017-135860,209,15.92,12
JH-15985,CA-2016-151372,4946,11.68,13
JH-15985,CA-2016-151372,4947,4.36,14
JH-16180,CA-2015-138898,1296,845.73,1
JH-16180,CA-2016-161907,9317,769.18,2
JH-16180,CA-2015-126739,6551,327.56,3
JH-16180,US-2016-114293,3033,195.14,4
JH-16180,CA-2016-161907,9316,118.78,5
JJ-15445,CA-2015-120915,8163,307.98,1
JJ-15445,CA-2015-120915,8162,293.52,2
JJ-15445,CA-2016-163986,2772,54.5,3
JJ-15445,CA-2015-127418,1038,36.62,4
JJ-15445,CA-2016-137127,9744,9.45,5
JJ-15445,CA-2015-151785,6446,7.1,6
JJ-15760,CA-2015-103205,3768,119.96,1
JJ-15760,CA-2015-115091,928,46.2,2
JJ-15760,CA-2015-115091,929,28.84,3
JK-15205,CA-2015-125976,7847,1871.88,1
JK-15205,CA-2017-123491,1712,1702.12,2
JK-15205,CA-2014-166555,9934,164.85,3
JK-15205,CA-2015-125976,7846,154.9,4
JK-15205,CA-2017-123491,1708,148.48,5
JK-15205,CA-2015-116484,6283,141.55,6
JK-15205,CA-2017-123491,1710,71.99,7
JK-15205,CA-2015-116484,6282,63.82,8
JK-15205,CA-2017-123491,1707,43.86,9
JK-15205,CA-2016-116918,7193,30.98,10
JK-15205,CA-2017-123491,1711,19.9,11
JK-15205,CA-2017-123491,1709,7.42,12
JK-15205,CA-2016-116918,7192,5.39,13
JK-15325,US-2014-168501,5344,267.96,1
JK-15325,CA-2017-122007,9122,90.86,2
JK-15325,CA-2016-158043,7505,23.36,3
JK-15325,US-2014-168501,5343,1.63,4
JK-15370,CA-2016-122581,9880,573.17,1
JK-15370,CA-2015-127453,1725,434.35,2
JK-15370,US-2014-102715,3775,383.98,3
JK-15370,CA-2015-142027,704,369.91,4
JK-15370,US-2014-102715,3777,335.94,5
JK-15370,US-2017-155999,4105,159.96,6
JK-15370,CA-2015-127453,1727,88.83,7
JK-15370,US-2017-103828,2865,83.79,8
JK-15370,CA-2016-132549,8343,73.36,9
JK-15370,US-2017-103828,2866,59.52,10
JK-15370,CA-2017-100601,4172,48.86,11
JK-15370,US-2017-103828,2867,31.92,12
JK-15370,US-2017-103828,2864,31.44,13
JK-15370,US-2017-155999,4106,13.76,14
JK-15370,US-2014-102715,3776,10.37,15
JK-15370,US-2014-102715,3774,6.91,16
JK-15370,CA-2015-127453,1726,3.55,17
JK-15625,CA-2015-113152,7336,843.9,1
JK-15625,CA-2014-166051,7978,659.97,2
JK-15625,CA-2017-142622,2281,614.27,3
JK-15625,CA-2014-135608,3716,603.92,4
JK-15625,CA-2015-113152,7337,449.57,5
JK-15625,CA-2017-142622,2282,199.98,6
JK-15625,CA-2014-166051,7979,113.73,7
JK-15625,CA-2015-138331,6186,106.8,8
JK-15625,CA-2017-142622,2280,97.57,9
JK-15625,CA-2014-135608,3715,45.68,10
JK-15625,CA-2014-111773,5736,13.92,11
JK-15625,CA-2014-121727,2340,10.72,12
JK-15640,CA-2017-168109,3570,2395.2,1
JK-15640,CA-2017-168109,3571,1687.8,2
JK-15640,CA-2015-143980,5974,414.96,3
JK-15640,CA-2015-134082,8410,110.53,4
JK-15640,CA-2017-168109,3569,59.98,5
JK-15640,CA-2014-147900,5641,28.8,6
JK-15640,US-2015-137533,5082,20.74,7
JK-15640,US-2015-150231,7728,17.52,8
JK-15640,CA-2017-168109,3572,7.99,9
JK-15640,CA-2015-157434,5861,7.97,10
JK-15640,CA-2014-159849,8575,5.67,11
JK-15640,CA-2015-137225,180,3.28,12
JK-15730,CA-2016-105256,793,1363.96,1
JK-15730,CA-2014-150798,4495,909.72,2
JK-15730,CA-2014-150798,4492,659.99,3
JK-15730,CA-2014-163468,7301,424.12,4
JK-15730,CA-2014-163468,7303,381.72,5
JK-15730,CA-2014-163468,7299,292.1,6
JK-15730,US-2017-153255,5859,239.67,7
JK-15730,CA-2016-108616,3500,209.97,8
JK-15730,CA-2015-111199,1006,115.3,9
JK-15730,CA-2017-137918,9802,97.3,10
JK-15730,CA-2016-108616,3501,62.94,11
JK-15730,CA-2014-150798,4494,36.29,12
JK-15730,CA-2016-108616,3502,25.92,13
JK-15730,CA-2015-127607,4959,18.86,14
JK-15730,CA-2014-163468,7300,8.54,15
JK-15730,CA-2014-150798,4493,8.13,16
JK-15730,CA-2017-128426,4181,4.24,17
JK-15730,CA-2017-155936,7283,3.04,18
JK-15730,CA-2014-163468,7302,2.89,19
JK-15730,CA-2015-127607,4958,2.51,20
JK-16090,CA-2017-160885,5531,2479.96,1
JK-16090,CA-2015-107678,6614,469.95,2
JK-16090,CA-2017-141117,5785,217.76,3
JK-16090,CA-2015-107678,6615,209.88,4
JK-16090,CA-2015-107678,6612,191.96,5
JK-16090,CA-2017-141117,5788,95.14,6
JK-16090,CA-2017-141117,5786,39.07,7
JK-16090,CA-2017-141117,5787,22.64,8
JK-16090,CA-2015-107678,6613,21.3,9
JK-16120,CA-2016-150945,3505,900.08,1
JK-16120,CA-2014-120670,7277,799.92,2
JK-16120,CA-2017-154039,3860,480.96,3
JK-16120,CA-2016-117849,2253,143.7,4
JK-16120,CA-2017-154039,3861,124.79,5
JK-16120,CA-2016-113425,6371,113.57,6
JK-16120,US-2016-100566,1382,83.95,7
JK-16120,CA-2017-140298,4701,74.42,8
JK-16120,CA-2015-134859,2128,64.94,9
JK-16120,CA-2015-130022,1617,41.4,10
JK-16120,CA-2017-100783,7918,30.38,11
JK-16120,CA-2015-130022,1618,29.79,12
JK-16120,CA-2015-134859,2129,20.74,13
JK-16120,CA-2017-140298,4703,8.0,14
JK-16120,CA-2017-140298,4702,6.85,15
JK-16120,CA-2017-140298,4700,5.25,16
JK-16120,CA-2015-130022,1616,3.75,17
JL-15130,CA-2017-150910,8950,934.96,1
JL-15130,CA-2017-150910,8954,59.24,2
JL-15130,CA-2017-150910,8951,46.86,3
JL-15130,CA-2014-165428,3195,31.1,4
JL-15130,CA-2017-120894,8087,28.08,5
JL-15130,US-2017-100482,4352,27.12,6
JL-15130,CA-2017-150910,8952,26.16,7
JL-15130,CA-2017-150910,8953,23.13,8
JL-15130,US-2017-100482,4351,16.77,9
JL-15130,CA-2014-138198,9030,13.9,10
JL-15130,CA-2016-138933,3235,3.98,11
JL-15130,CA-2014-165428,3194,3.65,12
JL-15175,CA-2017-128734,5149,842.38,1
JL-15175,US-2014-133949,8603,475.94,2
JL-15175,CA-2016-140977,9456,91.48,3
JL-15175,CA-2015-158701,8375,87.36,4
JL-15175,CA-2015-158701,8376,56.16,5
JL-15175,US-2017-156083,838,9.66,6
JL-15175,CA-2017-128734,5148,8.54,7
JL-15235,CA-2017-137631,8365,751.98,1
JL-15235,CA-2015-137925,6926,681.41,2
JL-15235,CA-2016-165169,3727,360.38,3
JL-15235,US-2017-163657,7441,236.53,4
JL-15235,US-2014-130379,1819,75.6,5
JL-15235,US-2014-130379,1820,29.32,6
JL-15235,CA-2015-137925,6925,23.66,7
JL-15235,US-2017-163657,7440,18.72,8
JL-15235,CA-2016-165169,3729,14.94,9
JL-15235,CA-2016-165169,3728,11.16,10
JL-15505,CA-2017-156776,9187,1473.1,1
JL-15505,CA-2017-156776,9180,707.88,2
JL-15505,CA-2016-138520,355,388.7,3
JL-15505,CA-2017-156776,9186,207.18,4
JL-15505,CA-2014-103590,4216,62.28,5
JL-15505,CA-2017-156776,9183,55.76,6
JL-15505,CA-2017-156776,9185,51.75,7
JL-15505,CA-2017-112473,9128,50.14,8
JL-15505,CA-2016-138520,358,34.4,9
JL-15505,CA-2017-156776,9182,31.13,10
JL-15505,CA-2017-167976,9261,25.5,11
JL-15505,CA-2017-156776,9184,24.56,12
JL-15505,CA-2016-138520,357,17.04,13
JL-15505,CA-2014-162362,2301,12.72,14
JL-15505,CA-2017-156776,9181,11.95,15
JL-15505,CA-2014-162362,2302,11.52,16
JL-15505,CA-2016-138520,356,8.26,17
JL-15835,CA-2014-127299,4129,2624.99,1
JL-15835,US-2017-161935,7510,1889.95,2
JL-15835,US-2017-167920,7521,1399.98,3
JL-15835,US-2015-138121,4698,546.66,4
JL-15835,US-2017-161935,7512,396.92,5
JL-15835,CA-2017-167913,642,330.4,6
JL-15835,US-2015-138121,4696,302.94,7
JL-15835,CA-2014-110849,3533,287.97,8
JL-15835,US-2017-161935,7513,239.46,9
JL-15835,CA-2017-164028,9942,223.58,10
JL-15835,US-2017-167920,7516,214.9,11
JL-15835,US-2015-138121,4699,212.13,12
JL-15835,US-2014-138758,4398,172.19,13
JL-15835,US-2017-167920,7518,146.45,14
JL-15835,US-2015-138121,4697,142.36,15
JL-15835,CA-2017-161333,5146,139.04,16
JL-15835,CA-2017-161333,5145,86.26,17
JL-15835,US-2014-138758,4399,69.01,18
JL-15835,CA-2014-127299,4128,67.34,19
JL-15835,US-2017-161935,7511,62.04,20
JL-15835,CA-2017-161333,5147,46.8,21
JL-15835,US-2015-138121,4695,29.52,22
JL-15835,US-2017-167920,7515,29.36,23
JL-15835,CA-2017-167913,643,26.25,24
JL-15835,US-2017-167920,7517,15.92,25
JL-15835,US-2017-167920,7519,15.14,26
JL-15835,CA-2014-110849,3534,13.12,27
JL-15835,US-2017-161935,7514,13.12,28
JL-15835,CA-2014-110849,3536,11.62,29
JL-15835,CA-2017-105193,5608,11.05,30
JL-15835,CA-2014-110849,3535,10.75,31
JL-15835,US-2017-161935,7509,9.25,32
JL-15835,CA-2016-154788,1716,7.71,33
JL-15835,US-2017-167920,7520,5.76,34
JL-15850,CA-2015-142944,2274,1119.98,1
JL-15850,CA-2015-120880,945,540.57,2
JL-15850,CA-2015-142944,2273,435.26,3
JL-15850,CA-2015-112557,3141,206.43,4
JL-15850,CA-2015-120880,946,167.76,5
JL-15850,US-2015-142811,7711,87.8,6
JL-15850,US-2016-150147,332,82.8,7
JL-15850,CA-2015-120880,944,32.4,8
JL-15850,US-2014-164644,9675,26.63,9
JL-15850,US-2016-150147,333,20.72,10
JL-15850,US-2016-150147,334,4.9,11
JM-15250,CA-2017-128853,7184,908.82,1
JM-15250,CA-2017-151750,8070,454.56,2
JM-15250,CA-2017-105921,4491,418.3,3
JM-15250,CA-2016-167556,3975,414.0,4
JM-15250,CA-2017-151750,8072,310.74,5
JM-15250,CA-2017-139353,7713,147.18,6
JM-15250,CA-2017-151750,8071,141.42,7
JM-15250,CA-2017-139353,7712,77.95,8
JM-15250,CA-2017-119004,107,74.11,9
JM-15250,CA-2017-139353,7714,47.95,10
JM-15250,CA-2016-167556,3976,41.33,11
JM-15250,CA-2016-167556,3974,29.8,12
JM-15250,CA-2017-119004,108,27.99,13
JM-15250,CA-2017-151750,8076,15.22,14
JM-15250,CA-2017-151750,8075,13.75,15
JM-15250,CA-2016-167556,3973,13.48,16
JM-15250,CA-2017-151750,8073,12.74,17
JM-15250,CA-2017-151750,8074,6.47,18
JM-15250,CA-2017-119004,109,3.3,19
JM-15265,CA-2016-105816,55,1029.95,1
JM-15265,CA-2017-149160,427,287.92,2
JM-15265,CA-2015-100818,9476,173.49,3
JM-15265,CA-2014-104178,5945,95.1,4
JM-15265,CA-2015-100818,9477,51.56,5
JM-15265,CA-2014-104178,5947,48.84,6
JM-15265,CA-2016-126858,9466,31.96,7
JM-15265,CA-2017-149160,426,28.4,8
JM-15265,CA-2014-104178,5946,25.92,9
JM-15265,CA-2016-105816,54,15.26,10
JM-15265,CA-2014-104178,5944,6.28,11
JM-15265,CA-2015-100818,9475,5.9,12
JM-15265,CA-2015-100818,9478,3.56,13
JM-15535,CA-2016-157259,6191,799.56,1
JM-15535,CA-2016-108735,3986,257.5,2
JM-15535,CA-2014-132962,927,252.0,3
JM-15535,CA-2015-138534,2778,195.47,4
JM-15535,CA-2015-148712,5443,99.6,5
JM-15535,CA-2015-148712,5444,62.3,6
JM-15535,US-2017-148866,6490,32.4,7
JM-15535,CA-2014-132962,926,15.55,8
JM-15535,CA-2015-148712,5445,10.71,9
JM-15535,CA-2017-103611,1510,8.36,10
JM-15580,CA-2016-136021,5381,105.55,1
JM-15580,CA-2016-155138,5084,64.7,2
JM-15580,CA-2016-167416,7077,54.9,3
JM-15580,CA-2016-155138,5083,35.17,4
JM-15580,CA-2016-166625,5890,25.06,5
JM-15580,CA-2016-136021,5380,15.54,6
JM-15580,CA-2017-156720,5092,3.02,7
JM-15655,US-2016-108777,4036,383.95,1
JM-15655,CA-2017-151225,7619,189.58,2
JM-15655,CA-2017-151225,7620,71.96,3
JM-15655,CA-2017-115931,2620,67.04,4
JM-15655,CA-2016-112389,1536,40.74,5
JM-15655,CA-2017-115931,2621,37.32,6
JM-15655,CA-2014-100363,3837,19.01,7
JM-15655,US-2016-108777,4035,18.69,8
JM-15655,CA-2017-115931,2622,18.45,9
JM-15655,CA-2016-112389,1537,11.67,10
JM-15655,CA-2017-115931,2619,4.17,11
JM-15655,CA-2014-100363,3836,2.37,12
JM-15865,CA-2014-144624,2493,4548.81,1
JM-15865,US-2015-128090,2549,1879.96,2
JM-15865,US-2015-128090,2550,313.02,3
JM-15865,CA-2016-130393,8112,248.43,4
JM-15865,CA-2017-166576,4093,221.02,5
JM-15865,US-2017-109582,5225,166.44,6
JM-15865,CA-2016-130393,8114,85.25,7
JM-15865,CA-2015-107685,7655,80.96,8
JM-15865,CA-2015-158148,8866,36.27,9
JM-15865,CA-2015-107685,7656,25.92,10
JM-15865,CA-2016-130393,8113,11.65,11
JM-15865,US-2015-128090,2551,5.04,12
JM-15865,US-2015-128090,2548,2.3,13
JM-16195,CA-2014-160094,8637,826.0,1
JM-16195,CA-2017-158169,5762,542.94,2
JM-16195,CA-2015-116092,2251,541.44,3
JM-16195,CA-2014-160094,8636,174.95,4
JM-16195,CA-2017-151008,5548,126.56,5
JM-16195,US-2015-136427,8012,125.94,6
JM-16195,CA-2016-158547,5471,123.92,7
JM-16195,CA-2014-157721,2926,70.71,8
JM-16195,CA-2015-145485,5074,62.8,9
JM-16195,CA-2017-158169,5763,54.92,10
JM-16195,CA-2015-116092,2249,41.72,11
JM-16195,CA-2017-151008,5547,25.16,12
JM-16195,US-2016-117541,7129,19.92,13
JM-16195,CA-2014-157721,2925,19.9,14
JM-16195,CA-2015-116092,2252,19.44,15
JM-16195,US-2016-117541,7128,16.45,16
JM-16195,CA-2017-130834,8048,16.27,17
JM-16195,CA-2015-116092,2248,13.36,18
JM-16195,CA-2015-116092,2250,11.52,19
JO-15145,US-2016-100461,6851,1565.88,1
JO-15145,CA-2017-130764,4024,556.67,2
JO-15145,CA-2017-125913,5273,399.67,3
JO-15145,CA-2014-167486,9428,199.9,4
JO-15145,CA-2014-159121,6423,111.93,5
JO-15145,US-2016-100461,6852,106.05,6
JO-15145,CA-2017-130764,4025,95.84,7
JO-15145,CA-2016-116344,3445,84.78,8
JO-15145,CA-2014-152562,4828,69.52,9
JO-15145,CA-2017-125913,5272,27.92,10
JO-15145,US-2017-168802,8294,18.37,11
JO-15145,CA-2014-106054,7181,12.78,12
JO-15145,CA-2014-152562,4829,5.64,13
JO-15280,CA-2015-130890,283,1038.84,1
JO-15280,CA-2015-109197,1896,487.98,2
JO-15280,CA-2017-118402,4843,243.92,3
JO-15280,US-2016-115819,1607,73.2,4
JO-15280,US-2016-115819,1605,39.96,5
JO-15280,US-2016-115819,1609,22.72,6
JO-15280,US-2016-115819,1610,9.34,7
JO-15280,CA-2014-116673,5584,6.16,8
JO-15280,US-2016-115819,1608,5.84,9
JO-15280,US-2016-115819,1606,5.46,10
JO-15280,CA-2014-112403,4712,0.85,11
JO-15550,CA-2015-132101,1566,453.58,1
JO-15550,CA-2015-119291,697,200.98,2
JO-15550,CA-2015-119291,695,198.27,3
JO-15550,CA-2015-119291,698,97.7,4
JO-15550,CA-2015-119291,696,47.36,5
JO-15550,US-2017-138086,7723,40.74,6
JO-15550,CA-2017-144568,3717,23.55,7
JO-15550,CA-2015-119291,700,18.59,8
JO-15550,CA-2015-119291,701,4.9,9
JO-15550,CA-2015-119291,699,2.7,10
JO-15550,CA-2015-126466,6947,2.48,11
JP-15460,CA-2016-158001,5616,1040.8,1
JP-15460,CA-2017-156622,8977,127.79,2
JP-15460,US-2015-137008,3220,94.85,3
JP-15460,US-2015-137008,3222,90.0,4
JP-15460,CA-2017-156622,8976,78.3,5
JP-15460,US-2015-137008,3221,51.12,6
JP-15460,CA-2017-156622,8975,36.29,7
JP-15460,CA-2016-161676,3661,33.8,8
JP-15460,CA-2016-158001,5617,29.34,9
JP-15460,CA-2016-158001,5615,21.3,10
JP-15460,CA-2017-104906,7119,17.94,11
JP-15460,CA-2016-158925,7760,15.55,12
JP-15460,CA-2014-107916,3133,13.28,13
JP-15460,CA-2014-107916,3134,12.67,14
JP-15460,CA-2017-156622,8978,6.1,15
JP-15520,CA-2017-117324,5729,1089.75,1
JP-15520,CA-2014-144666,474,703.97,2
JP-15520,CA-2017-117324,5731,459.92,3
JP-15520,CA-2014-144666,472,340.92,4
JP-15520,CA-2016-117604,9602,239.5,5
JP-15520,CA-2014-144666,473,222.67,6
JP-15520,CA-2017-117324,5728,178.11,7
JP-15520,CA-2014-144666,477,94.85,8
JP-15520,CA-2014-144666,475,92.52,9
JP-15520,CA-2014-144666,476,62.65,10
JP-15520,CA-2017-117324,5730,61.06,11
JP-15520,CA-2016-113117,7889,32.4,12
JP-15520,CA-2017-117324,5732,27.52,13
JP-15520,CA-2015-145401,1713,14.3,14
JP-15520,CA-2017-145310,1893,7.82,15
JP-15520,CA-2014-130918,8941,7.63,16
JP-16135,CA-2016-146171,2760,481.32,1
JP-16135,US-2016-111528,5760,481.32,2
JP-16135,CA-2016-134180,8968,470.16,3
JP-16135,CA-2016-146171,2759,76.92,4
JP-16135,CA-2016-134180,8967,72.0,5
JP-16135,CA-2017-139787,6770,35.4,6
JP-16135,CA-2015-152513,7919,22.85,7
JP-16135,CA-2014-113964,7483,18.46,8
JP-16135,CA-2017-150525,3287,13.11,9
JP-16135,CA-2016-124562,3104,12.96,10
JP-16135,US-2017-106796,5804,10.27,11
JP-16135,CA-2017-150525,3286,6.56,12
JP-16135,US-2016-111528,5761,6.38,13
JR-15670,US-2015-103471,1370,590.06,1
JR-15670,CA-2016-122133,1336,552.56,2
JR-15670,US-2015-103471,1371,14.04,3
JR-15700,CA-2017-117079,1261,863.88,1
JR-16210,CA-2015-142202,4976,717.12,1
JR-16210,CA-2017-159506,7558,497.94,2
JR-16210,CA-2017-143378,6121,409.22,3
JR-16210,CA-2017-143378,6119,191.98,4
JR-16210,CA-2017-159506,7557,158.28,5
JR-16210,US-2016-112396,8842,89.97,6
JR-16210,CA-2017-143378,6122,72.59,7
JR-16210,US-2016-112396,8843,31.86,8
JR-16210,CA-2017-143378,6120,23.83,9
JR-16210,US-2016-114622,900,8.9,10
JS-15595,CA-2016-153318,2801,783.96,1
JS-15595,US-2014-127978,7248,302.45,2
JS-15595,CA-2017-111220,6905,235.92,3
JS-15595,US-2014-127978,7249,44.67,4
JS-15595,CA-2017-111220,6903,16.0,5
JS-15595,US-2014-127978,7247,15.12,6
JS-15595,CA-2015-143602,886,13.94,7
JS-15595,CA-2017-111220,6904,5.59,8
JS-15685,CA-2017-104864,7964,389.06,1
JS-15685,CA-2016-155747,7880,337.18,2
JS-15685,CA-2017-169999,9828,129.3,3
JS-15685,CA-2017-104864,7962,81.36,4
JS-15685,CA-2016-109806,91,73.58,5
JS-15685,CA-2017-104864,7966,41.47,6
JS-15685,CA-2017-104864,7965,20.74,7
JS-15685,CA-2017-104864,7963,20.23,8
JS-15685,CA-2016-109806,90,20.1,9
JS-15685,CA-2017-169999,9829,11.57,10
JS-15685,CA-2016-109806,92,6.48,11
JS-15880,US-2015-126214,1014,1618.37,1
JS-15880,CA-2016-110492,7194,1350.12,2
JS-15880,CA-2016-162082,3929,241.33,3
JS-15880,CA-2016-115483,6666,219.84,4
JS-15880,CA-2014-121769,7410,172.11,5
JS-15880,CA-2016-162082,3931,145.54,6
JS-15880,US-2015-126214,1015,99.6,7
JS-15880,CA-2016-110492,7195,15.92,8
JS-15880,CA-2016-162082,3930,5.18,9
JS-15940,US-2015-101399,468,254.74,1
JS-15940,US-2016-134908,1134,124.61,2
JS-15940,CA-2016-124016,6054,28.0,3
JS-15940,CA-2014-130274,1553,21.56,4
JS-15940,CA-2016-124016,6055,12.2,5
JS-15940,CA-2016-124016,6053,11.95,6
JS-15940,US-2014-166310,5305,8.54,7
JS-15940,US-2016-134908,1135,7.56,8
JS-16030,CA-2017-163265,8674,600.56,1
JS-16030,CA-2016-163776,5990,504.9,2
JS-16030,US-2017-147221,1996,294.62,3
JS-16030,CA-2016-163776,5988,245.94,4
JS-16030,CA-2016-160220,6220,191.98,5
JS-16030,CA-2016-163776,5985,185.58,6
JS-16030,CA-2016-160220,6219,125.7,7
JS-16030,CA-2016-163776,5987,87.92,8
JS-16030,CA-2016-163776,5986,77.56,9
JS-16030,CA-2017-163265,8675,50.35,10
JS-16030,CA-2017-125990,9706,39.62,11
JS-16030,CA-2017-163265,8676,28.03,12
JS-16030,CA-2016-160220,6221,20.86,13
JS-16030,CA-2014-156545,9464,19.46,14
JS-16030,CA-2017-163265,8673,18.37,15
JS-16030,US-2017-147221,1997,8.75,16
JS-16030,CA-2016-163776,5989,8.6,17
JS-16030,CA-2017-163265,8677,7.69,18
JW-15220,CA-2017-135909,8859,5083.96,1
JW-15220,CA-2016-133935,5883,885.53,2
JW-15220,CA-2016-133935,5881,801.57,3
JW-15220,CA-2016-133935,5882,368.91,4
JW-15220,CA-2017-135909,8857,209.94,5
JW-15220,US-2015-115238,8349,209.5,6
JW-15220,US-2017-158946,2044,38.86,7
JW-15220,CA-2017-135909,8858,31.98,8
JW-15220,US-2015-115238,8347,31.4,9
JW-15220,US-2015-115238,8350,24.3,10
JW-15220,CA-2017-116113,5556,10.16,11
JW-15220,CA-2017-139661,1494,9.64,12
JW-15220,US-2015-115238,8348,9.48,13
JW-15220,US-2015-115238,8351,6.48,14
JW-15955,CA-2017-163510,2004,304.45,1
JW-15955,US-2015-164238,9220,301.47,2
JW-15955,CA-2017-107209,9808,194.85,3
JW-15955,CA-2017-166198,3714,162.6,4
JW-15955,CA-2017-117023,3575,104.8,5
JW-15955,CA-2017-163510,2003,95.94,6
JW-15955,US-2015-164238,9219,44.69,7
JW-15955,CA-2017-117023,3574,11.68,8
JW-15955,CA-2017-166198,3713,11.54,9
JW-15955,CA-2017-168837,1752,9.46,10
JW-15955,CA-2016-111605,8580,2.61,11
JW-16075,CA-2015-120621,6487,962.08,1
JW-16075,CA-2015-120621,6489,295.46,2
JW-16075,CA-2016-109176,1558,79.36,3
JW-16075,CA-2015-106208,7154,53.09,4
JW-16075,CA-2016-101385,4519,16.56,5
JW-16075,CA-2015-120621,6488,12.84,6
JW-16075,CA-2016-109176,1557,9.34,7
KA-16525,CA-2017-168641,4469,321.57,1
KA-16525,CA-2015-152611,3463,286.79,2
KA-16525,US-2017-110996,2072,283.92,3
KA-16525,CA-2016-124051,2643,186.05,4
KA-16525,CA-2017-168641,4468,167.96,5
KA-16525,CA-2014-158337,3442,108.92,6
KA-16525,CA-2015-142993,7863,81.96,7
KA-16525,CA-2017-116498,9687,35.1,8
KA-16525,CA-2015-142993,7862,17.9,9
KA-16525,CA-2017-168641,4467,16.38,10
KA-16525,CA-2017-168641,4470,12.96,11
KB-16240,CA-2017-162015,8587,1287.45,1
KB-16240,CA-2017-142034,3495,655.9,2
KB-16240,CA-2017-142034,3496,603.92,3
KB-16240,CA-2015-102848,532,190.72,4
KB-16240,CA-2017-162015,8588,168.1,5
KB-16240,CA-2016-125017,5810,132.22,6
KB-16240,CA-2017-142034,3494,72.0,7
KB-16240,CA-2015-134922,5052,24.4,8
KB-16240,CA-2017-136238,8159,16.03,9
KB-16240,CA-2014-101770,5480,1.87,10
KB-16315,CA-2017-147354,8540,479.98,1
KB-16315,US-2015-147662,4323,323.98,2
KB-16315,US-2014-159611,8671,182.35,3
KB-16315,US-2014-159611,8672,118.16,4
KB-16315,CA-2016-133123,2686,95.95,5
KB-16315,US-2015-147662,4326,71.98,6
KB-16315,CA-2015-149587,94,53.34,7
KB-16315,CA-2015-131758,1344,47.82,8
KB-16315,CA-2015-149587,95,32.96,9
KB-16315,CA-2017-147354,8541,30.84,10
KB-16315,CA-2014-103331,5335,17.34,11
KB-16315,CA-2015-111703,4133,15.55,12
KB-16315,US-2015-147662,4322,14.95,13
KB-16315,US-2015-147662,4325,14.35,14
KB-16315,CA-2015-131758,1345,13.05,15
KB-16315,CA-2015-149587,93,12.96,16
KB-16315,CA-2015-168277,9446,12.39,17
KB-16315,CA-2015-111703,4132,11.95,18
KB-16315,CA-2014-103331,5334,10.68,19
KB-16315,CA-2014-103331,5336,3.38,20
KB-16315,CA-2016-133123,2687,3.2,21
KB-16315,US-2015-147662,4324,2.29,22
KB-16405,CA-2017-161067,5826,419.4,1
KB-16405,CA-2017-161067,5828,181.76,2
KB-16405,CA-2015-112305,6245,119.04,3
KB-16405,CA-2017-161067,5827,90.8,4
KB-16405,CA-2017-101182,3081,43.18,5
KB-16405,CA-2015-112305,6246,22.14,6
KB-16405,CA-2015-112305,6247,13.98,7
KB-16405,CA-2017-101182,3080,12.96,8
KB-16405,CA-2017-161067,5829,5.56,9
KB-16585,CA-2014-153913,3769,1013.83,1
KB-16585,CA-2017-129357,4649,440.19,2
KB-16585,CA-2014-149538,5121,232.55,3
KB-16585,CA-2015-138674,5723,159.97,4
KB-16585,CA-2014-149538,5122,99.98,5
KB-16585,CA-2015-138674,5722,91.18,6
KB-16585,US-2015-118906,6610,89.82,7
KB-16585,CA-2016-116547,4667,79.92,8
KB-16585,CA-2016-108868,4393,70.37,9
KB-16585,CA-2016-116547,4668,69.98,10
KB-16585,CA-2017-159352,3188,69.93,11
KB-16585,CA-2017-129357,4650,64.4,12
KB-16585,CA-2016-137330,23,60.34,13
KB-16585,CA-2016-108868,4394,59.96,14
KB-16585,CA-2015-103716,6592,34.65,15
KB-16585,CA-2015-103716,6593,19.8,16
KB-16585,CA-2016-137330,22,19.46,17
KB-16585,CA-2014-149538,5123,19.44,18
KB-16585,CA-2014-129168,2045,15.55,19
KB-16585,CA-2014-149538,5124,12.96,20
KB-16585,CA-2015-101924,4258,9.76,21
KB-16585,CA-2015-138674,5721,8.72,22
KB-16585,CA-2014-153913,3770,1.98,23
KB-16600,CA-2017-159156,6747,629.95,1
KB-16600,CA-2017-158673,4240,209.7,2
KB-16600,CA-2016-149671,9375,61.38,3
KB-16600,CA-2015-157035,980,34.02,4
KB-16600,US-2017-118038,78,27.24,5
KB-16600,CA-2014-130960,306,9.84,6
KB-16600,US-2017-118038,77,9.71,7
KB-16600,US-2017-118038,76,1.25,8
KB-16600,CA-2016-168361,8659,0.84,9
KC-16255,US-2016-138408,5517,1319.96,1
KC-16255,CA-2015-109470,2325,364.8,2
KC-16255,CA-2015-109470,2322,94.74,3
KC-16255,CA-2014-163293,1280,83.88,4
KC-16255,CA-2015-109470,2324,76.3,5
KC-16255,US-2016-128293,2851,64.78,6
KC-16255,CA-2015-109470,2323,60.64,7
KC-16255,CA-2014-163293,1279,32.97,8
KC-16255,CA-2016-105760,941,17.12,9
KC-16255,CA-2015-159590,7340,5.76,10
KC-16540,CA-2016-145625,252,3347.37,1
KC-16540,CA-2015-125416,1167,447.93,2
KC-16540,CA-2017-108910,718,103.06,3
KC-16540,CA-2016-145625,251,7.61,4
KC-16540,CA-2016-134691,4530,2.3,5
KC-16675,CA-2016-138695,3169,390.27,1
KC-16675,CA-2017-142636,416,307.14,2
KC-16675,CA-2017-123687,7000,208.44,3
KC-16675,CA-2017-142636,415,139.86,4
KC-16675,CA-2016-138695,3170,62.19,5
KC-16675,CA-2017-123687,7001,25.76,6
KC-16675,CA-2014-129819,8640,12.39,7
KD-16270,US-2016-143819,1086,4899.93,1
KD-16270,CA-2014-165309,3325,896.99,2
KD-16270,US-2016-143819,1083,836.59,3
KD-16270,US-2016-143819,1085,362.92,4
KD-16270,CA-2015-110870,8002,299.94,5
KD-16270,CA-2014-165309,3329,262.34,6
KD-16270,CA-2014-165309,3331,241.18,7
KD-16270,CA-2014-165309,3330,148.48,8
KD-16270,CA-2016-119823,70,75.88,9
KD-16270,CA-2016-130407,1408,75.48,10
KD-16270,CA-2014-165309,3327,67.56,11
KD-16270,CA-2016-130407,1409,39.98,12
KD-16270,US-2016-143819,1084,26.38,13
KD-16270,CA-2015-110870,8003,25.76,14
KD-16270,CA-2014-165309,3328,21.72,15
KD-16270,CA-2014-165309,3326,1.23,16
KD-16345,CA-2015-145814,7953,861.76,1
KD-16345,US-2015-123218,1724,359.06,2
KD-16345,US-2015-123218,1723,255.97,3
KD-16345,US-2015-123218,1722,159.98,4
KD-16345,CA-2014-113579,2492,90.24,5
KD-16345,US-2014-138828,4930,57.75,6
KD-16345,CA-2017-157833,98,51.31,7
KD-16345,CA-2017-121468,1479,31.97,8
KD-16345,US-2014-138828,4931,14.94,9
KD-16345,CA-2015-145814,7952,5.98,10
KD-16495,CA-2015-114811,8205,4643.8,1
KD-16495,CA-2015-121650,3584,801.96,2
KD-16495,CA-2015-114811,8206,577.76,3
KD-16495,CA-2015-114811,8203,549.98,4
KD-16495,CA-2017-104619,9597,276.78,5
KD-16495,CA-2016-123337,7271,273.67,6
KD-16495,CA-2015-121650,3585,191.96,7
KD-16495,CA-2017-104619,9598,110.35,8
KD-16495,US-2016-113985,5911,104.18,9
KD-16495,CA-2017-100825,5895,99.87,10
KD-16495,CA-2014-125136,1731,96.26,11
KD-16495,CA-2015-114811,8202,67.15,12
KD-16495,US-2015-148817,3921,63.96,13
KD-16495,US-2015-148817,3920,61.68,14
KD-16495,US-2016-113985,5909,59.7,15
KD-16495,CA-2015-125066,5558,56.3,16
KD-16495,CA-2017-104619,9596,25.86,17
KD-16495,US-2016-113985,5908,24.7,18
KD-16495,CA-2017-167542,6071,17.54,19
KD-16495,CA-2016-123337,7272,17.48,20
KD-16495,US-2016-113985,5910,14.52,21
KD-16495,CA-2015-114811,8204,11.82,22
KD-16495,CA-2014-125136,1732,10.69,23
KD-16495,CA-2016-117226,4139,6.92,24
KD-16495,CA-2015-125066,5557,6.16,25
KD-16495,CA-2015-121650,3583,3.9,26
KD-16495,US-2016-104794,1465,3.68,27
KD-16495,CA-2015-121650,3586,2.61,28
KD-16615,US-2015-129007,9908,717.72,1
KD-16615,CA-2017-129294,9738,310.12,2
KD-16615,US-2015-129007,9911,209.7,3
KD-16615,US-2015-129007,9909,207.35,4
KD-16615,US-2016-102141,9311,146.69,5
KD-16615,CA-2017-129294,9741,140.67,6
KD-16615,US-2015-129007,9906,131.88,7
KD-16615,CA-2016-144792,2542,111.89,8
KD-16615,CA-2017-155712,9252,107.65,9
KD-16615,CA-2017-129294,9739,70.46,10
KD-16615,US-2015-129007,9910,44.67,11
KD-16615,US-2015-129007,9907,25.03,12
KD-16615,CA-2017-129294,9740,19.68,13
KE-16420,US-2015-166520,4049,599.9,1
KE-16420,CA-2017-113873,5806,206.0,2
KE-16420,CA-2014-120096,6733,177.54,3
KE-16420,US-2014-109162,3842,170.35,4
KE-16420,CA-2014-112291,9886,159.98,5
KE-16420,US-2015-166520,4048,80.88,6
KE-16420,CA-2014-112291,9885,62.31,7
KE-16420,CA-2017-113873,5805,61.79,8
KE-16420,CA-2016-140417,4081,60.05,9
KE-16420,US-2015-163685,3970,42.24,10
KE-16420,CA-2014-120096,6734,32.43,11
KE-16420,CA-2017-147550,9071,11.35,12
KE-16420,CA-2014-112291,9884,11.16,13
KE-16420,US-2015-163685,3969,5.73,14
KE-16420,CA-2016-140417,4082,5.02,15
KF-16285,CA-2016-159016,6015,4158.91,1
KF-16285,CA-2017-112333,3987,2591.56,2
KF-16285,CA-2017-149559,3044,2054.27,3
KF-16285,CA-2014-132451,5469,585.55,4
KF-16285,US-2017-148362,3396,443.92,5
KF-16285,CA-2017-166296,2163,314.55,6
KF-16285,US-2017-148362,3397,169.99,7
KF-16285,US-2017-132675,8835,89.9,8
KF-16285,CA-2017-112333,3988,41.95,9
KF-16285,US-2017-148362,3398,25.92,10
KF-16285,CA-2017-149559,3043,22.18,11
KF-16285,CA-2014-132451,5470,19.44,12
KF-16285,US-2017-132675,8838,15.75,13
KF-16285,US-2017-132675,8834,15.51,14
KF-16285,CA-2016-159016,6014,14.9,15
KF-16285,US-2017-132675,8836,14.28,16
KF-16285,CA-2017-149559,3042,12.96,17
KF-16285,US-2017-132675,8837,12.72,18
KH-16330,CA-2014-140396,7552,833.94,1
KH-16330,CA-2017-128944,7105,760.12,2
KH-16330,CA-2017-120404,7928,569.99,3
KH-16330,CA-2016-153577,2905,539.66,4
KH-16330,CA-2016-157763,1842,140.81,5
KH-16330,CA-2017-128944,7107,122.33,6
KH-16330,CA-2014-138359,7954,66.96,7
KH-16330,CA-2017-120404,7929,50.97,8
KH-16330,CA-2014-160738,4656,45.25,9
KH-16330,CA-2017-128944,7106,38.78,10
KH-16330,CA-2016-153577,2904,37.46,11
KH-16330,CA-2014-140396,7551,34.74,12
KH-16330,CA-2014-140396,7554,25.92,13
KH-16330,CA-2017-158120,7318,19.61,14
KH-16330,CA-2014-140396,7553,12.96,15
KH-16330,CA-2014-138359,7955,6.24,16
KH-16330,CA-2017-158120,7319,4.16,17
KH-16330,CA-2017-120404,7927,2.97,18
KH-16360,US-2017-158526,7633,1207.84,1
KH-16360,CA-2016-137743,7456,1036.62,2
KH-16360,US-2017-158526,7636,300.98,3
KH-16360,US-2017-158526,7637,258.75,4
KH-16360,CA-2014-127166,9793,107.77,5
KH-16360,CA-2014-127166,9792,56.06,6
KH-16360,US-2017-158526,7635,34.58,7
KH-16360,CA-2017-131156,953,25.47,8
KH-16360,CA-2014-118304,8267,19.98,9
KH-16360,CA-2014-127166,9795,18.24,10
KH-16360,US-2017-158526,7634,12.53,11
KH-16360,CA-2016-137743,7455,9.25,12
KH-16360,CA-2016-101469,8337,7.7,13
KH-16360,CA-2014-127166,9794,4.83,14
KH-16510,CA-2017-117457,413,1336.83,1
KH-16510,CA-2017-117457,407,1199.98,2
KH-16510,CA-2017-117457,409,1004.02,3
KH-16510,CA-2015-104948,9932,683.33,4
KH-16510,CA-2015-133242,7752,467.97,5
KH-16510,CA-2015-133242,7750,450.04,6
KH-16510,CA-2017-117457,406,179.95,7
KH-16510,CA-2017-117457,414,113.57,8
KH-16510,CA-2014-152233,6805,99.98,9
KH-16510,CA-2015-133242,7749,60.84,10
KH-16510,CA-2017-117457,412,55.98,11
KH-16510,CA-2015-133242,7751,34.6,12
KH-16510,CA-2015-133242,7753,33.02,13
KH-16510,US-2014-109036,3150,31.05,14
KH-16510,CA-2014-138023,3295,30.96,15
KH-16510,CA-2015-104948,9933,29.96,16
KH-16510,CA-2017-117457,411,28.35,17
KH-16510,CA-2017-117457,408,27.15,18
KH-16510,CA-2017-111262,6497,26.18,19
KH-16510,CA-2017-111262,6495,24.0,20
KH-16510,CA-2017-111262,6496,15.55,21
KH-16510,CA-2015-104948,9931,9.87,22
KH-16510,CA-2017-117457,410,9.68,23
KH-16630,CA-2015-109575,3733,1259.93,1
KH-16630,CA-2014-102673,4069,978.84,2
KH-16630,CA-2015-109575,3731,636.86,3
KH-16630,CA-2015-109575,3732,499.99,4
KH-16630,CA-2017-166898,9081,143.95,5
KH-16630,CA-2017-147403,5370,85.06,6
KH-16630,CA-2015-109575,3734,65.08,7
KH-16630,CA-2016-100153,456,63.88,8
KH-16630,CA-2014-102673,4068,47.81,9
KH-16630,CA-2015-109575,3730,41.96,10
KH-16630,CA-2017-164049,2890,23.85,11
KH-16630,CA-2017-166898,9082,19.44,12
KH-16630,CA-2016-103037,3106,15.71,13
KH-16630,CA-2015-132633,7062,12.14,14
KH-16630,CA-2014-102673,4067,10.27,15
KH-16630,CA-2014-102673,4066,7.52,16
KH-16630,CA-2017-152275,429,6.67,17
KH-16690,CA-2014-163223,7584,3499.93,1
KH-16690,CA-2017-163979,271,725.84,2
KH-16690,CA-2015-150714,8085,718.64,3
KH-16690,CA-2015-150714,8083,203.88,4
KH-16690,CA-2015-150714,8081,146.54,5
KH-16690,CA-2015-150714,8082,131.9,6
KH-16690,CA-2014-163223,7586,122.97,7
KH-16690,CA-2014-163223,7588,122.94,8
KH-16690,CA-2017-118864,7090,119.96,9
KH-16690,CA-2016-103891,478,95.76,10
KH-16690,CA-2015-119102,5093,51.45,11
KH-16690,CA-2014-163223,7585,14.4,12
KH-16690,CA-2015-150714,8084,14.3,13
KH-16690,US-2015-120957,9665,12.96,14
KH-16690,CA-2014-163223,7587,9.32,15
KL-16555,CA-2017-147760,3800,1359.96,1
KL-16555,US-2014-141215,917,797.94,2
KL-16555,US-2016-129469,2369,532.7,3
KL-16555,CA-2017-147760,3799,523.76,4
KL-16555,CA-2014-111451,294,300.42,5
KL-16555,CA-2014-111451,295,230.35,6
KL-16555,CA-2014-111451,296,218.35,7
KL-16555,US-2016-153815,4971,207.98,8
KL-16555,CA-2017-147333,5276,159.8,9
KL-16555,CA-2017-160395,1154,159.77,10
KL-16555,US-2014-141215,916,99.92,11
KL-16555,CA-2017-103478,8328,94.19,12
KL-16555,US-2016-153815,4974,88.77,13
KL-16555,CA-2014-111451,297,78.6,14
KL-16555,CA-2017-147333,5277,44.75,15
KL-16555,US-2016-153815,4972,36.11,16
KL-16555,US-2016-153815,4973,35.57,17
KL-16555,CA-2014-111451,298,27.55,18
KL-16555,US-2014-141215,918,8.57,19
KL-16555,US-2016-129469,2370,4.91,20
KL-16555,CA-2017-160395,1153,3.64,21
KL-16555,CA-2017-103478,8327,2.86,22
KL-16645,CA-2014-143917,2506,8187.65,1
KL-16645,CA-2016-133725,1445,1979.93,2
KL-16645,CA-2016-133550,4673,635.96,3
KL-16645,CA-2017-112900,4418,478.24,4
KL-16645,CA-2016-157749,239,419.68,5
KL-16645,CA-2015-115798,2736,377.97,6
KL-16645,CA-2014-154641,3230,375.34,7
KL-16645,CA-2015-115798,2738,299.97,8
KL-16645,CA-2016-133550,4672,283.14,9
KL-16645,CA-2016-133550,4675,272.94,10
KL-16645,CA-2016-157749,242,177.23,11
KL-16645,CA-2016-133550,4674,118.99,12
KL-16645,CA-2015-131072,5686,98.35,13
KL-16645,CA-2015-115798,2739,89.98,14
KL-16645,CA-2014-143917,2507,77.92,15
KL-16645,CA-2014-143917,2505,53.72,16
KL-16645,CA-2017-164042,4874,48.82,17
KL-16645,CA-2015-115798,2737,42.28,18
KL-16645,CA-2016-157749,241,31.98,19
KL-16645,CA-2016-157742,7063,27.79,20
KL-16645,CA-2016-157749,238,25.92,21
KL-16645,US-2017-140312,9672,22.0,22
KL-16645,CA-2017-164042,4873,18.32,23
KL-16645,CA-2016-157749,240,11.69,24
KL-16645,CA-2016-157749,244,7.41,25
KL-16645,CA-2015-128167,340,4.96,26
KL-16645,CA-2016-157749,243,4.04,27
KL-16645,CA-2017-164042,4872,1.82,28
KL-16645,CA-2017-164042,4875,1.19,29
KM-16225,CA-2015-108665,1020,601.65,1
KM-16225,US-2015-138093,5695,542.94,2
KM-16225,CA-2017-137463,9046,189.95,3
KM-16225,CA-2015-108665,1018,155.82,4
KM-16225,CA-2017-137463,9047,149.95,5
KM-16225,US-2015-138093,5693,134.99,6
KM-16225,CA-2015-108665,1019,124.95,7
KM-16225,CA-2016-119935,4512,81.96,8
KM-16225,US-2015-138093,5692,44.75,9
KM-16225,CA-2017-137463,9049,44.4,10
KM-16225,CA-2016-119935,4511,37.3,11
KM-16225,CA-2017-137463,9048,29.95,12
KM-16225,CA-2017-116358,3276,27.78,13
KM-16225,US-2015-138093,5691,27.36,14
KM-16225,US-2015-138093,5694,26.4,15
KM-16225,CA-2017-116358,3275,18.24,16
KM-16225,CA-2015-108665,1017,13.96,17
KM-16225,CA-2017-137463,9045,5.98,18
KM-16225,CA-2017-148012,3596,2.62,19
KM-16375,CA-2014-133592,7680,1687.8,1
KM-16375,CA-2014-143903,3078,981.37,2
KM-16375,CA-2014-133592,7682,605.88,3
KM-16375,CA-2017-135937,6660,386.91,4
KM-16375,CA-2014-143903,3076,342.86,5
KM-16375,CA-2014-133592,7681,341.96,6
KM-16375,CA-2017-135937,6655,333.58,7
KM-16375,CA-2016-159212,1402,251.79,8
KM-16375,CA-2015-163734,9391,228.92,9
KM-16375,CA-2014-133592,7678,195.64,10
KM-16375,CA-2017-135937,6659,68.7,11
KM-16375,CA-2017-135937,6657,51.17,12
KM-16375,CA-2015-148628,2379,32.75,13
KM-16375,CA-2017-135937,6656,31.99,14
KM-16375,CA-2016-159212,1401,21.8,15
KM-16375,CA-2014-143903,3077,16.74,16
KM-16375,CA-2014-133592,7679,14.94,17
KM-16375,CA-2017-135937,6658,10.64,18
KM-16375,CA-2016-149454,5244,10.44,19
KM-16375,CA-2017-159135,9761,4.3,20
KM-16660,CA-2017-154116,9701,196.78,1
KM-16660,US-2015-168732,4008,101.94,2
KM-16660,CA-2017-154116,9700,54.32,3
KM-16660,US-2015-168732,4007,25.92,4
KM-16660,CA-2017-154116,9699,22.83,5
KM-16660,CA-2016-132990,9155,19.31,6
KM-16660,CA-2016-140046,6927,18.9,7
KM-16660,CA-2014-133543,6146,11.76,8
KM-16660,US-2015-168732,4006,1.78,9
KM-16720,CA-2017-167395,9728,979.95,1
KM-16720,CA-2014-126760,3838,911.98,2
KM-16720,CA-2014-126760,3839,674.35,3
KM-16720,CA-2016-109666,7110,459.88,4
KM-16720,CA-2014-100678,6570,317.06,5
KM-16720,CA-2017-167395,9727,286.86,6
KM-16720,CA-2014-100678,6572,227.98,7
KM-16720,CA-2014-126760,3841,170.97,8
KM-16720,CA-2014-100678,6571,149.35,9
KM-16720,CA-2015-135545,65,146.73,10
KM-16720,CA-2014-126760,3840,134.01,11
KM-16720,CA-2015-135545,66,79.76,12
KM-16720,CA-2016-109666,7112,71.96,13
KM-16720,CA-2016-109666,7113,54.9,14
KM-16720,CA-2014-169033,2897,49.65,15
KM-16720,US-2014-157021,1373,29.6,16
KM-16720,CA-2016-109666,7108,25.98,17
KM-16720,CA-2015-135545,64,25.82,18
KM-16720,US-2015-106873,9153,23.2,19
KM-16720,US-2014-157021,1374,17.09,20
KM-16720,US-2015-106873,9154,16.46,21
KM-16720,US-2015-106873,9152,14.58,22
KM-16720,CA-2015-135545,63,13.98,23
KM-16720,CA-2016-109666,7114,9.28,24
KM-16720,CA-2016-109666,7111,7.76,25
KM-16720,CA-2017-167395,9729,4.36,26
KM-16720,CA-2016-109666,7109,3.28,27
KM-16720,CA-2014-100678,6569,2.69,28
KN-16390,CA-2015-154823,7009,598.46,1
KN-16390,CA-2015-109001,5087,466.16,2
KN-16390,CA-2017-113908,6484,384.77,3
KN-16390,CA-2015-132388,9913,362.14,4
KN-16390,CA-2017-113460,9370,272.97,5
KN-16390,CA-2017-129581,6007,128.85,6
KN-16390,CA-2014-132864,4876,119.8,7
KN-16390,CA-2017-113908,6485,78.66,8
KN-16390,CA-2017-140802,7567,47.98,9
KN-16390,CA-2017-113908,6486,45.36,10
KN-16390,CA-2015-132388,9914,31.05,11
KN-16390,CA-2015-154823,7010,25.98,12
KN-16390,CA-2017-140802,7568,20.74,13
KN-16390,CA-2015-154823,7008,12.83,14
KN-16390,CA-2015-109001,5088,10.31,15
KN-16390,CA-2017-164959,1473,8.67,16
KN-16390,CA-2015-109001,5089,2.56,17
KN-16450,CA-2014-154599,2794,1075.09,1
KN-16450,CA-2014-154599,2795,438.37,2
KN-16450,CA-2014-154599,2797,308.5,3
KN-16450,CA-2017-155621,8432,274.2,4
KN-16450,CA-2015-123456,4276,48.63,5
KN-16450,CA-2014-154599,2796,18.09,6
KN-16450,CA-2015-155145,3272,7.92,7
KN-16450,CA-2014-112718,2606,1.17,8
KN-16705,CA-2017-126067,2484,1137.75,1
KN-16705,CA-2014-157609,3453,471.92,2
KN-16705,US-2014-143287,9958,223.92,3
KN-16705,CA-2017-126067,2485,99.68,4
KN-16705,CA-2016-140613,5453,86.2,5
KN-16705,CA-2015-105613,6137,73.16,6
KN-16705,US-2014-143287,9957,46.35,7
KN-16705,CA-2014-107524,6059,36.4,8
KN-16705,CA-2017-126067,2483,35.17,9
KN-16705,CA-2015-105613,6136,27.7,10
KN-16705,CA-2017-138422,2329,14.35,11
KN-16705,CA-2014-107524,6058,11.36,12
KN-16705,US-2014-143287,9959,7.3,13
KN-16705,CA-2017-126067,2486,5.56,14
KN-16705,CA-2017-102554,3448,3.76,15
KS-16300,CA-2017-155824,4997,48.78,1
KS-16300,CA-2015-155124,4936,16.78,2
KS-16300,CA-2017-155824,4998,13.09,3
KS-16300,CA-2015-169677,8535,9.82,4
KT-16465,CA-2014-146283,5291,966.7,1
KT-16465,CA-2016-112669,1980,933.54,2
KT-16465,US-2016-133879,3173,528.43,3
KT-16465,CA-2014-146283,5292,182.11,4
KT-16465,US-2014-151925,1360,145.57,5
KT-16465,CA-2016-112060,5778,104.85,6
KT-16465,US-2014-117170,3282,47.98,7
KT-16465,CA-2015-158456,2960,45.92,8
KT-16465,CA-2016-112669,1981,42.98,9
KT-16465,CA-2015-158456,2959,19.94,10
KT-16465,CA-2014-146283,5290,17.9,11
KT-16465,US-2016-133879,3174,13.39,12
KT-16465,US-2014-117170,3283,4.62,13
KT-16465,US-2016-133879,3172,3.17,14
KT-16480,CA-2014-116666,8800,1799.97,1
KT-16480,CA-2016-146206,2495,719.96,2
KT-16480,CA-2014-155887,2747,700.06,3
KT-16480,US-2014-140116,2101,636.41,4
KT-16480,CA-2016-146206,2494,300.93,5
KT-16480,CA-2017-142461,9513,204.67,6
KT-16480,US-2014-140116,2102,83.17,7
KT-16480,CA-2017-123351,4263,80.48,8
KT-16480,CA-2015-132570,1233,79.96,9
KT-16480,CA-2017-105326,7743,25.92,10
KT-16480,CA-2017-126718,7157,4.91,11
KT-16480,CA-2017-159107,4655,2.88,12
KT-16480,CA-2015-132570,1232,2.78,13
KW-16435,CA-2015-102491,4094,3080.0,1
KW-16435,CA-2015-102491,4096,587.97,2
KW-16435,CA-2017-144904,363,488.65,3
KW-16435,CA-2015-102491,4095,79.96,4
KW-16435,CA-2016-146682,3168,67.0,5
KW-16435,CA-2017-144904,365,47.12,6
KW-16435,CA-2017-115805,5713,36.79,7
KW-16435,CA-2017-144904,362,20.7,8
KW-16435,CA-2017-144904,364,5.56,9
KW-16435,US-2015-149692,1285,2.77,10
KW-16570,US-2015-124219,5156,212.94,1
KW-16570,CA-2015-102722,2512,106.5,2
KW-16570,CA-2014-140886,2335,69.22,3
KW-16570,US-2015-158589,9502,32.04,4
KW-16570,US-2015-124219,5155,28.4,5
LA-16780,CA-2016-122903,5171,3504.9,1
LA-16780,CA-2014-163552,1031,854.94,2
LA-16780,CA-2014-107811,6375,561.58,3
LA-16780,CA-2016-132829,8558,453.58,4
LA-16780,CA-2016-164091,2256,437.85,5
LA-16780,CA-2016-108882,3210,377.93,6
LA-16780,CA-2016-108882,3209,349.95,7
LA-16780,CA-2016-122903,5173,314.55,8
LA-16780,CA-2016-132829,8560,287.88,9
LA-16780,CA-2016-123806,4272,207.76,10
LA-16780,CA-2014-163552,1030,197.97,11
LA-16780,CA-2014-163552,1029,177.2,12
LA-16780,CA-2016-122903,5172,144.12,13
LA-16780,CA-2016-132829,8561,131.88,14
LA-16780,CA-2017-130771,2228,124.79,15
LA-16780,CA-2014-163552,1032,124.11,16
LA-16780,CA-2016-164091,2257,109.48,17
LA-16780,CA-2014-107811,6376,99.92,18
LA-16780,CA-2016-132829,8559,45.36,19
LA-16780,CA-2016-155187,2331,41.96,20
LA-16780,CA-2015-125395,384,41.9,21
LA-16780,CA-2016-155187,2332,41.7,22
LA-16780,CA-2015-129700,3403,22.29,23
LA-16780,CA-2014-163552,1033,14.4,24
LA-16780,CA-2017-130771,2227,2.9,25
LA-16780,CA-2016-132829,8562,2.33,26
LB-16735,CA-2017-154088,7769,26.72,1
LB-16735,CA-2016-111115,2156,21.48,2
LB-16735,CA-2017-160045,1359,1.99,3
LB-16795,US-2016-155768,9173,1112.94,1
LB-16795,CA-2017-147032,9704,849.95,2
LB-16795,US-2016-157490,7642,703.71,3
LB-16795,CA-2016-131968,4726,671.54,4
LB-16795,CA-2017-118199,8419,286.85,5
LB-16795,US-2014-150119,3406,281.37,6
LB-16795,US-2014-150119,3407,281.37,7
LB-16795,CA-2017-118199,8421,199.98,8
LB-16795,CA-2017-118199,8417,147.92,9
LB-16795,CA-2017-118199,8418,104.28,10
LB-16795,US-2016-157490,7645,67.96,11
LB-16795,CA-2017-118199,8420,66.96,12
LB-16795,US-2016-155768,9172,47.9,13
LB-16795,US-2016-155768,9171,31.96,14
LB-16795,US-2016-155768,9174,22.92,15
LB-16795,US-2014-150119,3409,22.34,16
LB-16795,US-2016-157490,7643,17.9,17
LB-16795,CA-2016-124583,7482,12.78,18
LB-16795,US-2016-157490,7644,11.98,19
LB-16795,CA-2017-147032,9703,11.54,20
LB-16795,CA-2017-147032,9705,11.01,21
LB-16795,CA-2016-131968,4725,9.89,22
LB-16795,US-2014-150119,3408,7.49,23
LB-16795,US-2016-162103,3260,3.14,24
LC-16870,CA-2015-150770,7219,339.96,1
LC-16870,CA-2017-113705,9756,332.94,2
LC-16870,CA-2017-113705,9757,292.1,3
LC-16870,US-2015-156867,104,238.9,4
LC-16870,CA-2017-113705,9758,206.1,5
LC-16870,CA-2016-110898,8984,159.04,6
LC-16870,CA-2016-110898,8985,145.98,7
LC-16870,CA-2016-111283,3758,111.1,8
LC-16870,US-2015-156867,105,102.36,9
LC-16870,CA-2017-118017,7883,102.34,10
LC-16870,CA-2017-118017,7882,76.75,11
LC-16870,US-2017-125647,5415,73.18,12
LC-16870,CA-2015-150770,7218,62.5,13
LC-16870,CA-2015-150770,7220,49.57,14
LC-16870,CA-2017-118017,7885,47.32,15
LC-16870,US-2017-125647,5417,39.98,16
LC-16870,US-2015-156867,106,36.88,17
LC-16870,CA-2017-118017,7886,23.38,18
LC-16870,US-2017-125647,5416,20.74,19
LC-16870,CA-2017-113705,9755,17.76,20
LC-16870,CA-2017-113705,9759,17.64,21
LC-16870,CA-2017-118017,7887,16.72,22
LC-16870,CA-2017-118017,7888,16.19,23
LC-16870,CA-2017-118017,7881,13.34,24
LC-16870,CA-2017-118017,7884,10.32,25
LC-16870,CA-2015-150770,7217,8.82,26
LC-16870,CA-2017-113705,9754,8.26,27
LC-16870,CA-2016-167584,1087,6.48,28
LC-16870,CA-2016-110898,8982,2.33,29
LC-16870,CA-2016-110898,8983,1.73,30
LC-16885,US-2015-163825,8750,3050.38,1
LC-16885,CA-2014-139192,1049,1113.5,2
LC-16885,US-2017-113992,6439,974.99,3
LC-16885,CA-2015-124058,4060,572.16,4
LC-16885,CA-2016-107146,7533,483.14,5
LC-16885,CA-2014-110100,2714,302.38,6
LC-16885,CA-2016-107146,7532,266.35,7
LC-16885,CA-2015-157133,3865,151.96,8
LC-16885,US-2015-163825,8751,133.98,9
LC-16885,CA-2017-157448,9666,119.94,10
LC-16885,CA-2014-139192,1050,99.99,11
LC-16885,CA-2016-145583,138,76.18,12
LC-16885,CA-2015-124058,4059,72.74,13
LC-16885,CA-2016-145583,139,65.88,14
LC-16885,CA-2016-145583,140,43.12,15
LC-16885,CA-2016-145583,135,35.44,16
LC-16885,CA-2016-103359,8512,25.58,17
LC-16885,CA-2016-145583,134,20.04,18
LC-16885,CA-2017-143861,2870,17.09,19
LC-16885,CA-2017-157448,9667,12.42,20
LC-16885,CA-2016-145583,136,11.52,21
LC-16885,CA-2015-106362,8293,10.33,22
LC-16885,CA-2016-145583,137,4.02,23
LC-16930,CA-2016-107202,2419,2396.4,1
LC-16930,CA-2016-152289,1464,1024.72,2
LC-16930,US-2017-137491,2172,305.31,3
LC-16930,CA-2016-111913,4086,302.38,4
LC-16930,CA-2016-152289,1463,159.98,5
LC-16930,CA-2017-120999,42,147.17,6
LC-16930,CA-2014-109491,4521,62.31,7
LC-16930,CA-2016-111913,4087,20.95,8
LC-16930,CA-2016-143476,7209,20.74,9
LC-16930,CA-2014-109491,4522,20.32,10
LC-16930,CA-2016-111913,4088,11.78,11
LC-16930,CA-2016-143476,7210,9.57,12
LC-16930,CA-2017-167080,5219,8.4,13
LC-16930,CA-2016-143476,7208,2.91,14
LC-16960,CA-2015-111038,8893,2676.67,1
LC-16960,US-2016-139262,8279,432.46,2
LC-16960,CA-2016-105753,8086,61.1,3
LC-16960,US-2016-139262,8278,34.86,4
LC-16960,CA-2015-132276,8774,26.88,5
LC-16960,CA-2015-132276,8775,10.9,6
LC-16960,US-2016-139262,8277,3.76,7
LC-17050,CA-2016-118514,5754,866.4,1
LC-17050,CA-2014-129147,6502,539.96,2
LC-17050,CA-2014-115161,3366,290.67,3
LC-17050,CA-2017-137498,5580,243.92,4
LC-17050,CA-2014-129147,6503,50.23,5
LC-17050,CA-2017-137498,5581,47.52,6
LC-17050,US-2017-119319,8621,30.56,7
LC-17050,CA-2014-129147,6504,19.24,8
LC-17050,CA-2017-137498,5579,6.56,9
LC-17140,CA-2017-162789,9408,1071.0,1
LC-17140,CA-2016-137043,1301,572.76,2
LC-17140,CA-2016-137043,1302,286.38,3
LC-17140,CA-2014-102869,3600,135.52,4
LC-17140,CA-2016-101693,7426,85.25,5
LC-17140,US-2017-116701,204,66.28,6
LC-17140,CA-2017-169439,7285,66.11,7
LC-17140,CA-2016-130477,905,64.96,8
LC-17140,CA-2014-102869,3598,64.7,9
LC-17140,CA-2015-119907,1461,55.42,10
LC-17140,CA-2016-101693,7427,32.71,11
LC-17140,CA-2017-169439,7284,25.92,12
LC-17140,CA-2016-130477,904,20.04,13
LC-17140,CA-2014-102869,3599,17.47,14
LC-17140,CA-2014-102869,3597,15.55,15
LC-17140,CA-2017-133431,629,15.24,16
LC-17140,CA-2017-133431,630,13.23,17
LC-17140,CA-2016-130477,906,12.96,18
LC-17140,CA-2017-162789,9409,12.07,19
LD-16855,CA-2016-152331,6506,5.3,1
LD-17005,CA-2014-124856,5796,1395.54,1
LD-17005,CA-2016-139878,2783,257.98,2
LD-17005,CA-2014-124856,5797,117.36,3
LD-17005,CA-2014-124856,5799,77.52,4
LD-17005,CA-2016-116379,9716,57.58,5
LD-17005,CA-2016-142762,1330,37.05,6
LD-17005,CA-2014-124856,5798,18.9,7
LE-16810,CA-2016-157245,770,641.96,1
LE-16810,CA-2017-108329,206,444.77,2
LE-16810,US-2017-150595,5540,181.99,3
LE-16810,CA-2014-100706,9020,99.98,4
LE-16810,CA-2015-131779,3446,29.9,5
LE-16810,CA-2014-100706,9021,29.46,6
LE-16810,US-2017-150595,5542,22.34,7
LE-16810,US-2014-117058,1326,17.46,8
LE-16810,US-2017-150595,5541,1.59,9
LF-17185,CA-2014-169019,9775,2177.58,1
LF-17185,CA-2015-109512,1883,563.4,2
LF-17185,CA-2014-169019,9778,431.14,3
LF-17185,CA-2015-109512,1882,383.61,4
LF-17185,CA-2017-148264,3432,128.9,5
LF-17185,CA-2017-148264,3433,60.12,6
LF-17185,CA-2017-118521,3780,37.94,7
LF-17185,CA-2017-148264,3431,29.79,8
LF-17185,CA-2015-109512,1881,29.34,9
LF-17185,CA-2014-110030,2720,23.98,10
LF-17185,CA-2014-169019,9776,17.5,11
LF-17185,CA-2014-169019,9777,16.78,12
LF-17185,CA-2014-113166,403,9.57,13
LF-17185,CA-2014-169019,9779,8.88,14
LF-17185,CA-2016-106341,513,7.15,15
LF-17185,CA-2014-169019,9780,4.84,16
LH-16750,CA-2017-133235,1206,271.96,1
LH-16750,CA-2017-129707,5434,8.9,2
LH-16750,CA-2014-117478,7103,6.57,3
LH-16900,US-2014-156559,4089,638.82,1
LH-16900,CA-2014-109855,8243,357.0,2
LH-16900,US-2015-136749,7155,275.88,3
LH-16900,CA-2016-113733,5747,249.58,4
LH-16900,US-2017-169320,4374,159.75,5
LH-16900,US-2015-136749,7156,157.9,6
LH-16900,US-2017-103814,5351,143.86,7
LH-16900,CA-2014-123323,4729,123.14,8
LH-16900,CA-2016-113733,5748,68.11,9
LH-16900,CA-2016-169194,48,45.0,10
LH-16900,CA-2014-109855,8242,23.74,11
LH-16900,CA-2016-169194,49,21.8,12
LH-16900,CA-2016-113733,5749,16.56,13
LH-16900,US-2017-169320,4373,11.68,14
LH-16900,CA-2014-126277,6910,2.5,15
LH-17020,CA-2015-114923,763,107.98,1
LH-17020,CA-2017-105991,5288,89.99,2
LH-17020,US-2014-115987,837,51.18,3
LH-17020,CA-2016-166443,2946,38.29,4
LH-17020,CA-2017-105991,5286,21.24,5
LH-17020,CA-2017-105991,5287,9.55,6
LH-17155,US-2016-131149,1733,338.04,1
LH-17155,CA-2016-154739,250,321.57,2
LH-17155,CA-2015-121965,4451,186.69,3
LH-17155,CA-2016-144092,7309,158.13,4
LH-17155,US-2016-131149,1734,154.24,5
LH-17155,CA-2016-144092,7308,113.89,6
LH-17155,CA-2016-141019,2161,79.38,7
LH-17155,CA-2016-144092,7307,72.0,8
LH-17155,US-2016-139486,525,66.26,9
LH-17155,CA-2016-133340,3741,61.93,10
LH-17155,CA-2016-133340,3740,59.98,11
LH-17155,US-2016-139486,524,55.18,12
LH-17155,CA-2015-121965,4449,12.56,13
LH-17155,CA-2014-113320,4854,12.54,14
LH-17155,US-2016-131912,6241,11.74,15
LH-17155,CA-2016-133340,3739,10.9,16
LH-17155,CA-2014-113320,4856,9.24,17
LH-17155,CA-2014-113320,4855,8.94,18
LH-17155,CA-2015-121965,4450,6.48,19
LL-16840,CA-2015-137974,7459,1196.86,1
LL-16840,CA-2015-137974,7457,569.64,2
LL-16840,CA-2015-137974,7460,523.26,3
LL-16840,CA-2014-153927,9883,272.61,4
LL-16840,CA-2017-120222,6889,73.34,5
LL-16840,US-2017-163195,4362,29.16,6
LL-16840,CA-2017-120222,6888,19.05,7
LL-16840,CA-2014-134061,885,17.46,8
LL-16840,CA-2014-153927,9882,14.04,9
LL-16840,CA-2015-164833,1817,9.26,10
LL-16840,CA-2015-137974,7458,9.14,11
LL-16840,CA-2015-164833,1816,7.38,12
LM-17065,US-2015-120161,543,646.78,1
LM-17065,CA-2014-104283,2277,306.2,2
LM-17065,CA-2014-104283,2279,223.96,3
LM-17065,CA-2014-104283,2278,85.98,4
LM-17065,CA-2016-105263,9511,38.34,5
LM-17065,CA-2015-169740,2642,29.99,6
LM-17065,CA-2016-105277,5777,15.53,7
LO-17170,CA-2017-141572,6242,247.44,1
LO-17170,CA-2015-104038,9084,146.73,2
LO-17170,CA-2017-163860,6821,113.37,3
LO-17170,CA-2017-118367,4260,47.98,4
LO-17170,CA-2015-143238,2536,46.32,5
LO-17170,CA-2015-104038,9085,29.9,6
LO-17170,CA-2017-163860,6820,7.97,7
LO-17170,CA-2017-163860,6822,2.96,8
LO-17170,CA-2017-163860,6819,1.68,9
LP-17080,CA-2016-116722,8121,451.15,1
LP-17080,CA-2017-118731,561,84.06,2
LP-17080,CA-2017-118731,560,42.6,3
LP-17080,CA-2016-116722,8120,41.96,4
LP-17080,CA-2017-133823,4123,37.59,5
LP-17080,CA-2017-133823,4122,37.44,6
LP-17080,CA-2016-116722,8122,31.5,7
LP-17080,CA-2017-133823,4124,26.03,8
LP-17080,CA-2014-159814,9402,4.27,9
LP-17095,CA-2017-121790,8270,2003.17,1
LP-17095,CA-2016-112830,9898,466.32,2
LP-17095,CA-2017-106782,4944,375.34,3
LP-17095,CA-2016-103709,7466,261.74,4
LP-17095,CA-2017-102736,8197,89.57,5
LP-17095,CA-2016-112830,9899,82.64,6
LP-17095,CA-2017-121804,1323,72.8,7
LP-17095,CA-2017-102736,8198,71.96,8
LP-17095,CA-2017-121790,8268,69.38,9
LP-17095,CA-2016-118969,4513,54.79,10
LP-17095,CA-2016-103709,7465,34.24,11
LP-17095,CA-2017-121790,8269,31.68,12
LP-17095,CA-2017-102736,8199,15.55,13
LP-17095,CA-2016-103709,7464,14.88,14
LP-17095,CA-2017-121790,8271,9.34,15
LR-16915,CA-2014-131450,596,1199.98,1
LR-16915,CA-2016-126732,9235,1091.17,2
LR-16915,CA-2017-109183,7293,649.0,3
LR-16915,CA-2016-126732,9237,568.73,4
LR-16915,CA-2014-131450,597,445.96,5
LR-16915,CA-2015-141327,8195,335.74,6
LR-16915,CA-2014-131450,598,327.76,7
LR-16915,CA-2016-125206,3074,114.46,8
LR-16915,CA-2015-141327,8194,98.35,9
LR-16915,CA-2016-126732,9233,94.68,10
LR-16915,US-2016-148803,1136,85.22,11
LR-16915,CA-2014-131450,595,76.12,12
LR-16915,CA-2016-126732,9234,23.67,13
LR-16915,CA-2016-126732,9236,18.69,14
LR-16915,CA-2016-126732,9238,7.31,15
LR-16915,CA-2015-141327,8193,6.05,16
LR-17035,CA-2015-102876,5010,791.96,1
LR-17035,CA-2016-143406,9088,454.97,2
LR-17035,CA-2017-119011,5966,226.56,3
LR-17035,CA-2017-119011,5967,107.88,4
LR-17035,CA-2016-143406,9087,93.03,5
LR-17035,CA-2014-109918,8369,83.92,6
LR-17035,CA-2017-103506,6262,41.4,7
LR-17035,CA-2014-109918,8367,27.36,8
LR-17035,CA-2014-109918,8368,20.56,9
LR-17035,CA-2017-119011,5965,17.22,10
LR-17035,CA-2015-102876,5009,9.52,11
LR-17035,CA-2015-102876,5011,4.92,12
LS-16945,CA-2016-114727,1203,854.35,1
LS-16945,CA-2016-114727,1204,593.57,2
LS-16945,CA-2016-114727,1201,544.01,3
LS-16945,CA-2016-114727,1205,338.04,4
LS-16945,CA-2017-100223,4230,332.03,5
LS-16945,US-2017-128832,6024,69.98,6
LS-16945,CA-2017-100223,4233,31.1,7
LS-16945,CA-2015-115420,6956,21.34,8
LS-16945,CA-2016-134362,868,15.94,9
LS-16945,CA-2017-100223,4232,15.55,10
LS-16945,CA-2017-100223,4231,11.39,11
LS-16945,CA-2017-108000,5900,9.78,12
LS-16945,CA-2017-100223,4234,6.32,13
LS-16945,CA-2016-114727,1202,1.87,14
LS-16975,CA-2017-117702,4247,1049.2,1
LS-16975,CA-2014-137092,6555,505.32,2
LS-16975,US-2015-138919,3016,344.22,3
LS-16975,CA-2014-137092,6554,319.97,4
LS-16975,US-2016-125969,130,238.56,5
LS-16975,US-2014-147648,5229,81.98,6
LS-16975,US-2016-125969,129,81.42,7
LS-16975,CA-2017-164168,3136,77.95,8
LS-16975,CA-2017-164168,3137,67.99,9
LS-16975,CA-2017-164168,3139,44.78,10
LS-16975,CA-2017-108294,1509,34.5,11
LS-16975,CA-2017-164168,3135,30.56,12
LS-16975,CA-2014-137092,6558,24.42,13
LS-16975,CA-2017-164168,3140,22.85,14
LS-16975,CA-2017-117702,4248,20.9,15
LS-16975,CA-2017-164168,3138,12.22,16
LS-16975,CA-2016-112025,2174,9.26,17
LS-16975,CA-2014-137092,6557,8.68,18
LS-16975,US-2015-118766,7906,4.46,19
LS-16975,US-2015-118766,7907,3.96,20
LS-16975,CA-2014-137092,6556,3.81,21
LS-16975,CA-2017-117702,4246,1.64,22
LS-17200,CA-2014-115084,5234,605.34,1
LS-17200,US-2017-165869,6692,155.88,2
LS-17200,CA-2016-160129,2921,70.45,3
LS-17200,CA-2014-141110,8601,40.54,4
LS-17200,CA-2017-169929,5152,39.9,5
LS-17200,US-2017-165869,6691,17.52,6
LS-17200,CA-2016-160129,2919,15.8,7
LS-17200,CA-2014-141110,8600,14.94,8
LS-17200,CA-2016-160129,2920,14.37,9
LS-17200,CA-2017-131618,2501,12.22,10
LS-17200,CA-2017-131618,2503,9.36,11
LS-17200,CA-2014-141110,8602,7.31,12
LS-17200,CA-2014-141110,8599,4.32,13
LS-17200,CA-2017-131618,2502,2.3,14
LS-17230,CA-2015-118955,3939,197.37,1
LS-17230,US-2015-111927,3832,76.14,2
LS-17230,CA-2015-118955,3937,28.75,3
LS-17230,CA-2015-118955,3938,27.22,4
LS-17230,US-2015-111927,3833,19.96,5
LS-17230,CA-2014-130813,5328,19.44,6
LS-17245,CA-2014-124730,5816,279.96,1
LS-17245,US-2014-109456,5887,179.97,2
LS-17245,CA-2016-152765,6050,173.49,3
LS-17245,CA-2017-135307,511,126.3,4
LS-17245,CA-2014-124730,5819,93.15,5
LS-17245,CA-2015-165414,4080,47.98,6
LS-17245,CA-2017-135307,512,38.04,7
LS-17245,CA-2014-124730,5818,17.09,8
LS-17245,US-2014-109456,5886,14.35,9
LS-17245,CA-2016-136994,7869,13.38,10
LS-17245,CA-2014-124730,5817,12.91,11
LS-17245,CA-2014-124730,5820,11.52,12
LT-16765,US-2015-122910,4716,201.58,1
LT-16765,CA-2017-160031,7392,74.35,2
LT-16765,CA-2014-126522,1162,53.94,3
LT-17110,US-2014-165659,2202,881.93,1
LT-17110,CA-2016-159373,2348,557.59,2
LT-17110,CA-2015-168207,8167,512.5,3
LT-17110,CA-2015-154620,788,348.93,4
LT-17110,CA-2017-122700,1431,220.75,5
LT-17110,CA-2015-168207,8165,117.49,6
LT-17110,CA-2015-168207,8164,96.96,7
LT-17110,CA-2017-147725,4430,70.95,8
LT-17110,CA-2016-159373,2346,70.08,9
LT-17110,US-2014-165659,2201,22.2,10
LT-17110,CA-2016-157364,6029,18.48,11
LT-17110,CA-2015-168207,8166,11.95,12
LT-17110,US-2015-104430,1174,5.18,13
LT-17110,CA-2016-159373,2347,1.27,14
LW-16825,CA-2014-160773,1319,575.92,1
LW-16825,CA-2014-103429,7858,464.0,2
LW-16825,CA-2014-164721,1984,320.88,3
LW-16825,CA-2016-109827,6801,269.97,4
LW-16825,CA-2014-103429,7859,235.95,5
LW-16825,CA-2016-109827,6803,100.8,6
LW-16825,CA-2016-109827,6804,47.97,7
LW-16825,CA-2016-109827,6802,45.12,8
LW-16825,CA-2014-103429,7860,39.96,9
LW-16825,CA-2016-109827,6800,35.45,10
LW-16825,CA-2014-164721,1986,26.76,11
LW-16825,CA-2014-103429,7857,25.58,12
LW-16825,CA-2014-164721,1985,23.88,13
LW-16825,CA-2017-144820,8115,20.64,14
LW-16825,CA-2014-160773,1320,5.18,15
LW-16990,US-2016-102239,7115,1685.88,1
LW-16990,CA-2017-152142,961,321.57,2
LW-16990,CA-2017-162978,1355,300.9,3
LW-16990,CA-2017-101245,1935,244.55,4
LW-16990,CA-2017-102834,1926,199.98,5
LW-16990,CA-2017-162978,1353,183.96,6
LW-16990,CA-2017-101245,1936,166.16,7
LW-16990,CA-2017-158407,1091,71.98,8
LW-16990,CA-2017-158407,1090,31.98,9
LW-16990,CA-2017-162978,1354,17.61,10
LW-16990,US-2016-102239,7116,5.73,11
LW-17125,CA-2016-157280,8965,756.8,1
LW-17125,CA-2016-157280,8963,273.96,2
LW-17125,CA-2014-112837,6312,127.95,3
LW-17125,CA-2016-157280,8964,89.97,4
LW-17125,CA-2017-117436,4820,10.36,5
LW-17215,CA-2014-116246,9426,3785.29,1
LW-17215,CA-2016-132997,8064,359.97,2
LW-17215,CA-2016-132997,8067,276.78,3
LW-17215,CA-2016-132997,8063,263.96,4
LW-17215,CA-2016-111416,3311,232.4,5
LW-17215,CA-2017-166128,2001,199.95,6
LW-17215,CA-2016-132997,8066,116.82,7
LW-17215,CA-2017-102659,9768,54.9,8
LW-17215,CA-2017-166128,2002,41.86,9
LW-17215,US-2016-117037,7790,30.53,10
LW-17215,US-2016-117037,7789,22.61,11
LW-17215,CA-2016-132997,8065,12.96,12
LW-17215,CA-2017-102218,9284,11.7,13
LW-17215,US-2016-117037,7788,7.9,14
LW-17215,US-2016-117037,7787,2.89,15
MA-17560,CA-2015-143105,4201,799.98,1
MA-17560,CA-2014-140732,5962,575.93,2
MA-17560,CA-2014-124478,5069,549.99,3
MA-17560,CA-2015-130974,7675,446.07,4
MA-17560,CA-2014-124478,5073,299.98,5
MA-17560,CA-2015-130974,7671,259.98,6
MA-17560,CA-2015-143105,4203,184.66,7
MA-17560,CA-2015-130974,7672,170.98,8
MA-17560,CA-2014-124478,5070,167.54,9
MA-17560,CA-2015-130974,7674,154.9,10
MA-17560,CA-2014-140732,5964,123.92,11
MA-17560,CA-2015-130974,7670,59.94,12
MA-17560,CA-2014-124478,5072,53.88,13
MA-17560,CA-2017-158722,5260,45.53,14
MA-17560,CA-2015-143105,4202,41.28,15
MA-17560,CA-2015-130974,7669,40.08,16
MA-17560,CA-2015-130974,7673,38.97,17
MA-17560,CA-2014-124478,5071,38.34,18
MA-17560,US-2016-117793,7989,37.59,19
MA-17560,CA-2017-107727,35,29.47,20
MA-17560,CA-2017-110373,3254,27.18,21
MA-17560,US-2016-117793,7988,25.2,22
MA-17560,CA-2014-168823,4236,20.81,23
MA-17560,CA-2015-110324,9355,19.44,24
MA-17560,CA-2015-110324,9357,18.54,25
MA-17560,US-2016-117793,7990,14.97,26
MA-17560,CA-2014-168823,4235,11.35,27
MA-17560,CA-2016-128916,9125,9.55,28
MA-17560,CA-2014-140732,5963,7.78,29
MA-17560,CA-2015-143105,4200,7.31,30
MA-17560,CA-2017-110373,3253,7.06,31
MA-17560,CA-2016-128916,9126,5.34,32
MA-17560,CA-2015-110324,9356,3.64,33
MA-17560,US-2016-117793,7991,1.98,34
MA-17995,CA-2016-152247,5870,1603.14,1
MA-17995,CA-2014-132010,9113,315.2,2
MA-17995,CA-2017-123638,2957,191.65,3
MA-17995,US-2016-165078,4370,104.9,4
MA-17995,US-2016-165078,4372,51.75,5
MA-17995,CA-2014-133704,4241,43.92,6
MA-17995,US-2016-165078,4371,39.68,7
MA-17995,CA-2014-132010,9111,36.4,8
MA-17995,CA-2014-132010,9112,22.96,9
MA-17995,CA-2014-133704,4242,20.23,10
MA-17995,CA-2014-132010,9114,15.18,11
MA-17995,CA-2015-157028,9127,8.28,12
MB-17305,CA-2016-118759,4531,408.01,1
MB-17305,CA-2017-163125,4918,254.06,2
MB-17305,CA-2015-168529,5509,145.9,3
MB-17305,CA-2017-169124,4296,129.39,4
MB-17305,CA-2014-151708,1466,121.38,5
MB-17305,CA-2014-151708,1467,95.98,6
MB-17305,CA-2017-149944,6214,76.12,7
MB-17305,CA-2017-163125,4917,67.14,8
MB-17305,CA-2015-145828,5611,53.04,9
MB-17305,CA-2016-118759,4532,40.44,10
MB-17305,CA-2015-113131,9571,33.57,11
MB-17305,CA-2015-113131,9573,24.42,12
MB-17305,CA-2017-105074,201,21.74,13
MB-17305,CA-2017-149944,6213,18.24,14
MB-17305,CA-2015-113131,9574,17.12,15
MB-17305,CA-2015-113131,9572,15.84,16
MB-17305,CA-2015-144288,2563,10.37,17
MB-17305,CA-2015-144288,2562,9.22,18
MB-17305,CA-2015-113131,9570,6.73,19
MB-18085,CA-2017-144498,6636,627.17,1
MB-18085,CA-2016-142524,9074,279.95,2
MB-18085,US-2016-128902,1462,244.01,3
MB-18085,CA-2017-144498,6637,122.12,4
MB-18085,CA-2017-144498,6635,68.54,5
MB-18085,CA-2014-141817,1760,19.54,6
MB-18085,CA-2016-112382,7833,19.14,7
MB-18085,CA-2017-122945,7589,17.31,8
MB-18085,CA-2016-142524,9073,16.56,9
MB-18085,CA-2017-151071,5075,13.9,10
MC-17275,CA-2014-107818,4851,975.92,1
MC-17275,CA-2015-143119,1628,517.5,2
MC-17275,CA-2014-107818,4853,485.88,3
MC-17275,CA-2014-107818,4852,303.84,4
MC-17275,CA-2016-118899,7695,167.89,5
MC-17275,CA-2015-114237,2026,141.96,6
MC-17275,CA-2015-168459,3650,55.1,7
MC-17275,CA-2015-105599,4109,27.41,8
MC-17275,CA-2017-154949,7214,14.73,9
MC-17275,CA-2015-105599,4108,13.96,10
MC-17275,CA-2016-146318,5675,12.96,11
MC-17275,CA-2014-107818,4850,5.88,12
MC-17275,CA-2015-168459,3649,2.95,13
MC-17425,CA-2016-133711,1455,3040.0,1
MC-17425,CA-2014-140473,8553,719.98,2
MC-17425,US-2016-168095,7932,230.28,3
MC-17425,US-2016-168095,7933,105.52,4
MC-17425,CA-2016-133711,1453,91.68,5
MC-17425,CA-2016-133711,1452,70.98,6
MC-17425,CA-2015-161711,6216,68.16,7
MC-17425,CA-2015-161711,6217,62.24,8
MC-17425,CA-2016-133711,1454,33.75,9
MC-17425,CA-2016-130050,3365,9.55,10
MC-17575,CA-2015-117772,5765,353.88,1
MC-17575,CA-2017-167703,1322,285.55,2
MC-17575,CA-2015-135314,3782,269.98,3
MC-17575,CA-2017-115175,4458,244.55,4
MC-17575,US-2017-149510,4566,45.22,5
MC-17575,US-2016-157840,7029,33.9,6
MC-17575,US-2017-149510,4567,28.78,7
MC-17575,US-2017-149510,4568,24.45,8
MC-17575,CA-2015-125423,1818,9.96,9
MC-17575,CA-2017-167703,1321,5.23,10
MC-17575,CA-2014-101147,6252,2.39,11
MC-17590,CA-2014-127446,2610,1218.74,1
MC-17590,CA-2016-131835,2047,597.0,2
MC-17590,CA-2016-131835,2046,162.64,3
MC-17590,CA-2017-159597,2421,99.99,4
MC-17590,CA-2014-130673,8584,66.96,5
MC-17590,CA-2017-159597,2420,63.56,6
MC-17590,CA-2016-131835,2048,55.48,7
MC-17590,CA-2016-113082,8807,40.48,8
MC-17590,CA-2016-157868,3251,24.85,9
MC-17590,CA-2014-127446,2608,24.67,10
MC-17590,CA-2014-130673,8583,20.78,11
MC-17590,CA-2014-127446,2612,15.7,12
MC-17590,CA-2014-130673,8582,10.37,13
MC-17590,CA-2014-130673,8581,10.33,14
MC-17590,CA-2014-127446,2613,6.1,15
MC-17590,CA-2014-127446,2611,5.9,16
MC-17590,CA-2014-127446,2609,2.52,17
MC-17605,US-2014-161613,4905,674.06,1
MC-17605,CA-2014-103989,6161,323.98,2
MC-17605,CA-2015-145394,6795,239.98,3
MC-17605,CA-2017-145142,523,210.98,4
MC-17605,CA-2017-134810,8282,207.0,5
MC-17605,CA-2014-103989,6167,170.24,6
MC-17605,US-2017-146213,7719,159.96,7
MC-17605,CA-2017-134810,8281,65.23,8
MC-17605,CA-2016-145492,5398,39.0,9
MC-17605,CA-2015-145394,6796,34.5,10
MC-17605,CA-2014-103989,6164,33.57,11
MC-17605,CA-2014-103989,6163,26.16,12
MC-17605,CA-2015-145394,6794,21.49,13
MC-17605,CA-2014-103989,6166,20.02,14
MC-17605,CA-2014-103989,6162,11.81,15
MC-17605,CA-2017-160962,5455,8.38,16
MC-17605,CA-2017-160962,5456,6.85,17
MC-17605,CA-2014-103989,6165,4.99,18
MC-17635,CA-2016-139010,2991,449.15,1
MC-17635,US-2017-151316,4083,182.99,2
MC-17635,US-2014-120175,9677,64.02,3
MC-17635,CA-2016-139010,2992,31.25,4
MC-17635,CA-2014-164861,2623,25.92,5
MC-17635,CA-2016-139010,2990,18.56,6
MC-17635,CA-2016-139010,2989,12.99,7
MC-17635,US-2017-151316,4084,10.27,8
MC-17845,CA-2017-148446,1517,1669.6,1
MC-17845,CA-2014-156594,3643,487.98,2
MC-17845,CA-2014-157784,686,479.97,3
MC-17845,US-2017-128447,7326,400.8,4
MC-17845,CA-2016-116337,8213,314.09,5
MC-17845,CA-2014-156594,3646,155.12,6
MC-17845,CA-2016-146143,3469,133.38,7
MC-17845,CA-2014-156594,3644,47.3,8
MC-17845,CA-2016-116337,8212,44.46,9
MC-17845,US-2017-128447,7327,28.79,10
MC-17845,CA-2014-157784,688,19.44,11
MC-17845,CA-2014-157784,687,14.62,12
MC-17845,US-2017-102638,2875,6.03,13
MC-17845,CA-2014-156594,3645,4.13,14
MC-18100,CA-2014-101602,1576,763.28,1
MC-18100,CA-2017-152807,1745,442.4,2
MC-18100,CA-2017-126242,2944,305.01,3
MC-18100,US-2015-129637,6685,180.02,4
MC-18100,CA-2014-123855,9765,139.8,5
MC-18100,CA-2016-139808,8007,93.36,6
MC-18100,CA-2015-111073,5294,51.59,7
MC-18100,US-2015-129637,6686,41.55,8
MC-18100,CA-2014-101602,1575,40.68,9
MC-18100,CA-2017-113075,7223,40.68,10
MC-18100,CA-2017-152807,1742,20.74,11
MC-18100,CA-2015-168809,6797,20.1,12
MC-18100,CA-2017-126242,2945,18.7,13
MC-18100,CA-2015-116512,8466,17.94,14
MC-18100,US-2015-129637,6687,13.12,15
MC-18100,CA-2017-152807,1744,11.17,16
MC-18100,CA-2015-168809,6799,7.88,17
MC-18100,CA-2017-152807,1743,7.17,18
MC-18100,CA-2015-168809,6798,3.8,19
MC-18130,CA-2016-129868,4595,902.71,1
MC-18130,CA-2016-129868,4592,302.38,2
MC-18130,CA-2016-129868,4593,146.35,3
MC-18130,CA-2014-132787,7378,92.52,4
MC-18130,CA-2016-129868,4596,53.97,5
MC-18130,CA-2015-148432,1529,26.18,6
MC-18130,CA-2016-129868,4591,17.76,7
MC-18130,CA-2016-115504,804,12.96,8
MC-18130,CA-2015-163104,4535,11.96,9
MC-18130,CA-2016-129868,4594,7.9,10
MC-18130,CA-2015-148432,1530,7.3,11
MD-17350,CA-2014-114251,9713,1080.1,1
MD-17350,CA-2014-143371,9943,998.82,2
MD-17350,CA-2017-132290,8413,933.41,3
MD-17350,CA-2014-114251,9711,273.57,4
MD-17350,CA-2015-134782,496,105.42,5
MD-17350,CA-2016-162383,7524,85.25,6
MD-17350,CA-2014-114251,9715,58.42,7
MD-17350,CA-2014-114251,9714,51.56,8
MD-17350,CA-2014-143371,9944,51.15,9
MD-17350,CA-2017-149181,1596,47.99,10
MD-17350,CA-2017-109757,3562,25.56,11
MD-17350,CA-2014-114251,9712,13.19,12
MD-17350,CA-2017-109757,3564,11.52,13
MD-17350,CA-2016-162383,7522,8.95,14
MD-17350,CA-2016-162383,7523,8.86,15
MD-17350,CA-2017-109757,3561,8.26,16
MD-17350,CA-2017-109757,3563,4.37,17
MD-17860,CA-2017-154410,1906,909.12,1
MD-17860,CA-2017-100055,9133,125.13,2
MD-17860,US-2014-117744,2788,58.36,3
MD-17860,US-2014-117744,2790,39.96,4
MD-17860,CA-2017-100055,9132,27.46,5
MD-17860,CA-2017-153654,4355,19.01,6
MD-17860,US-2014-117744,2789,16.46,7
MD-17860,CA-2017-104024,4238,9.41,8
ME-17320,CA-2016-160717,9661,3023.93,1
ME-17320,CA-2014-167199,7475,2573.82,2
ME-17320,CA-2016-152555,3552,844.12,3
ME-17320,CA-2016-152555,3553,812.74,4
ME-17320,CA-2014-167199,7479,755.96,5
ME-17320,CA-2014-167199,7476,609.98,6
ME-17320,CA-2016-160717,9663,477.6,7
ME-17320,CA-2017-148474,1457,452.94,8
ME-17320,CA-2014-167199,7478,391.98,9
ME-17320,CA-2017-137624,8530,241.42,10
ME-17320,CA-2016-159142,4243,149.97,11
ME-17320,CA-2017-148474,1456,91.2,12
ME-17320,CA-2017-129910,5873,59.76,13
ME-17320,CA-2016-152555,3551,45.53,14
ME-17320,CA-2014-167199,7480,31.12,15
ME-17320,CA-2016-159142,4244,27.81,16
ME-17320,CA-2016-160717,9662,26.96,17
ME-17320,CA-2017-143434,2930,19.76,18
ME-17320,US-2017-124926,1551,9.32,19
ME-17320,CA-2014-167199,7481,6.54,20
ME-17320,CA-2015-144302,5086,5.79,21
ME-17320,CA-2014-167199,7477,5.48,22
ME-17725,CA-2017-143756,6292,701.96,1
ME-17725,CA-2017-137449,9626,410.0,2
ME-17725,CA-2017-137449,9625,307.31,3
ME-17725,CA-2017-116645,1604,155.94,4
ME-17725,US-2016-123470,638,122.33,5
ME-17725,CA-2015-155635,9786,48.81,6
ME-17725,CA-2015-161830,4915,35.96,7
ME-17725,CA-2014-124807,7399,35.86,8
ME-17725,CA-2014-124807,7400,23.84,9
ME-17725,CA-2017-137449,9624,21.39,10
ME-17725,US-2016-123470,637,18.88,11
ME-17725,CA-2015-161830,4916,14.95,12
ME-17725,CA-2017-166415,2910,11.22,13
ME-18010,CA-2014-116932,1872,801.57,1
ME-18010,CA-2014-116932,1873,272.85,2
ME-18010,CA-2014-116932,1871,99.2,3
ME-18010,CA-2017-148138,6209,51.17,4
ME-18010,CA-2015-169278,5337,26.98,5
ME-18010,CA-2014-126333,7005,5.18,6
MF-17665,US-2014-169789,3724,551.99,1
MF-17665,US-2016-102232,9490,197.05,2
MF-17665,CA-2016-114307,8758,51.84,3
MF-17665,CA-2016-165827,6729,50.5,4
MF-17665,CA-2016-114307,8757,37.68,5
MF-17665,CA-2016-114307,8759,27.42,6
MF-17665,CA-2016-126543,3702,15.17,7
MF-17665,CA-2016-114307,8760,5.4,8
MF-18250,US-2017-162670,6854,494.97,1
MF-18250,US-2017-162670,6855,367.96,2
MF-18250,CA-2015-162964,8380,223.89,3
MF-18250,US-2017-162670,6857,182.94,4
MF-18250,CA-2015-128013,7125,144.12,5
MF-18250,CA-2014-149594,6491,103.94,6
MF-18250,CA-2015-162964,8378,64.78,7
MF-18250,US-2017-162670,6853,62.04,8
MF-18250,US-2017-162670,6856,44.96,9
MF-18250,CA-2015-144722,4795,43.13,10
MF-18250,CA-2015-162964,8379,15.55,11
MF-18250,CA-2015-128013,7124,10.02,12
MG-17650,CA-2014-166471,3392,1091.17,1
MG-17650,CA-2017-152933,9101,791.88,2
MG-17650,CA-2016-139395,4574,657.93,3
MG-17650,CA-2017-152135,7353,445.44,4
MG-17650,CA-2017-152933,9099,369.54,5
MG-17650,CA-2014-166471,3393,219.17,6
MG-17650,US-2017-169502,4599,91.6,7
MG-17650,CA-2016-139395,4575,33.48,8
MG-17650,CA-2016-139395,4577,26.86,9
MG-17650,US-2017-169502,4598,21.81,10
MG-17650,CA-2016-139395,4576,13.9,11
MG-17650,CA-2017-152933,9100,10.37,12
MG-17650,CA-2017-145660,6205,7.71,13
MG-17650,CA-2016-105284,1060,4.42,14
MG-17680,US-2017-109316,7815,1497.67,1
MG-17680,CA-2017-121300,4474,344.22,2
MG-17680,CA-2017-121300,4473,239.98,3
MG-17680,CA-2014-110072,147,93.89,4
MG-17680,CA-2017-121300,4472,63.69,5
MG-17680,CA-2015-151043,3902,47.98,6
MG-17680,CA-2017-121300,4476,21.25,7
MG-17680,US-2017-109316,7816,17.52,8
MG-17680,CA-2017-121300,4475,15.55,9
MG-17680,CA-2017-121300,4477,8.45,10
MG-17695,US-2016-142685,3944,835.17,1
MG-17695,CA-2014-139598,4819,227.14,2
MG-17695,CA-2015-164007,9165,143.13,3
MG-17695,CA-2014-139598,4818,81.55,4
MG-17695,CA-2014-139598,4817,34.66,5
MG-17695,CA-2014-139598,4816,18.26,6
MG-17695,CA-2015-164007,9164,2.38,7
MG-17875,CA-2015-124975,3520,796.43,1
MG-17875,CA-2016-131499,3005,207.48,2
MG-17875,CA-2017-120705,3488,147.18,3
MG-17875,CA-2015-134992,5841,47.98,4
MG-17875,CA-2015-134992,5840,32.4,5
MG-17875,CA-2014-103744,6530,6.94,6
MG-17875,CA-2014-103744,6531,4.43,7
MG-17890,CA-2017-121125,7412,156.79,1
MG-17890,CA-2015-146948,4600,150.98,2
MG-17890,CA-2015-146948,4601,137.25,3
MG-17890,CA-2016-163972,8371,120.67,4
MG-17890,CA-2017-102967,5546,67.4,5
MG-17890,CA-2017-136672,1372,49.08,6
MG-17890,CA-2017-121125,7413,35.36,7
MG-17890,CA-2016-154053,2607,16.99,8
MG-17890,CA-2017-121125,7414,13.59,9
MG-17890,CA-2015-146948,4602,11.52,10
MG-17890,CA-2014-118276,7204,8.74,11
MG-17890,CA-2017-127712,7064,6.21,12
MG-17890,CA-2017-166933,5527,1.81,13
MG-18145,CA-2017-108574,2405,1115.91,1
MG-18145,CA-2014-137274,7306,890.84,2
MG-18145,US-2015-138303,530,666.25,3
MG-18145,CA-2017-108574,2406,128.74,4
MG-18145,CA-2017-123239,4126,91.03,5
MG-18145,CA-2017-108574,2407,79.92,6
MG-18145,US-2015-138303,531,52.51,7
MG-18145,US-2015-138303,529,36.34,8
MG-18205,CA-2017-115070,5789,12.32,1
MG-18205,CA-2017-115070,5790,4.42,2
MH-17290,US-2017-141558,7144,776.85,1
MH-17290,US-2016-108497,5428,599.17,2
MH-17290,CA-2017-169327,9848,511.5,3
MH-17290,US-2017-141558,7146,154.76,4
MH-17290,CA-2017-169327,9849,147.92,5
MH-17290,US-2017-141558,7147,43.28,6
MH-17290,CA-2017-169327,9847,43.1,7
MH-17290,US-2016-135209,8724,37.41,8
MH-17290,US-2016-135209,8725,25.34,9
MH-17290,CA-2014-116785,7197,21.4,10
MH-17290,CA-2014-116785,7198,12.6,11
MH-17290,US-2017-141558,7145,12.29,12
MH-17290,CA-2015-137603,9306,8.4,13
MH-17440,CA-2016-163048,8383,241.5,1
MH-17440,CA-2016-141523,6171,34.25,2
MH-17440,US-2014-164763,7432,32.67,3
MH-17440,US-2014-164763,7429,30.44,4
MH-17440,CA-2014-104808,8585,17.25,5
MH-17440,US-2014-164763,7431,16.0,6
MH-17440,US-2014-164763,7430,12.96,7
MH-17440,US-2014-164763,7428,11.43,8
MH-17440,CA-2016-141523,6172,3.52,9
MH-17455,US-2016-143448,3940,1424.9,1
MH-17455,CA-2017-146269,9872,290.34,2
MH-17455,CA-2016-113341,8647,194.35,3
MH-17455,CA-2014-160157,4419,190.85,4
MH-17455,CA-2017-136364,4805,91.01,5
MH-17455,CA-2017-154809,9633,90.64,6
MH-17455,CA-2014-133305,6335,49.12,7
MH-17455,CA-2015-100888,3470,47.95,8
MH-17455,CA-2017-136364,4804,39.59,9
MH-17455,CA-2017-146269,9873,19.15,10
MH-17455,CA-2014-133305,6336,18.28,11
MH-17620,CA-2017-130841,2221,1145.6,1
MH-17620,CA-2015-156440,3677,44.46,2
MH-17620,CA-2016-153185,8660,30.96,3
MH-17620,CA-2017-130841,2220,14.98,4
MH-17620,CA-2017-130841,2219,9.98,5
MH-17620,CA-2016-132017,9414,6.82,6
MH-17785,CA-2014-124702,9638,730.2,1
MH-17785,CA-2014-124429,747,567.12,2
MH-17785,CA-2014-124429,748,359.32,3
MH-17785,CA-2014-124702,9637,137.54,4
MH-17785,CA-2015-138954,6189,119.04,5
MH-17785,CA-2016-108959,9412,104.7,6
MH-17785,CA-2015-138954,6187,70.95,7
MH-17785,CA-2015-154144,471,55.48,8
MH-17785,CA-2015-138954,6188,34.94,9
MH-17785,CA-2014-159478,3284,15.24,10
MH-17785,CA-2017-103520,9627,9.25,11
MH-18025,CA-2017-103212,9222,1504.52,1
MH-18025,CA-2015-148635,2809,704.9,2
MH-18025,CA-2015-148635,2810,561.57,3
MH-18025,CA-2017-115448,7449,88.92,4
MH-18025,CA-2014-150301,4780,63.88,5
MH-18025,CA-2017-103212,9223,25.92,6
MH-18025,CA-2015-148635,2808,12.96,7
MH-18025,CA-2017-103212,9221,11.07,8
MH-18025,CA-2015-148635,2807,9.42,9
MH-18025,CA-2017-125878,3765,1.79,10
MH-18115,CA-2017-121839,3588,1169.69,1
MH-18115,US-2016-160528,3017,727.3,2
MH-18115,US-2016-160528,3019,666.4,3
MH-18115,CA-2017-114055,4924,629.1,4
MH-18115,CA-2017-127026,2681,619.95,5
MH-18115,CA-2017-137785,9000,458.43,6
MH-18115,CA-2017-127026,2683,350.97,7
MH-18115,US-2017-108315,8565,220.7,8
MH-18115,CA-2017-127026,2684,164.99,9
MH-18115,CA-2017-114055,4922,96.08,10
MH-18115,CA-2017-114055,4925,90.48,11
MH-18115,CA-2017-127026,2682,89.52,12
MH-18115,US-2017-114657,5269,52.44,13
MH-18115,CA-2017-144638,1257,43.87,14
MH-18115,CA-2017-144638,1255,35.91,15
MH-18115,CA-2017-161088,6671,29.84,16
MH-18115,US-2016-160528,3018,22.61,17
MH-18115,CA-2017-127026,2680,14.4,18
MH-18115,CA-2017-144638,1256,6.7,19
MH-18115,CA-2017-144638,1254,5.25,20
MH-18115,US-2017-108315,8564,4.84,21
MH-18115,CA-2017-114055,4923,3.62,22
MJ-17740,CA-2016-100300,9166,4476.8,1
MJ-17740,CA-2017-147291,2994,895.92,2
MJ-17740,CA-2016-100300,9168,241.44,3
MJ-17740,CA-2016-124149,2829,108.34,4
MJ-17740,CA-2016-100300,9167,104.85,5
MJ-17740,US-2017-131961,8740,83.99,6
MJ-17740,CA-2016-124149,2831,78.3,7
MJ-17740,CA-2015-101868,5837,72.6,8
MJ-17740,CA-2015-101868,5835,64.2,9
MJ-17740,CA-2016-124149,2830,55.92,10
MJ-17740,CA-2016-106397,8798,45.98,11
MJ-17740,CA-2015-101868,5836,38.52,12
MJ-17740,CA-2016-113817,164,27.68,13
MJ-17740,US-2017-131961,8739,13.25,14
MJ-17740,CA-2016-106397,8797,12.96,15
MK-17905,CA-2016-155516,370,1043.92,1
MK-17905,CA-2016-132479,6263,442.37,2
MK-17905,CA-2014-161032,9285,392.94,3
MK-17905,CA-2016-155516,369,104.79,4
MK-17905,US-2016-148901,4797,57.58,5
MK-17905,CA-2017-164917,2271,47.96,6
MK-17905,US-2016-148901,4800,43.6,7
MK-17905,CA-2017-100580,7376,36.02,8
MK-17905,US-2016-148901,4798,31.1,9
MK-17905,US-2016-148901,4799,30.19,10
MK-17905,CA-2016-155516,367,23.2,11
MK-17905,US-2016-148901,4803,13.39,12
MK-17905,US-2016-148901,4802,10.38,13
MK-17905,CA-2016-155516,368,7.36,14
MK-17905,CA-2015-107468,4009,6.85,15
MK-17905,US-2017-132206,4542,5.94,16
MK-17905,US-2016-148901,4801,4.77,17
MK-18160,CA-2017-128755,2468,571.44,1
MK-18160,US-2014-150574,436,247.8,2
MK-18160,US-2016-108455,1481,40.46,3
MK-18160,US-2016-108455,1482,33.87,4
MK-18160,CA-2017-128755,2469,32.4,5
MK-18160,US-2016-108455,1480,25.92,6
MK-18160,CA-2017-163209,7609,25.92,7
MK-18160,CA-2017-163209,7610,22.96,8
MK-18160,CA-2017-128755,2470,16.91,9
MK-18160,CA-2017-128755,2467,9.11,10
MK-18160,US-2014-150574,435,4.81,11
ML-17395,CA-2016-168830,9044,479.97,1
ML-17395,CA-2014-156349,1611,290.67,2
ML-17395,CA-2014-134215,9158,259.74,3
ML-17395,CA-2014-134215,9159,255.42,4
ML-17395,CA-2014-164742,5592,245.98,5
ML-17395,CA-2014-121762,9762,239.97,6
ML-17395,CA-2014-121762,9764,238.62,7
ML-17395,CA-2014-156349,1612,201.58,8
ML-17395,CA-2016-137673,3524,116.0,9
ML-17395,CA-2014-134215,9157,101.96,10
ML-17395,CA-2014-156349,1613,83.98,11
ML-17395,CA-2014-121762,9763,81.96,12
ML-17395,CA-2017-156363,7263,32.7,13
ML-17395,CA-2017-156363,7264,31.68,14
ML-17395,CA-2017-150602,5961,21.12,15
ML-17395,CA-2014-164742,5593,18.94,16
ML-17395,CA-2015-120845,8215,10.48,17
ML-17395,CA-2015-120845,8214,6.34,18
ML-17395,CA-2015-120845,8217,3.26,19
ML-17395,CA-2015-120845,8216,2.47,20
ML-17410,CA-2014-125556,2210,832.93,1
ML-17410,US-2017-142573,3915,801.6,2
ML-17410,CA-2017-121580,6250,465.16,3
ML-17410,US-2017-142573,3919,311.98,4
ML-17410,US-2017-142573,3916,161.57,5
ML-17410,CA-2017-154109,3675,127.37,6
ML-17410,CA-2017-154109,3676,47.95,7
ML-17410,CA-2014-125556,2211,43.8,8
ML-17410,CA-2017-121580,6248,43.41,9
ML-17410,CA-2016-125794,9987,36.24,10
ML-17410,US-2017-142573,3917,16.1,11
ML-17410,CA-2017-152079,7408,11.52,12
ML-17410,CA-2017-121580,6251,7.98,13
ML-17410,US-2017-142573,3918,7.66,14
ML-17410,CA-2017-121580,6249,6.24,15
ML-17755,US-2017-120089,3070,663.94,1
ML-17755,CA-2017-103968,8889,629.64,2
ML-17755,CA-2017-140242,1972,408.74,3
ML-17755,CA-2016-110254,1766,109.8,4
ML-17755,CA-2017-107265,8416,106.32,5
ML-17755,CA-2017-133648,1993,71.04,6
ML-17755,CA-2016-110254,1764,35.06,7
ML-17755,CA-2017-133648,1995,11.3,8
ML-17755,CA-2017-143455,2775,10.37,9
ML-17755,CA-2016-110254,1767,9.82,10
ML-17755,CA-2017-140242,1971,6.41,11
ML-17755,CA-2017-133648,1994,5.34,12
ML-17755,CA-2016-110254,1765,4.13,13
ML-18040,CA-2017-168655,2417,595.0,1
ML-18040,CA-2017-168655,2418,79.87,2
ML-18040,CA-2017-113208,5638,60.84,3
ML-18040,CA-2017-158953,3193,6.37,4
ML-18265,CA-2017-132262,5402,79.98,1
ML-18265,CA-2017-132262,5401,71.98,2
ML-18265,CA-2015-136224,7379,10.27,3
MM-17260,CA-2016-120355,4347,631.78,1
MM-17260,CA-2017-166142,2092,310.44,2
MM-17260,CA-2017-138156,9239,147.57,3
MM-17260,CA-2014-108861,8439,136.96,4
MM-17260,CA-2016-120355,4348,60.72,5
MM-17260,CA-2017-166142,2091,26.55,6
MM-17920,US-2016-121013,6877,1652.94,1
MM-17920,US-2015-157154,1670,1018.1,2
MM-17920,CA-2016-122063,5830,581.96,3
MM-17920,CA-2014-115049,9896,153.82,4
MM-17920,CA-2017-164329,2922,129.3,5
MM-17920,CA-2014-118192,9629,37.41,6
MM-17920,CA-2017-128160,1442,36.67,7
MM-17920,CA-2016-101329,9503,32.13,8
MM-17920,CA-2016-122063,5831,29.98,9
MM-17920,CA-2017-121216,3546,29.31,10
MM-17920,CA-2017-121216,3545,28.67,11
MM-17920,US-2016-121013,6876,25.06,12
MM-17920,CA-2017-117394,4121,19.04,13
MM-17920,CA-2014-101266,6170,13.36,14
MM-17920,CA-2014-118192,9630,3.44,15
MM-17920,CA-2016-101329,9504,2.88,16
MM-18055,US-2017-124968,1714,765.63,1
MM-18055,CA-2017-164378,5501,664.15,2
MM-18055,CA-2014-144029,6741,359.77,3
MM-18055,CA-2014-110555,8360,217.44,4
MM-18055,US-2015-165743,7995,145.76,5
MM-18055,CA-2014-110555,8359,105.58,6
MM-18055,CA-2014-144029,6740,102.62,7
MM-18055,CA-2017-127285,1660,88.75,8
MM-18055,CA-2014-110555,8358,87.08,9
MM-18055,US-2017-104451,9520,81.08,10
MM-18055,CA-2017-164378,5500,41.9,11
MM-18055,US-2015-141684,4794,24.96,12
MM-18055,CA-2017-127285,1661,13.9,13
MM-18055,CA-2014-144029,6742,13.39,14
MM-18055,US-2015-165743,7996,9.61,15
MM-18055,CA-2017-164378,5502,8.96,16
MM-18055,CA-2017-164378,5499,7.83,17
MM-18055,CA-2017-164378,5498,6.56,18
MM-18055,US-2015-165743,7994,4.9,19
MM-18280,CA-2015-132941,9110,207.98,1
MM-18280,CA-2016-124793,4259,196.78,2
MM-18280,US-2016-134656,377,99.14,3
MM-18280,US-2014-147774,7121,67.19,4
MM-18280,CA-2015-168760,9043,61.44,5
MM-18280,CA-2017-109099,5653,40.99,6
MM-18280,CA-2015-132941,9109,32.37,7
MM-18280,CA-2015-132941,9108,22.37,8
MM-18280,CA-2017-148068,3913,19.44,9
MM-18280,CA-2017-112172,7310,14.13,10
MM-18280,CA-2017-148068,3914,9.82,11
MM-18280,CA-2015-119592,1982,3.76,12
MN-17935,CA-2017-100097,7320,979.95,1
MN-17935,CA-2017-165204,3784,720.06,2
MN-17935,CA-2014-123225,5801,575.97,3
MN-17935,CA-2017-100097,7321,135.3,4
MN-17935,CA-2017-123659,2368,23.12,5
MN-17935,CA-2016-165673,7734,15.23,6
MN-17935,CA-2014-123225,5802,10.37,7
MN-17935,CA-2017-165204,3783,8.9,8
MN-17935,CA-2014-122567,1334,7.96,9
MN-17935,CA-2014-122567,1333,1.08,10
MO-17500,CA-2016-102981,1043,722.35,1
MO-17500,CA-2017-117653,4927,91.28,2
MO-17500,CA-2016-121601,4304,59.75,3
MO-17500,CA-2016-102981,1042,31.86,4
MO-17500,CA-2014-121167,3952,17.25,5
MO-17800,CA-2017-157931,2304,723.92,1
MO-17800,CA-2017-169054,3027,254.35,2
MO-17800,CA-2015-139094,1751,206.96,3
MO-17800,CA-2017-145506,9451,136.26,4
MO-17800,US-2017-106663,671,108.93,5
MO-17800,CA-2017-157931,2305,106.32,6
MO-17800,US-2017-106663,672,36.35,7
MO-17800,CA-2017-163020,627,35.56,8
MO-17800,CA-2015-133025,1016,32.4,9
MO-17800,US-2017-106663,670,23.98,10
MO-17800,CA-2016-128727,1242,22.0,11
MO-17950,US-2015-122140,2770,50.12,1
MO-17950,US-2015-122140,2771,47.98,2
MO-17950,US-2015-122140,2769,32.19,3
MO-17950,US-2017-166233,7870,24.0,4
MP-17470,CA-2015-102281,190,899.14,1
MP-17470,CA-2015-102281,193,626.35,2
MP-17470,CA-2014-145926,2093,479.9,3
MP-17470,CA-2014-162089,7630,335.72,4
MP-17470,CA-2014-162089,7631,251.94,5
MP-17470,CA-2015-103772,9972,140.75,6
MP-17470,CA-2014-162089,7632,127.3,7
MP-17470,CA-2015-103772,9971,119.56,8
MP-17470,CA-2015-102281,191,71.76,9
MP-17470,CA-2016-141887,8522,54.99,10
MP-17470,CA-2015-102281,192,51.84,11
MP-17470,CA-2015-102281,194,19.9,12
MP-17470,CA-2014-147914,1875,16.22,13
MP-17470,CA-2015-147851,538,10.75,14
MP-17965,CA-2016-142335,722,1652.94,1
MP-17965,CA-2015-110765,6969,824.97,2
MP-17965,CA-2016-142335,723,296.37,3
MP-17965,CA-2017-155152,2371,252.0,4
MP-17965,US-2015-163433,9298,244.77,5
MP-17965,US-2015-149629,4000,231.92,6
MP-17965,US-2015-163433,9302,97.97,7
MP-17965,US-2015-163433,9299,74.35,8
MP-17965,US-2015-163433,9301,56.69,9
MP-17965,CA-2017-125388,423,56.56,10
MP-17965,US-2015-163433,9297,41.42,11
MP-17965,CA-2016-139689,4155,38.09,12
MP-17965,CA-2017-125388,424,32.7,13
MP-17965,US-2015-145121,7797,26.9,14
MP-17965,CA-2016-116974,2785,23.98,15
MP-17965,US-2015-163433,9304,15.55,16
MP-17965,US-2015-163433,9303,7.87,17
MP-17965,US-2015-163433,9300,4.31,18
MP-17965,CA-2016-139689,4156,2.81,19
MP-17965,US-2015-163433,9305,1.48,20
MP-18175,CA-2014-119151,4727,1117.92,1
MP-18175,CA-2015-135685,2814,999.96,2
MP-18175,CA-2015-135685,2815,653.55,3
MP-18175,US-2016-127334,6647,564.2,4
MP-18175,US-2014-117380,9900,330.59,5
MP-18175,CA-2014-119151,4728,275.95,6
MP-18175,CA-2015-135685,2813,214.11,7
MP-18175,CA-2017-124086,1535,203.98,8
MP-18175,CA-2015-135685,2812,185.58,9
MP-18175,CA-2015-135685,2811,179.82,10
MP-18175,US-2016-127334,6648,87.17,11
MP-18175,CA-2017-169859,2948,64.96,12
MP-18175,CA-2017-167661,4836,61.96,13
MP-18175,CA-2017-169859,2949,43.7,14
MP-18175,CA-2017-167661,4835,39.92,15
MP-18175,CA-2017-169859,2947,26.25,16
MP-18175,CA-2017-167661,4837,19.94,17
MP-18175,CA-2015-166338,6841,14.83,18
MP-18175,CA-2016-163636,8776,3.54,19
MR-17545,US-2017-139465,1797,347.97,1
MR-17545,CA-2014-117429,724,129.92,2
MR-17545,US-2017-139465,1796,63.84,3
MR-17545,CA-2017-111759,9531,52.76,4
MR-17545,US-2017-139465,1798,37.01,5
MR-17545,US-2014-120236,8398,7.68,6
MS-17365,CA-2016-107104,9650,3406.66,1
MS-17365,CA-2015-130659,3385,1799.75,2
MS-17365,CA-2016-107104,9653,595.38,3
MS-17365,CA-2015-130659,3384,384.17,4
MS-17365,CA-2014-120278,4831,245.88,5
MS-17365,CA-2015-140221,8252,180.98,6
MS-17365,CA-2017-147942,2618,121.68,7
MS-17365,CA-2015-120103,2081,111.98,8
MS-17365,CA-2015-120103,2080,106.23,9
MS-17365,CA-2014-144407,898,103.6,10
MS-17365,CA-2016-150077,9068,90.48,11
MS-17365,CA-2016-107104,9652,64.96,12
MS-17365,CA-2015-140221,8253,60.42,13
MS-17365,CA-2016-107104,9651,37.17,14
MS-17365,CA-2014-120278,4832,36.63,15
MS-17365,CA-2014-120278,4833,22.58,16
MS-17365,CA-2015-130659,3383,17.94,17
MS-17365,CA-2014-120278,4834,12.39,18
MS-17365,CA-2015-140221,8250,11.21,19
MS-17365,CA-2016-150658,5115,10.78,20
MS-17365,CA-2015-120103,2082,7.71,21
MS-17365,CA-2017-147942,2617,5.78,22
MS-17365,CA-2015-140221,8251,4.71,23
MS-17365,CA-2014-127488,964,4.61,24
MS-17530,CA-2015-108119,5860,301.96,1
MS-17530,CA-2016-169887,6582,101.94,2
MS-17530,CA-2014-149244,2743,35.34,3
MS-17530,CA-2014-133809,4908,11.81,4
MS-17530,CA-2014-133809,4909,9.59,5
MS-17530,CA-2016-169887,6581,8.34,6
MS-17530,CA-2016-169887,6580,6.68,7
MS-17710,CA-2015-134257,6923,491.55,1
MS-17710,CA-2015-123939,9519,435.5,2
MS-17710,CA-2016-119186,1275,388.43,3
MS-17710,CA-2014-133228,3956,79.36,4
MS-17710,CA-2016-119186,1277,63.99,5
MS-17710,CA-2014-143637,7802,40.48,6
MS-17710,CA-2016-134348,1076,31.98,7
MS-17710,CA-2015-123939,9517,26.98,8
MS-17710,CA-2016-119186,1276,14.35,9
MS-17710,CA-2016-119186,1274,10.37,10
MS-17710,CA-2015-134257,6924,7.38,11
MS-17710,CA-2015-123939,9518,6.91,12
MS-17710,CA-2016-134348,1074,6.27,13
MS-17710,CA-2014-133228,3955,5.47,14
MS-17710,CA-2016-134348,1075,4.37,15
MS-17770,CA-2016-150350,3113,837.6,1
MS-17770,CA-2015-135020,4608,535.41,2
MS-17770,CA-2016-150350,3116,532.7,3
MS-17770,CA-2014-137589,3991,286.34,4
MS-17770,US-2016-144547,3894,279.94,5
MS-17770,CA-2017-132619,9664,193.95,6
MS-17770,CA-2016-150350,3114,135.9,7
MS-17770,US-2014-164616,2377,76.78,8
MS-17770,CA-2015-135020,4607,45.99,9
MS-17770,CA-2015-135020,4610,45.36,10
MS-17770,CA-2016-150350,3117,43.1,11
MS-17770,CA-2016-150350,3115,34.68,12
MS-17770,CA-2015-164623,8574,24.56,13
MS-17770,CA-2014-138709,7162,21.84,14
MS-17770,CA-2016-150350,3118,15.88,15
MS-17770,CA-2014-138709,7163,15.6,16
MS-17770,US-2014-164616,2378,9.18,17
MS-17770,CA-2015-135020,4609,6.1,18
MS-17770,CA-2014-119032,1486,3.76,19
MS-17830,CA-2016-131296,8157,239.37,1
MS-17830,CA-2015-135272,755,79.92,2
MS-17830,CA-2014-135405,594,31.2,3
MS-17830,CA-2015-124044,4846,10.51,4
MS-17830,CA-2014-135405,593,9.34,5
MS-17980,CA-2017-117667,5522,255.97,1
MS-17980,CA-2017-117667,5518,239.96,2
MS-17980,CA-2015-142377,3851,85.96,3
MS-17980,CA-2015-153906,4954,85.9,4
MS-17980,CA-2017-117667,5519,54.77,5
MS-17980,CA-2015-160794,2307,27.22,6
MS-17980,CA-2014-116757,4502,25.92,7
MS-17980,CA-2017-117667,5521,23.92,8
MS-17980,CA-2014-116757,4503,21.31,9
MS-17980,CA-2015-101007,212,20.8,10
MS-17980,CA-2017-117667,5520,13.39,11
MT-17815,CA-2016-104157,3581,2430.08,1
MT-17815,US-2017-146906,8295,299.9,2
MT-17815,CA-2016-104157,3580,65.5,3
MT-17815,CA-2017-154137,5117,35.48,4
MT-17815,CA-2016-162726,4440,23.68,5
MT-17815,CA-2016-162726,4439,10.37,6
MT-17815,CA-2016-104157,3579,7.89,7
MT-17815,CA-2015-105312,1007,7.08,8
MT-17815,CA-2015-127502,8092,5.76,9
MT-17815,CA-2015-105312,1008,4.4,10
MT-18070,CA-2017-140963,486,514.17,1
MT-18070,US-2014-112914,2826,300.53,2
MT-18070,CA-2017-140963,487,279.96,3
MT-18070,CA-2016-128671,8308,77.56,4
MT-18070,CA-2016-128671,8307,41.86,5
MT-18070,US-2014-112914,2825,33.79,6
MT-18070,CA-2016-128671,8306,32.4,7
MT-18070,CA-2017-140963,485,29.6,8
MT-18070,CA-2015-156608,5487,3.59,9
MT-18070,US-2014-112914,2828,3.26,10
MT-18070,US-2014-112914,2827,2.72,11
MV-17485,CA-2017-169894,4350,415.87,1
MV-17485,CA-2017-122994,2263,359.97,2
MV-17485,CA-2017-122308,8972,271.76,3
MV-17485,CA-2016-133319,5880,192.16,4
MV-17485,CA-2015-132948,5839,83.7,5
MV-17485,CA-2015-119690,8035,75.38,6
MV-17485,CA-2015-119690,8033,47.95,7
MV-17485,CA-2017-169894,4349,20.72,8
MV-17485,CA-2014-148614,5737,19.36,9
MV-17485,CA-2014-148614,5738,19.3,10
MV-17485,CA-2016-161361,9018,17.64,11
MV-17485,CA-2016-161361,9019,17.04,12
MV-17485,CA-2017-103415,7537,13.59,13
MV-17485,CA-2015-119690,8036,4.61,14
MV-17485,CA-2015-119690,8034,0.98,15
MV-18190,CA-2016-127698,4683,863.93,1
MV-18190,CA-2016-123512,6616,239.67,2
MV-18190,CA-2014-134103,6389,229.94,3
MV-18190,CA-2016-123512,6618,219.84,4
MV-18190,CA-2017-101798,391,39.98,5
MV-18190,CA-2015-107020,8089,39.92,6
MV-18190,CA-2015-120320,5329,31.92,7
MV-18190,CA-2017-101798,390,23.36,8
MV-18190,CA-2016-123512,6617,22.5,9
MV-18190,CA-2016-114895,5983,12.96,10
MV-18190,CA-2014-134103,6388,10.56,11
MW-18220,CA-2014-125997,9399,1349.91,1
MW-18220,CA-2014-103660,6579,1007.94,2
MW-18220,CA-2014-125997,9396,801.57,3
MW-18220,CA-2014-125997,9395,631.78,4
MW-18220,CA-2014-125997,9394,629.95,5
MW-18220,CA-2014-150518,9649,281.97,6
MW-18220,CA-2014-150518,9648,221.16,7
MW-18220,US-2015-137960,2262,166.24,8
MW-18220,CA-2014-125997,9397,75.18,9
MW-18220,CA-2016-138667,7182,40.0,10
MW-18220,CA-2015-164336,4406,38.98,11
MW-18220,CA-2015-164336,4405,34.8,12
MW-18220,CA-2017-107986,6192,31.44,13
MW-18220,CA-2014-125997,9398,30.98,14
MW-18235,CA-2014-117639,995,2715.93,1
MW-18235,CA-2017-136308,3299,1919.98,2
MW-18235,CA-2014-117639,996,617.97,3
MY-17380,US-2016-105578,503,801.57,1
MY-17380,CA-2017-132234,1597,547.3,2
MY-17380,CA-2017-163902,2510,479.94,3
MY-17380,CA-2017-163902,2509,196.78,4
MY-17380,US-2017-128118,9266,64.85,5
MY-17380,US-2017-101721,8185,63.31,6
MY-17380,US-2016-105578,505,32.79,7
MY-17380,US-2016-105578,501,22.62,8
MY-17380,US-2016-105578,502,14.95,9
MY-17380,US-2017-128118,9265,11.67,10
MY-17380,CA-2017-138618,6864,10.37,11
MY-17380,CA-2015-139290,2090,5.76,12
MY-17380,US-2016-105578,504,2.38,13
MY-18295,CA-2014-105984,3834,1049.97,1
MY-18295,CA-2016-164770,9485,781.86,2
MY-18295,CA-2014-105984,3835,611.06,3
MY-18295,CA-2016-149272,9920,528.43,4
MY-18295,CA-2014-118976,1775,497.61,5
MY-18295,CA-2016-139549,8273,387.14,6
MY-18295,CA-2017-167626,7323,100.8,7
MY-18295,US-2016-132423,1591,33.49,8
MY-18295,CA-2016-164770,9486,30.82,9
MY-18295,CA-2016-149272,9921,22.39,10
MY-18295,CA-2014-118976,1774,20.86,11
MY-18295,US-2017-115252,8883,15.98,12
MY-18295,US-2017-115252,8884,14.35,13
MY-18295,US-2016-160206,8523,12.99,14
MY-18295,CA-2017-133067,7179,9.4,15
MY-18295,CA-2017-167626,7322,8.9,16
MY-18295,US-2016-132423,1592,8.04,17
MY-18295,CA-2016-151169,3486,7.92,18
MY-18295,CA-2014-118976,1776,5.34,19
MY-18295,CA-2014-118976,1777,3.15,20
MY-18295,CA-2017-133067,7178,2.2,21
MZ-17335,CA-2015-117611,2261,371.97,1
MZ-17335,CA-2016-114748,7358,169.57,2
MZ-17335,CA-2017-107314,6300,25.83,3
MZ-17335,CA-2017-147144,4239,19.83,4
MZ-17335,CA-2015-117611,2260,5.0,5
MZ-17335,CA-2016-114748,7357,1.41,6
MZ-17515,CA-2014-128524,9616,2033.58,1
MZ-17515,CA-2017-136511,5021,347.58,2
MZ-17515,CA-2014-128524,9615,102.13,3
MZ-17515,CA-2014-128524,9614,22.98,4
MZ-17515,CA-2015-125178,1922,15.01,5
MZ-17515,CA-2015-131457,195,14.28,6
MZ-17515,CA-2016-169922,2430,12.54,7
MZ-17515,CA-2016-169922,2429,8.27,8
MZ-17515,US-2014-128685,4845,7.18,9
MZ-17515,CA-2016-169922,2428,1.34,10
NB-18580,CA-2014-164385,2543,143.95,1
NB-18580,CA-2014-151967,7665,129.92,2
NB-18655,CA-2016-140928,756,383.44,1
NB-18655,CA-2016-161816,611,369.58,2
NB-18655,CA-2014-125542,5378,348.49,3
NB-18655,CA-2015-110289,6326,210.84,4
NB-18655,CA-2014-125542,5379,172.74,5
NB-18655,CA-2016-132066,7317,142.18,6
NB-18655,CA-2017-107825,9006,92.52,7
NB-18655,CA-2015-101126,7298,77.24,8
NB-18655,CA-2017-110310,9240,56.78,9
NB-18655,CA-2017-107825,9007,37.76,10
NB-18655,CA-2015-110289,6325,33.4,11
NB-18655,CA-2016-161816,612,15.71,12
NB-18655,CA-2017-107825,9008,7.38,13
NB-18655,CA-2017-110310,9242,6.58,14
NB-18655,US-2017-125213,9488,6.54,15
NB-18655,CA-2017-107825,9009,5.82,16
NB-18655,CA-2017-110310,9241,5.61,17
NC-18340,CA-2017-111332,4365,704.76,1
NC-18340,CA-2015-112452,1147,644.08,2
NC-18340,CA-2015-112452,1151,599.98,3
NC-18340,CA-2017-111332,4363,131.94,4
NC-18340,US-2014-113124,8431,129.3,5
NC-18340,CA-2016-124485,1399,88.4,6
NC-18340,CA-2014-111899,7296,37.84,7
NC-18340,CA-2017-111332,4364,25.92,8
NC-18340,CA-2017-111332,4367,21.5,9
NC-18340,CA-2016-124485,1397,17.22,10
NC-18340,CA-2015-112452,1149,12.76,11
NC-18340,CA-2016-124485,1398,11.56,12
NC-18340,CA-2015-112452,1150,10.95,13
NC-18340,CA-2017-111332,4366,7.41,14
NC-18340,CA-2016-124485,1400,6.48,15
NC-18340,CA-2015-112452,1148,5.84,16
NC-18340,CA-2014-111899,7297,5.47,17
NC-18415,CA-2017-131254,5311,1525.19,1
NC-18415,CA-2017-131254,5309,191.06,2
NC-18415,US-2015-113593,6140,115.44,3
NC-18415,CA-2016-156503,3801,102.59,4
NC-18415,CA-2016-156503,3803,93.02,5
NC-18415,CA-2014-135755,3862,40.18,6
NC-18415,CA-2016-156503,3806,39.15,7
NC-18415,CA-2016-156503,3805,35.01,8
NC-18415,CA-2016-156503,3802,22.7,9
NC-18415,CA-2017-131254,5310,13.04,10
NC-18415,CA-2015-144190,4952,12.96,11
NC-18415,CA-2016-156503,3804,12.77,12
NC-18415,CA-2014-135755,3863,10.9,13
NC-18415,CA-2014-165393,8372,4.98,14
NC-18535,CA-2017-149881,4219,4799.98,1
NC-18535,CA-2014-114321,9735,896.99,2
NC-18535,CA-2014-145254,9422,604.75,3
NC-18535,CA-2014-114321,9733,500.24,4
NC-18535,CA-2017-149881,4218,482.66,5
NC-18535,CA-2017-139402,6771,419.4,6
NC-18535,CA-2014-145254,9424,302.38,7
NC-18535,US-2016-131674,3612,58.42,8
NC-18535,CA-2014-145254,9425,45.0,9
NC-18535,CA-2014-145254,9423,40.7,10
NC-18535,CA-2017-163874,5391,26.35,11
NC-18535,CA-2014-114321,9734,20.12,12
NC-18535,CA-2017-148355,8947,19.44,13
NC-18535,CA-2017-139402,6772,13.01,14
NC-18535,CA-2017-148355,8948,12.3,15
NC-18625,US-2016-100839,1864,727.45,1
NC-18625,CA-2017-100951,5362,720.76,2
NC-18625,CA-2015-116687,4115,158.38,3
NC-18625,CA-2014-166590,9547,75.88,4
NC-18625,CA-2017-169404,8476,65.58,5
NC-18625,CA-2017-169404,8475,37.9,6
NC-18625,US-2016-100839,1865,24.96,7
NC-18625,CA-2015-116687,4114,8.86,8
NC-18625,CA-2014-166590,9546,1.98,9
ND-18370,CA-2015-114069,1702,1931.04,1
ND-18370,CA-2017-105410,4344,657.5,2
ND-18370,CA-2014-109232,2979,545.94,3
ND-18370,CA-2014-148915,2832,443.92,4
ND-18370,CA-2017-105410,4346,199.96,5
ND-18370,CA-2014-148915,2833,155.98,6
ND-18370,CA-2017-105410,4345,99.54,7
ND-18370,CA-2016-145247,1358,79.14,8
ND-18370,CA-2017-128699,3465,47.99,9
ND-18370,CA-2016-130778,8324,44.75,10
ND-18370,US-2017-156356,3234,32.54,11
ND-18370,US-2017-156356,3232,26.05,12
ND-18370,CA-2017-105410,4343,19.82,13
ND-18370,CA-2015-114069,1701,11.81,14
ND-18370,CA-2015-114069,1703,9.96,15
ND-18370,CA-2016-130778,8323,8.74,16
ND-18370,US-2017-117331,4558,8.56,17
ND-18370,US-2017-156356,3233,2.9,18
ND-18460,CA-2017-107167,4520,1347.52,1
ND-18460,CA-2017-164112,8275,1085.42,2
ND-18460,CA-2014-131905,1999,161.61,3
ND-18460,CA-2014-131905,2000,144.95,4
ND-18460,CA-2014-138177,9041,73.92,5
ND-18460,US-2015-140851,1829,38.88,6
ND-18460,CA-2017-127803,9011,26.16,7
ND-18460,CA-2014-131905,1998,15.0,8
NF-18385,CA-2015-147830,3151,2025.36,1
NF-18385,CA-2015-147830,3152,1799.99,2
NF-18385,CA-2014-127614,5632,1256.22,3
NF-18385,CA-2017-155705,425,866.4,4
NF-18385,US-2016-157945,458,747.56,5
NF-18385,CA-2017-130505,9487,673.34,6
NF-18385,CA-2015-147830,3154,262.86,7
NF-18385,US-2017-152842,9830,242.35,8
NF-18385,CA-2014-127614,5631,234.45,9
NF-18385,CA-2015-147830,3153,101.99,10
NF-18385,CA-2016-113551,6057,83.84,11
NF-18385,CA-2014-127614,5633,17.46,12
NF-18385,US-2016-157945,459,8.93,13
NF-18385,CA-2016-113551,6056,2.07,14
NF-18475,US-2015-100069,9737,269.98,1
NF-18475,CA-2014-100293,9515,91.06,2
NF-18475,CA-2016-162404,4237,11.42,3
NF-18475,US-2014-132745,8706,4.71,4
NF-18595,US-2015-139675,6290,915.14,1
NF-18595,US-2015-139675,6291,327.76,2
NF-18595,CA-2017-151358,4277,323.1,3
NF-18595,CA-2015-110667,1055,108.4,4
NF-18595,CA-2015-110667,1056,82.34,5
NF-18595,CA-2014-169460,4570,76.14,6
NF-18595,CA-2017-100335,3358,73.01,7
NF-18595,US-2014-131870,8017,60.67,8
NF-18595,US-2014-131870,8018,30.82,9
NF-18595,CA-2015-160864,9551,13.85,10
NF-18595,CA-2015-110667,1054,11.16,11
NF-18595,CA-2015-110667,1057,9.09,12
NG-18355,CA-2017-120019,6313,579.51,1
NG-18355,US-2017-116659,1866,370.78,2
NG-18355,CA-2014-100762,6316,196.62,3
NG-18355,CA-2014-100762,6315,151.92,4
NG-18355,CA-2014-100762,6317,144.12,5
NG-18355,CA-2017-117947,619,107.42,6
NG-18355,CA-2017-117947,621,88.02,7
NG-18355,US-2015-130519,1197,55.97,8
NG-18355,CA-2017-117947,617,40.48,9
NG-18355,CA-2017-117947,620,37.91,10
NG-18355,US-2015-130519,1196,24.67,11
NG-18355,CA-2014-100762,6318,15.96,12
NG-18355,US-2015-130519,1195,15.71,13
NG-18355,US-2015-130519,1194,15.55,14
NG-18355,CA-2017-120019,6314,14.99,15
NG-18355,CA-2017-117947,618,9.94,16
NG-18430,CA-2017-130386,1502,540.05,1
NG-18430,CA-2014-122749,1983,479.96,2
NG-18430,CA-2017-130386,1501,223.06,3
NG-18430,CA-2015-137708,4807,42.8,4
NG-18430,CA-2015-137708,4806,37.94,5
NG-18430,CA-2015-137708,4808,33.63,6
NG-18430,CA-2015-103961,3814,19.82,7
NG-18430,CA-2017-130386,1500,16.06,8
NG-18430,CA-2014-115973,389,2.62,9
NH-18610,CA-2017-122693,1837,1245.86,1
NH-18610,CA-2017-100384,1511,385.6,2
NH-18610,US-2017-136721,5372,306.9,3
NH-18610,US-2017-136721,5371,273.96,4
NH-18610,CA-2014-111157,9947,151.2,5
NH-18610,CA-2015-113901,3962,149.95,6
NH-18610,CA-2015-147102,5107,66.36,7
NH-18610,CA-2015-113901,3961,38.28,8
NH-18610,CA-2017-100384,1512,35.82,9
NH-18610,CA-2016-123722,1459,15.94,10
NH-18610,CA-2014-111157,9946,3.42,11
NK-18490,CA-2016-102561,8140,284.08,1
NK-18490,CA-2017-126536,2763,101.84,2
NK-18490,CA-2017-162712,6304,74.35,3
NK-18490,CA-2017-130148,9694,31.08,4
NK-18490,CA-2016-102561,8141,18.5,5
NK-18490,CA-2016-141586,1499,18.16,6
NK-18490,CA-2017-148166,2159,17.86,7
NK-18490,CA-2016-102561,8139,11.26,8
NK-18490,CA-2017-130148,9695,7.3,9
NK-18490,CA-2015-118948,157,6.63,10
NK-18490,CA-2017-126536,2762,0.99,11
NL-18310,US-2017-163790,4587,590.35,1
NL-18310,US-2017-163790,4590,452.55,2
NL-18310,US-2015-139759,2670,105.96,3
NL-18310,US-2017-163790,4585,76.58,4
NL-18310,US-2014-120313,8304,73.58,5
NL-18310,US-2015-139759,2669,40.78,6
NL-18310,CA-2016-147473,7067,38.88,7
NL-18310,US-2017-163790,4589,25.02,8
NL-18310,US-2017-163790,4586,8.8,9
NL-18310,US-2017-163790,4588,5.58,10
NM-18445,CA-2014-164973,319,3991.98,1
NM-18445,CA-2015-136805,7625,850.5,2
NM-18445,CA-2014-150581,7048,399.96,3
NM-18445,CA-2014-164973,321,360.0,4
NM-18445,CA-2014-164973,320,275.94,5
NM-18445,CA-2014-164973,318,135.88,6
NM-18445,US-2015-152128,4572,127.96,7
NM-18445,CA-2014-150581,7047,99.59,8
NM-18445,CA-2015-136805,7626,75.33,9
NM-18445,CA-2014-111857,9290,48.91,10
NM-18445,CA-2014-164973,322,43.57,11
NM-18445,US-2015-152128,4571,21.24,12
NM-18445,CA-2014-125759,9267,14.56,13
NM-18445,CA-2017-125367,7894,13.92,14
NM-18520,CA-2016-153598,5426,1649.95,1
NM-18520,CA-2016-168844,9632,179.7,2
NM-18520,CA-2016-153598,5427,111.9,3
NM-18520,CA-2015-162166,5058,41.88,4
NM-18520,CA-2015-162166,5057,26.4,5
NM-18520,CA-2016-158806,8032,25.92,6
NM-18520,US-2015-100531,3437,24.29,7
NM-18520,CA-2016-158806,8031,23.08,8
NM-18520,CA-2016-112340,1105,22.92,9
NM-18520,US-2016-157308,3350,15.71,10
NM-18520,US-2015-100531,3436,15.08,11
NM-18520,CA-2016-168844,9631,7.15,12
NM-18520,US-2015-105676,1474,6.69,13
NM-18520,US-2017-107636,4551,5.76,14
NM-18520,CA-2016-136049,4842,5.55,15
NP-18325,CA-2015-131338,1583,1217.57,1
NP-18325,CA-2015-131338,1586,979.95,2
NP-18325,CA-2014-117464,7168,717.72,3
NP-18325,CA-2015-131338,1581,382.81,4
NP-18325,CA-2015-131338,1580,307.98,5
NP-18325,US-2014-117135,691,284.82,6
NP-18325,CA-2015-131338,1589,247.8,7
NP-18325,CA-2014-117464,7169,236.5,8
NP-18325,CA-2015-143490,1093,219.18,9
NP-18325,CA-2014-117464,7170,170.35,10
NP-18325,CA-2014-114433,3217,149.97,11
NP-18325,CA-2015-131338,1587,143.7,12
NP-18325,CA-2015-143490,1092,120.15,13
NP-18325,US-2014-117135,690,104.01,14
NP-18325,CA-2017-126865,1925,92.94,15
NP-18325,CA-2015-131338,1584,47.04,16
NP-18325,CA-2015-131338,1582,41.96,17
NP-18325,US-2014-117135,692,36.84,18
NP-18325,CA-2014-117464,7167,11.52,19
NP-18325,CA-2015-131338,1588,10.65,20
NP-18325,CA-2015-131338,1585,6.16,21
NP-18670,CA-2017-150091,8425,2154.9,1
NP-18670,CA-2016-114104,160,944.93,2
NP-18670,CA-2015-138485,7463,538.92,3
NP-18670,CA-2017-167227,8020,83.9,4
NP-18670,CA-2016-162110,6848,55.99,5
NP-18670,CA-2017-150091,8422,45.0,6
NP-18670,CA-2017-150091,8424,40.48,7
NP-18670,CA-2017-150091,8423,17.9,8
NP-18670,CA-2016-114104,159,14.62,9
NP-18670,CA-2017-167227,8021,11.76,10
NP-18685,CA-2015-156104,4073,999.98,1
NP-18685,US-2014-131982,5254,107.65,2
NP-18685,CA-2016-166653,9875,63.97,3
NP-18685,CA-2016-113138,1476,17.71,4
NP-18685,CA-2016-113138,1475,17.28,5
NP-18685,CA-2015-141768,1937,14.73,6
NP-18685,CA-2015-125696,6630,7.38,7
NP-18700,CA-2014-168494,1247,3610.85,1
NP-18700,CA-2016-105459,9404,1591.02,2
NP-18700,CA-2014-168494,1246,764.69,3
NP-18700,CA-2016-125094,6939,479.72,4
NP-18700,CA-2017-138310,3601,431.93,5
NP-18700,CA-2014-106572,2516,264.32,6
NP-18700,CA-2014-168494,1248,254.97,7
NP-18700,CA-2016-105459,9403,209.15,8
NP-18700,CA-2014-142510,6915,132.16,9
NP-18700,CA-2014-142510,6917,124.03,10
NP-18700,CA-2014-142510,6916,17.9,11
NP-18700,CA-2017-169264,2399,16.68,12
NP-18700,CA-2017-169264,2398,5.76,13
NR-18550,CA-2017-140872,6480,503.96,1
NR-18550,CA-2016-109400,8505,366.74,2
NR-18550,CA-2016-152688,9202,315.98,3
NR-18550,CA-2014-106229,4722,268.94,4
NR-18550,CA-2017-140872,6482,241.57,5
NR-18550,CA-2017-140872,6478,205.99,6
NR-18550,CA-2014-112851,4764,182.94,7
NR-18550,CA-2016-152688,9201,120.98,8
NR-18550,CA-2017-140872,6483,110.4,9
NR-18550,CA-2017-140872,6481,24.47,10
NR-18550,CA-2017-140872,6479,15.55,11
NR-18550,CA-2017-140872,6477,5.2,12
NR-18550,CA-2017-140872,6476,4.55,13
NS-18505,CA-2017-153045,9118,887.27,1
NS-18505,CA-2017-153045,9116,429.6,2
NS-18505,CA-2016-128531,1665,297.58,3
NS-18505,CA-2017-121195,7608,264.32,4
NS-18505,CA-2017-129378,2216,241.96,5
NS-18505,CA-2017-129378,2217,108.61,6
NS-18505,CA-2016-128531,1667,94.99,7
NS-18505,CA-2016-128531,1668,74.35,8
NS-18505,CA-2017-129378,2215,61.78,9
NS-18505,CA-2016-128531,1664,41.92,10
NS-18505,CA-2017-153045,9117,31.97,11
NS-18505,CA-2017-153045,9119,21.7,12
NS-18505,CA-2016-128531,1669,14.04,13
NS-18505,CA-2016-128531,1666,4.34,14
NS-18505,CA-2017-129378,2214,1.44,15
NS-18640,CA-2016-162187,5996,458.43,1
NS-18640,CA-2014-159338,1098,447.84,2
NS-18640,CA-2016-162187,5997,387.14,3
NS-18640,CA-2015-123155,4768,359.88,4
NS-18640,CA-2016-162187,5998,328.59,5
NS-18640,US-2015-160563,8068,239.97,6
NS-18640,CA-2015-123155,4767,113.52,7
NS-18640,CA-2017-134635,5218,79.14,8
NS-18640,US-2015-117492,8090,77.58,9
NS-18640,CA-2016-144645,8513,73.78,10
NS-18640,CA-2016-162187,5994,64.96,11
NS-18640,CA-2016-169824,9939,60.35,12
NS-18640,CA-2017-115651,1045,58.46,13
NS-18640,CA-2015-108259,8645,39.88,14
NS-18640,CA-2016-169824,9940,35.52,15
NS-18640,CA-2015-108259,8643,31.5,16
NS-18640,CA-2017-141614,8514,20.74,17
NS-18640,US-2015-160563,8069,16.02,18
NS-18640,CA-2016-162187,5995,13.52,19
NS-18640,CA-2016-131639,9016,13.49,20
NS-18640,CA-2016-131639,9017,11.42,21
NS-18640,CA-2016-169824,9941,11.2,22
NS-18640,CA-2017-115651,1044,8.84,23
NS-18640,CA-2015-108259,8644,5.04,24
NS-18640,CA-2015-108259,8646,4.71,25
NS-18640,CA-2015-163895,4466,3.3,26
NW-18400,US-2015-160857,5711,2799.94,1
NW-18400,CA-2015-102582,3819,1056.86,2
NW-18400,CA-2015-102582,3817,801.96,3
NW-18400,CA-2014-168984,1637,669.08,4
NW-18400,CA-2014-168984,1638,438.34,5
NW-18400,US-2015-160857,5709,357.93,6
NW-18400,CA-2014-138317,3000,206.99,7
NW-18400,CA-2016-159023,8943,179.99,8
NW-18400,CA-2015-115511,3369,141.96,9
NW-18400,US-2015-160857,5710,127.76,10
NW-18400,CA-2014-138317,2999,95.97,11
NW-18400,US-2015-160857,5708,79.44,12
NW-18400,CA-2015-115511,3370,66.05,13
NW-18400,CA-2015-102582,3818,59.97,14
NW-18400,CA-2014-138317,3001,44.42,15
NW-18400,CA-2017-127656,6231,30.32,16
NW-18400,CA-2014-138317,2997,24.9,17
NW-18400,US-2015-160857,5712,19.44,18
NW-18400,CA-2014-168984,1636,15.55,19
NW-18400,CA-2014-138317,3002,9.01,20
NW-18400,CA-2016-159023,8942,4.16,21
NW-18400,CA-2014-138317,2998,3.98,22
NZ-18565,US-2014-106299,6175,838.38,1
NZ-18565,CA-2015-144267,778,544.01,2
NZ-18565,CA-2016-110772,292,255.98,3
NZ-18565,US-2017-148054,3052,227.84,4
NZ-18565,CA-2017-154676,6081,151.06,5
NZ-18565,CA-2016-110772,293,86.97,6
NZ-18565,CA-2015-144267,779,59.94,7
NZ-18565,CA-2016-134222,4823,44.86,8
NZ-18565,US-2017-148054,3051,41.96,9
NZ-18565,US-2017-148054,3053,37.94,10
NZ-18565,CA-2016-164154,3595,37.52,11
NZ-18565,US-2014-106299,6173,26.7,12
NZ-18565,CA-2015-144267,780,23.92,13
NZ-18565,CA-2017-150609,7183,23.24,14
NZ-18565,CA-2016-164154,3594,22.43,15
NZ-18565,US-2014-106299,6174,21.2,16
NZ-18565,CA-2016-110772,290,19.1,17
NZ-18565,CA-2016-110772,291,18.5,18
NZ-18565,CA-2015-144267,781,4.28,19
NZ-18565,US-2016-158680,9753,2.5,20
ON-18715,CA-2016-130820,8411,630.02,1
ON-18715,CA-2014-154095,6602,239.84,2
ON-18715,US-2016-151862,3953,159.98,3
ON-18715,CA-2014-154095,6601,146.82,4
ON-18715,CA-2014-140039,3699,79.4,5
ON-18715,CA-2014-154095,6600,60.72,6
ON-18715,CA-2014-121286,2722,58.24,7
ON-18715,CA-2015-112014,3348,50.8,8
ON-18715,CA-2016-118255,45,45.98,9
ON-18715,US-2015-117184,4289,33.28,10
ON-18715,CA-2016-118255,46,17.46,11
ON-18715,CA-2014-154095,6603,15.66,12
ON-18715,US-2015-117184,4290,14.09,13
ON-18715,CA-2014-121286,2721,8.38,14
ON-18715,US-2015-161466,1472,6.85,15
OT-18730,CA-2016-107783,8633,1369.76,1
OT-18730,CA-2016-113243,558,1335.68,2
OT-18730,CA-2017-162173,6664,356.85,3
OT-18730,CA-2017-162173,6665,251.58,4
OT-18730,CA-2015-109169,8301,180.96,5
OT-18730,CA-2016-107783,8632,177.45,6
OT-18730,CA-2017-115364,887,83.76,7
OT-18730,CA-2016-113243,559,32.4,8
OT-18730,CA-2016-113243,557,20.7,9
OT-18730,CA-2016-107783,8634,9.48,10
PA-19060,CA-2015-129476,110,339.96,1
PA-19060,CA-2017-140508,7732,114.85,2
PA-19060,CA-2015-105970,1129,101.88,3
PA-19060,CA-2014-148761,3006,91.68,4
PA-19060,US-2016-117387,8598,67.14,5
PA-19060,CA-2015-105970,1128,10.16,6
PA-19060,US-2016-158309,5274,3.74,7
PB-18805,CA-2017-156958,9526,199.9,1
PB-18805,CA-2017-156958,9528,172.75,2
PB-18805,CA-2017-156958,9525,83.92,3
PB-18805,CA-2016-125738,2179,71.6,4
PB-18805,CA-2016-125738,2177,60.12,5
PB-18805,CA-2016-125738,2176,45.68,6
PB-18805,CA-2016-125738,2178,41.72,7
PB-18805,CA-2017-156958,9527,31.18,8
PB-18805,CA-2015-146465,5901,24.19,9
PB-18805,CA-2017-156958,9529,9.3,10
PB-19105,CA-2014-128888,2517,604.66,1
PB-19105,US-2017-101518,7716,40.78,2
PB-19105,CA-2017-161970,7039,17.94,3
PB-19105,CA-2017-161970,7038,12.96,4
PB-19105,CA-2016-150889,749,11.99,5
PB-19150,CA-2015-137526,4859,464.85,1
PB-19150,CA-2016-148796,418,383.8,2
PB-19150,CA-2017-142391,8485,199.8,3
PB-19150,CA-2014-146843,9196,102.24,4
PB-19150,CA-2015-137526,4858,77.6,5
PB-19150,CA-2015-137526,4857,70.01,6
PB-19150,US-2014-150532,2996,55.92,7
PB-19150,CA-2014-146843,9195,47.99,8
PB-19150,US-2014-111353,7786,25.06,9
PB-19150,CA-2014-107573,5486,23.47,10
PB-19150,CA-2015-167269,1024,6.21,11
PB-19210,CA-2016-164938,1809,69.93,1
PB-19210,CA-2014-149055,4809,62.81,2
PC-18745,CA-2014-150245,1546,1573.49,1
PC-18745,CA-2016-105494,895,155.82,2
PC-18745,CA-2016-105494,896,70.01,3
PC-18745,CA-2016-159639,5902,31.56,4
PC-18745,US-2017-162068,6090,1.19,5
PC-19000,CA-2015-153388,1506,1004.98,1
PC-19000,US-2014-163797,6381,49.79,2
PC-19000,CA-2015-153388,1505,6.72,3
PF-19120,US-2015-126977,5918,4228.7,1
PF-19120,US-2015-126977,5919,2003.92,2
PF-19120,US-2015-126977,5921,659.9,3
PF-19120,CA-2015-140025,4821,463.25,4
PF-19120,CA-2015-140025,4822,383.95,5
PF-19120,CA-2015-129896,3883,364.7,6
PF-19120,US-2015-126977,5920,209.97,7
PF-19120,US-2015-126977,5916,199.76,8
PF-19120,US-2015-126977,5922,110.96,9
PF-19120,US-2015-126977,5917,94.6,10
PF-19120,US-2015-126977,5915,87.71,11
PF-19120,CA-2015-129896,3882,82.37,12
PF-19120,US-2015-126977,5923,67.8,13
PF-19120,CA-2015-129896,3884,40.26,14
PF-19120,CA-2014-166457,4214,24.56,15
PF-19120,US-2015-126977,5914,14.9,16
PF-19120,CA-2015-129896,3881,9.57,17
PF-19120,CA-2014-166457,4212,9.42,18
PF-19120,CA-2014-166457,4213,6.56,19
PF-19165,CA-2016-162355,8232,1266.86,1
PF-19165,US-2014-134614,126,617.7,2
PF-19165,CA-2016-138233,8614,479.97,3
PF-19165,CA-2017-118437,1012,155.25,4
PF-19165,CA-2015-101707,1294,114.2,5
PF-19165,CA-2015-111458,2556,50.0,6
PF-19165,CA-2016-162355,8231,35.97,7
PF-19165,CA-2015-101707,1293,32.94,8
PF-19165,CA-2017-118437,1013,14.03,9
PF-19165,CA-2015-101707,1295,3.08,10
PF-19225,CA-2016-114972,2477,1101.48,1
PF-19225,US-2017-130687,9328,455.71,2
PF-19225,CA-2016-114972,2474,217.58,3
PF-19225,CA-2016-160234,9774,135.95,4
PF-19225,CA-2016-114972,2476,87.71,5
PF-19225,CA-2016-114972,2475,82.95,6
PF-19225,US-2017-130687,9327,80.96,7
PF-19225,US-2017-130687,9329,25.98,8
PF-19225,US-2016-163258,5423,11.23,9
PF-19225,CA-2017-110380,1266,6.57,10
PG-18820,CA-2016-103464,8158,595.0,1
PG-18820,CA-2016-151561,6077,468.9,2
PG-18820,US-2016-162859,1243,398.35,3
PG-18820,US-2015-155369,6036,310.39,4
PG-18820,CA-2016-151561,6080,191.82,5
PG-18820,US-2014-102071,826,167.97,6
PG-18820,CA-2016-144344,1238,165.05,7
PG-18820,CA-2017-140186,5793,97.84,8
PG-18820,CA-2017-140186,5792,72.78,9
PG-18820,CA-2016-151561,6078,72.48,10
PG-18820,US-2014-102071,825,67.8,11
PG-18820,CA-2016-144344,1237,63.97,12
PG-18820,CA-2017-140186,5794,51.75,13
PG-18820,CA-2016-144344,1235,47.95,14
PG-18820,CA-2017-140186,5795,46.67,15
PG-18820,CA-2016-144344,1236,37.43,16
PG-18820,CA-2014-109890,8481,35.98,17
PG-18820,US-2017-116491,8997,35.18,18
PG-18820,CA-2017-140186,5791,35.0,19
PG-18820,US-2015-129553,6218,29.97,20
PG-18820,CA-2017-123701,4765,27.76,21
PG-18820,US-2015-155369,6035,19.57,22
PG-18820,CA-2016-150000,5508,17.92,23
PG-18820,CA-2016-151561,6079,10.95,24
PG-18820,CA-2016-106306,1705,9.7,25
PG-18820,US-2016-162859,1244,8.72,26
PG-18895,US-2017-135986,9690,503.96,1
PG-18895,CA-2015-166464,2900,479.98,2
PG-18895,CA-2015-134117,8937,204.85,3
PG-18895,CA-2017-122056,7265,181.86,4
PG-18895,CA-2015-134117,8938,135.98,5
PG-18895,CA-2014-103849,545,100.79,6
PG-18895,CA-2015-134117,8940,92.96,7
PG-18895,CA-2014-103849,546,66.11,8
PG-18895,CA-2014-103849,544,58.11,9
PG-18895,CA-2017-148320,5700,35.88,10
PG-18895,US-2017-135986,9689,32.4,11
PG-18895,CA-2016-147578,1886,31.56,12
PG-18895,CA-2017-155558,87,19.99,13
PG-18895,CA-2015-134117,8939,16.4,14
PG-18895,CA-2015-166464,2901,12.6,15
PG-18895,CA-2016-111010,268,7.56,16
PG-18895,CA-2017-155558,88,6.16,17
PH-18790,CA-2017-113558,527,683.95,1
PH-18790,CA-2017-113558,528,45.7,2
PJ-18835,CA-2015-154746,2436,826.11,1
PJ-18835,CA-2015-137897,2396,59.9,2
PJ-18835,CA-2014-135993,5676,57.41,3
PJ-18835,CA-2017-105130,6148,40.74,4
PJ-18835,US-2017-108700,5454,38.02,5
PJ-18835,CA-2015-137897,2395,37.6,6
PJ-18835,CA-2015-137897,2397,37.0,7
PJ-18835,CA-2015-154746,2435,33.96,8
PJ-18835,CA-2014-135993,5677,27.6,9
PJ-18835,CA-2017-103009,5424,26.4,10
PJ-18835,CA-2016-112676,2286,14.35,11
PJ-18835,CA-2017-105130,6147,11.76,12
PJ-18835,CA-2016-160136,7046,9.25,13
PJ-19015,CA-2017-143686,815,1399.93,1
PJ-19015,CA-2016-153101,6834,146.04,2
PJ-19015,CA-2015-122973,9804,135.99,3
PJ-19015,CA-2016-137939,7987,89.95,4
PJ-19015,CA-2017-143686,814,18.28,5
PJ-19015,CA-2017-163069,6712,9.91,6
PJ-19015,CA-2014-124023,3482,8.96,7
PJ-19015,CA-2015-122973,9805,7.38,8
PJ-19015,CA-2017-151218,5293,4.46,9
PJ-19015,CA-2015-122973,9803,3.33,10
PK-18910,CA-2016-158099,870,1141.47,1
PK-18910,CA-2016-158099,871,280.78,2
PK-18910,CA-2014-105172,1561,18.9,3
PK-19075,US-2017-102183,9271,4305.55,1
PK-19075,CA-2017-116680,5460,1478.27,2
PK-19075,CA-2014-105893,17,665.88,3
PK-19075,CA-2016-118332,6203,563.92,4
PK-19075,CA-2016-129126,6395,396.92,5
PK-19075,CA-2016-115756,445,242.94,6
PK-19075,CA-2016-115756,442,194.94,7
PK-19075,US-2016-134488,1314,155.37,8
PK-19075,CA-2016-166282,7131,123.09,9
PK-19075,CA-2017-132346,4779,100.94,10
PK-19075,CA-2016-115756,444,91.36,11
PK-19075,CA-2016-115756,443,70.95,12
PK-19075,CA-2016-166282,7130,35.17,13
PK-19075,US-2017-102183,9270,32.09,14
PK-19075,CA-2017-147753,3813,25.06,15
PK-19075,CA-2017-107461,3171,23.88,16
PK-19075,CA-2016-129126,6397,23.12,17
PK-19075,CA-2016-115756,446,22.05,18
PK-19075,CA-2016-129126,6394,21.48,19
PK-19075,CA-2016-129126,6396,17.15,20
PK-19075,CA-2016-129126,6392,14.62,21
PK-19075,CA-2017-116680,5459,13.34,22
PK-19075,CA-2016-115756,441,12.22,23
PK-19075,CA-2016-150343,2659,10.86,24
PK-19075,CA-2016-129126,6393,5.76,25
PL-18925,US-2016-113509,1615,83.98,1
PL-18925,CA-2014-168305,5896,44.4,2
PL-18925,CA-2017-165757,2765,31.16,3
PL-18925,CA-2017-119564,3982,22.77,4
PL-18925,CA-2014-168305,5897,21.4,5
PL-18925,CA-2017-109946,1521,16.52,6
PL-18925,CA-2017-165757,2764,10.33,7
PL-18925,CA-2017-165757,2766,8.93,8
PM-18940,CA-2016-102092,8555,1056.86,1
PM-18940,CA-2015-141250,6626,199.3,2
PM-18940,CA-2015-141250,6625,102.44,3
PM-18940,CA-2014-117709,1166,46.8,4
PM-19135,US-2015-134558,7488,2249.91,1
PM-19135,US-2015-134558,7489,1053.16,2
PM-19135,CA-2017-159667,8595,499.17,3
PM-19135,CA-2017-159667,8594,191.98,4
PM-19135,CA-2016-149685,5767,60.14,5
PM-19135,CA-2016-165148,884,31.4,6
PM-19135,US-2015-134558,7487,29.9,7
PN-18775,CA-2016-138597,7579,563.94,1
PN-18775,US-2017-132031,8470,387.14,2
PN-18775,CA-2017-161018,97,96.53,3
PN-18775,US-2017-132031,8472,77.95,4
PN-18775,US-2017-148768,3779,71.98,5
PN-18775,CA-2017-132213,5109,67.92,6
PN-18775,US-2016-118780,1619,59.48,7
PN-18775,US-2017-132031,8471,45.41,8
PN-18775,CA-2017-132213,5108,42.05,9
PN-18775,CA-2016-155439,2554,25.92,10
PN-18775,CA-2015-141936,5100,19.15,11
PN-18775,US-2016-118780,1620,6.69,12
PN-18775,US-2017-132031,8473,3.0,13
PO-18850,CA-2017-129021,4298,4367.9,1
PO-18850,US-2016-141544,329,786.74,2
PO-18850,CA-2015-130183,9692,614.0,3
PO-18850,CA-2017-141705,8678,517.41,4
PO-18850,US-2016-141544,327,290.9,5
PO-18850,CA-2017-129021,4300,161.38,6
PO-18850,US-2017-101784,6743,122.14,7
PO-18850,CA-2014-159681,5279,105.52,8
PO-18850,US-2016-141544,330,100.24,9
PO-18850,CA-2014-148782,6228,88.78,10
PO-18850,US-2016-141544,328,54.22,11
PO-18850,CA-2017-129021,4299,49.57,12
PO-18850,US-2017-106705,1009,44.75,13
PO-18850,US-2016-141544,331,37.76,14
PO-18850,CA-2015-104486,6349,37.32,15
PO-18850,CA-2015-104486,6350,35.06,16
PO-18850,CA-2017-149853,4331,17.92,17
PO-18850,CA-2017-149853,4330,15.55,18
PO-18850,CA-2015-104486,6348,12.18,19
PO-18850,CA-2017-129021,4302,8.72,20
PO-18850,CA-2016-111409,4664,3.0,21
PO-18850,CA-2017-129021,4301,2.78,22
PO-18865,CA-2014-120838,3556,604.75,1
PO-18865,CA-2014-120838,3555,330.4,2
PO-18865,CA-2017-143259,907,323.14,3
PO-18865,CA-2017-140088,86,301.96,4
PO-18865,CA-2014-146703,47,211.96,5
PO-18865,US-2016-152415,9029,191.82,6
PO-18865,CA-2017-128328,6643,133.2,7
PO-18865,CA-2017-128328,6641,125.88,8
PO-18865,CA-2017-143259,908,90.93,9
PO-18865,CA-2017-128328,6642,79.78,10
PO-18865,CA-2017-143259,909,52.78,11
PO-18865,CA-2017-108756,9377,31.8,12
PO-18865,US-2016-152415,9028,14.82,13
PO-19180,CA-2016-147375,437,1007.98,1
PO-19180,CA-2015-121783,5850,795.51,2
PO-19180,CA-2015-121783,5849,715.64,3
PO-19180,CA-2015-121783,5851,549.99,4
PO-19180,CA-2015-164539,1627,523.25,5
PO-19180,CA-2017-118346,8639,399.95,6
PO-19180,CA-2016-147375,438,313.49,7
PO-19180,CA-2016-151148,8770,146.95,8
PO-19180,US-2015-156797,7200,138.0,9
PO-19180,CA-2016-151148,8771,83.14,10
PO-19180,CA-2015-121783,5852,74.76,11
PO-19180,CA-2017-143665,2962,39.28,12
PO-19180,CA-2015-121783,5853,29.22,13
PO-19180,CA-2017-143665,2961,20.34,14
PO-19180,CA-2016-147683,7196,19.54,15
PO-19180,CA-2017-142867,3379,13.78,16
PO-19180,US-2015-156797,7199,11.96,17
PO-19180,CA-2017-142867,3380,10.27,18
PO-19195,CA-2015-110891,7917,344.37,1
PO-19195,CA-2014-112326,741,272.74,2
PO-19195,US-2017-103247,975,160.93,3
PO-19195,CA-2015-156335,1697,104.98,4
PO-19195,US-2017-103247,976,75.79,5
PO-19195,CA-2015-156335,1695,63.96,6
PO-19195,CA-2015-156335,1696,14.46,7
PO-19195,CA-2014-112326,740,11.78,8
PO-19195,CA-2015-144099,3441,4.3,9
PO-19195,CA-2014-112326,742,3.54,10
PP-18955,CA-2014-126683,5627,2348.82,1
PP-18955,CA-2017-117401,5222,706.86,2
PP-18955,US-2016-108504,1390,484.83,3
PP-18955,CA-2017-134096,7923,383.96,4
PP-18955,US-2016-108504,1384,348.84,5
PP-18955,US-2016-108504,1393,342.37,6
PP-18955,CA-2016-145177,3638,334.88,7
PP-18955,CA-2015-146087,2416,301.96,8
PP-18955,US-2016-108504,1387,239.98,9
PP-18955,CA-2016-145177,3641,178.92,10
PP-18955,CA-2014-146815,8707,172.76,11
PP-18955,US-2016-108504,1388,167.96,12
PP-18955,US-2016-108504,1392,154.44,13
PP-18955,US-2014-115413,7824,149.97,14
PP-18955,CA-2016-145177,3639,148.29,15
PP-18955,US-2016-108504,1391,122.97,16
PP-18955,CA-2017-117401,5223,114.95,17
PP-18955,US-2016-108504,1389,104.85,18
PP-18955,CA-2016-145177,3636,89.57,19
PP-18955,US-2016-108504,1383,80.98,20
PP-18955,CA-2016-145177,3642,69.89,21
PP-18955,CA-2017-117401,5224,43.19,22
PP-18955,CA-2016-145177,3635,41.96,23
PP-18955,CA-2016-145177,3637,22.25,24
PP-18955,US-2016-108504,1386,18.84,25
PP-18955,CA-2017-134096,7924,15.57,26
PP-18955,CA-2015-130253,6034,15.24,27
PP-18955,US-2016-108504,1385,9.45,28
PP-18955,CA-2016-145177,3634,9.22,29
PP-18955,US-2014-115413,7823,8.64,30
PP-18955,CA-2014-126683,5626,6.16,31
PP-18955,CA-2015-111864,9432,5.9,32
PP-18955,CA-2016-145177,3640,4.62,33
PP-18955,CA-2014-146815,8708,3.52,34
PR-18880,US-2017-109253,3338,568.73,1
PR-18880,US-2017-109253,3336,431.97,2
PR-18880,US-2017-109253,3340,203.52,3
PR-18880,US-2015-110261,6453,158.38,4
PR-18880,US-2017-109253,3337,129.92,5
PR-18880,US-2017-109253,3339,117.14,6
PR-18880,CA-2015-125563,7334,67.36,7
PR-18880,CA-2015-125563,7335,54.53,8
PR-18880,US-2017-109253,3341,51.75,9
PR-18880,CA-2014-136861,5430,31.98,10
PR-18880,US-2017-109253,3335,17.12,11
PR-18880,CA-2017-162250,9123,7.78,12
PS-18760,CA-2015-143147,9577,399.54,1
PS-18760,CA-2016-153269,8333,354.9,2
PS-18760,CA-2017-128965,6861,274.89,3
PS-18760,CA-2017-156237,6815,241.17,4
PS-18760,CA-2017-128965,6863,218.35,5
PS-18760,CA-2017-156237,6814,127.94,6
PS-18760,CA-2017-156237,6812,113.37,7
PS-18760,CA-2015-143147,9576,105.69,8
PS-18760,CA-2015-143147,9578,104.93,9
PS-18760,CA-2016-153269,8335,51.8,10
PS-18760,CA-2014-126963,6938,36.54,11
PS-18760,CA-2017-128965,6858,28.14,12
PS-18760,CA-2017-128965,6862,23.04,13
PS-18760,US-2016-101497,1683,18.97,14
PS-18760,CA-2017-156237,6813,18.31,15
PS-18760,CA-2016-153269,8334,17.94,16
PS-18760,CA-2017-156237,6811,12.59,17
PS-18760,CA-2016-153269,8332,11.21,18
PS-18760,CA-2017-128965,6860,10.9,19
PS-18760,CA-2017-128965,6859,7.38,20
PS-18760,CA-2017-156237,6810,3.88,21
PS-18970,CA-2017-111591,9365,359.32,1
PS-18970,US-2015-164175,67,213.12,2
PS-18970,CA-2015-135727,9541,191.97,3
PS-18970,US-2014-120740,7658,187.76,4
PS-18970,US-2014-120740,7657,106.96,5
PS-18970,CA-2015-140830,4380,71.88,6
PS-18970,US-2017-111920,4516,36.44,7
PS-18970,CA-2017-111591,9362,30.58,8
PS-18970,CA-2017-111591,9364,22.14,9
PS-18970,CA-2017-163818,5582,19.98,10
PS-18970,CA-2015-140830,4379,17.48,11
PS-18970,CA-2017-111591,9363,13.02,12
PS-18970,CA-2016-161158,5583,8.0,13
PS-19045,CA-2017-133865,3274,3359.95,1
PS-19045,CA-2014-136567,1156,2244.48,2
PS-19045,CA-2014-136567,1158,455.1,3
PS-19045,CA-2017-160423,1096,348.21,4
PS-19045,CA-2014-136567,1155,122.48,5
PS-19045,CA-2015-132374,3972,79.36,6
PS-19045,CA-2015-155054,4738,67.98,7
PS-19045,CA-2014-136567,1157,62.31,8
PS-19045,CA-2017-160423,1097,35.78,9
PS-19045,CA-2015-155054,4737,29.84,10
PS-19045,CA-2017-109211,6922,16.98,11
PS-19045,CA-2016-164896,4975,12.9,12
PS-19045,CA-2015-155054,4736,8.26,13
PT-19090,US-2016-152373,6777,93.46,1
PT-19090,CA-2017-103065,8241,43.94,2
PT-19090,CA-2017-103065,8239,6.67,3
PT-19090,US-2014-150924,3161,5.18,4
PT-19090,CA-2017-103065,8238,4.77,5
PT-19090,CA-2017-103065,8240,4.45,6
PT-19090,CA-2017-145093,9809,2.11,7
PV-18985,CA-2017-105914,4137,1575.14,1
PV-18985,CA-2014-161508,8314,512.36,2
PV-18985,CA-2016-119025,2345,490.32,3
PV-18985,CA-2017-105914,4136,112.12,4
PV-18985,US-2017-133081,8043,63.88,5
PV-18985,CA-2016-107216,1101,29.29,6
PV-18985,US-2017-133081,8044,26.72,7
PV-18985,CA-2014-161508,8316,22.29,8
PV-18985,CA-2014-161508,8317,16.03,9
PV-18985,CA-2016-107216,1100,8.73,10
PV-18985,CA-2016-107216,1102,8.64,11
PV-18985,CA-2016-107216,1099,7.04,12
PV-18985,CA-2014-161508,8315,3.49,13
PW-19030,CA-2017-116988,8735,1287.45,1
PW-19030,CA-2016-113607,9505,1091.93,2
PW-19030,CA-2014-125150,7825,232.88,3
PW-19030,CA-2016-140438,6831,197.97,4
PW-19030,CA-2017-116988,8734,126.3,5
PW-19030,CA-2016-105354,9251,115.84,6
PW-19030,CA-2016-113607,9506,111.96,7
PW-19030,CA-2017-137323,8686,96.36,8
PW-19030,CA-2015-127327,7826,90.88,9
PW-19030,CA-2017-156272,8377,64.38,10
PW-19030,CA-2017-116988,8733,19.44,11
PW-19030,CA-2017-117695,1443,13.76,12
PW-19030,CA-2016-140256,9617,5.76,13
PW-19240,CA-2015-162782,7281,2541.98,1
PW-19240,US-2015-114839,2899,408.42,2
PW-19240,US-2015-145422,8713,359.5,3
PW-19240,CA-2015-144274,8815,307.98,4
PW-19240,CA-2014-164210,2438,145.98,5
PW-19240,CA-2015-144274,8816,44.1,6
PW-19240,CA-2015-144274,8819,38.88,7
PW-19240,CA-2014-164210,2439,35.81,8
PW-19240,CA-2015-144274,8818,16.56,9
PW-19240,CA-2015-144274,8817,13.12,10
PW-19240,CA-2016-120257,3965,7.87,11
PW-19240,US-2016-131891,4879,2.21,12
QJ-19255,CA-2015-117086,9742,4404.9,1
QJ-19255,CA-2017-144526,1662,677.58,2
QJ-19255,CA-2016-142097,3695,232.96,3
QJ-19255,CA-2017-104066,2235,205.03,4
QJ-19255,US-2014-157070,9150,138.56,5
QJ-19255,CA-2014-127859,8011,126.62,6
QJ-19255,CA-2016-134425,1299,114.95,7
QJ-19255,CA-2016-142097,3696,66.54,8
QJ-19255,US-2014-157070,9151,65.52,9
QJ-19255,CA-2016-142097,3697,43.26,10
QJ-19255,CA-2017-144526,1663,13.9,11
QJ-19255,CA-2016-109652,7474,13.57,12
QJ-19255,CA-2015-130995,2294,4.95,13
RA-19285,CA-2015-111780,6063,1199.96,1
RA-19285,CA-2017-141929,3618,487.98,2
RA-19285,CA-2017-131695,2587,248.57,3
RA-19285,CA-2017-141929,3620,217.85,4
RA-19285,CA-2017-161480,689,191.98,5
RA-19285,CA-2017-127313,4141,79.12,6
RA-19285,CA-2015-155068,4252,55.94,7
RA-19285,CA-2017-127313,4140,37.39,8
RA-19285,CA-2017-131695,2588,22.23,9
RA-19285,CA-2015-111780,6065,17.94,10
RA-19285,CA-2015-111780,6064,12.6,11
RA-19285,CA-2015-155068,4254,11.82,12
RA-19285,CA-2015-150441,6260,11.36,13
RA-19285,CA-2015-155068,4253,10.69,14
RA-19285,CA-2017-141929,3619,5.56,15
RA-19285,US-2016-128195,2688,3.98,16
RA-19285,CA-2014-154186,3592,2.92,17
RA-19885,US-2014-118997,5927,1215.92,1
RA-19885,US-2017-106145,7531,931.18,2
RA-19885,CA-2014-129091,2578,675.12,3
RA-19885,CA-2014-129091,2576,319.9,4
RA-19885,CA-2017-163629,9989,206.1,5
RA-19885,US-2017-111745,938,159.99,6
RA-19885,CA-2017-163629,9988,79.99,7
RA-19885,CA-2016-101343,43,77.88,8
RA-19885,US-2017-106145,7527,71.88,9
RA-19885,US-2017-106145,7529,35.88,10
RA-19885,US-2017-106145,7530,17.04,11
RA-19885,CA-2014-129091,2575,16.23,12
RA-19885,CA-2014-129091,2577,11.36,13
RA-19885,US-2017-106145,7528,9.24,14
RA-19885,CA-2015-155453,3257,4.61,15
RA-19915,CA-2014-134313,807,1983.97,1
RA-19915,US-2015-122784,4386,913.43,2
RA-19915,US-2015-122784,4384,384.94,3
RA-19915,CA-2016-149979,3747,368.97,4
RA-19915,CA-2017-112809,1513,200.06,5
RA-19915,US-2015-122784,4385,153.58,6
RA-19915,CA-2017-140585,1116,119.98,7
RA-19915,CA-2017-140585,1115,119.83,8
RA-19915,CA-2016-149979,3746,118.25,9
RA-19915,CA-2015-149909,6200,96.08,10
RA-19915,CA-2015-149909,6198,63.77,11
RA-19915,CA-2015-149909,6199,50.97,12
RA-19915,CA-2014-102008,1791,48.94,13
RA-19915,CA-2017-140585,1114,46.67,14
RA-19915,CA-2014-134313,806,43.18,15
RA-19915,CA-2015-130792,380,23.83,16
RA-19915,CA-2017-112809,1514,21.38,17
RA-19915,CA-2015-130792,381,12.18,18
RA-19915,CA-2015-130792,379,8.65,19
RA-19915,CA-2017-112809,1515,6.74,20
RA-19915,CA-2014-123064,2690,5.25,21
RA-19915,US-2015-122784,4383,2.88,22
RA-19945,CA-2014-169775,1899,505.18,1
RA-19945,CA-2015-126445,1005,484.65,2
RA-19945,CA-2017-152583,3439,251.01,3
RA-19945,CA-2014-169775,1900,174.06,4
RA-19945,CA-2017-146346,6604,146.35,5
RA-19945,CA-2017-152583,3440,54.19,6
RA-19945,CA-2014-169775,1898,29.81,7
RA-19945,CA-2015-112823,8438,25.49,8
RA-19945,CA-2017-152583,3438,16.19,9
RB-19330,CA-2014-159835,3603,657.93,1
RB-19330,CA-2017-106068,4151,259.14,2
RB-19330,CA-2017-106068,4150,55.2,3
RB-19330,CA-2017-106068,4149,13.72,4
RB-19330,CA-2014-159835,3602,12.45,5
RB-19330,CA-2017-106068,4148,9.76,6
RB-19360,CA-2017-140151,8154,13999.96,1
RB-19360,CA-2016-166674,450,263.88,2
RB-19360,CA-2016-166674,449,161.94,3
RB-19360,CA-2016-109953,7225,151.62,4
RB-19360,CA-2017-162572,3143,119.96,5
RB-19360,CA-2016-109953,7224,110.38,6
RB-19360,CA-2016-166674,448,59.52,7
RB-19360,CA-2016-156573,3960,44.76,8
RB-19360,CA-2016-166674,453,35.12,9
RB-19360,CA-2017-140151,8152,32.48,10
RB-19360,CA-2016-109953,7226,30.8,11
RB-19360,CA-2016-166674,451,30.48,12
RB-19360,CA-2017-169810,2856,20.23,13
RB-19360,CA-2017-140151,8153,20.04,14
RB-19360,CA-2016-156573,3958,11.28,15
RB-19360,CA-2017-162572,3144,10.61,16
RB-19360,CA-2016-166674,452,9.84,17
RB-19360,CA-2016-156573,3959,4.45,18
RB-19435,CA-2017-153871,9969,735.98,1
RB-19435,US-2014-144078,7622,725.34,2
RB-19435,US-2014-144078,7621,539.92,3
RB-19435,US-2015-103996,4731,212.64,4
RB-19435,CA-2014-167360,2152,111.79,5
RB-19435,US-2014-105137,8873,101.99,6
RB-19435,US-2015-103996,4733,53.25,7
RB-19435,CA-2017-153871,9968,40.2,8
RB-19435,CA-2015-120397,2508,32.78,9
RB-19435,CA-2017-146458,5925,22.96,10
RB-19435,CA-2017-153871,9970,22.75,11
RB-19435,US-2015-103996,4734,19.92,12
RB-19435,US-2014-105137,8874,18.26,13
RB-19435,US-2015-103996,4732,9.87,14
RB-19435,US-2014-103338,8300,7.98,15
RB-19435,US-2014-144078,7623,7.44,16
RB-19465,CA-2016-115917,639,1049.2,1
RB-19465,US-2016-146066,5630,815.29,2
RB-19465,CA-2014-152618,9406,574.91,3
RB-19465,CA-2017-105823,9033,487.96,4
RB-19465,CA-2014-117765,5979,429.9,5
RB-19465,CA-2016-120803,8160,199.75,6
RB-19465,CA-2016-103107,5937,177.48,7
RB-19465,CA-2016-105662,8753,177.48,8
RB-19465,CA-2014-117765,5981,161.96,9
RB-19465,CA-2017-161578,6553,158.9,10
RB-19465,CA-2016-158568,101,95.98,11
RB-19465,CA-2016-105662,8752,93.25,12
RB-19465,CA-2016-103107,5938,71.98,13
RB-19465,CA-2016-158568,100,64.62,14
RB-19465,CA-2014-117765,5980,32.06,15
RB-19465,CA-2016-103107,5936,25.4,16
RB-19465,CA-2017-104822,6347,24.55,17
RB-19465,CA-2014-117765,5982,19.86,18
RB-19465,CA-2017-137456,4104,15.92,19
RB-19465,CA-2016-115917,640,15.42,20
RB-19465,CA-2017-161578,6552,13.36,21
RB-19465,CA-2014-152618,9407,8.45,22
RB-19465,CA-2016-158568,102,1.79,23
RB-19570,US-2016-104815,7563,198.74,1
RB-19570,CA-2017-130351,676,99.39,2
RB-19570,CA-2017-130351,674,61.44,3
RB-19570,US-2016-128678,4518,48.66,4
RB-19570,CA-2017-130351,675,38.9,5
RB-19570,CA-2016-167605,7913,30.34,6
RB-19570,CA-2017-138779,1183,21.74,7
RB-19570,US-2016-128678,4517,21.4,8
RB-19570,CA-2017-138779,1184,7.92,9
RB-19645,CA-2016-107615,1672,58.58,1
RB-19645,CA-2015-153038,4993,55.94,2
RB-19645,CA-2014-154837,6672,49.57,3
RB-19645,CA-2015-153038,4995,20.32,4
RB-19645,CA-2015-153038,4994,18.43,5
RB-19645,CA-2014-125682,6806,9.96,6
RB-19645,CA-2014-106719,3028,8.29,7
RB-19705,CA-2017-152975,9579,1079.85,1
RB-19705,CA-2017-152975,9582,589.41,2
RB-19705,CA-2015-119550,5690,275.06,3
RB-19705,CA-2017-152975,9580,70.98,4
RB-19705,CA-2017-152975,9581,29.95,5
RB-19705,CA-2015-129854,2209,16.52,6
RB-19705,US-2017-109484,96,5.68,7
RB-19795,US-2017-110576,950,2065.32,1
RB-19795,US-2017-110576,949,1007.23,2
RB-19795,US-2016-168620,1259,540.05,3
RB-19795,US-2017-110576,948,516.49,4
RB-19795,US-2016-123750,431,408.74,5
RB-19795,US-2016-123750,432,291.96,6
RB-19795,US-2016-168620,1260,255.68,7
RB-19795,US-2016-123750,430,189.59,8
RB-19795,US-2016-155971,9121,99.9,9
RB-19795,CA-2017-157672,7564,63.82,10
RB-19795,CA-2017-100748,2431,58.48,11
RB-19795,US-2016-168620,1258,27.88,12
RB-19795,US-2017-110576,952,25.34,13
RB-19795,US-2015-150161,1070,25.18,14
RB-19795,US-2016-155971,9120,22.05,15
RB-19795,US-2017-110576,951,15.55,16
RB-19795,CA-2014-141299,6323,15.28,17
RB-19795,US-2016-123750,433,4.77,18
RC-19825,CA-2016-125318,265,328.22,1
RC-19825,CA-2016-140746,3236,181.8,2
RC-19825,CA-2016-141397,1310,161.94,3
RC-19825,CA-2016-141397,1311,161.57,4
RC-19825,CA-2016-141397,1307,46.76,5
RC-19825,CA-2014-138296,921,24.56,6
RC-19825,CA-2016-141397,1309,21.78,7
RC-19825,CA-2016-141397,1308,17.71,8
RC-19825,CA-2016-114538,4403,11.33,9
RC-19825,CA-2016-143308,665,10.74,10
RC-19960,US-2014-112872,2985,275.49,1
RC-19960,CA-2014-115259,117,130.46,2
RC-19960,CA-2016-130225,9973,99.57,3
RC-19960,US-2016-157728,9984,97.98,4
RC-19960,US-2016-144351,7180,89.97,5
RC-19960,US-2014-112872,2984,53.42,6
RC-19960,CA-2014-115259,114,40.1,7
RC-19960,US-2016-157728,9983,35.56,8
RC-19960,CA-2017-112774,553,34.5,9
RC-19960,CA-2014-115259,116,23.98,10
RC-19960,CA-2014-115259,115,4.72,11
RD-19480,CA-2014-108147,9368,1676.88,1
RD-19480,US-2017-166688,9144,1123.13,2
RD-19480,US-2017-116652,6517,529.9,3
RD-19480,US-2017-116652,6516,218.35,4
RD-19480,CA-2015-122826,1593,201.57,5
RD-19480,CA-2016-164637,4215,128.4,6
RD-19480,US-2017-116652,6519,108.96,7
RD-19480,US-2017-116652,6518,99.3,8
RD-19480,CA-2014-108147,9367,68.48,9
RD-19480,US-2017-166688,9145,64.9,10
RD-19480,CA-2016-136434,2055,17.31,11
RD-19480,CA-2017-159457,1671,16.68,12
RD-19480,US-2017-166688,9143,8.29,13
RD-19480,CA-2015-146696,5137,8.1,14
RD-19480,US-2017-116652,6520,2.69,15
RD-19585,CA-2014-164315,5684,1049.93,1
RD-19585,CA-2015-157770,3288,494.38,2
RD-19585,US-2015-151407,8001,263.96,3
RD-19585,CA-2015-157770,3290,248.85,4
RD-19585,CA-2017-111647,1673,167.97,5
RD-19585,CA-2014-164315,5685,154.9,6
RD-19585,CA-2017-139437,6153,87.92,7
RD-19585,CA-2015-121776,8136,87.71,8
RD-19585,CA-2015-127544,9889,79.99,9
RD-19585,CA-2016-131576,2774,49.44,10
RD-19585,CA-2015-121776,8135,36.84,11
RD-19585,CA-2015-162537,998,36.63,12
RD-19585,CA-2015-157770,3291,36.24,13
RD-19585,CA-2015-162537,1000,33.11,14
RD-19585,CA-2015-157770,3289,29.2,15
RD-19585,CA-2015-162537,999,24.1,16
RD-19585,CA-2014-164315,5683,15.84,17
RD-19585,CA-2015-162537,997,10.67,18
RD-19585,CA-2017-131653,7028,5.22,19
RD-19660,CA-2017-103877,3567,1577.94,1
RD-19660,CA-2016-127670,1041,697.16,2
RD-19660,CA-2015-149650,6424,454.27,3
RD-19660,CA-2015-145415,9945,40.74,4
RD-19660,CA-2016-151974,7354,16.52,5
RD-19720,CA-2016-149762,7909,268.7,1
RD-19720,US-2017-143770,8155,238.0,2
RD-19720,CA-2016-149762,7912,205.67,3
RD-19720,CA-2014-157546,7229,89.71,4
RD-19720,CA-2014-107454,4525,89.34,5
RD-19720,CA-2016-146157,5893,81.58,6
RD-19720,CA-2017-126550,5720,81.4,7
RD-19720,US-2017-143770,8156,61.96,8
RD-19720,CA-2015-112375,4334,50.88,9
RD-19720,CA-2016-149762,7911,48.72,10
RD-19720,CA-2016-146157,5891,38.43,11
RD-19720,CA-2014-107454,4524,34.86,12
RD-19720,CA-2015-112375,4335,27.31,13
RD-19720,CA-2014-157546,7230,22.83,14
RD-19720,CA-2016-149762,7910,21.92,15
RD-19720,CA-2016-146157,5892,21.57,16
RD-19720,CA-2016-161543,6573,11.96,17
RD-19720,US-2017-132927,8586,11.09,18
RD-19720,CA-2014-161249,7434,9.35,19
RD-19720,CA-2014-161249,7433,4.46,20
RD-19810,CA-2017-127474,7448,419.4,1
RD-19810,CA-2016-112739,8680,159.56,2
RD-19810,CA-2016-112942,721,146.82,3
RD-19810,CA-2017-155292,3547,105.98,4
RD-19810,CA-2017-127474,7446,65.58,5
RD-19810,CA-2017-155292,3548,35.06,6
RD-19810,CA-2017-155292,3549,33.94,7
RD-19810,CA-2017-104381,3004,33.38,8
RD-19810,CA-2016-120558,3149,32.4,9
RD-19810,CA-2017-155292,3550,30.0,10
RD-19810,CA-2017-127474,7447,22.2,11
RD-19810,CA-2016-102596,8390,17.18,12
RD-19810,CA-2014-148285,9419,11.95,13
RD-19810,CA-2014-148285,9418,10.37,14
RD-19810,CA-2016-112739,8679,8.61,15
RD-19810,CA-2017-127474,7445,5.18,16
RD-19900,CA-2016-140382,6930,862.34,1
RD-19900,CA-2014-149104,9510,689.82,2
RD-19900,CA-2014-158372,3203,601.54,3
RD-19900,CA-2017-124401,2100,279.94,4
RD-19900,CA-2016-154235,5872,127.95,5
RD-19900,CA-2016-140382,6928,93.68,6
RD-19900,CA-2014-158372,3206,62.24,7
RD-19900,CA-2014-158372,3207,53.2,8
RD-19900,US-2014-149034,8973,47.5,9
RD-19900,CA-2014-149104,9508,40.2,10
RD-19900,CA-2014-158372,3205,39.88,11
RD-19900,CA-2014-158372,3208,39.84,12
RD-19900,CA-2017-124401,2099,37.68,13
RD-19900,CA-2016-154508,163,28.4,14
RD-19900,CA-2014-149104,9507,26.7,15
RD-19900,CA-2016-140382,6929,21.93,16
RD-19900,CA-2015-148964,7295,20.24,17
RD-19900,CA-2016-140382,6931,19.98,18
RD-19900,CA-2015-163440,5803,15.98,19
RD-19900,CA-2014-149104,9509,13.89,20
RD-19900,CA-2014-158372,3204,10.99,21
RD-19930,CA-2015-139248,6944,623.96,1
RD-19930,CA-2017-160122,8111,127.39,2
RD-19930,CA-2017-125115,3504,95.74,3
RD-19930,CA-2017-160122,8110,55.58,4
RD-19930,CA-2014-120775,8219,31.78,5
RD-19930,CA-2014-120775,8222,15.07,6
RD-19930,CA-2017-125115,3503,10.37,7
RD-19930,CA-2014-120775,8220,4.93,8
RD-19930,CA-2014-120775,8218,4.34,9
RD-19930,CA-2014-120775,8221,1.79,10
RE-19405,CA-2014-165477,9442,48.36,1
RE-19450,CA-2015-151589,4811,239.9,1
RE-19450,CA-2015-151589,4810,195.64,2
RE-19450,CA-2014-163867,9846,132.7,3
RE-19450,CA-2015-142454,5203,104.23,4
RE-19450,CA-2015-142454,5204,70.26,5
RE-19450,CA-2014-163867,9845,61.54,6
RE-19450,CA-2016-169215,4682,29.61,7
RE-19450,CA-2017-127621,3062,26.88,8
RE-19450,CA-2014-163867,9844,15.94,9
RF-19345,CA-2016-163167,4890,1263.3,1
RF-19345,CA-2016-163167,4889,1126.02,2
RF-19345,CA-2016-163167,4887,182.67,3
RF-19345,CA-2015-106187,8078,165.98,4
RF-19345,US-2014-114188,2132,139.86,5
RF-19345,CA-2016-163167,4888,101.7,6
RF-19345,CA-2014-124079,6002,87.96,7
RF-19345,CA-2015-106187,8079,75.0,8
RF-19345,US-2014-114188,2131,38.52,9
RF-19345,CA-2014-141152,6295,33.55,10
RF-19345,US-2014-114188,2130,33.28,11
RF-19345,CA-2015-106187,8077,27.42,12
RF-19345,CA-2016-145009,6872,11.95,13
RF-19345,CA-2016-122518,3265,10.08,14
RF-19345,CA-2014-148425,7616,6.64,15
RF-19345,CA-2014-124079,6003,5.21,16
RF-19735,CA-2015-111206,5832,519.96,1
RF-19735,US-2017-130953,5026,461.97,2
RF-19735,CA-2016-110044,3922,359.98,3
RF-19735,US-2017-130953,5028,302.67,4
RF-19735,CA-2017-126074,751,157.74,5
RF-19735,CA-2016-105585,994,154.9,6
RF-19735,US-2017-130953,5027,137.62,7
RF-19735,CA-2014-115357,3773,62.91,8
RF-19735,CA-2017-126074,750,58.05,9
RF-19735,CA-2017-126074,752,56.98,10
RF-19735,US-2017-130953,5025,33.48,11
RF-19735,US-2015-134271,4197,21.93,12
RF-19735,CA-2016-105585,993,10.23,13
RF-19735,CA-2017-126074,753,2.88,14
RF-19840,CA-2016-136686,5577,383.64,1
RF-19840,CA-2016-139381,7780,203.92,2
RF-19840,CA-2016-125843,7926,103.6,3
RF-19840,CA-2016-136686,5578,56.52,4
RF-19840,CA-2014-151078,1863,49.63,5
RF-19840,CA-2014-123925,1495,40.05,6
RF-19840,CA-2017-117933,405,35.91,7
RF-19840,CA-2016-139381,7781,29.56,8
RF-19840,CA-2016-125843,7925,22.32,9
RF-19840,CA-2017-136497,2363,13.71,10
RF-19840,CA-2015-130855,9876,6.36,11
RH-19495,CA-2015-124891,1002,2309.65,1
RH-19495,CA-2015-124891,1003,1090.78,2
RH-19495,CA-2017-121538,1928,88.77,3
RH-19495,CA-2014-110639,2339,45.92,4
RH-19495,CA-2014-110639,2338,25.92,5
RH-19495,CA-2017-106537,2863,20.74,6
RH-19495,CA-2017-151428,796,20.16,7
RH-19495,CA-2015-124891,1004,19.44,8
RH-19510,CA-2016-169663,8101,3357.6,1
RH-19510,CA-2016-168354,2021,1606.23,2
RH-19510,CA-2016-168354,2024,872.32,3
RH-19510,CA-2015-157805,9134,555.96,4
RH-19510,CA-2014-149643,3781,273.96,5
RH-19510,CA-2015-167255,6960,146.82,6
RH-19510,CA-2016-168354,2023,49.53,7
RH-19510,CA-2016-122322,2238,44.4,8
RH-19510,CA-2016-169663,8100,26.85,9
RH-19510,CA-2016-168354,2022,17.04,10
RH-19510,CA-2015-167255,6959,15.51,11
RH-19510,CA-2015-167255,6961,12.96,12
RH-19555,CA-2016-164574,8649,704.76,1
RH-19555,CA-2016-164574,8650,27.4,2
RH-19555,CA-2015-110247,2749,8.23,3
RH-19600,CA-2015-157322,3492,435.5,1
RH-19600,CA-2015-157322,3489,408.42,2
RH-19600,CA-2015-157322,3490,382.12,3
RH-19600,CA-2015-109386,6994,265.86,4
RH-19600,CA-2015-109386,6992,226.2,5
RH-19600,CA-2015-109386,6993,186.54,6
RH-19600,CA-2015-157322,3491,68.6,7
RH-19600,CA-2015-109386,6991,44.43,8
RH-19600,CA-2016-101378,2187,29.0,9
RH-19600,CA-2015-109386,6995,27.9,10
RH-19600,CA-2015-157322,3493,11.17,11
RK-19300,CA-2015-160472,1851,831.2,1
RK-19300,CA-2015-159786,2117,209.67,2
RK-19300,CA-2015-160472,1855,141.4,3
RK-19300,CA-2015-160472,1853,106.75,4
RK-19300,CA-2015-160472,1854,97.82,5
RK-19300,CA-2015-160472,1850,34.76,6
RK-19300,CA-2015-160472,1852,26.4,7
RK-19300,CA-2017-114216,933,12.19,8
RL-19615,CA-2016-144764,6765,1362.9,1
RL-19615,CA-2016-168753,534,979.95,2
RL-19615,US-2017-169551,5932,683.99,3
RL-19615,CA-2015-126557,4550,659.17,4
RL-19615,CA-2015-126557,4546,537.54,5
RL-19615,US-2017-169551,5935,527.92,6
RL-19615,CA-2015-126557,4544,383.61,7
RL-19615,CA-2017-159226,8974,344.98,8
RL-19615,US-2017-135062,2842,229.54,9
RL-19615,CA-2015-126557,4545,148.48,10
RL-19615,US-2017-169551,5930,87.21,11
RL-19615,US-2017-151127,7245,49.56,12
RL-19615,CA-2014-133830,7570,49.12,13
RL-19615,CA-2016-144764,6764,35.17,14
RL-19615,CA-2016-144764,6763,29.24,15
RL-19615,CA-2014-133830,7569,26.46,16
RL-19615,CA-2016-168753,535,22.75,17
RL-19615,US-2017-169551,5934,16.78,18
RL-19615,US-2017-169551,5931,15.55,19
RL-19615,CA-2014-133830,7571,15.0,20
RL-19615,US-2017-169551,5933,13.39,21
RL-19615,CA-2015-126557,4549,7.76,22
RL-19615,CA-2015-126557,4548,6.91,23
RL-19615,CA-2015-126557,4547,1.93,24
RM-19375,US-2017-127292,9389,542.94,1
RM-19375,US-2016-106600,6151,354.9,2
RM-19375,CA-2016-100965,1799,215.65,3
RM-19375,CA-2015-156328,6405,177.48,4
RM-19375,US-2017-127292,9387,79.92,5
RM-19375,CA-2014-139017,1759,46.86,6
RM-19375,CA-2014-141278,1836,21.4,7
RM-19375,US-2017-127292,9388,12.28,8
RM-19375,US-2017-127292,9390,2.04,9
RM-19675,CA-2017-145219,4620,2879.95,1
RM-19675,CA-2015-160171,5435,1640.7,2
RM-19675,CA-2014-158274,183,503.96,3
RM-19675,CA-2015-115392,6268,311.98,4
RM-19675,CA-2015-160171,5436,270.0,5
RM-19675,CA-2014-158274,184,149.95,6
RM-19675,CA-2017-145219,4621,90.48,7
RM-19675,CA-2014-166989,4282,69.26,8
RM-19675,CA-2014-158274,185,29.0,9
RM-19675,CA-2015-115392,6269,22.45,10
RM-19675,CA-2014-166989,4281,11.36,11
RM-19750,CA-2017-168193,3736,71.97,1
RM-19750,CA-2017-168193,3735,26.38,2
RO-19780,CA-2015-155600,4356,1598.06,1
RO-19780,CA-2017-150266,8961,853.93,2
RO-19780,CA-2017-148411,9353,520.46,3
RO-19780,CA-2017-150266,8959,299.96,4
RO-19780,US-2016-120929,495,189.88,5
RO-19780,CA-2015-153752,6578,173.94,6
RO-19780,CA-2017-150266,8960,67.84,7
RO-19780,CA-2015-155600,4357,36.96,8
RO-19780,CA-2016-152940,8374,29.74,9
RO-19780,CA-2017-150266,8962,18.69,10
RO-19780,CA-2015-162607,6261,14.59,11
RO-19780,CA-2017-148411,9354,11.42,12
RP-19270,CA-2015-135251,9545,369.2,1
RP-19270,CA-2014-155264,9340,146.73,2
RP-19270,CA-2015-148250,940,134.48,3
RP-19270,CA-2014-155264,9342,117.58,4
RP-19270,CA-2015-135251,9544,56.7,5
RP-19270,CA-2015-135251,9542,35.52,6
RP-19270,CA-2016-167983,8831,33.44,7
RP-19270,CA-2014-155264,9339,20.06,8
RP-19270,CA-2014-155264,9341,18.75,9
RP-19270,CA-2015-148250,939,12.96,10
RP-19270,CA-2015-135251,9543,6.23,11
RP-19270,CA-2014-155264,9338,2.99,12
RP-19390,CA-2014-120474,1792,2807.84,1
RP-19390,CA-2014-148383,9232,946.76,2
RP-19390,CA-2016-101980,7097,276.78,3
RP-19390,CA-2014-142769,8654,199.98,4
RP-19390,CA-2016-101980,7096,146.69,5
RP-19390,CA-2014-142769,8655,144.96,6
RP-19390,CA-2014-142769,8656,118.0,7
RP-19390,CA-2014-143413,2704,116.28,8
RP-19390,CA-2017-103352,6639,107.42,9
RP-19390,CA-2014-142769,8657,48.94,10
RP-19390,CA-2014-120474,1793,46.64,11
RP-19390,CA-2014-156314,669,30.36,12
RP-19390,CA-2015-166492,9037,25.92,13
RP-19390,CA-2016-101980,7098,25.32,14
RP-19390,CA-2014-142769,8658,22.66,15
RP-19390,CA-2015-166492,9038,22.58,16
RP-19390,CA-2014-142769,8652,14.19,17
RP-19390,CA-2014-155593,5706,11.64,18
RP-19390,CA-2015-128356,8427,10.94,19
RP-19390,CA-2014-142769,8653,7.3,20
RP-19390,CA-2017-103352,6638,6.99,21
RP-19390,CA-2014-142769,8651,5.7,22
RP-19390,CA-2015-133494,8704,3.55,23
RP-19390,US-2017-145863,1104,2.93,24
RP-19390,US-2017-145863,1103,2.69,25
RP-19855,CA-2015-154326,1789,699.98,1
RP-19855,CA-2016-168774,8737,535.41,2
RP-19855,CA-2015-129546,9452,186.15,3
RP-19855,CA-2015-154326,1790,139.95,4
RP-19855,CA-2015-154326,1788,134.97,5
RP-19855,US-2014-157231,9912,115.36,6
RP-19855,CA-2017-134152,5376,98.16,7
RP-19855,CA-2015-129546,9453,81.79,8
RP-19855,CA-2015-129546,9454,47.19,9
RP-19855,CA-2015-129546,9455,36.78,10
RP-19855,CA-2017-134152,5377,31.44,11
RP-19855,US-2016-150567,1908,27.02,12
RP-19855,US-2016-152835,3531,21.4,13
RP-19855,CA-2017-104108,6690,12.16,14
RP-19855,US-2016-150567,1907,2.95,15
RR-19315,CA-2017-162565,4360,520.46,1
RR-19315,CA-2017-162565,4359,77.72,2
RR-19315,CA-2017-162565,4358,10.37,3
RR-19315,CA-2016-149482,2504,7.38,4
RR-19525,CA-2014-126403,2674,1325.85,1
RR-19525,CA-2014-126403,2672,785.88,2
RR-19525,CA-2017-102155,5976,360.38,3
RR-19525,CA-2015-150308,9089,246.17,4
RR-19525,CA-2016-115525,3010,243.88,5
RR-19525,CA-2014-126403,2671,166.44,6
RR-19525,US-2015-131842,8648,97.42,7
RR-19525,CA-2016-101623,9063,36.48,8
RR-19525,CA-2014-126403,2673,26.2,9
RR-19525,CA-2017-102155,5977,13.56,10
RS-19420,US-2014-117968,5867,1133.35,1
RS-19420,CA-2017-115154,2290,892.98,2
RS-19420,US-2017-128951,7691,872.94,3
RS-19420,US-2017-128951,7690,179.94,4
RS-19420,US-2014-117968,5865,79.47,5
RS-19420,US-2016-159093,6847,32.04,6
RS-19420,CA-2017-164819,4261,13.05,7
RS-19420,US-2017-128951,7692,12.96,8
RS-19420,US-2014-117968,5866,4.56,9
RS-19765,CA-2014-106726,7066,1261.33,1
RS-19765,CA-2014-128846,4177,629.95,2
RS-19765,CA-2017-113670,3711,510.24,3
RS-19765,CA-2017-128300,2594,327.84,4
RS-19765,US-2017-100048,714,307.98,5
RS-19765,US-2017-100048,715,299.97,6
RS-19765,US-2017-100048,713,281.34,7
RS-19765,CA-2017-113670,3712,204.95,8
RS-19765,CA-2014-128846,4178,122.97,9
RS-19765,CA-2017-152856,4529,116.83,10
RS-19765,CA-2017-128300,2593,79.1,11
RS-19765,US-2015-158911,8299,11.78,12
RS-19765,US-2015-158911,8298,4.93,13
RS-19765,CA-2017-124114,9293,0.56,14
RS-19870,CA-2016-107475,9583,9.65,1
RS-19870,CA-2017-142776,9210,7.28,2
RS-19870,CA-2017-142776,9211,5.4,3
RW-19540,CA-2017-166093,7938,2518.29,1
RW-19540,CA-2017-141733,3828,1458.65,2
RW-19540,CA-2017-166093,7939,540.57,3
RW-19540,CA-2017-141733,3830,476.8,4
RW-19540,CA-2015-124800,1426,363.65,5
RW-19540,CA-2017-128041,9031,314.6,6
RW-19540,CA-2017-128041,9032,283.56,7
RW-19540,CA-2015-124800,1425,263.96,8
RW-19540,CA-2017-166093,7940,221.06,9
RW-19540,CA-2017-101014,8116,148.02,10
RW-19540,CA-2015-157959,1909,136.92,11
RW-19540,CA-2015-124800,1424,119.9,12
RW-19540,CA-2017-141733,3831,87.44,13
RW-19540,CA-2015-124800,1420,86.27,14
RW-19540,CA-2015-124800,1423,77.03,15
RW-19540,CA-2015-124800,1421,72.59,16
RW-19540,CA-2017-166093,7935,71.98,17
RW-19540,CA-2015-124800,1422,60.67,18
RW-19540,CA-2017-141733,3829,26.64,19
RW-19540,CA-2017-166093,7934,23.36,20
RW-19540,CA-2015-132815,6169,22.96,21
RW-19540,CA-2017-166093,7937,13.92,22
RW-19540,CA-2017-166093,7936,8.56,23
RW-19630,CA-2016-142958,943,1114.27,1
RW-19630,CA-2017-155460,2120,895.92,2
RW-19630,CA-2016-112585,7908,715.64,3
RW-19630,CA-2016-144911,3477,152.0,4
RW-19630,CA-2016-165218,919,149.35,5
RW-19630,CA-2017-123981,3192,65.99,6
RW-19630,CA-2014-111150,2007,47.53,7
RW-19630,CA-2016-144911,3476,34.95,8
RW-19630,CA-2014-111150,2006,29.68,9
RW-19630,US-2016-131114,4980,20.57,10
RW-19630,US-2016-131114,4982,19.04,11
RW-19630,CA-2016-165218,920,12.99,12
RW-19630,CA-2016-142958,942,6.1,13
RW-19630,CA-2014-156993,2924,6.08,14
RW-19630,CA-2017-155460,2119,5.28,15
RW-19630,US-2016-131114,4981,4.36,16
RW-19690,CA-2017-167752,2768,1924.16,1
RW-19690,CA-2017-112431,5941,435.84,2
RW-19690,CA-2017-110905,1961,296.85,3
RW-19690,CA-2017-110905,1965,286.29,4
RW-19690,CA-2017-169285,2333,277.4,5
RW-19690,CA-2017-110905,1962,112.8,6
RW-19690,CA-2017-167752,2767,34.38,7
RW-19690,CA-2017-110905,1960,33.99,8
RW-19690,CA-2017-110905,1964,24.9,9
RW-19690,CA-2017-110905,1966,24.18,10
RW-19690,CA-2017-110905,1959,16.2,11
RW-19690,CA-2017-110905,1963,13.71,12
RW-19690,CA-2017-112431,5942,5.88,13
RW-19690,CA-2017-169285,2334,5.78,14
RW-19690,CA-2016-145499,979,3.28,15
SA-20830,CA-2014-154627,488,2735.95,1
SA-20830,CA-2017-124436,5231,697.16,2
SA-20830,CA-2015-115938,792,332.94,3
SA-20830,CA-2017-122154,1284,251.64,4
SA-20830,CA-2015-122266,8207,191.52,5
SA-20830,CA-2015-115938,789,143.96,6
SA-20830,US-2017-147998,6369,133.12,7
SA-20830,CA-2015-115938,791,43.04,8
SA-20830,CA-2016-167507,1825,31.32,9
SA-20830,CA-2017-124436,5232,30.93,10
SA-20830,CA-2017-124436,5233,27.5,11
SA-20830,CA-2016-167507,1827,22.78,12
SA-20830,CA-2017-160661,8910,21.93,13
SA-20830,CA-2014-133354,7611,19.44,14
SA-20830,CA-2017-122154,1283,17.43,15
SA-20830,CA-2015-115938,790,15.42,16
SA-20830,CA-2017-122154,1282,15.12,17
SA-20830,CA-2017-124436,5230,14.62,18
SA-20830,CA-2016-167507,1826,11.84,19
SA-20830,CA-2017-127264,3725,7.06,20
SA-20830,CA-2015-122266,8208,2.62,21
SB-20170,CA-2017-108441,2641,858.24,1
SB-20170,CA-2017-145807,7246,354.9,2
SB-20170,CA-2017-108441,2640,64.14,3
SB-20170,US-2014-161305,6301,24.59,4
SB-20170,CA-2017-108441,2638,19.04,5
SB-20170,US-2014-161305,6302,13.98,6
SB-20170,CA-2017-108441,2639,13.13,7
SB-20185,CA-2015-149846,8103,2973.32,1
SB-20185,CA-2015-146675,6201,1439.97,2
SB-20185,CA-2015-149846,8105,775.73,3
SB-20185,CA-2014-120411,8867,493.43,4
SB-20185,CA-2017-116127,9584,400.78,5
SB-20185,CA-2015-149846,8104,104.79,6
SB-20185,CA-2017-119424,9175,71.98,7
SB-20185,CA-2015-159779,5597,68.62,8
SB-20185,CA-2015-146675,6202,43.56,9
SB-20185,CA-2017-119424,9176,19.44,10
SB-20185,CA-2014-120411,8868,11.12,11
SB-20185,CA-2015-149846,8102,8.26,12
SB-20290,US-2014-106992,263,3059.98,1
SB-20290,US-2014-106992,264,2519.96,2
SB-20290,US-2017-165344,2629,653.0,3
SB-20290,CA-2017-147361,2400,628.81,4
SB-20290,CA-2014-122882,1682,399.54,5
SB-20290,CA-2015-153794,6673,265.86,6
SB-20290,CA-2016-158575,4375,103.97,7
SB-20290,CA-2014-158771,3538,83.25,8
SB-20290,CA-2014-122882,1679,64.78,9
SB-20290,US-2017-165344,2628,60.86,10
SB-20290,CA-2017-147361,2401,56.45,11
SB-20290,CA-2014-158771,3541,45.36,12
SB-20290,CA-2014-122882,1681,42.37,13
SB-20290,CA-2014-122882,1680,32.38,14
SB-20290,CA-2014-158771,3540,20.65,15
SB-20290,US-2017-165344,2630,11.22,16
SB-20290,CA-2014-158771,3539,9.45,17
SC-20020,CA-2015-147690,9552,577.58,1
SC-20020,CA-2014-121006,5168,563.94,2
SC-20020,CA-2014-121006,5170,535.41,3
SC-20020,CA-2014-166863,3512,509.49,4
SC-20020,CA-2014-166863,3511,418.8,5
SC-20020,CA-2014-166863,3506,201.58,6
SC-20020,CA-2014-166863,3508,193.07,7
SC-20020,CA-2014-130421,7349,176.77,8
SC-20020,CA-2014-121006,5169,62.94,9
SC-20020,US-2014-157847,8828,33.49,10
SC-20020,US-2014-157847,8827,26.72,11
SC-20020,CA-2014-121006,5167,15.84,12
SC-20020,CA-2014-166863,3509,15.55,13
SC-20020,CA-2014-121006,5166,12.84,14
SC-20020,CA-2014-166863,3510,11.65,15
SC-20020,CA-2014-121006,5165,3.9,16
SC-20020,CA-2014-166863,3507,3.39,17
SC-20050,US-2014-131275,7330,1856.19,1
SC-20050,US-2014-131275,7329,1279.97,2
SC-20050,CA-2016-155005,3662,377.97,3
SC-20050,CA-2016-123533,9770,339.92,4
SC-20050,CA-2017-123022,5637,284.97,5
SC-20050,US-2014-131275,7328,111.0,6
SC-20050,CA-2016-129238,4999,109.59,7
SC-20050,CA-2017-123022,5636,82.56,8
SC-20050,CA-2016-129238,5000,56.7,9
SC-20050,CA-2016-123533,9772,42.38,10
SC-20050,CA-2017-154123,4841,27.58,11
SC-20050,CA-2015-133627,913,22.2,12
SC-20050,US-2017-130603,9688,11.65,13
SC-20050,US-2017-143028,2005,11.36,14
SC-20050,CA-2016-123533,9771,10.53,15
SC-20095,CA-2014-116904,4099,9449.95,1
SC-20095,CA-2014-152268,9034,1793.98,2
SC-20095,US-2014-157385,1571,603.92,3
SC-20095,CA-2014-116904,4098,404.9,4
SC-20095,US-2014-157385,1574,381.44,5
SC-20095,CA-2016-130638,9610,282.84,6
SC-20095,CA-2016-126158,498,255.76,7
SC-20095,CA-2016-126158,499,241.57,8
SC-20095,US-2014-110674,457,129.57,9
SC-20095,CA-2016-126158,497,119.62,10
SC-20095,CA-2015-123568,3021,92.94,11
SC-20095,CA-2015-123568,3023,91.68,12
SC-20095,CA-2016-126158,500,69.3,13
SC-20095,CA-2015-123568,3022,66.69,14
SC-20095,CA-2014-116904,4097,32.4,15
SC-20095,US-2014-157385,1573,29.99,16
SC-20095,CA-2016-130638,9611,27.72,17
SC-20095,US-2014-157385,1572,21.84,18
SC-20095,CA-2014-117016,4422,15.55,19
SC-20095,CA-2014-116904,4100,12.94,20
SC-20095,CA-2017-152961,3954,12.7,21
SC-20095,CA-2015-123568,3020,5.04,22
SC-20230,US-2016-126452,6869,2887.06,1
SC-20230,CA-2016-156685,1923,863.64,2
SC-20230,US-2016-126452,6867,254.97,3
SC-20230,CA-2016-108350,5085,105.52,4
SC-20230,US-2016-126452,6866,91.96,5
SC-20230,CA-2016-156685,1924,47.62,6
SC-20230,US-2016-126452,6871,47.52,7
SC-20230,US-2016-126452,6868,31.98,8
SC-20230,CA-2017-141747,9209,16.06,9
SC-20230,US-2016-126452,6870,12.96,10
SC-20230,US-2016-126452,6865,12.67,11
SC-20260,CA-2015-111514,2354,1552.83,1
SC-20260,CA-2017-107132,6942,713.88,2
SC-20260,CA-2014-169803,5036,653.55,3
SC-20260,CA-2015-111514,2357,239.98,4
SC-20260,CA-2015-111514,2355,137.24,5
SC-20260,CA-2017-107132,6940,102.37,6
SC-20260,CA-2015-137106,5529,79.96,7
SC-20260,CA-2017-107132,6943,68.52,8
SC-20260,CA-2015-111514,2356,36.51,9
SC-20260,CA-2014-169803,5037,33.9,10
SC-20260,CA-2017-144680,6562,33.62,11
SC-20260,CA-2017-107132,6941,28.4,12
SC-20260,CA-2014-128622,8946,10.95,13
SC-20260,US-2014-127635,8435,9.96,14
SC-20260,US-2014-127635,8436,8.55,15
SC-20260,US-2014-127635,8434,6.85,16
SC-20260,CA-2015-152681,5327,6.68,17
SC-20260,US-2014-127635,8433,6.05,18
SC-20305,CA-2015-164777,9413,2803.92,1
SC-20305,CA-2017-122539,9280,398.97,2
SC-20305,CA-2014-113257,9831,319.97,3
SC-20305,CA-2017-146360,3867,155.34,4
SC-20305,CA-2017-106103,644,132.52,5
SC-20305,CA-2016-101651,7239,43.96,6
SC-20305,CA-2016-101651,7240,39.76,7
SC-20305,CA-2017-146920,3924,26.72,8
SC-20305,CA-2017-146920,3923,25.34,9
SC-20305,CA-2017-122539,9278,15.94,10
SC-20305,CA-2014-113257,9832,8.62,11
SC-20305,CA-2017-122539,9279,8.0,12
SC-20380,CA-2017-142090,5067,1781.68,1
SC-20380,CA-2017-138975,2861,1628.82,2
SC-20380,CA-2017-153843,7232,465.16,3
SC-20380,CA-2017-142090,5066,383.98,4
SC-20380,CA-2017-138975,2860,377.97,5
SC-20380,CA-2014-131009,7949,362.25,6
SC-20380,CA-2017-138975,2862,286.93,7
SC-20380,CA-2014-131009,7951,129.55,8
SC-20380,CA-2017-126354,4756,115.3,9
SC-20380,CA-2015-142419,2462,98.35,10
SC-20380,CA-2017-142293,9726,89.97,11
SC-20380,CA-2017-138975,2859,67.8,12
SC-20380,CA-2014-131009,7950,63.55,13
SC-20380,CA-2017-153843,7231,30.88,14
SC-20380,CA-2015-142419,2461,29.97,15
SC-20380,CA-2017-153843,7233,27.12,16
SC-20380,CA-2014-131009,7948,18.84,17
SC-20380,US-2016-149790,8322,15.62,18
SC-20380,CA-2015-113740,7615,14.91,19
SC-20380,CA-2017-126354,4755,3.88,20
SC-20440,CA-2015-103835,5772,1158.12,1
SC-20440,CA-2017-131366,4871,229.54,2
SC-20440,CA-2015-166135,1444,139.42,3
SC-20440,CA-2017-131366,4870,89.99,4
SC-20440,CA-2017-115119,7333,81.44,5
SC-20440,CA-2017-115119,7332,61.54,6
SC-20440,CA-2015-111297,1458,52.2,7
SC-20440,CA-2017-136000,5707,40.18,8
SC-20440,CA-2015-103835,5771,14.91,9
SC-20440,CA-2015-113523,5496,7.66,10
SC-20575,CA-2014-136644,2496,647.84,1
SC-20575,CA-2017-132955,9937,102.93,2
SC-20575,US-2017-141509,7663,99.2,3
SC-20575,CA-2015-162761,7314,37.38,4
SC-20575,CA-2015-162761,7313,11.21,5
SC-20575,CA-2017-101728,4921,2.3,6
SC-20575,CA-2015-162761,7312,1.87,7
SC-20680,US-2015-164308,4074,821.94,1
SC-20680,CA-2016-143924,5680,109.92,2
SC-20680,CA-2014-154781,7741,94.99,3
SC-20680,CA-2016-113726,8373,82.26,4
SC-20680,CA-2017-128475,2717,71.98,5
SC-20680,CA-2016-155383,5912,46.53,6
SC-20680,CA-2016-143924,5679,20.44,7
SC-20680,CA-2014-154781,7740,6.58,8
SC-20695,CA-2015-158659,5006,714.3,1
SC-20695,CA-2016-112277,6707,519.68,2
SC-20695,US-2016-124163,5620,499.95,3
SC-20695,US-2016-124163,5622,201.96,4
SC-20695,CA-2017-145443,6728,177.2,5
SC-20695,CA-2014-151379,4886,114.2,6
SC-20695,US-2016-151260,9696,73.54,7
SC-20695,US-2016-124163,5623,68.64,8
SC-20695,CA-2016-152457,7253,68.52,9
SC-20695,CA-2015-111017,8732,52.59,10
SC-20695,CA-2016-114713,725,45.58,11
SC-20695,CA-2017-152926,9421,21.98,12
SC-20695,CA-2017-152926,9420,15.22,13
SC-20695,US-2016-124163,5621,3.04,14
SC-20725,US-2015-161991,282,1114.4,1
SC-20725,CA-2017-108539,5346,725.84,2
SC-20725,CA-2014-159310,4781,683.14,3
SC-20725,CA-2014-135657,1700,515.88,4
SC-20725,CA-2017-144463,4010,474.43,5
SC-20725,CA-2016-153661,7290,305.01,6
SC-20725,CA-2015-119627,9436,252.8,7
SC-20725,CA-2017-163531,4865,239.97,8
SC-20725,CA-2016-103730,122,226.56,9
SC-20725,CA-2015-165057,3318,181.35,10
SC-20725,CA-2016-103730,123,115.02,11
SC-20725,CA-2016-103730,124,68.04,12
SC-20725,CA-2016-153661,7291,50.78,13
SC-20725,CA-2016-103730,120,47.04,14
SC-20725,CA-2014-159310,4783,40.71,15
SC-20725,CA-2015-119627,9434,36.29,16
SC-20725,CA-2016-103730,121,30.84,17
SC-20725,CA-2015-119627,9433,30.08,18
SC-20725,CA-2016-153661,7292,26.01,19
SC-20725,CA-2015-128860,2205,20.1,20
SC-20725,CA-2017-108539,5347,10.9,21
SC-20725,CA-2015-119627,9435,10.27,22
SC-20725,CA-2015-165057,3319,8.64,23
SC-20725,CA-2017-108539,5348,8.54,24
SC-20725,US-2015-161991,281,2.08,25
SC-20725,CA-2014-159310,4782,1.48,26
SC-20770,CA-2017-112529,3615,718.12,1
SC-20770,US-2016-114013,7420,552.56,2
SC-20770,US-2016-114013,7417,539.91,3
SC-20770,CA-2016-131744,9550,453.6,4
SC-20770,US-2016-114013,7423,449.1,5
SC-20770,US-2016-114013,7415,386.68,6
SC-20770,US-2016-114013,7416,379.96,7
SC-20770,CA-2015-140144,2744,257.64,8
SC-20770,CA-2016-127208,80,208.16,9
SC-20770,US-2016-114013,7422,126.08,10
SC-20770,CA-2015-140144,2745,125.98,11
SC-20770,CA-2016-105963,1911,99.39,12
SC-20770,US-2016-114013,7419,51.9,13
SC-20770,US-2016-114013,7418,41.24,14
SC-20770,CA-2017-112529,3616,31.78,15
SC-20770,US-2016-114013,7421,23.16,16
SC-20770,CA-2016-127208,81,16.74,17
SC-20770,CA-2017-146024,1771,12.22,18
SC-20770,CA-2017-146024,1770,6.98,19
SC-20770,CA-2016-131744,9548,6.85,20
SC-20770,CA-2016-131744,9549,4.63,21
SC-20800,CA-2015-155761,2012,159.98,1
SC-20800,CA-2016-168536,3516,66.3,2
SC-20800,CA-2015-155761,2013,46.34,3
SC-20800,CA-2017-135167,2873,4.26,4
SC-20800,CA-2017-102267,3899,2.37,5
SC-20845,CA-2017-117646,9901,237.1,1
SC-20845,CA-2017-117646,9902,22.75,2
SC-20845,CA-2016-103128,9400,14.11,3
SC-20845,CA-2017-117646,9903,6.67,4
SD-20485,CA-2015-120782,7684,3812.97,1
SD-20485,US-2014-155502,2580,489.92,2
SD-20485,CA-2017-102337,1447,470.3,3
SD-20485,US-2014-155502,2585,187.98,4
SD-20485,CA-2015-120782,7683,186.73,5
SD-20485,CA-2017-102337,1446,164.74,6
SD-20485,US-2014-155502,2583,155.35,7
SD-20485,US-2014-118486,1406,154.76,8
SD-20485,US-2014-118486,1407,116.78,9
SD-20485,CA-2014-101476,428,69.99,10
SD-20485,US-2014-155502,2579,62.82,11
SD-20485,CA-2017-102337,1448,47.98,12
SD-20485,CA-2014-150329,6679,46.87,13
SD-20485,CA-2016-102932,2882,27.93,14
SD-20485,CA-2016-102932,2881,25.44,15
SD-20485,CA-2015-142139,6124,20.96,16
SD-20485,US-2017-141698,5953,20.74,17
SD-20485,US-2014-155502,2581,19.44,18
SD-20485,US-2014-155502,2582,16.68,19
SD-20485,US-2014-155502,2584,12.42,20
SD-20485,US-2014-118486,1405,10.3,21
SE-20110,CA-2016-158841,8489,8749.95,1
SE-20110,CA-2017-105851,4459,1332.5,2
SE-20110,US-2016-115455,2592,601.47,3
SE-20110,CA-2015-111164,924,406.6,4
SE-20110,CA-2016-142405,5670,389.97,5
SE-20110,CA-2014-158225,8233,169.45,6
SE-20110,CA-2017-144827,2719,124.36,7
SE-20110,CA-2015-111164,922,85.14,8
SE-20110,CA-2017-123624,8612,82.95,9
SE-20110,CA-2016-142405,5669,53.98,10
SE-20110,US-2014-107993,6362,51.02,11
SE-20110,CA-2014-158225,8234,40.68,12
SE-20110,CA-2016-158841,8490,36.4,13
SE-20110,CA-2015-111164,923,21.99,14
SE-20110,CA-2016-158841,8491,18.69,15
SE-20110,CA-2016-142405,5668,14.62,16
SE-20110,US-2016-115455,2591,14.14,17
SE-20110,US-2014-121734,4578,9.58,18
SE-20110,CA-2017-155047,2918,5.95,19
SF-20065,CA-2014-113383,7983,254.9,1
SF-20065,CA-2017-104136,8226,189.7,2
SF-20065,CA-2014-113383,7982,81.92,3
SF-20065,US-2017-156909,24,71.37,4
SF-20065,CA-2015-142937,8321,45.04,5
SF-20065,CA-2017-104136,8227,40.99,6
SF-20065,CA-2016-130442,6720,34.94,7
SF-20065,CA-2015-148495,9575,31.56,8
SF-20065,US-2015-164357,2095,13.12,9
SF-20200,CA-2017-123967,2568,2665.62,1
SF-20200,CA-2014-142314,3213,207.24,2
SF-20200,CA-2015-120341,1649,121.1,3
SF-20200,CA-2017-163097,9386,120.58,4
SF-20200,US-2017-158505,4273,71.93,5
SF-20200,CA-2015-153108,2285,60.69,6
SF-20200,CA-2015-120341,1650,45.89,7
SF-20200,US-2017-158505,4274,25.99,8
SF-20200,CA-2017-123967,2567,25.12,9
SF-20200,CA-2015-153108,2284,23.92,10
SF-20200,CA-2016-128811,6727,20.7,11
SF-20200,CA-2016-128811,6726,11.07,12
SF-20200,CA-2016-128811,6725,10.47,13
SF-20200,CA-2016-127250,575,8.82,14
SF-20200,CA-2016-132899,8517,3.64,15
SF-20965,CA-2016-146913,9760,1403.92,1
SF-20965,CA-2015-138009,624,555.21,2
SF-20965,CA-2015-138009,625,523.48,3
SF-20965,CA-2015-138009,623,301.96,4
SF-20965,CA-2015-138009,626,161.82,5
SF-20965,CA-2017-139311,4028,153.58,6
SF-20965,CA-2015-161214,4622,77.55,7
SF-20965,CA-2014-169852,6299,36.36,8
SF-20965,CA-2017-139311,4026,29.66,9
SF-20965,CA-2015-143077,1675,21.94,10
SF-20965,CA-2017-122644,3473,18.54,11
SF-20965,CA-2017-139311,4029,12.86,12
SF-20965,CA-2017-122644,3472,10.85,13
SF-20965,CA-2015-121097,3901,10.37,14
SF-20965,CA-2017-139311,4027,9.18,15
SF-20965,CA-2015-143077,1676,6.59,16
SF-20965,CA-2017-152205,8054,2.66,17
SG-20080,CA-2015-164882,2114,1295.84,1
SG-20080,CA-2017-155376,145,839.43,2
SG-20080,CA-2015-164882,2116,425.83,3
SG-20080,CA-2015-164882,2109,398.35,4
SG-20080,CA-2015-164882,2112,323.14,5
SG-20080,CA-2015-164882,2115,46.84,6
SG-20080,CA-2015-164882,2113,29.7,7
SG-20080,CA-2015-164882,2108,19.98,8
SG-20080,CA-2015-164882,2111,17.45,9
SG-20080,CA-2015-164882,2110,5.04,10
SG-20080,CA-2015-162544,6873,4.98,11
SG-20470,US-2017-102890,1563,1044.63,1
SG-20470,CA-2015-153535,6702,163.14,2
SG-20470,CA-2014-116190,7342,162.89,3
SG-20470,CA-2014-159800,5550,139.93,4
SG-20470,CA-2015-165799,9024,117.88,5
SG-20470,CA-2014-116190,7341,67.88,6
SG-20470,CA-2014-159800,5549,43.68,7
SG-20470,CA-2015-130218,4556,31.56,8
SG-20470,CA-2015-130218,4557,27.92,9
SG-20470,CA-2016-130484,4900,26.35,10
SG-20470,CA-2014-116190,7343,25.71,11
SG-20470,CA-2015-140375,8189,19.44,12
SG-20470,CA-2015-140375,8190,7.38,13
SG-20470,CA-2015-153535,6703,6.41,14
SG-20605,US-2015-127040,2392,1619.91,1
SG-20605,CA-2014-121573,4759,783.96,2
SG-20605,CA-2014-169446,9522,323.98,3
SG-20605,US-2015-127040,2393,113.92,4
SG-20605,CA-2017-125381,7172,107.97,5
SG-20605,CA-2014-121573,4760,48.9,6
SG-20605,US-2015-127040,2391,41.86,7
SG-20605,CA-2014-169446,9524,32.59,8
SG-20605,CA-2017-139493,7664,15.92,9
SG-20605,CA-2014-169446,9523,15.55,10
SG-20605,CA-2014-121573,4761,7.86,11
SG-20605,US-2015-127040,2390,6.48,12
SG-20605,CA-2014-146997,9887,5.94,13
SG-20890,CA-2016-144337,7102,19.65,1
SG-20890,US-2014-105151,5954,10.5,2
SG-20890,CA-2017-112536,4189,8.93,3
SG-20890,CA-2017-112536,4187,6.87,4
SG-20890,CA-2017-112536,4188,2.0,5
SH-19975,CA-2017-101805,8872,541.24,1
SH-19975,US-2016-146794,2651,424.96,2
SH-19975,US-2016-115441,9894,403.56,3
SH-19975,US-2014-112991,5999,338.35,4
SH-19975,CA-2015-149083,7837,307.14,5
SH-19975,US-2016-115441,9893,297.55,6
SH-19975,CA-2015-149083,7839,159.98,7
SH-19975,CA-2017-106180,144,143.7,8
SH-19975,US-2016-115441,9892,124.25,9
SH-19975,US-2016-115441,9895,95.2,10
SH-19975,US-2014-112991,6001,91.36,11
SH-19975,CA-2017-101805,8871,70.68,12
SH-19975,CA-2017-125101,5151,67.78,13
SH-19975,CA-2016-109743,3622,63.94,14
SH-19975,CA-2016-125164,4864,49.85,15
SH-19975,CA-2016-109743,3621,40.78,16
SH-19975,US-2014-112991,6000,25.92,17
SH-19975,US-2016-115441,9891,20.62,18
SH-19975,CA-2016-125164,4863,20.37,19
SH-19975,CA-2016-151512,3726,18.72,20
SH-19975,CA-2017-101805,8870,15.92,21
SH-19975,CA-2017-127922,5673,15.84,22
SH-19975,US-2017-108245,3211,13.39,23
SH-19975,CA-2015-149083,7838,12.6,24
SH-19975,US-2017-108245,3212,11.23,25
SH-19975,CA-2017-106180,143,10.86,26
SH-19975,CA-2017-106180,142,8.82,27
SH-19975,CA-2017-127922,5674,8.45,28
SH-19975,CA-2016-125920,9796,3.8,29
SH-20395,CA-2014-165764,6431,945.04,1
SH-20395,CA-2014-165764,6433,410.35,2
SH-20395,CA-2014-115889,7508,362.92,3
SH-20395,CA-2017-157980,3900,127.98,4
SH-20395,CA-2017-110884,4904,91.59,5
SH-20395,CA-2017-168172,7403,70.12,6
SH-20395,CA-2014-115889,7507,46.38,7
SH-20395,CA-2015-112053,5345,31.95,8
SH-20395,CA-2014-165764,6430,25.98,9
SH-20395,CA-2017-110884,4903,25.92,10
SH-20395,CA-2017-122280,3178,18.76,11
SH-20395,CA-2014-165764,6432,14.3,12
SH-20395,CA-2017-126774,309,4.89,13
SH-20395,CA-2017-168900,2958,2.31,14
SH-20395,CA-2016-113600,8047,2.21,15
SH-20635,CA-2014-124247,6918,1403.92,1
SH-20635,CA-2015-166975,4271,692.47,2
SJ-20125,CA-2017-105669,7453,1415.76,1
SJ-20125,CA-2015-102260,7804,720.06,2
SJ-20125,CA-2017-129490,4564,419.14,3
SJ-20125,CA-2016-140571,9169,319.76,4
SJ-20125,CA-2017-105669,7451,318.43,5
SJ-20125,CA-2016-130400,8508,146.35,6
SJ-20125,CA-2016-159730,3249,113.89,7
SJ-20125,CA-2016-159730,3250,105.58,8
SJ-20125,CA-2016-147123,5525,80.28,9
SJ-20125,CA-2017-110212,3896,48.9,10
SJ-20125,CA-2016-140571,9170,45.68,11
SJ-20125,CA-2017-166849,2239,44.4,12
SJ-20125,CA-2017-120719,5645,34.76,13
SJ-20125,CA-2016-130400,8507,27.96,14
SJ-20125,CA-2017-100433,9385,25.92,15
SJ-20125,CA-2015-102260,7805,25.42,16
SJ-20125,CA-2015-102260,7803,12.0,17
SJ-20125,CA-2017-105669,7450,9.91,18
SJ-20125,CA-2016-130400,8506,8.86,19
SJ-20125,CA-2017-161984,859,7.61,20
SJ-20125,CA-2017-161984,860,7.16,21
SJ-20125,CA-2017-105669,7452,5.8,22
SJ-20125,CA-2015-102260,7807,3.2,23
SJ-20125,CA-2015-102260,7806,2.82,24
SJ-20215,CA-2017-113355,3245,317.06,1
SJ-20215,CA-2017-100615,6766,317.06,2
SJ-20215,CA-2017-113355,3244,219.8,3
SJ-20215,CA-2015-146038,3273,203.92,4
SJ-20215,CA-2015-161627,5164,170.35,5
SJ-20215,CA-2017-122987,7268,67.14,6
SJ-20215,CA-2017-100615,6767,15.76,7
SJ-20215,CA-2017-100615,6768,14.56,8
SJ-20215,CA-2017-122987,7267,13.43,9
SJ-20215,CA-2016-108644,4225,1.96,10
SJ-20500,CA-2016-157336,4250,751.92,1
SJ-20500,CA-2014-138240,9459,144.6,2
SJ-20500,CA-2016-121356,5479,128.4,3
SJ-20500,US-2017-152366,177,97.26,4
SJ-20500,CA-2014-143385,3478,92.52,5
SJ-20500,CA-2016-157336,4249,88.08,6
SJ-20500,CA-2014-138240,9460,15.99,7
SK-19990,CA-2017-119193,2729,629.96,1
SK-19990,CA-2017-108553,2601,122.71,2
SK-19990,CA-2017-108553,2600,121.94,3
SK-19990,CA-2016-105018,186,7.16,4
SK-19990,CA-2017-119193,2728,1.64,5
SL-20155,CA-2017-145884,1831,1439.92,1
SL-20155,CA-2015-153549,991,1166.92,2
SL-20155,CA-2017-145884,1832,262.11,3
SL-20155,CA-2014-124513,9050,66.03,4
SL-20155,US-2014-155817,4877,61.57,5
SL-20155,US-2015-107349,1758,41.57,6
SL-20155,CA-2016-100587,9874,6.48,7
SL-20155,US-2014-155817,4878,6.19,8
SL-20155,CA-2017-156391,7763,2.22,9
SM-20005,CA-2014-148488,874,106.34,1
SM-20005,US-2016-111563,9323,66.11,2
SM-20005,US-2016-154256,7019,25.83,3
SM-20005,CA-2014-159625,7101,23.47,4
SM-20005,US-2016-111563,9322,11.38,5
SM-20005,CA-2014-148488,873,11.36,6
SM-20320,CA-2014-145317,2698,22638.48,1
SM-20320,CA-2014-145317,2697,821.3,2
SM-20320,US-2015-130512,9190,663.07,3
SM-20320,CA-2017-145128,2574,526.45,4
SM-20320,CA-2014-145317,2703,122.35,5
SM-20320,US-2015-130512,9191,99.59,6
SM-20320,US-2015-130512,9192,49.57,7
SM-20320,CA-2014-145317,2701,30.77,8
SM-20320,US-2015-130512,9189,21.73,9
SM-20320,CA-2014-145317,2699,21.38,10
SM-20320,CA-2014-145317,2702,18.94,11
SM-20320,CA-2015-144890,7854,9.96,12
SM-20320,CA-2014-145317,2700,8.02,13
SM-20320,CA-2017-149146,2267,7.97,14
SM-20320,US-2015-130512,9188,3.49,15
SM-20905,CA-2016-129280,9562,431.98,1
SM-20905,CA-2016-129280,9563,224.94,2
SM-20905,CA-2016-129280,9560,195.64,3
SM-20905,CA-2016-129280,9559,132.52,4
SM-20905,CA-2016-129280,9561,51.97,5
SM-20905,CA-2016-129280,9564,6.0,6
SM-20950,CA-2014-122931,4056,1801.63,1
SM-20950,US-2015-116981,9867,1085.42,2
SM-20950,CA-2017-150497,3155,735.98,3
SM-20950,CA-2015-107902,9693,470.36,4
SM-20950,CA-2014-122931,4053,409.27,5
SM-20950,CA-2017-105235,3181,254.9,6
SM-20950,CA-2014-163412,7339,192.19,7
SM-20950,CA-2015-100685,4079,116.28,8
SM-20950,CA-2016-154067,8404,105.52,9
SM-20950,CA-2016-125724,9554,68.43,10
SM-20950,CA-2014-122931,4057,67.18,11
SM-20950,CA-2017-105235,3180,58.68,12
SM-20950,CA-2014-122931,4054,55.44,13
SM-20950,CA-2017-120614,8811,37.52,14
SM-20950,CA-2017-105235,3179,20.94,15
SM-20950,CA-2014-122931,4055,20.93,16
SM-20950,US-2016-144393,1262,17.62,17
SM-20950,CA-2014-126907,4159,15.7,18
SM-20950,US-2015-116981,9868,13.11,19
SM-20950,CA-2015-100685,4077,7.04,20
SM-20950,CA-2015-100685,4078,5.04,21
SM-20950,CA-2014-122931,4052,4.22,22
SN-20560,CA-2017-152093,2847,762.59,1
SN-20560,CA-2016-118101,8260,368.91,2
SN-20560,CA-2015-125934,8863,209.6,3
SN-20560,CA-2016-118101,8262,171.04,4
SN-20560,CA-2015-125934,8864,111.04,5
SN-20560,CA-2015-122287,2042,75.36,6
SN-20560,CA-2015-125934,8865,38.88,7
SN-20560,CA-2015-125934,8861,31.05,8
SN-20560,CA-2017-154102,7355,29.9,9
SN-20560,CA-2015-144652,1071,19.46,10
SN-20560,CA-2015-122287,2039,11.95,11
SN-20560,CA-2015-122287,2041,9.16,12
SN-20560,CA-2015-125934,8862,8.92,13
SN-20560,CA-2016-118101,8261,8.02,14
SN-20560,CA-2015-122287,2040,4.54,15
SN-20710,CA-2015-117415,39,532.4,1
SN-20710,US-2016-146570,2096,511.84,2
SN-20710,CA-2015-117415,41,371.17,3
SN-20710,CA-2016-119963,3951,255.11,4
SN-20710,CA-2017-152702,1046,254.6,5
SN-20710,CA-2016-169957,4032,236.88,6
SN-20710,CA-2015-117415,40,212.06,7
SN-20710,CA-2015-125234,4339,113.82,8
SN-20710,CA-2015-117415,38,113.33,9
SN-20710,CA-2015-125234,4338,107.97,10
SN-20710,US-2014-154879,4411,107.94,11
SN-20710,CA-2016-169957,4034,100.0,12
SN-20710,US-2016-146570,2097,91.96,13
SN-20710,CA-2016-119963,3949,48.85,14
SN-20710,CA-2016-169957,4033,29.9,15
SN-20710,CA-2016-119963,3950,19.65,16
SN-20710,US-2016-146570,2098,8.34,17
SN-20710,CA-2016-119963,3948,6.37,18
SN-20710,US-2014-154879,4410,5.78,19
SO-20335,US-2015-108966,4,957.58,1
SO-20335,CA-2015-161718,3375,364.41,2
SO-20335,CA-2015-161718,3377,361.76,3
SO-20335,CA-2017-147228,4625,258.48,4
SO-20335,CA-2017-147228,4624,177.54,5
SO-20335,CA-2017-149076,6980,154.9,6
SO-20335,CA-2017-166926,7123,141.96,7
SO-20335,CA-2017-166926,7122,41.86,8
SO-20335,CA-2015-161718,3376,39.96,9
SO-20335,CA-2015-161718,3374,28.44,10
SO-20335,US-2015-108966,5,22.37,11
SO-20335,CA-2017-101700,8592,18.69,12
SO-20335,CA-2017-147228,4626,14.14,13
SO-20335,CA-2017-101700,8593,11.66,14
SO-20335,CA-2017-147228,4623,8.83,15
SP-20545,CA-2016-123666,664,459.95,1
SP-20545,US-2016-128909,6508,332.83,2
SP-20545,US-2017-101840,7026,227.46,3
SP-20545,US-2016-103646,1271,102.34,4
SP-20545,US-2016-103646,1272,48.79,5
SP-20545,US-2017-101840,7027,46.24,6
SP-20545,US-2016-103646,1273,44.85,7
SP-20545,US-2016-128909,6507,19.14,8
SP-20545,CA-2016-102134,8934,16.74,9
SP-20545,CA-2014-123316,6322,7.75,10
SP-20620,US-2017-118087,1220,1931.96,1
SP-20620,CA-2016-131289,3481,1421.66,2
SP-20620,CA-2017-148929,2569,478.08,3
SP-20620,CA-2014-104738,3307,328.78,4
SP-20620,US-2017-118087,1219,258.7,5
SP-20620,CA-2014-104738,3306,217.58,6
SP-20620,CA-2015-131597,1815,170.14,7
SP-20620,CA-2017-112844,7759,154.95,8
SP-20620,US-2017-118087,1213,141.37,9
SP-20620,US-2017-118087,1217,95.88,10
SP-20620,CA-2014-104738,3309,47.98,11
SP-20620,CA-2016-131289,3480,45.36,12
SP-20620,CA-2017-112844,7758,43.6,13
SP-20620,CA-2015-149636,7717,29.6,14
SP-20620,US-2017-118087,1218,17.02,15
SP-20620,CA-2014-123127,4314,16.78,16
SP-20620,CA-2014-104738,3305,12.98,17
SP-20620,CA-2016-131289,3479,8.56,18
SP-20620,US-2017-118087,1216,4.67,19
SP-20620,US-2017-118087,1215,4.5,20
SP-20620,US-2017-118087,1214,3.04,21
SP-20620,US-2017-162208,3382,2.9,22
SP-20620,CA-2014-104738,3308,2.29,23
SP-20620,CA-2015-149636,7718,1.94,24
SP-20650,CA-2016-136770,8693,279.96,1
SP-20650,CA-2016-149503,6711,273.92,2
SP-20650,CA-2016-136770,8691,259.9,3
SP-20650,CA-2016-136770,8692,247.19,4
SP-20650,US-2016-140172,8812,207.14,5
SP-20650,CA-2014-110065,6457,135.99,6
SP-20650,CA-2015-124919,155,105.52,7
SP-20650,US-2014-124625,9078,89.97,8
SP-20650,CA-2015-124919,156,80.88,9
SP-20650,CA-2015-124919,154,58.38,10
SP-20650,CA-2016-133802,6116,41.9,11
SP-20650,CA-2014-155208,404,39.07,12
SP-20650,CA-2016-149349,7331,22.75,13
SP-20650,CA-2014-110065,6458,15.96,14
SP-20650,US-2016-140172,8813,13.9,15
SP-20860,US-2016-163881,3892,1684.75,1
SP-20860,US-2016-163881,3891,659.9,2
SP-20860,US-2016-163881,3893,559.92,3
SP-20860,US-2015-126753,7971,519.79,4
SP-20860,US-2015-126753,7975,254.35,5
SP-20860,CA-2015-103870,8729,131.1,6
SP-20860,CA-2014-164259,317,99.14,7
SP-20860,CA-2015-103870,8731,72.74,8
SP-20860,CA-2015-103870,8728,53.35,9
SP-20860,CA-2017-169362,7793,39.98,10
SP-20860,CA-2015-105158,5283,36.84,11
SP-20860,CA-2015-156923,6744,35.88,12
SP-20860,US-2015-126753,7972,31.18,13
SP-20860,CA-2015-103870,8730,22.51,14
SP-20860,CA-2017-110478,421,15.25,15
SP-20860,CA-2017-160017,6321,10.37,16
SP-20860,US-2015-126753,7973,10.37,17
SP-20860,US-2015-126753,7977,10.27,18
SP-20860,CA-2017-110478,420,9.32,19
SP-20860,CA-2014-119466,7007,8.54,20
SP-20860,CA-2015-105158,5282,6.16,21
SP-20860,CA-2015-103870,8727,4.73,22
SP-20860,US-2015-126753,7976,3.76,23
SP-20860,US-2015-126753,7974,2.72,24
SP-20920,CA-2016-124590,6114,1537.07,1
SP-20920,CA-2016-124590,6111,1474.8,2
SP-20920,CA-2016-124590,6115,449.37,3
SP-20920,CA-2017-161172,8528,159.98,4
SP-20920,CA-2016-124590,6112,110.1,5
SP-20920,CA-2017-161172,8529,54.22,6
SP-20920,CA-2014-135090,3971,53.82,7
SP-20920,CA-2017-161172,8526,51.26,8
SP-20920,CA-2017-161172,8525,44.38,9
SP-20920,CA-2017-100356,4047,23.99,10
SP-20920,CA-2016-124590,6113,16.75,11
SP-20920,CA-2016-152800,7775,6.12,12
SP-20920,CA-2017-161172,8527,5.19,13
SP-20920,CA-2016-105291,9702,3.62,14
SR-20425,CA-2017-134845,3012,2549.99,1
SR-20425,CA-2014-140487,5221,212.94,2
SR-20425,CA-2017-120061,8399,155.37,3
SR-20425,CA-2017-100412,7151,141.96,4
SR-20425,CA-2017-143658,8093,109.9,5
SR-20425,CA-2017-134845,3013,21.59,6
SR-20425,CA-2017-134845,3015,20.74,7
SR-20425,CA-2017-134845,3011,12.03,8
SR-20425,CA-2017-134845,3014,8.96,9
SR-20740,CA-2017-165323,7915,3404.5,1
SR-20740,CA-2016-132661,652,379.4,2
SR-20740,US-2014-147704,4448,169.45,3
SR-20740,CA-2017-165323,7916,101.34,4
SR-20740,US-2014-147704,4445,78.35,5
SR-20740,CA-2015-154970,4228,61.58,6
SR-20740,CA-2014-133634,8683,47.79,7
SR-20740,US-2014-147704,4446,31.68,8
SR-20740,US-2014-147704,4447,29.12,9
SR-20740,CA-2015-150196,5814,19.44,10
SR-20740,CA-2014-164903,8504,12.96,11
SR-20740,CA-2016-162222,8572,10.27,12
SS-20140,CA-2017-164756,6895,411.98,1
SS-20140,CA-2017-164756,6897,244.55,2
SS-20140,CA-2017-164756,6892,113.94,3
SS-20140,CA-2015-143616,8928,99.2,4
SS-20140,CA-2017-164756,6890,95.68,5
SS-20140,CA-2017-164756,6891,50.96,6
SS-20140,CA-2017-165603,396,49.96,7
SS-20140,CA-2017-145772,6125,44.75,8
SS-20140,CA-2017-164756,6896,34.48,9
SS-20140,CA-2014-120544,3709,34.18,10
SS-20140,CA-2017-164756,6893,25.92,11
SS-20140,CA-2017-108322,2779,23.68,12
SS-20140,CA-2016-101168,6032,21.12,13
SS-20140,CA-2017-164756,6894,20.32,14
SS-20140,CA-2017-165603,397,12.96,15
SS-20140,CA-2017-145772,6126,11.96,16
SS-20140,CA-2017-136063,4860,10.19,17
SS-20140,CA-2014-120544,3708,6.37,18
SS-20140,CA-2014-120544,3710,5.54,19
SS-20140,CA-2017-145772,6127,3.91,20
SS-20140,CA-2017-108322,2780,2.38,21
SS-20410,CA-2015-119879,8181,1252.7,1
SS-20410,CA-2014-127558,5019,772.47,2
SS-20410,CA-2014-145800,5751,355.46,3
SS-20410,CA-2014-126193,9481,304.99,4
SS-20410,CA-2017-127726,9333,195.68,5
SS-20410,CA-2015-119879,8182,110.97,6
SS-20410,CA-2014-127558,5020,20.46,7
SS-20410,CA-2017-127726,9334,14.2,8
SS-20410,CA-2014-126193,9479,13.16,9
SS-20410,CA-2014-127558,5018,10.11,10
SS-20410,CA-2014-126193,9480,3.83,11
SS-20410,CA-2017-159954,5894,2.78,12
SS-20515,CA-2015-103135,6500,279.86,1
SS-20515,CA-2015-103135,6499,135.09,2
SS-20515,CA-2015-103135,6501,90.06,3
SS-20515,US-2016-163538,6695,47.97,4
SS-20515,CA-2014-124464,7624,39.48,5
SS-20515,CA-2015-103135,6498,20.94,6
SS-20590,CA-2016-166275,6634,199.99,1
SS-20590,CA-2016-169166,494,93.98,2
SS-20590,CA-2014-150490,5360,45.98,3
SS-20590,CA-2016-136287,4142,18.9,4
SS-20590,CA-2015-120551,5539,17.43,5
SS-20590,CA-2014-150490,5358,16.36,6
SS-20590,CA-2014-150490,5359,15.78,7
SS-20590,CA-2016-116540,3417,8.26,8
SS-20590,CA-2016-116540,3416,1.81,9
SS-20875,CA-2015-163965,7140,290.35,1
SS-20875,US-2014-123519,5705,263.96,2
SS-20875,US-2014-123519,5704,136.53,3
SS-20875,CA-2015-163965,7139,62.88,4
SS-20875,US-2016-146710,746,55.17,5
SS-20875,US-2016-146710,743,51.52,6
SS-20875,CA-2017-107909,4333,22.92,7
SS-20875,CA-2015-154900,5770,22.72,8
SS-20875,CA-2017-107909,4332,19.99,9
SS-20875,CA-2015-163965,7138,17.44,10
SS-20875,CA-2015-163965,7137,7.23,11
SS-20875,US-2016-146710,745,4.62,12
SS-20875,US-2016-146710,744,3.53,13
SS-20875,CA-2015-154900,5769,3.15,14
SS-20875,US-2014-123519,5703,2.62,15
ST-20530,CA-2014-163559,3608,139.44,1
ST-20530,CA-2015-153325,3454,58.72,2
ST-20530,CA-2014-164182,6935,41.58,3
ST-20530,CA-2014-152345,4321,33.29,4
ST-20530,CA-2014-164182,6934,31.98,5
ST-20530,CA-2017-106852,1436,31.1,6
ST-20530,CA-2014-164182,6933,23.99,7
ST-20530,CA-2014-152345,4320,23.98,8
ST-20530,CA-2014-107706,5467,16.18,9
ST-20530,CA-2017-101273,8576,14.34,10
ST-20530,CA-2014-164182,6932,13.49,11
ST-20530,CA-2017-106852,1437,5.25,12
SU-20665,CA-2017-157966,5569,959.98,1
SU-20665,CA-2017-148922,3526,599.97,2
SU-20665,CA-2017-111388,9262,215.98,3
SU-20665,CA-2017-157966,5566,209.99,4
SU-20665,CA-2015-134943,5635,152.8,5
SU-20665,CA-2017-157966,5568,89.77,6
SU-20665,US-2016-126431,8907,75.06,7
SU-20665,CA-2017-148922,3528,45.84,8
SU-20665,CA-2017-148922,3527,38.97,9
SU-20665,CA-2017-157966,5571,34.36,10
SU-20665,US-2016-126431,8906,30.84,11
SU-20665,US-2016-126431,8905,30.53,12
SU-20665,CA-2017-157966,5567,29.76,13
SU-20665,CA-2016-123414,5313,28.05,14
SU-20665,CA-2017-157966,5565,19.46,15
SU-20665,CA-2017-157966,5570,15.55,16
SU-20665,CA-2016-164490,7071,9.25,17
SU-20665,CA-2016-123414,5312,9.22,18
SV-20365,CA-2017-100111,6100,2888.13,1
SV-20365,CA-2017-100111,6102,2254.41,2
SV-20365,CA-2017-100111,6101,1299.66,3
SV-20365,CA-2016-118745,8370,902.71,4
SV-20365,CA-2014-134572,5076,744.1,5
SV-20365,US-2017-165358,7043,599.97,6
SV-20365,CA-2015-168746,2538,431.98,7
SV-20365,CA-2014-134572,5078,401.59,8
SV-20365,CA-2017-100111,6091,272.65,9
SV-20365,CA-2017-100111,6092,212.8,10
SV-20365,US-2017-165358,7044,198.74,11
SV-20365,CA-2015-168746,2537,181.99,12
SV-20365,CA-2015-168746,2539,155.37,13
SV-20365,CA-2017-161200,1933,145.74,14
SV-20365,CA-2017-159793,8635,130.98,15
SV-20365,CA-2017-100111,6103,104.85,16
SV-20365,CA-2016-157511,3543,99.37,17
SV-20365,CA-2017-100111,6097,80.99,18
SV-20365,CA-2017-100111,6094,72.64,19
SV-20365,CA-2017-100111,6104,59.97,20
SV-20365,CA-2017-100111,6095,45.4,21
SV-20365,CA-2014-134572,5077,44.84,22
SV-20365,CA-2017-100111,6093,38.52,23
SV-20365,US-2016-136581,8568,31.1,24
SV-20365,CA-2017-161200,1934,15.4,25
SV-20365,CA-2017-100111,6096,13.76,26
SV-20365,CA-2017-100111,6098,11.78,27
SV-20365,CA-2014-130092,717,9.94,28
SV-20365,US-2017-165358,7045,9.18,29
SV-20365,CA-2016-157511,3542,5.35,30
SV-20365,CA-2017-100111,6099,4.36,31
SV-20365,CA-2016-157511,3544,2.67,32
SV-20785,CA-2015-112130,4662,844.12,1
SV-20785,CA-2015-162887,5275,715.2,2
SV-20785,CA-2016-148852,6608,484.7,3
SV-20785,CA-2016-148852,6609,371.98,4
SV-20785,CA-2015-149097,9059,364.78,5
SV-20785,CA-2014-100895,3890,356.94,6
SV-20785,CA-2014-100895,3889,239.97,7
SV-20785,CA-2016-148852,6607,211.17,8
SV-20785,CA-2015-112130,4663,76.75,9
SV-20785,CA-2015-149097,9058,74.76,10
SV-20785,CA-2014-169257,6599,62.02,11
SV-20785,CA-2015-112130,4657,59.9,12
SV-20785,CA-2016-148852,6606,45.36,13
SV-20785,US-2014-158365,9098,32.4,14
SV-20785,CA-2015-112130,4661,27.55,15
SV-20785,US-2014-160780,2679,25.16,16
SV-20785,CA-2017-151176,5598,25.02,17
SV-20785,CA-2015-112130,4658,23.7,18
SV-20785,CA-2015-112130,4660,18.2,19
SV-20785,US-2014-160780,2678,11.09,20
SV-20785,CA-2017-151176,5599,10.71,21
SV-20785,CA-2014-100895,3888,8.56,22
SV-20785,CA-2015-112130,4659,7.97,23
SV-20785,CA-2016-148852,6605,5.94,24
SV-20785,CA-2014-169257,6598,1.37,25
SV-20815,CA-2015-126697,1417,946.34,1
SV-20815,CA-2015-126697,1418,151.2,2
SV-20815,CA-2015-146290,6595,125.93,3
SV-20815,CA-2016-160598,9586,31.01,4
SV-20815,CA-2017-100237,7708,11.68,5
SV-20815,CA-2015-126697,1419,4.93,6
SV-20935,CA-2017-116953,5978,552.0,1
SV-20935,CA-2017-116225,2308,390.75,2
SV-20935,US-2017-147669,2426,273.06,3
SV-20935,CA-2016-133669,6204,235.15,4
SV-20935,US-2017-147669,2424,158.93,5
SV-20935,CA-2017-122798,8098,118.25,6
SV-20935,CA-2017-147767,8642,67.86,7
SV-20935,US-2017-147669,2427,39.31,8
SV-20935,CA-2016-136371,2854,20.32,9
SV-20935,CA-2016-124681,4730,15.58,10
SV-20935,CA-2016-136371,2853,14.98,11
SV-20935,US-2017-147669,2425,13.02,12
SV-20935,CA-2017-122798,8099,4.28,13
SW-20245,CA-2017-111717,8944,239.36,1
SW-20245,US-2017-134642,7535,231.92,2
SW-20245,US-2017-134642,7534,196.78,3
SW-20245,CA-2016-130267,2118,159.88,4
SW-20245,CA-2015-100657,6006,109.76,5
SW-20245,CA-2015-101091,4157,47.98,6
SW-20245,CA-2014-142965,4396,27.36,7
SW-20245,CA-2015-101091,4158,26.06,8
SW-20245,CA-2014-142965,4395,25.98,9
SW-20245,US-2016-119270,8480,19.98,10
SW-20275,CA-2016-127761,9250,881.93,1
SW-20275,CA-2017-137022,2874,811.28,2
SW-20275,CA-2017-119305,956,173.8,3
SW-20275,CA-2017-148145,8726,46.2,4
SW-20275,CA-2017-107874,2213,27.42,5
SW-20275,US-2014-100279,1172,22.38,6
SW-20275,CA-2016-127761,9249,3.64,7
SW-20350,CA-2016-128517,3054,517.9,1
SW-20350,US-2017-160465,5014,222.32,2
SW-20350,US-2017-160465,5015,210.56,3
SW-20350,US-2017-160465,5013,33.93,4
SW-20350,US-2016-133508,3790,29.05,5
SW-20350,CA-2016-128517,3055,5.28,6
SW-20455,CA-2015-153423,8833,1217.57,1
SW-20455,CA-2016-140249,6908,1001.58,2
SW-20455,CA-2017-145429,6700,225.3,3
SW-20455,CA-2015-150560,1674,196.62,4
SW-20455,CA-2015-154886,5141,119.9,5
SW-20455,US-2015-151435,9981,85.98,6
SW-20455,CA-2017-145429,6701,50.35,7
SW-20455,CA-2017-145429,6699,16.34,8
SW-20455,CA-2017-139948,2440,7.9,9
SW-20755,CA-2016-137050,1212,579.14,1
SW-20755,CA-2014-134726,7578,52.79,2
SW-20755,CA-2014-134726,7577,41.94,3
SW-20755,CA-2016-137050,1210,41.86,4
SW-20755,CA-2016-137050,1209,14.07,5
SW-20755,CA-2016-137050,1207,11.21,6
SW-20755,CA-2016-137050,1208,9.14,7
SW-20755,CA-2016-137050,1211,8.54,8
SZ-20035,CA-2015-154284,8285,637.44,1
SZ-20035,CA-2017-157273,8366,604.77,2
SZ-20035,CA-2015-154284,8283,600.53,3
SZ-20035,CA-2017-129000,3848,501.81,4
SZ-20035,US-2017-111024,3429,215.15,5
SZ-20035,CA-2014-105165,5263,200.8,6
SZ-20035,CA-2014-105165,5261,196.78,7
SZ-20035,CA-2017-133249,1369,145.9,8
SZ-20035,CA-2016-135965,8177,128.34,9
SZ-20035,CA-2015-154284,8284,59.9,10
SZ-20035,CA-2014-132227,4996,52.06,11
SZ-20035,CA-2015-154284,8286,51.76,12
SZ-20035,CA-2014-105165,5264,46.69,13
SZ-20035,CA-2016-113096,5429,46.53,14
SZ-20035,US-2017-111024,3428,32.9,15
SZ-20035,US-2017-111024,3430,30.96,16
SZ-20035,CA-2015-136105,9072,24.56,17
SZ-20035,CA-2017-105144,1411,23.68,18
SZ-20035,CA-2014-105165,5265,21.86,19
SZ-20035,CA-2014-105165,5262,2.92,20
TA-21385,CA-2017-127180,2624,11199.97,1
TA-21385,CA-2017-127180,2625,2399.6,2
TA-21385,US-2014-119081,5449,357.93,3
TA-21385,US-2014-119081,5451,331.96,4
TA-21385,CA-2016-129847,6937,84.27,5
TA-21385,CA-2017-127180,2626,63.9,6
TA-21385,US-2014-119081,5450,57.4,7
TA-21385,CA-2017-127180,2627,52.99,8
TA-21385,US-2014-119081,5452,40.56,9
TA-21385,CA-2017-140536,9691,7.04,10
TB-21055,CA-2016-111682,58,319.41,1
TB-21055,CA-2016-145982,3343,244.62,2
TB-21055,CA-2016-111682,56,208.56,3
TB-21055,CA-2017-145037,6682,146.82,4
TB-21055,CA-2016-145982,3342,122.97,5
TB-21055,CA-2016-145982,3345,81.54,6
TB-21055,CA-2017-145037,6681,79.92,7
TB-21055,CA-2016-145982,3344,59.97,8
TB-21055,CA-2016-111682,61,48.48,9
TB-21055,CA-2016-111682,57,32.4,10
TB-21055,CA-2016-111682,60,30.0,11
TB-21055,CA-2016-145982,3347,29.0,12
TB-21055,CA-2017-163566,9982,16.52,13
TB-21055,CA-2016-111682,59,14.56,14
TB-21055,CA-2016-145982,3346,11.68,15
TB-21055,CA-2017-145037,6680,10.9,16
TB-21055,CA-2017-117156,8825,8.86,17
TB-21055,CA-2016-111682,62,1.68,18
TB-21175,CA-2017-143567,4882,2249.91,1
TB-21175,CA-2017-143567,4881,975.92,2
TB-21175,CA-2016-124254,9135,129.55,3
TB-21175,CA-2014-104773,1794,60.42,4
TB-21175,CA-2017-143567,4883,59.92,5
TB-21175,CA-2016-124254,9136,51.98,6
TB-21175,CA-2016-161473,4090,20.7,7
TB-21175,CA-2016-161473,4092,14.35,8
TB-21175,CA-2016-161473,4091,10.95,9
TB-21175,CA-2016-124254,9137,10.27,10
TB-21175,CA-2017-143567,4880,5.32,11
TB-21190,CA-2014-163447,6132,767.21,1
TB-21190,CA-2017-148985,7468,34.92,2
TB-21190,CA-2017-162096,6962,7.8,3
TB-21190,CA-2015-160059,962,6.24,4
TB-21250,CA-2015-141040,2490,631.96,1
TB-21250,US-2016-166660,7565,435.17,2
TB-21250,CA-2014-129364,3669,103.92,3
TB-21250,US-2017-104661,6386,62.59,4
TB-21250,CA-2014-129364,3667,52.68,5
TB-21250,US-2016-166660,7566,48.58,6
TB-21250,US-2017-104661,6385,47.98,7
TB-21250,CA-2014-129364,3672,39.07,8
TB-21250,US-2017-104661,6384,32.78,9
TB-21250,CA-2014-129364,3665,27.89,10
TB-21250,CA-2016-162614,3449,27.26,11
TB-21250,CA-2015-141040,2491,23.92,12
TB-21250,CA-2014-129364,3668,13.88,13
TB-21250,CA-2015-117898,9725,12.22,14
TB-21250,CA-2014-129364,3670,11.52,15
TB-21250,CA-2014-129364,3671,10.37,16
TB-21250,US-2016-112970,6030,9.84,17
TB-21250,CA-2014-129364,3666,6.46,18
TB-21250,US-2017-104661,6387,4.28,19
TB-21280,CA-2016-134887,3371,1287.45,1
TB-21280,CA-2014-130624,4413,617.97,2
TB-21280,CA-2014-131527,3199,95.97,3
TB-21280,CA-2014-130624,4414,59.7,4
TB-21280,CA-2016-157266,1642,41.37,5
TB-21280,US-2016-155180,6238,26.34,6
TB-21280,CA-2014-130624,4412,19.65,7
TB-21280,CA-2016-157266,1639,19.44,8
TB-21280,CA-2016-157266,1641,12.7,9
TB-21280,CA-2016-157266,1640,9.64,10
TB-21280,CA-2014-133389,9001,8.23,11
TB-21355,CA-2017-159464,4424,302.94,1
TB-21355,CA-2017-136609,5530,115.3,2
TB-21355,CA-2017-159464,4426,113.94,3
TB-21355,CA-2016-117919,5604,79.92,4
TB-21355,CA-2017-159464,4427,55.98,5
TB-21355,CA-2016-154711,1288,39.88,6
TB-21355,CA-2017-159464,4425,34.75,7
TB-21355,CA-2016-154711,1290,20.82,8
TB-21355,CA-2016-153346,4328,18.0,9
TB-21355,CA-2017-159464,4423,17.24,10
TB-21355,CA-2016-117919,5603,14.16,11
TB-21355,CA-2016-154711,1289,12.19,12
TB-21355,CA-2016-153346,4327,9.21,13
TB-21400,CA-2014-145541,6627,6999.96,1
TB-21400,CA-2014-131002,2649,821.88,2
TB-21400,CA-2017-134565,4222,385.8,3
TB-21400,CA-2017-134565,4224,174.42,4
TB-21400,US-2017-120147,7504,164.79,5
TB-21400,CA-2014-131002,2650,104.85,6
TB-21400,CA-2017-134565,4223,102.96,7
TB-21400,CA-2014-111059,1518,83.84,8
TB-21400,CA-2016-164735,2723,81.2,9
TB-21400,CA-2014-131002,2646,57.69,10
TB-21400,CA-2014-131002,2647,42.81,11
TB-21400,CA-2017-134565,4220,37.94,12
TB-21400,CA-2014-110422,9990,25.25,13
TB-21400,CA-2017-134565,4221,18.29,14
TB-21400,CA-2014-111059,1519,13.27,15
TB-21400,CA-2014-131002,2648,12.96,16
TB-21400,US-2017-120147,7503,6.08,17
TB-21520,US-2015-150630,28,3083.43,1
TB-21520,CA-2014-142587,1890,409.59,2
TB-21520,CA-2015-130883,285,239.8,3
TB-21520,CA-2014-168473,7344,191.88,4
TB-21520,CA-2015-130883,284,141.76,5
TB-21520,US-2015-150630,30,124.2,6
TB-21520,CA-2014-142587,1889,121.79,7
TB-21520,CA-2014-124394,6875,119.98,8
TB-21520,US-2015-150630,32,86.3,9
TB-21520,CA-2017-133718,9231,58.32,10
TB-21520,CA-2015-131128,872,34.44,11
TB-21520,CA-2015-130883,286,31.1,12
TB-21520,CA-2017-114440,72,19.05,13
TB-21520,US-2015-150630,34,15.76,14
TB-21520,CA-2017-133718,9230,15.19,15
TB-21520,CA-2016-117912,6043,14.37,16
TB-21520,CA-2014-124394,6874,10.78,17
TB-21520,US-2015-150630,29,9.62,18
TB-21520,US-2015-150630,33,6.86,19
TB-21520,US-2015-150630,31,3.26,20
TB-21595,CA-2016-156300,2415,754.45,1
TB-21595,CA-2016-127236,6382,299.98,2
TB-21595,CA-2016-127236,6383,158.38,3
TB-21595,US-2014-139640,9811,120.77,4
TB-21595,US-2014-139640,9810,25.92,5
TB-21595,US-2014-165589,6082,25.16,6
TB-21595,CA-2017-154214,447,2.91,7
TB-21625,US-2017-165456,9289,1079.32,1
TB-21625,CA-2017-120168,8013,663.92,2
TB-21625,CA-2015-152891,4382,253.18,3
TB-21625,CA-2016-153157,5414,224.75,4
TB-21625,CA-2014-137575,8544,199.98,5
TB-21625,CA-2017-120168,8014,120.0,6
TB-21625,CA-2015-149601,8388,77.55,7
TB-21625,CA-2015-152891,4381,60.45,8
TB-21625,US-2017-116505,9294,43.8,9
TB-21625,CA-2017-120168,8016,18.84,10
TB-21625,CA-2016-111696,4815,17.94,11
TB-21625,CA-2015-149601,8387,16.24,12
TB-21625,CA-2015-156377,2137,14.76,13
TB-21625,CA-2015-156377,2138,3.66,14
TB-21625,CA-2017-120168,8015,3.29,15
TC-20980,CA-2016-118689,6827,17499.95,1
TC-20980,CA-2016-118689,6828,735.98,2
TC-20980,CA-2014-153087,8339,498.0,3
TC-20980,CA-2014-123498,3187,74.35,4
TC-20980,CA-2015-156013,8061,61.4,5
TC-20980,CA-2016-118689,6829,34.37,6
TC-20980,CA-2016-118689,6830,33.96,7
TC-20980,CA-2016-118689,6826,32.48,8
TC-20980,CA-2014-123498,3186,26.05,9
TC-20980,CA-2015-156013,8062,24.45,10
TC-20980,CA-2014-153087,8338,23.92,11
TC-20980,CA-2016-129693,2073,7.31,12
TC-21145,CA-2017-124205,6757,512.96,1
TC-21145,CA-2017-124205,6758,395.94,2
TC-21145,CA-2017-124205,6759,81.96,3
TC-21145,CA-2017-124205,6756,47.4,4
TC-21295,CA-2014-151330,9636,1628.82,1
TC-21295,CA-2016-147368,2839,695.7,2
TC-21295,CA-2017-121048,7502,470.38,3
TC-21295,CA-2014-140816,3859,447.94,4
TC-21295,CA-2017-121048,7497,276.69,5
TC-21295,CA-2014-151330,9634,177.0,6
TC-21295,CA-2017-136875,2675,166.44,7
TC-21295,CA-2017-121048,7501,140.97,8
TC-21295,CA-2014-151330,9635,79.45,9
TC-21295,CA-2017-121048,7499,71.92,10
TC-21295,CA-2017-167668,2781,59.2,11
TC-21295,CA-2017-142489,8875,21.99,12
TC-21295,CA-2017-121048,7500,18.84,13
TC-21295,CA-2017-121048,7498,4.96,14
TC-21295,CA-2017-121048,7496,4.45,15
TC-21295,US-2017-153633,5441,2.06,16
TC-21475,CA-2017-121419,3049,411.8,1
TC-21475,CA-2017-121419,3050,360.0,2
TC-21475,CA-2015-151680,3698,141.96,3
TC-21475,US-2016-141880,9023,98.33,4
TC-21475,CA-2017-155740,7659,76.78,5
TC-21475,CA-2015-151841,3418,43.56,6
TC-21475,US-2017-144582,4758,43.37,7
TC-21475,CA-2016-140564,4597,33.92,8
TC-21475,CA-2016-100307,8263,19.44,9
TC-21475,US-2014-112200,3895,9.98,10
TC-21475,CA-2015-151841,3419,5.84,11
TC-21535,CA-2016-157217,7279,389.97,1
TC-21535,CA-2016-166226,4961,67.84,2
TC-21535,CA-2015-115847,1303,61.96,3
TC-21535,CA-2016-166226,4960,61.19,4
TC-21535,CA-2017-142328,9769,50.04,5
TC-21535,CA-2016-157217,7278,35.98,6
TC-21535,US-2015-142020,3362,35.28,7
TC-21535,US-2015-142020,3361,30.44,8
TC-21535,CA-2014-153619,9229,6.72,9
TC-21535,CA-2017-112487,3786,3.13,10
TD-20995,US-2016-167339,2877,1013.49,1
TD-20995,US-2016-167339,2876,153.57,2
TD-20995,CA-2017-104010,6033,54.9,3
TD-20995,CA-2014-130155,9603,34.2,4
TD-20995,CA-2015-114468,3094,31.68,5
TD-20995,CA-2017-134306,348,24.56,6
TD-20995,CA-2017-103156,3381,24.05,7
TD-20995,CA-2017-111178,673,19.56,8
TD-20995,CA-2017-150959,902,18.34,9
TD-20995,CA-2017-134306,349,12.96,10
TD-20995,CA-2015-114468,3096,12.03,11
TD-20995,CA-2017-150959,901,10.44,12
TD-20995,CA-2015-114468,3095,10.37,13
TD-20995,CA-2017-134306,347,7.56,14
TD-20995,CA-2015-114468,3097,5.77,15
TD-20995,US-2017-100209,977,1.08,16
TG-21310,CA-2016-146633,2240,1016.79,1
TG-21310,CA-2016-166429,8179,999.98,2
TG-21310,CA-2015-143364,7866,441.92,3
TG-21310,CA-2015-143364,7864,272.74,4
TG-21310,US-2017-104437,7222,137.94,5
TG-21310,CA-2015-143364,7867,127.76,6
TG-21310,CA-2016-146633,2241,38.14,7
TG-21310,CA-2015-143364,7865,18.5,8
TG-21310,CA-2015-110345,7370,4.61,9
TG-21640,CA-2014-130428,9566,1125.49,1
TG-21640,CA-2015-141012,5671,355.36,2
TG-21640,CA-2015-149713,576,160.72,3
TG-21640,CA-2015-141012,5672,140.38,4
TG-21640,CA-2017-128783,7142,135.3,5
TG-21640,CA-2017-128783,7141,113.52,6
TG-21640,CA-2015-149713,577,19.92,7
TG-21640,CA-2014-130428,9567,12.65,8
TG-21640,CA-2015-149713,578,7.3,9
TG-21640,CA-2014-130428,9568,4.03,10
TH-21100,CA-2014-153850,5017,1502.38,1
TH-21100,US-2014-133130,3313,603.92,2
TH-21100,CA-2017-161809,1659,160.78,3
TH-21100,US-2014-133130,3314,81.98,4
TH-21100,CA-2014-153850,5016,35.17,5
TH-21100,CA-2016-159765,8412,27.86,6
TH-21100,CA-2015-133837,8400,10.74,7
TH-21115,CA-2016-125087,8454,1554.94,1
TH-21115,CA-2017-127782,5506,859.2,2
TH-21115,CA-2016-125087,8453,344.37,3
TH-21115,CA-2016-125087,8455,127.88,4
TH-21115,CA-2017-127782,5504,20.14,5
TH-21115,CA-2016-152520,7604,12.96,6
TH-21115,CA-2014-148369,6945,11.12,7
TH-21115,CA-2017-127782,5505,8.86,8
TH-21115,CA-2017-127782,5503,3.31,9
TH-21235,CA-2017-132682,668,381.58,1
TH-21235,CA-2016-108224,7280,185.53,2
TH-21235,US-2017-118556,8457,106.87,3
TH-21235,CA-2017-132682,667,85.06,4
TH-21235,CA-2014-114517,3981,56.52,5
TH-21235,CA-2017-117261,4297,54.32,6
TH-21235,CA-2014-114517,3980,53.32,7
TH-21235,CA-2016-132409,3215,34.85,8
TH-21235,CA-2016-152646,9216,32.4,9
TH-21235,CA-2017-132682,666,23.76,10
TH-21235,US-2017-118556,8458,3.56,11
TH-21235,US-2014-134187,5654,2.94,12
TH-21235,CA-2016-132409,3214,1.5,13
TH-21550,US-2017-120390,2929,1633.19,1
TH-21550,CA-2015-117800,4618,589.9,2
TH-21550,CA-2017-133256,894,543.92,3
TH-21550,CA-2015-117800,4619,542.94,4
TH-21550,CA-2017-112956,3604,277.4,5
TH-21550,CA-2015-100769,1468,255.97,6
TH-21550,CA-2015-120810,3324,128.82,7
TH-21550,CA-2017-112956,3606,91.92,8
TH-21550,CA-2015-120810,3323,68.94,9
TH-21550,CA-2014-113887,711,55.48,10
TH-21550,CA-2017-112956,3605,25.16,11
TH-21550,CA-2017-133256,893,15.92,12
TH-21550,CA-2017-133256,892,4.54,13
TM-21010,CA-2015-147788,2559,1406.86,1
TM-21010,CA-2014-154669,2751,423.28,2
TM-21010,CA-2017-144589,2409,359.98,3
TM-21010,CA-2015-147788,2561,323.1,4
TM-21010,CA-2015-102015,5206,105.98,5
TM-21010,CA-2017-160927,9916,94.85,6
TM-21010,CA-2014-156006,5005,47.79,7
TM-21010,CA-2015-102015,5209,28.9,8
TM-21010,CA-2015-102015,5210,27.18,9
TM-21010,CA-2017-144589,2408,24.2,10
TM-21010,CA-2015-102015,5208,20.7,11
TM-21010,CA-2017-134439,5324,15.96,12
TM-21010,CA-2015-147788,2560,15.75,13
TM-21010,CA-2017-160927,9918,14.91,14
TM-21010,CA-2017-160927,9917,13.48,15
TM-21010,CA-2017-160927,9915,12.96,16
TM-21010,CA-2015-102015,5205,9.26,17
TM-21010,CA-2014-165540,2883,8.85,18
TM-21010,CA-2015-102015,5207,1.24,19
TM-21490,CA-2017-108791,5298,543.92,1
TM-21490,CA-2017-113474,4543,325.86,2
TM-21490,CA-2017-131037,5235,210.01,3
TM-21490,CA-2017-108791,5297,14.89,4
TN-21040,CA-2016-109869,464,1272.63,1
TN-21040,CA-2015-140557,6901,559.93,2
TN-21040,US-2016-109260,7730,431.98,3
TN-21040,CA-2016-121377,7315,286.4,4
TN-21040,CA-2016-109869,466,185.38,5
TN-21040,CA-2014-140403,4533,122.35,6
TN-21040,US-2017-139577,8992,104.75,7
TN-21040,CA-2016-109869,467,78.27,8
TN-21040,CA-2016-109869,465,28.49,9
TN-21040,CA-2016-109869,463,23.56,10
TN-21040,CA-2016-155446,8685,21.21,11
TN-21040,CA-2014-140403,4534,15.28,12
TP-21130,CA-2017-120376,2057,1586.69,1
TP-21130,CA-2016-109722,5060,699.98,2
TP-21130,CA-2016-109722,5061,584.82,3
TP-21130,CA-2017-120376,2059,411.8,4
TP-21130,US-2017-107384,6534,399.95,5
TP-21130,CA-2016-142370,3719,249.95,6
TP-21130,CA-2017-120376,2056,199.95,7
TP-21130,US-2017-107384,6533,142.8,8
TP-21130,CA-2017-120376,2058,84.99,9
TP-21130,CA-2015-116841,9600,35.21,10
TP-21130,CA-2016-117408,5774,23.97,11
TP-21130,CA-2016-120180,599,11.63,12
TP-21130,US-2017-107384,6532,8.8,13
TP-21130,CA-2017-119669,2376,5.67,14
TP-21130,CA-2016-142370,3718,5.04,15
TP-21130,CA-2015-126970,9146,2.81,16
TP-21415,CA-2017-118892,7244,4416.17,1
TP-21415,CA-2015-136196,4147,322.59,2
TP-21415,CA-2017-118773,3085,252.78,3
TP-21415,CA-2016-145303,4072,156.37,4
TP-21415,CA-2017-118773,3086,127.98,5
TP-21415,CA-2016-145303,4070,13.14,6
TP-21415,CA-2017-118773,3088,12.99,7
TP-21415,CA-2017-137470,2268,12.96,8
TP-21415,CA-2016-145303,4071,10.02,9
TP-21415,CA-2017-118773,3087,3.98,10
TP-21565,CA-2016-163328,6309,650.35,1
TP-21565,CA-2016-163328,6310,629.18,2
TP-21565,US-2017-106131,4165,169.06,3
TP-21565,US-2017-106131,4166,168.62,4
TP-21565,CA-2016-163328,6307,104.78,5
TP-21565,CA-2015-104052,9445,95.84,6
TP-21565,CA-2016-163328,6308,47.95,7
TP-21565,CA-2016-103919,6370,38.08,8
TP-21565,CA-2016-163328,6306,17.58,9
TP-21565,CA-2016-163328,6311,15.18,10
TR-21325,CA-2016-160815,1281,278.4,1
TR-21325,CA-2017-101434,823,239.97,2
TR-21325,CA-2014-131051,2076,58.2,3
TR-21325,CA-2016-110009,7401,43.13,4
TR-21325,CA-2016-110009,7402,30.87,5
TR-21325,CA-2016-119515,7049,15.55,6
TR-21325,CA-2017-101434,824,9.82,7
TS-21085,US-2017-168690,2121,2.81,1
TS-21085,US-2015-160150,1451,2.03,2
TS-21160,CA-2015-149342,2292,595.38,1
TS-21160,US-2016-152051,2146,422.06,2
TS-21160,CA-2015-149342,2291,287.97,3
TS-21160,US-2016-152051,2148,254.35,4
TS-21160,CA-2016-156251,3763,241.96,5
TS-21160,CA-2015-161263,1065,118.78,6
TS-21160,CA-2015-161263,1067,55.47,7
TS-21160,CA-2015-161263,1062,45.22,8
TS-21160,US-2016-152051,2147,38.09,9
TS-21160,CA-2016-120005,4749,35.28,10
TS-21160,CA-2016-120005,4748,25.35,11
TS-21160,CA-2015-149342,2293,12.96,12
TS-21160,CA-2015-161263,1063,10.42,13
TS-21160,CA-2016-156251,3764,8.52,14
TS-21160,CA-2015-161263,1064,7.87,15
TS-21160,US-2014-112564,1449,2.5,16
TS-21160,CA-2015-161263,1066,1.45,17
TS-21205,CA-2017-119284,8700,2239.94,1
TS-21205,CA-2016-155978,7770,1039.73,2
TS-21205,CA-2014-140662,3263,733.95,3
TS-21205,CA-2014-140662,3264,241.44,4
TS-21205,CA-2017-119284,8697,239.98,5
TS-21205,CA-2017-119284,8702,142.78,6
TS-21205,CA-2017-119284,8699,120.96,7
TS-21205,CA-2014-140662,3262,99.98,8
TS-21205,CA-2017-119284,8703,91.36,9
TS-21205,CA-2014-120887,314,87.54,10
TS-21205,CA-2014-160262,4956,79.14,11
TS-21205,CA-2017-119284,8701,76.61,12
TS-21205,CA-2016-155978,7771,45.96,13
TS-21205,CA-2014-160262,4957,37.4,14
TS-21205,CA-2017-119284,8698,31.17,15
TS-21205,CA-2014-169649,7853,20.39,16
TS-21205,CA-2014-160262,4955,18.06,17
TS-21205,US-2014-107405,5461,16.27,18
TS-21205,CA-2014-169649,7852,8.45,19
TS-21340,CA-2015-153416,4119,454.86,1
TS-21340,CA-2014-146591,5466,181.47,2
TS-21340,CA-2014-146591,5465,108.72,3
TS-21340,CA-2015-153416,4120,91.39,4
TS-21340,CA-2014-146591,5464,56.06,5
TS-21340,CA-2014-146591,5463,32.34,6
TS-21340,CA-2015-153416,4118,19.44,7
TS-21340,CA-2017-117863,3941,14.56,8
TS-21340,CA-2014-140032,9450,8.61,9
TS-21340,CA-2015-153416,4117,3.17,10
TS-21340,CA-2017-117863,3942,3.05,11
TS-21340,CA-2015-146829,988,1.11,12
TS-21370,CA-2017-143112,6341,5199.96,1
TS-21370,US-2015-100377,3056,2799.96,2
TS-21370,CA-2017-166436,1493,977.29,3
TS-21370,CA-2015-136469,5040,716.0,4
TS-21370,CA-2014-101931,3846,617.0,5
TS-21370,CA-2014-101931,3845,480.74,6
TS-21370,CA-2017-143112,6340,221.38,7
TS-21370,CA-2015-136469,5041,221.06,8
TS-21370,US-2017-139647,5012,209.98,9
TS-21370,CA-2015-136469,5039,199.84,10
TS-21370,CA-2014-101931,3847,141.4,11
TS-21370,CA-2017-143112,6339,87.8,12
TS-21370,CA-2014-101931,3843,7.18,13
TS-21370,CA-2014-101931,3844,6.28,14
TS-21370,CA-2017-166436,1492,5.88,15
TS-21430,CA-2014-111192,5162,1367.84,1
TS-21430,CA-2014-155796,5956,521.96,2
TS-21430,CA-2017-136623,8714,71.95,3
TS-21430,CA-2016-128972,5138,30.36,4
TS-21430,CA-2017-136623,8715,29.8,5
TS-21430,CA-2014-155796,5955,23.97,6
TS-21430,US-2016-100405,4584,8.26,7
TS-21505,CA-2014-134551,3321,662.88,1
TS-21505,CA-2017-152737,3560,439.8,2
TS-21505,CA-2016-113978,7727,331.54,3
TS-21505,CA-2016-113978,7725,286.26,4
TS-21505,CA-2017-106747,8577,102.3,5
TS-21505,CA-2017-116946,5474,102.02,6
TS-21505,CA-2017-166856,5413,101.34,7
TS-21505,CA-2017-116946,5473,78.26,8
TS-21505,CA-2014-134551,3320,43.51,9
TS-21505,CA-2014-134551,3322,25.92,10
TS-21505,CA-2016-113978,7726,24.22,11
TS-21505,CA-2017-152737,3559,21.79,12
TS-21505,CA-2017-116946,5472,13.36,13
TS-21505,CA-2017-166856,5412,10.08,14
TS-21610,CA-2017-105214,2258,1212.96,1
TS-21610,CA-2014-142839,1690,853.09,2
TS-21610,CA-2016-131093,9090,295.4,3
TS-21610,US-2017-107272,128,243.99,4
TS-21610,CA-2017-163160,4256,96.78,5
TS-21610,CA-2017-163160,4255,63.31,6
TS-21610,CA-2017-105214,2259,18.54,7
TS-21610,CA-2016-110023,992,14.62,8
TS-21610,CA-2017-163160,4257,10.48,9
TS-21610,CA-2017-124191,9537,8.86,10
TS-21610,US-2017-107272,127,2.39,11
TS-21655,CA-2017-147207,8363,913.43,1
TS-21655,CA-2015-137064,8128,670.75,2
TS-21655,CA-2016-148684,7891,399.98,3
TS-21655,CA-2017-147207,8364,372.14,4
TS-21655,CA-2016-148684,7892,343.85,5
TS-21655,CA-2015-153878,6052,272.4,6
TS-21655,CA-2017-133487,7676,152.94,7
TS-21655,CA-2016-148684,7893,106.32,8
TS-21655,CA-2015-153878,6051,57.75,9
TS-21655,CA-2017-147207,8361,31.74,10
TS-21655,CA-2016-148684,7890,19.89,11
TS-21655,CA-2015-137064,8127,18.53,12
TS-21655,CA-2017-147207,8362,5.43,13
TS-21655,CA-2015-137064,8126,2.93,14
TT-21070,CA-2017-122490,4866,2404.7,1
TT-21070,CA-2015-116876,7686,625.99,2
TT-21070,CA-2017-122490,4867,563.02,3
TT-21070,CA-2017-108035,7390,390.37,4
TT-21070,CA-2017-122490,4868,344.91,5
TT-21070,CA-2014-128839,4135,209.97,6
TT-21070,CA-2014-164224,3201,149.23,7
TT-21070,CA-2017-108035,7391,101.52,8
TT-21070,CA-2014-128839,4134,45.0,9
TT-21070,CA-2015-116876,7685,26.42,10
TT-21070,CA-2015-119942,6066,23.9,11
TT-21070,CA-2014-164224,3202,15.94,12
TT-21070,CA-2017-122490,4869,8.64,13
TT-21070,CA-2016-162733,161,5.98,14
TT-21220,CA-2017-162075,8792,537.54,1
TT-21220,US-2017-113201,8118,204.95,2
TT-21220,CA-2016-146766,6135,192.8,3
TT-21220,CA-2015-132318,5253,182.91,4
TT-21220,CA-2015-168564,2933,144.78,5
TT-21220,CA-2015-124541,2525,42.05,6
TT-21220,CA-2014-163650,9292,34.5,7
TT-21220,CA-2015-124541,2526,25.49,8
TT-21220,CA-2016-152408,4830,13.78,9
TT-21220,CA-2014-163650,9291,9.84,10
TT-21220,CA-2015-124541,2528,9.65,11
TT-21220,CA-2015-124541,2529,7.97,12
TT-21220,CA-2015-168564,2932,7.28,13
TT-21220,CA-2015-124541,2527,6.9,14
TT-21220,CA-2015-168564,2931,6.61,15
TT-21265,CA-2015-162369,2637,323.1,1
TT-21265,CA-2016-134376,2993,61.44,2
TT-21265,CA-2016-111143,5236,54.96,3
TT-21460,CA-2017-141439,7133,1879.96,1
TT-21460,CA-2015-135622,1757,1718.4,2
TT-21460,CA-2017-141439,7136,828.6,3
TT-21460,CA-2015-135622,1756,360.71,4
TT-21460,CA-2017-141439,7132,257.94,5
TT-21460,US-2017-119816,6447,103.5,6
TT-21460,CA-2017-141439,7135,89.98,7
TT-21460,US-2017-114356,8860,35.96,8
TT-21460,CA-2017-141439,7134,27.46,9
TT-21460,CA-2016-109057,1577,23.95,10
TT-21460,CA-2017-160934,5068,21.4,11
TT-21460,US-2017-119816,6449,8.72,12
TT-21460,CA-2017-158736,8479,5.76,13
TT-21460,US-2017-119816,6448,2.46,14
TW-21025,CA-2015-137113,6880,2003.92,1
TW-21025,CA-2015-137113,6882,1913.4,2
TW-21025,CA-2014-101364,9724,296.71,3
TW-21025,CA-2017-104850,7731,291.14,4
TW-21025,CA-2016-158834,153,203.18,5
TW-21025,CA-2016-158834,152,157.92,6
TW-21025,CA-2015-137113,6883,146.73,7
TW-21025,CA-2015-137113,6884,114.2,8
TW-21025,CA-2015-135510,6674,67.96,9
TW-21025,CA-2017-134880,8477,44.78,10
TW-21025,CA-2015-137113,6881,32.4,11
TW-21025,US-2017-127719,645,6.48,12
TZ-21580,CA-2014-163419,984,603.92,1
TZ-21580,CA-2014-163419,983,559.98,2
TZ-21580,US-2016-143280,5405,445.96,3
TZ-21580,US-2016-143280,5406,36.24,4
TZ-21580,CA-2015-119508,5326,25.08,5
TZ-21580,CA-2015-119508,5325,16.9,6
TZ-21580,US-2016-143280,5407,10.65,7
TZ-21580,CA-2017-101665,8684,5.16,8
TZ-21580,CA-2014-163419,982,3.39,9
VB-21745,CA-2016-120369,7203,756.8,1
VB-21745,CA-2017-155698,360,647.84,2
VB-21745,CA-2015-111395,1547,335.52,3
VB-21745,CA-2016-162313,2212,167.29,4
VB-21745,CA-2015-111395,1549,27.06,5
VB-21745,CA-2015-111395,1548,23.91,6
VB-21745,CA-2017-155698,361,20.7,7
VB-21745,CA-2015-121132,8552,14.43,8
VB-21745,CA-2015-121132,8551,6.26,9
VB-21745,CA-2017-154816,419,5.78,10
VD-21670,CA-2015-113145,2299,1399.93,1
VD-21670,CA-2014-126361,1376,1089.75,2
VD-21670,CA-2015-166583,7150,971.88,3
VD-21670,CA-2015-113145,2300,503.96,4
VD-21670,CA-2014-126361,1377,447.84,5
VD-21670,CA-2014-126361,1379,399.96,6
VD-21670,US-2015-145436,230,389.7,7
VD-21670,CA-2015-118444,2911,387.14,8
VD-21670,CA-2015-113145,2297,259.7,9
VD-21670,CA-2016-113747,853,185.88,10
VD-21670,US-2015-145436,229,161.57,11
VD-21670,CA-2014-126361,1380,158.9,12
VD-21670,CA-2015-113145,2298,42.95,13
VD-21670,CA-2014-126361,1378,16.4,14
VD-21670,CA-2015-113145,2296,13.52,15
VD-21670,CA-2014-126361,1381,13.18,16
VF-21715,CA-2014-113880,6548,634.12,1
VF-21715,CA-2017-138464,4537,86.38,2
VF-21715,CA-2017-107342,2852,28.16,3
VF-21715,CA-2017-138464,4538,18.24,4
VF-21715,CA-2014-113880,6549,17.47,5
VF-21715,CA-2017-138464,4536,15.84,6
VF-21715,CA-2014-146528,3648,15.52,7
VF-21715,CA-2017-138464,4539,13.12,8
VF-21715,CA-2017-130106,9247,9.84,9
VF-21715,CA-2014-146528,3647,6.48,10
VF-21715,CA-2017-130106,9248,2.78,11
VG-21790,CA-2016-151092,5943,211.17,1
VG-21790,CA-2014-156790,8955,155.46,2
VG-21790,CA-2014-158540,1011,151.72,3
VG-21790,CA-2017-139304,5032,119.62,4
VG-21790,US-2017-115301,6911,115.96,5
VG-21790,CA-2017-150189,3216,75.18,6
VG-21790,CA-2017-139304,5031,8.57,7
VG-21790,CA-2017-139304,5030,8.34,8
VG-21805,CA-2014-103191,5725,331.54,1
VG-21805,CA-2016-132094,3933,47.98,2
VG-21805,CA-2016-113803,4229,22.48,3
VG-21805,CA-2016-109911,1590,10.96,4
VG-21805,CA-2017-166499,9890,8.94,5
VG-21805,CA-2016-132094,3932,5.47,6
VM-21685,US-2016-150140,8799,1294.75,1
VM-21685,US-2017-101539,1931,659.98,2
VM-21685,CA-2014-165806,6254,200.97,3
VM-21685,CA-2016-113516,2028,67.14,4
VM-21685,CA-2014-165806,6253,58.32,5
VM-21685,US-2017-101539,1930,46.51,6
VM-21685,CA-2017-107720,198,46.26,7
VM-21685,CA-2015-105221,1647,35.36,8
VM-21685,CA-2016-113516,2027,33.02,9
VM-21685,US-2017-101539,1929,6.48,10
VM-21685,CA-2015-105221,1648,3.17,11
VM-21685,CA-2017-109778,2572,2.91,12
VM-21835,CA-2016-115476,3737,129.98,1
VM-21835,US-2016-123610,9496,120.0,2
VM-21835,CA-2016-133872,7992,39.94,3
VM-21835,CA-2016-115476,3738,32.54,4
VM-21835,CA-2016-133872,7993,18.46,5
VM-21835,US-2014-129609,4341,16.28,6
VM-21835,US-2017-166394,6724,14.82,7
VM-21835,US-2016-123610,9497,8.67,8
VP-21730,CA-2017-105333,5586,546.06,1
VP-21730,CA-2017-105333,5587,269.49,2
VP-21730,CA-2017-105333,5585,83.56,3
VP-21730,CA-2017-102946,395,75.79,4
VP-21730,CA-2015-130610,3003,19.0,5
VP-21760,CA-2017-159100,8994,1875.26,1
VP-21760,CA-2014-109680,8830,386.34,2
VP-21760,CA-2015-111339,9372,317.06,3
VP-21760,CA-2014-109932,7444,237.1,4
VP-21760,CA-2015-129525,9022,166.92,5
VP-21760,CA-2016-102127,9026,139.96,6
VP-21760,CA-2014-130449,6624,58.48,7
VP-21760,CA-2014-130449,6623,41.88,8
VP-21760,CA-2015-111339,9371,41.57,9
VP-21760,CA-2016-102127,9027,37.74,10
VP-21760,CA-2016-102127,9025,20.97,11
VP-21760,CA-2017-159100,8993,18.53,12
VP-21760,CA-2014-109932,7443,10.69,13
VP-21760,CA-2015-111339,9373,8.04,14
VS-21820,US-2015-165512,6899,602.65,1
VS-21820,CA-2017-167003,4510,171.29,2
VS-21820,US-2016-137295,7810,108.78,3
VS-21820,CA-2014-105417,7661,76.73,4
VS-21820,US-2016-137295,7809,47.62,5
VS-21820,US-2016-137295,7808,30.83,6
VS-21820,CA-2014-105417,7662,10.43,7
VS-21820,US-2015-165512,6900,7.66,8
VT-21700,CA-2015-167010,3905,563.81,1
VT-21700,CA-2015-167010,3907,547.14,2
VT-21700,CA-2015-167010,3911,352.45,3
VT-21700,CA-2014-151897,6473,100.24,4
VT-21700,CA-2015-167010,3904,98.11,5
VT-21700,CA-2015-167010,3909,41.99,6
VT-21700,CA-2015-167010,3908,14.85,7
VT-21700,CA-2015-167010,3906,10.43,8
VT-21700,CA-2015-167010,3910,7.58,9
VW-21775,CA-2017-128265,6505,1247.64,1
VW-21775,CA-2014-152100,9429,1212.96,2
VW-21775,CA-2015-146262,216,1188.0,3
VW-21775,CA-2016-125080,6286,661.18,4
VW-21775,CA-2017-116715,1753,559.62,5
VW-21775,CA-2015-146262,214,452.45,6
VW-21775,CA-2016-121748,5625,359.98,7
VW-21775,CA-2017-116715,1754,109.92,8
VW-21775,CA-2016-121748,5624,100.0,9
VW-21775,CA-2015-146262,217,89.58,10
VW-21775,CA-2015-146262,215,62.98,11
VW-21775,CA-2015-146262,213,23.68,12
VW-21775,CA-2015-151624,6255,21.36,13
VW-21775,CA-2017-116204,1520,21.34,14
VW-21775,CA-2017-116715,1755,8.56,15
VW-21775,CA-2014-115980,3271,6.54,16
VW-21775,CA-2015-111507,1555,5.28,17
VW-21775,CA-2014-115980,3270,2.97,18
WB-21850,CA-2017-138149,4708,895.92,1
WB-21850,CA-2016-165330,7058,892.14,2
WB-21850,CA-2014-125829,4309,666.34,3
WB-21850,CA-2014-125829,4310,573.73,4
WB-21850,CA-2014-125829,4313,447.97,5
WB-21850,US-2015-156496,6644,438.37,6
WB-21850,CA-2016-165330,7055,363.92,7
WB-21850,CA-2016-165330,7051,209.6,8
WB-21850,CA-2015-122210,2134,152.99,9
WB-21850,US-2015-156496,6645,139.94,10
WB-21850,US-2015-156496,6646,133.47,11
WB-21850,CA-2017-138149,4709,130.71,12
WB-21850,CA-2016-165330,7057,122.69,13
WB-21850,CA-2016-165330,7054,119.96,14
WB-21850,CA-2015-122210,2136,94.92,15
WB-21850,US-2017-110149,9411,87.92,16
WB-21850,CA-2016-165330,7060,83.42,17
WB-21850,CA-2014-120852,6108,65.44,18
WB-21850,CA-2017-138149,4711,62.31,19
WB-21850,CA-2016-137848,3743,60.12,20
WB-21850,CA-2016-165330,7059,50.22,21
WB-21850,CA-2016-137848,3744,49.54,22
WB-21850,CA-2017-120327,4227,45.92,23
WB-21850,CA-2014-141607,2149,43.31,24
WB-21850,CA-2016-165330,7056,35.81,25
WB-21850,CA-2016-165330,7053,30.98,26
WB-21850,CA-2016-165330,7052,23.32,27
WB-21850,CA-2014-125829,4311,21.94,28
WB-21850,CA-2014-125829,4312,19.44,29
WB-21850,CA-2014-120852,6107,19.43,30
WB-21850,CA-2016-137848,3742,16.52,31
WB-21850,CA-2016-126627,9836,16.39,32
WB-21850,CA-2016-126627,9835,14.0,33
WB-21850,CA-2017-138149,4710,11.68,34
WB-21850,CA-2015-122210,2135,10.58,35
WB-21850,CA-2016-165330,7061,5.87,36
WB-21850,US-2017-110149,9410,3.27,37
XP-21865,CA-2014-114335,9042,337.09,1
XP-21865,CA-2016-109365,4487,314.55,2
XP-21865,CA-2014-167927,6328,272.94,3
XP-21865,CA-2014-167927,6330,247.72,4
XP-21865,CA-2016-163174,8357,186.54,5
XP-21865,US-2017-136679,5190,167.95,6
XP-21865,CA-2017-118577,8329,143.7,7
XP-21865,CA-2016-109365,4484,116.28,8
XP-21865,CA-2016-129196,4061,68.11,9
XP-21865,CA-2014-167927,6331,66.58,10
XP-21865,CA-2017-138163,2846,50.94,11
XP-21865,US-2017-136679,5191,45.04,12
XP-21865,CA-2014-167927,6332,43.92,13
XP-21865,CA-2016-109365,4483,43.58,14
XP-21865,CA-2016-109365,4482,43.32,15
XP-21865,CA-2015-155586,5784,36.44,16
XP-21865,US-2017-115595,5259,35.2,17
XP-21865,CA-2014-167927,6334,29.7,18
XP-21865,CA-2016-109365,4486,19.44,19
XP-21865,CA-2014-167927,6329,19.05,20
XP-21865,CA-2015-155586,5783,15.52,21
XP-21865,CA-2016-109365,4481,15.26,22
XP-21865,CA-2014-167927,6333,14.73,23
XP-21865,CA-2014-167927,6327,13.98,24
XP-21865,CA-2016-109365,4485,9.3,25
XP-21865,CA-2014-134677,482,9.09,26
XP-21865,CA-2017-118577,8330,6.48,27
XP-21865,CA-2015-155586,5782,2.21,28
YC-21895,CA-2014-119375,3071,2934.33,1
YC-21895,CA-2016-110499,754,1199.98,2
YC-21895,CA-2017-121741,5475,750.68,3
YC-21895,CA-2016-123932,5353,329.58,4
YC-21895,CA-2014-119375,3072,124.41,5
YC-21895,CA-2014-119375,3073,57.75,6
YC-21895,CA-2016-123932,5352,41.92,7
YC-21895,CA-2015-153220,2689,15.7,8
YS-21880,CA-2017-119809,6210,2793.53,1
YS-21880,CA-2017-138380,1614,1000.02,2
YS-21880,CA-2017-119809,6211,1000.02,3
YS-21880,CA-2015-156755,5211,465.18,4
YS-21880,CA-2017-135076,8340,436.7,5
YS-21880,CA-2015-154291,6825,358.58,6
YS-21880,CA-2015-129532,7576,236.0,7
YS-21880,CA-2015-129532,7575,221.96,8
YS-21880,CA-2015-154291,6824,98.46,9
YS-21880,CA-2017-119809,6212,65.94,10
YS-21880,CA-2017-160724,6264,34.5,11
YS-21880,CA-2017-124828,1394,9.55,12
ZC-21910,CA-2015-115567,5189,1516.2,1
ZC-21910,CA-2016-169103,1047,1363.96,2
ZC-21910,CA-2014-151995,811,1298.55,3
ZC-21910,CA-2016-130946,1200,1088.79,4
ZC-21910,CA-2015-133452,2070,710.83,5
ZC-21910,CA-2016-130946,1198,431.93,6
ZC-21910,CA-2015-130365,6948,221.02,7
ZC-21910,CA-2014-151995,812,213.92,8
ZC-21910,CA-2015-133452,2069,199.96,9
ZC-21910,CA-2015-115567,5188,199.96,10
ZC-21910,US-2017-102288,4103,146.18,11
ZC-21910,CA-2015-130365,6949,128.06,12
ZC-21910,CA-2016-169103,1048,102.36,13
ZC-21910,CA-2016-130946,1199,95.98,14
ZC-21910,US-2016-156986,589,84.78,15
ZC-21910,CA-2017-115322,7316,43.92,16
ZC-21910,CA-2014-126802,5678,38.98,17
ZC-21910,CA-2014-151995,813,25.78,18
ZC-21910,US-2016-156986,590,20.74,19
ZC-21910,US-2016-156986,591,16.82,20
ZC-21910,CA-2017-100013,1229,15.28,21
ZC-21910,CA-2015-106978,4933,12.54,22
ZC-21910,CA-2014-151995,810,11.52,23
ZC-21910,US-2016-156986,592,10.37,24
ZC-21910,CA-2017-100013,1230,8.73,25
ZC-21910,CA-2017-100013,1231,5.68,26
ZC-21910,CA-2017-133928,8924,4.57,27
ZC-21910,CA-2015-106978,4935,4.51,28
ZC-21910,US-2017-102288,4101,2.26,29
ZC-21910,CA-2015-106978,4934,1.08,30
ZC-21910,US-2017-102288,4102,0.44,31
ZD-21925,CA-2016-152471,3815,823.96,1
ZD-21925,CA-2016-167682,5899,259.96,2
ZD-21925,CA-2014-143336,20,213.48,3
ZD-21925,CA-2016-167682,5898,71.12,4
ZD-21925,CA-2017-141481,8342,61.44,5
ZD-21925,CA-2014-143336,21,22.72,6
ZD-21925,US-2016-147991,3041,16.72,7
ZD-21925,CA-2016-152471,3816,15.98,8
ZD-21925,CA-2014-143336,19,8.56,9
