customer_sk,customer_id,customer_name,segment,country,city,state,postal_code,region,total_orders,total_sales,total_profit,last_order_date,loyalty_tier,email,record_updated_at,record_hash,effective_start_date,effective_end_date,is_current
1,AA-10315,Alex Avila,Consumer,United States,Round Rock,Texas,78664,Central,5,5563.56,-362.88,2017-06-29,PLATINUM,alex.avila@example.com,2019-12-31 22:00:00+00:00,7c66e4c4c6aee29c34f6b70af9d1b35b,2019-12-31 22:00:00+00:00,,True
2,AA-10375,Allen Armold,Consumer,United States,Atlanta,Georgia,30318,South,9,1056.39,277.38,2017-12-11,SILVER,allen.armold@example.com,2019-12-31 22:00:00+00:00,3ba4df118900c9ba8ba290eeefdff786,2019-12-31 22:00:00+00:00,,True
3,AA-10480,Andrew Allen,Consumer,United States,Detroit,Michigan,48234,Central,4,1790.51,435.83,2017-04-15,SILVER,andrew.allen@example.com,2019-12-31 22:00:00+00:00,4d41c623141aef49188c0f2d0afe0984,2019-12-31 22:00:00+00:00,,True
4,AA-10645,Anna Andreadi,Consumer,United States,Georgetown,Kentucky,40324,South,6,5086.93,857.8,2017-11-05,PLATINUM,anna.andreadi@example.com,2019-12-31 22:00:00+00:00,afffca4d2aa9bdf80fef8f1218760d4f,2019-12-31 22:00:00+00:00,2020-01-15 06:30:00+00:00,False
951,AA-10645,Anna Andreadi,Consumer,United States,Denver,Colorado,80202,West,7,5623.56,1169.52,2020-01-15,PLATINUM,anna.andreadi@unknown.local,2020-01-15 06:30:00+00:00,0cd6782da9cf1c4c91e6a55f2f9bddb4,2020-01-15 06:30:00+00:00,,True
5,AB-10015,Aaron Bergman,Consumer,United States,Seattle,Washington,98103,West,3,886.16,129.35,2016-11-10,BRONZE,aaron.bergman@example.com,2019-12-31 22:00:00+00:00,856759f4f9d240b9a7db1e6500e6a532,2019-12-31 22:00:00+00:00,,True
6,AB-10060,Adam Bellavance,Home Office,United States,New York City,New York,10009,East,8,7755.62,2054.59,2017-11-06,PLATINUM,adam.bellavance@example.com,2019-12-31 22:00:00+00:00,8c7990a3b16e217fc76ccd4f32503fc1,2019-12-31 22:00:00+00:00,2020-01-15 06:30:00+00:00,False
952,AB-10060,Adam Bellavance,Home Office,United States,New York City,New York,10009,East,11,9050.56,2868.97,2020-01-15,PLATINUM,adam.bellavance@example.com,2020-01-15 06:30:00+00:00,96ee9bc88ef52a85294e15af6aa79208,2020-01-15 06:30:00+00:00,,True
7,AB-10105,Adrian Barton,Consumer,United States,Houston,Texas,77041,Central,10,14473.57,5444.81,2017-11-19,PLATINUM,adrian.barton@example.com,2019-12-31 22:00:00+00:00,e2501ad50fdd48e8b4238841679b5f6d,2019-12-31 22:00:00+00:00,,True
8,AB-10150,Aimee Bixby,Consumer,United States,Yonkers,New York,10701,East,5,966.71,313.66,2017-11-19,BRONZE,aimee.bixby@example.com,2019-12-31 22:00:00+00:00,f86801d8b59618e475862071d34db0d9,2019-12-31 22:00:00+00:00,,True
9,AB-10165,Alan Barnes,Consumer,United States,Los Angeles,California,90045,West,8,1113.84,220.81,2017-12-05,SILVER,alan.barnes@example.com,2019-12-31 22:00:00+00:00,a1a66791d803c1fb7da2467a20d4f488,2019-12-31 22:00:00+00:00,,True
10,AB-10255,Alejandro Ballentine,Home Office,United States,Carlsbad,New Mexico,88220,West,9,914.53,264.57,2017-07-17,BRONZE,alejandro.ballentine@example.com,2019-12-31 22:00:00+00:00,951f0d28712973c7d72079a9fdebeed9,2019-12-31 22:00:00+00:00,,True
11,AB-10600,Ann Blume,Corporate,United States,Tucson,Arizona,85705,West,4,1515.86,-274.96,2017-11-10,SILVER,ann.blume@example.com,2019-12-31 22:00:00+00:00,ad00071839f0fd7e3c49c6e9c4d5db6f,2019-12-31 22:00:00+00:00,,True
796,AB-20035,Ananya Bose,Home Office,United States,Phoenix,Arizona,85023,West,5,6219.65,1725.68,2020-01-15,PLATINUM,ananya.bose@example.com,2020-01-15 06:30:00+00:00,67499bd0c4c17ef404a11c355fd9c53d,2020-01-15 06:30:00+00:00,,True
12,AC-10420,Alyssa Crouse,Corporate,United States,Houston,Texas,77041,Central,3,925.8,-62.13,2017-05-12,BRONZE,alyssa.crouse@example.com,2019-12-31 22:00:00+00:00,ed3ca01a9d731725c5a364b47da0f9f5,2019-12-31 22:00:00+00:00,,True
13,AC-10450,Amy Cox,Consumer,United States,New York City,New York,10011,East,7,5527.85,1366.01,2017-12-19,PLATINUM,amy.cox@example.com,2019-12-31 22:00:00+00:00,160e2ad3174d7e8f18dfa6d80ec6a785,2019-12-31 22:00:00+00:00,,True
14,AC-10615,Ann Chong,Corporate,United States,New York City,New York,10009,East,5,2537.69,298.83,2017-12-24,GOLD,ann.chong@example.com,2019-12-31 22:00:00+00:00,e940db8a581745310670a86de19f4b75,2019-12-31 22:00:00+00:00,,True
15,AC-10660,Anna Chung,Consumer,United States,Parma,Ohio,44134,East,5,657.32,-28.7,2017-03-23,BRONZE,anna.chung@example.com,2019-12-31 22:00:00+00:00,da8202b5d4821750f9f8b5dacf9bebc0,2019-12-31 22:00:00+00:00,,True
16,AD-10180,Alan Dominguez,Home Office,United States,Great Falls,Montana,59405,West,8,6106.88,1869.93,2017-12-01,PLATINUM,alan.dominguez@example.com,2019-12-31 22:00:00+00:00,322380ebd9b41c7012ef4f511cbf77ba,2019-12-31 22:00:00+00:00,,True
17,AF-10870,Art Ferguson,Consumer,United States,Passaic,New Jersey,07055,East,7,2052.91,317.97,2017-11-19,SILVER,art.ferguson@example.com,2019-12-31 22:00:00+00:00,d3b3f42ab1b98a183a567f2e3a107fb7,2019-12-31 22:00:00+00:00,,True
18,AF-10885,Art Foster,Consumer,United States,Louisville,Kentucky,40214,South,4,861.56,-163.12,2016-11-10,BRONZE,art.foster@unknown.local,2019-12-31 22:00:00+00:00,4b0b96dfd3bdbcbd0fcb1fbe4afc6f71,2019-12-31 22:00:00+00:00,,True
19,AG-10270,Alejandro Grove,Consumer,United States,Omaha,Nebraska,68104,Central,5,2582.9,732.74,2017-03-27,GOLD,alejandro.grove@example.com,2019-12-31 22:00:00+00:00,ba52b721dc05331dfe9a9c4cfd1e2e3c,2019-12-31 22:00:00+00:00,,True
20,AG-10300,Aleksandra Gannaway,Corporate,United States,Los Angeles,California,90049,West,4,367.55,59.29,2017-09-03,BRONZE,aleksandra.gannaway@example.com,2019-12-31 22:00:00+00:00,5028db23f037ad5f36f22825c4f53f22,2019-12-31 22:00:00+00:00,2020-01-15 06:30:00+00:00,False
953,AG-10300,Aleksandra Gannaway,Corporate,United States,Los Angeles,California,90049,West,7,564.4,71.96,2020-01-15,BRONZE,aleksandra.gannaway@example.com,2020-01-15 06:30:00+00:00,478647324516866846a4cfe1647b5e6a,2020-01-15 06:30:00+00:00,,True
21,AG-10330,Alex Grayson,Consumer,United States,Houston,Texas,77095,Central,5,660.97,-5.14,2017-12-22,BRONZE,alex.grayson@example.com,2019-12-31 22:00:00+00:00,7dd51db57072eacb6135c6d6247d002a,2019-12-31 22:00:00+00:00,,True
22,AG-10390,Allen Goldenen,Consumer,United States,Cincinnati,Ohio,45231,East,5,200.94,69.28,2017-09-07,BRONZE,allen.goldenen@example.com,2019-12-31 22:00:00+00:00,66707f4173ab994228c98c859a994542,2019-12-31 22:00:00+00:00,,True
23,AG-10495,Andrew Gjertsen,Corporate,United States,Saint Petersburg,Florida,33710,South,8,2356.86,295.67,2017-10-13,SILVER,andrew.gjertsen@example.com,2019-12-31 22:00:00+00:00,3e49e1b1ea2e5808cefb2ab59c8a4a13,2019-12-31 22:00:00+00:00,,True
24,AG-10525,Andy Gerbode,Corporate,United States,New York City,New York,10011,East,4,1455.04,-152.76,2015-09-07,SILVER,andy.gerbode@example.com,2019-12-31 22:00:00+00:00,3afe168af80eec5b64ee7b3b2bc0cc09,2019-12-31 22:00:00+00:00,,True
25,AG-10675,Anna Gayman,Consumer,United States,Houston,Texas,77036,Unknown,7,3489.04,-246.43,2017-09-24,GOLD,anna.gayman@example.com,2019-12-31 22:00:00+00:00,9bf4554aab4a71c6598b17ce69fb637d,2019-12-31 22:00:00+00:00,,True
26,AG-10765,Anthony Garverick,Home Office,United States,Chicago,Illinois,60623,Central,4,170.58,-8.43,2017-10-14,BRONZE,anthony.garverick@example.com,2019-12-31 22:00:00+00:00,de99d1ba25143723dbdb79f9233e401d,2019-12-31 22:00:00+00:00,,True
27,AG-10900,Arthur Gainer,Consumer,United States,Tucson,Arizona,85705,West,10,4510.8,343.68,2017-09-25,GOLD,arthur.gainer@example.com,2019-12-31 22:00:00+00:00,92b9fa25333311ef2000a2e3a3711272,2019-12-31 22:00:00+00:00,,True
28,AH-10030,Aaron Hawkins,Corporate,United States,Los Angeles,California,90004,West,7,1744.7,365.22,2017-12-18,SILVER,aaron.hawkins@example.com,2019-12-31 22:00:00+00:00,e4a106d79b799733f941e2f07845e116,2019-12-31 22:00:00+00:00,,True
29,AH-10075,Adam Hart,Corporate,United States,Cranston,Rhode Island,02920,East,10,3250.34,281.19,2017-11-26,GOLD,adam.hart@example.com,2019-12-31 22:00:00+00:00,2002c8d78cc04d141bcacf344ec9af67,2019-12-31 22:00:00+00:00,,True
30,AH-10120,Adrian Hane,Home Office,United States,Salem,Oregon,97301,West,7,1735.51,-2.31,2017-10-31,SILVER,adrian.hane@example.com,2019-12-31 22:00:00+00:00,cfa06f030e7ae57a8b2a04d9d5b6807b,2019-12-31 22:00:00+00:00,,True
31,AH-10195,Alan Haines,Corporate,United States,Tamarac,Florida,33319,South,4,1587.45,-378.55,2017-11-05,SILVER,alan.haines@example.com,2019-12-31 22:00:00+00:00,8e2429f63d44900e0a73ea4e8fbad52f,2019-12-31 22:00:00+00:00,,True
32,AH-10210,Alan Hwang,Consumer,United States,New York City,New York,10024,East,9,4805.34,1308.55,2017-12-24,GOLD,alan.hwang@example.com,2019-12-31 22:00:00+00:00,593cd2923de0add65e89104fa6ce25f7,2019-12-31 22:00:00+00:00,,True
33,AH-10465,Amy Hunt,Consumer,United States,Dallas,Texas,75217,Central,5,2495.39,-196.12,2017-05-14,SILVER,amy.hunt@example.com,2019-12-31 22:00:00+00:00,e5ba951202ed0e3f1d2ffa84dc1b1506,2019-12-31 22:00:00+00:00,,True
34,AH-10585,Angele Hood,Consumer,United States,Seattle,Washington,98105,West,4,738.5,83.96,2017-12-09,BRONZE,angele.hood@example.com,2019-12-31 22:00:00+00:00,6f692ac00b8ab846ca4859668eb5c32d,2019-12-31 22:00:00+00:00,,True
35,AH-10690,Anna Häberlin,Corporate,United States,Plantation,Florida,33317,South,12,7888.29,1298.02,2016-11-15,PLATINUM,anna.haberlin@example.com,2019-12-31 22:00:00+00:00,c1cd59c5cdeb94ea0e75a7f8bfec5118,2019-12-31 22:00:00+00:00,,True
798,AH-20245,Alice Hale,Home Office,United States,Houston,Texas,77041,Central,7,5798.13,-71.64,2020-01-15,PLATINUM,alice.hale@example.com,2020-01-15 06:30:00+00:00,09ed27484ebd85edddcd6d6d5c3d23fe,2020-01-15 06:30:00+00:00,,True
36,AI-10855,Arianne Irving,Consumer,United States,Los Angeles,California,90036,West,10,4375.79,867.73,2017-12-17,GOLD,arianne.irving@example.com,2019-12-31 22:00:00+00:00,0f0556ab0f0b282d17823c17ae227b64,2019-12-31 22:00:00+00:00,,True
37,AJ-10780,Anthony Jacobs,Corporate,United States,Baltimore,Maryland,21215,East,7,4867.34,150.71,2017-10-16,GOLD,anthony.jacobs@example.com,2019-12-31 22:00:00+00:00,db43eec5059661c2999f078d39aba5c3,2019-12-31 22:00:00+00:00,,True
38,AJ-10795,Anthony Johnson,Corporate,United States,San Francisco,California,94110,West,7,4501.39,1158.71,2017-07-17,GOLD,anthony.johnson@example.com,2019-12-31 22:00:00+00:00,60e8f12aac9a1ff89e0ed18ee4ee0888,2019-12-31 22:00:00+00:00,2020-01-15 06:30:00+00:00,False
954,AJ-10795,Anthony Johnson,Corporate,United States,San Francisco,California,94110,West,10,7011.66,1215.95,2020-01-15,PLATINUM,anthony.johnson@example.com,2020-01-15 06:30:00+00:00,e354870719da479cf510660c9194974e,2020-01-15 06:30:00+00:00,,True
39,AJ-10945,Ashley Jarboe,Consumer,United States,Detroit,Michigan,48227,Central,7,1839.24,521.14,2017-10-06,SILVER,ashley.jarboe@example.com,2019-12-31 22:00:00+00:00,a977b362743f37363cc32e50abebd54a,2019-12-31 22:00:00+00:00,,True
40,AJ-10960,Astrea Jones,Consumer,United States,New York City,New York,10035,East,3,629.25,60.43,2017-10-17,BRONZE,astrea.jones@example.com,2019-12-31 22:00:00+00:00,dcf93c28a3b75dad2e06339e867f66bc,2019-12-31 22:00:00+00:00,,True
41,AM-10360,Alice McCarthy,Corporate,United States,Los Angeles,California,90032,West,5,814.01,194.99,2017-12-02,BRONZE,alice.mccarthy@example.com,2019-12-31 22:00:00+00:00,3e74cfdc57b489b3dff337f763a5a310,2019-12-31 22:00:00+00:00,,True
42,AM-10705,Anne McFarland,Consumer,United States,Cranston,Rhode Island,02920,East,8,5664.02,1085.73,2017-07-21,PLATINUM,anne.mcfarland@example.com,2019-12-31 22:00:00+00:00,70cce7aa28f8b321e6d8db2d39435e2c,2019-12-31 22:00:00+00:00,,True
800,AM-20056,Arjun Mehta,Home Office,United States,New York City,New York,10024,East,4,3194.47,631.76,2020-01-15,GOLD,arjun.mehta@example.com,2020-01-15 06:30:00+00:00,a44a09632707810b243b7642106701a2,2020-01-15 06:30:00+00:00,,True
801,AM-20224,Adam Mercer,Home Office,United States,New York City,New York,10024,East,7,8455.27,-212.7,2020-01-15,PLATINUM,adam.mercer@example.com,2020-01-15 06:30:00+00:00,04c5d5c49ff4a550c68c2bc765bc62cc,2020-01-15 06:30:00+00:00,,True
43,AO-10810,Anthony O'Donnell,Corporate,United States,Los Angeles,California,90045,West,1,161.28,12.1,2016-08-16,BRONZE,anthony.odonnell@example.com,2019-12-31 22:00:00+00:00,5302a3ac5545d34d60cfe2796f1fa3e8,2019-12-31 22:00:00+00:00,,True
44,AP-10720,Anne Pryor,Home Office,United States,Los Angeles,California,90032,West,8,1638.55,285.79,2017-11-19,SILVER,anne.pryor@example.com,2019-12-31 22:00:00+00:00,8e755c93becafeb0ffd23f9519edd30f,2019-12-31 22:00:00+00:00,,True
45,AP-10915,Arthur Prichep,Consumer,United States,Los Angeles,California,90045,West,10,3323.56,579.31,2017-09-23,GOLD,arthur.prichep@example.com,2019-12-31 22:00:00+00:00,92a5084ba19bdab97123985287f2e6d3,2019-12-31 22:00:00+00:00,,True
46,AR-10345,Alex Russell,Corporate,United States,Philadelphia,Pennsylvania,19143,East,4,1055.69,-221.05,2017-09-10,SILVER,alex.russell@example.com,2019-12-31 22:00:00+00:00,8b51be29aefeca1e514106820bf25032,2019-12-31 22:00:00+00:00,,True
47,AR-10405,Allen Rosenblatt,Corporate,United States,Los Angeles,California,90036,West,5,2236.13,-98.76,2017-08-27,SILVER,allen.rosenblatt@example.com,2019-12-31 22:00:00+00:00,9ee02f2ae5b2a72ae3de4ce8380f97d2,2019-12-31 22:00:00+00:00,2020-01-15 06:30:00+00:00,False
955,AR-10405,Allen Rosenblatt,Corporate,United States,Austin,Texas,78701,Central,8,2870.88,-109.72,2020-01-15,GOLD,allen.rosenblatt@example.com,2020-01-15 06:30:00+00:00,7944811545260eea373fa41c0f2d61a4,2020-01-15 06:30:00+00:00,,True
48,AR-10510,Andrew Roberts,Consumer,United States,Philadelphia,Pennsylvania,19134,East,5,264.86,43.67,2017-12-16,BRONZE,andrew.roberts@example.com,2019-12-31 22:00:00+00:00,2a5cd398f597a9bcc53ed1438e74f400,2019-12-31 22:00:00+00:00,2020-01-15 06:30:00+00:00,False
956,AR-10510,Andrew Roberts,Consumer,United States,Philadelphia,Pennsylvania,19134,East,6,319.49,53.71,2020-01-15,BRONZE,andrew.roberts@example.com,2020-01-15 06:30:00+00:00,fccc1dc6c10c9b871410771fc6051b99,2020-01-15 06:30:00+00:00,,True
49,AR-10540,Andy Reiter,Consumer,United States,Jackson,Michigan,49201,Central,6,6608.45,2884.62,2017-12-24,PLATINUM,andy.reiter@example.com,2019-12-31 22:00:00+00:00,8a115c1de9d17254c88af683d1fe3661,2019-12-31 22:00:00+00:00,,True
50,AR-10570,Anemone Ratner,Consumer,United States,Unknown,Georgia,31907,South,1,88.15,32.63,2016-07-14,BRONZE,anemone.ratner@example.com,2019-12-31 22:00:00+00:00,84ec6270918755988320928c601ca170,2019-12-31 22:00:00+00:00,,True
51,AR-10825,Anthony Rawles,Corporate,United States,New York City,New York,10009,East,8,4523.34,494.84,2017-11-02,GOLD,anthony.rawles@example.com,2019-12-31 22:00:00+00:00,8a52f9dae7876514ff165097488f593e,2019-12-31 22:00:00+00:00,2020-01-15 06:30:00+00:00,False
957,AR-10825,Anthony Rawles,Corporate,United States,Seattle,Washington,98101,West,9,6915.07,702.61,2020-01-15,PLATINUM,anthony.rawles@example.com,2020-01-15 06:30:00+00:00,f835d4bebff3e09df9a3c67eea596c31,2020-01-15 06:30:00+00:00,,True
52,AS-10045,Aaron Smayling,Corporate,United States,Jacksonville,North Carolina,28540,South,7,3050.69,-253.57,2017-10-03,GOLD,aaron.smayling@example.com,2019-12-31 22:00:00+00:00,10075083e49ead8eaea8249f2618ad2a,2019-12-31 22:00:00+00:00,,True
53,AS-10090,Adam Shillingsburg,Consumer,United States,Springfield,Missouri,65807,Central,9,3255.31,64.54,2017-12-02,GOLD,adam.shillingsburg@example.com,2019-12-31 22:00:00+00:00,656bc77b597aafacf44504cc51063187,2019-12-31 22:00:00+00:00,,True
54,AS-10135,Adrian Shami,Home Office,United States,Unknown,New York,10035,East,2,58.82,21.85,2017-11-19,BRONZE,adrian.shami@example.com,2019-12-31 22:00:00+00:00,c9626c5308577ddcada154211fb679e0,2019-12-31 22:00:00+00:00,,True
55,AS-10225,Alan Schoenberger,Corporate,United States,Provo,Utah,84604,West,5,4260.78,719.78,2017-12-08,GOLD,alan.schoenberger@example.com,2019-12-31 22:00:00+00:00,093d5045e88d2f3e31edfd7c40b4b978,2019-12-31 22:00:00+00:00,,True
56,AS-10240,Alan Shonely,Consumer,United States,Tampa,Florida,33614,South,7,584.61,33.72,2017-06-21,BRONZE,alan.shonely@example.com,2019-12-31 22:00:00+00:00,b1d2d201017aa18a55cd02874b03f409,2019-12-31 22:00:00+00:00,,True
57,AS-10285,Alejandro Savely,Corporate,United States,Dallas,Texas,75081,Central,6,3214.24,354.63,2017-12-11,GOLD,alejandro.savely@example.com,2019-12-31 22:00:00+00:00,bca441b687023fd9895b216e885acd02,2019-12-31 22:00:00+00:00,,True
58,AS-10630,Ann Steele,Home Office,United States,Boynton Beach,Florida,33437,South,7,833.4,136.49,2017-09-29,BRONZE,ann.steele@example.com,2019-12-31 22:00:00+00:00,9cebf2565d60ed1cad0b03b433d0aea9,2019-12-31 22:00:00+00:00,,True
805,AS-20000,Aarav Sharma,Consumer,United States,New York City,New York,10024,East,4,8412.27,84.73,2020-01-15,PLATINUM,aarav.sharma@example.com,2020-01-15 06:30:00+00:00,d51ba10db2991660c22084009bf0f25d,2020-01-15 06:30:00+00:00,,True
59,AT-10435,Alyssa Tate,Home Office,United States,Los Angeles,California,90004,West,6,1171.81,100.88,2017-12-09,SILVER,alyssa.tate@example.com,2019-12-31 22:00:00+00:00,c7b072e62caa8802fea6bd61f3f1c099,2019-12-31 22:00:00+00:00,,True
60,AT-10735,Annie Thurman,Consumer,United States,New York City,New York,00000,East,10,3831.86,974.11,2017-12-17,GOLD,annie.thurman@example.com,2019-12-31 22:00:00+00:00,498711fccc34663c7277826c010105d0,2019-12-31 22:00:00+00:00,,True
806,AT-20301,Amara Torres,Corporate,United States,Houston,Texas,77041,Central,11,5039.96,-78.34,2020-01-15,PLATINUM,amara.torres@example.com,2020-01-15 06:30:00+00:00,b4de1cbddca387effa15434e0cefe03a,2020-01-15 06:30:00+00:00,,True
61,AW-10840,Anthony Witt,Consumer,United States,Bakersfield,California,93309,West,4,649.38,65.77,2017-12-10,BRONZE,anthony.witt@example.com,2019-12-31 22:00:00+00:00,1571e2dd93b3ff2c822bc12ec9f00572,2019-12-31 22:00:00+00:00,,True
62,AW-10930,Arthur Wiediger,Home Office,United States,Houston,Texas,77070,Central,7,2852.97,-104.55,2017-11-14,GOLD,arthur.wiediger@example.com,2019-12-31 22:00:00+00:00,4c0a0eab4f9f6855b8a3f8aaa3e49d2e,2019-12-31 22:00:00+00:00,,True
63,AY-10555,Andy Yotov,Corporate,United States,Los Angeles,California,90049,West,4,0.0,103.35,2017-12-16,BRONZE,andy.yotov@example.com,2019-12-31 22:00:00+00:00,5e12ff54e999b4c7029cc40e8a20594e,2019-12-31 22:00:00+00:00,,True
64,AZ-10750,Annie Zypern,Consumer,United States,San Diego,California,92037,West,6,1622.02,154.95,2017-07-23,SILVER,annie.zypern@example.com,2019-12-31 22:00:00+00:00,77972e1df9e5e57dbfd7fea86ff26d46,2019-12-31 22:00:00+00:00,,True
65,BB-10990,Barry Blumstein,Corporate,United States,Inglewood,California,90301,West,5,744.34,11.58,2017-09-16,BRONZE,barry.blumstein@example.com,2019-12-31 22:00:00+00:00,cfd6febe465b32ee93ff3b097424591b,2019-12-31 22:00:00+00:00,2020-01-15 06:30:00+00:00,False
958,BB-10990,Barry Blumstein,Corporate,United States,Inglewood,California,90301,West,7,1028.12,16.44,2020-01-15,SILVER,barry.blumstein@example.com,2020-01-15 06:30:00+00:00,c6e1edc8833a9d2003d9ed09f7009349,2020-01-15 06:30:00+00:00,,True
66,BB-11545,Brenda Bowman,Corporate,United States,Fort Worth,Texas,76106,Central,9,6765.73,1015.08,2017-12-02,PLATINUM,brenda.bowman@example.com,2019-12-31 22:00:00+00:00,17082144df9c58216242a0faff79cdcd,2019-12-31 22:00:00+00:00,,True
67,BC-11125,Becky Castell,Home Office,United States,Peoria,Arizona,85345,West,9,2933.68,251.6,2017-06-11,GOLD,becky.castell@example.com,2019-12-31 22:00:00+00:00,4d3545a7436be7ea52a9fa5c56678108,2019-12-31 22:00:00+00:00,,True
68,BD-11320,Bill Donatelli,Unknown,United States,Los Angeles,California,90004,West,12,5718.52,1094.5,2017-11-27,PLATINUM,bill.donatelli@example.com,2019-12-31 22:00:00+00:00,34626ede721e85c2418ea5517985e8d9,2019-12-31 22:00:00+00:00,,True
69,BD-11500,Bradley Drucker,Consumer,United States,Chicago,Illinois,60653,Central,6,4411.24,1142.12,2017-11-25,GOLD,bradley.drucker@example.com,2019-12-31 22:00:00+00:00,9b224edecb0ed27479f0827aa7576e95,2019-12-31 22:00:00+00:00,2020-01-15 06:30:00+00:00,False
959,BD-11500,Bradley Drucker,Consumer,United States,Miami,Florida,33101,South,7,4844.62,1539.79,2020-01-15,GOLD,bradley.drucker@example.com,2020-01-15 06:30:00+00:00,3e45009384efc024ae0ece2fb8b7f01b,2020-01-15 06:30:00+00:00,,True
70,BD-11560,Brendan Dodson,Unknown,United States,Fresno,California,93727,West,2,320.54,116.71,2017-03-27,BRONZE,brendan.dodson@unknown.local,2019-12-31 22:00:00+00:00,d9746598417933c5625e109b4ec3acb8,2019-12-31 22:00:00+00:00,,True
71,BD-11605,Brian Dahlen,Consumer,United States,Monroe,Louisiana,71203,South,7,3288.47,634.85,2017-09-24,GOLD,brian.dahlen@example.com,2019-12-31 22:00:00+00:00,20907966b08b9513d5df6a9bdee1cdc3,2019-12-31 22:00:00+00:00,,True
72,BD-11620,Brian DeCherney,Consumer,United States,Lawton,Oklahoma,73505,Central,6,1538.11,206.76,2017-10-22,SILVER,brian.decherney@example.com,2019-12-31 22:00:00+00:00,97d5a251020d9223df00dd8fe7842d77,2019-12-31 22:00:00+00:00,2020-01-15 06:30:00+00:00,False
960,BD-11620,Brian DeCherney,Consumer,United States,Lawton,Oklahoma,73505,Central,7,2190.6,226.54,2020-01-15,SILVER,brian.decherney@example.com,2020-01-15 06:30:00+00:00,35f1d331e2536c6e9bd99a71ff557e67,2020-01-15 06:30:00+00:00,,True
73,BD-11635,Brian Derr,Consumer,United States,New York City,New York,10009,East,3,582.65,141.53,2017-12-21,BRONZE,brian.derr@example.com,2019-12-31 22:00:00+00:00,410fb592bba2c1e3d6ddf598282b9720,2019-12-31 22:00:00+00:00,,True
74,BD-11725,Bruce Degenhardt,Unknown,United States,Lafayette,Louisiana,70506,South,6,1526.5,333.98,2017-09-28,SILVER,bruce.degenhardt@example.com,2019-12-31 22:00:00+00:00,44679401254190052891768c9c735816,2019-12-31 22:00:00+00:00,,True
75,BD-11770,Bryan Davis,Consumer,United States,Edmonds,Washington,98026,West,6,658.47,141.26,2017-02-06,BRONZE,bryan.davis@example.com,2019-12-31 22:00:00+00:00,2fbefc50d778e50197254306ce1790f7,2019-12-31 22:00:00+00:00,2020-01-15 06:30:00+00:00,False
961,BD-11770,Bryan Davis,Consumer,United States,Austin,Texas,78701,Central,10,891.44,169.66,2020-01-15,BRONZE,bryan.davis@example.com,2020-01-15 06:30:00+00:00,d347296cc8162039895a22bd1aec338d,2020-01-15 06:30:00+00:00,,True
76,BE-11335,Bill Eplett,Home Office,United States,Jackson,Michigan,49201,Central,5,4204.68,1487.77,2017-09-02,GOLD,bill.eplett@example.com,2019-12-31 22:00:00+00:00,a998d04caa9fa356bb2e05347acf57c5,2019-12-31 22:00:00+00:00,,True
77,BE-11410,Bobby Elias,Consumer,United States,Appleton,Wisconsin,54915,Central,5,2261.44,755.92,2017-09-23,SILVER,bobby.elias@example.com,2019-12-31 22:00:00+00:00,4fdb8cea05bf5b2c2c28e29bfdd71643,2019-12-31 22:00:00+00:00,,True
78,BE-11455,Brad Eason,Home Office,United States,Providence,Rhode Island,00000,East,6,1727.65,139.2,2017-04-20,SILVER,brad.eason@example.com,2019-12-31 22:00:00+00:00,6a3937b51a5e82a5c3bac0a47a23e66f,2019-12-31 22:00:00+00:00,,True
79,BF-10975,Barbara Fisher,Corporate,United States,Charlotte,North Carolina,28205,South,7,599.8,227.44,2017-09-30,BRONZE,barbara.fisher@example.com,2019-12-31 22:00:00+00:00,45f9c2cf0892050750e8ec3feaee1558,2019-12-31 22:00:00+00:00,2020-01-15 06:30:00+00:00,False
962,BF-10975,Barbara Fisher,Corporate,United States,Charlotte,North Carolina,28205,South,8,797.8,273.98,2020-01-15,BRONZE,barbara.fisher@example.com,2020-01-15 06:30:00+00:00,a98135cd3dc5c2725c6f5af58fabb6eb,2020-01-15 06:30:00+00:00,,True
80,BF-11005,Barry Franz,Home Office,United States,Pasadena,California,91104,West,4,1333.88,-291.38,2017-11-21,SILVER,barry.franz@example.com,2019-12-31 22:00:00+00:00,a5cdecb3122af2b345a06f853275273a,2019-12-31 22:00:00+00:00,,True
81,BF-11020,Barry Französisch,Corporate,United States,Arlington,Texas,76017,Central,8,2888.51,302.02,2017-10-17,GOLD,barry.franzosisch@example.com,2019-12-31 22:00:00+00:00,5ce4f135b12047dcb9da5f4f955ccd0e,2019-12-31 22:00:00+00:00,,True
82,BF-11080,Bart Folk,Consumer,United States,Baltimore,Maryland,21215,East,3,272.95,110.93,2017-12-05,BRONZE,bart.folk@example.com,2019-12-31 22:00:00+00:00,5807a1256b5f98326b7bc2e05093d689,2019-12-31 22:00:00+00:00,2020-01-15 06:30:00+00:00,False
963,BF-11080,Bart Folk,Consumer,United States,Baltimore,Maryland,21215,East,7,303.11,144.81,2020-01-15,BRONZE,bart.folk@example.com,2020-01-15 06:30:00+00:00,d64a61e46a117db06ed31c51a30d8268,2020-01-15 06:30:00+00:00,,True
83,BF-11170,Ben Ferrer,Home Office,United States,Los Angeles,California,90045,West,11,5907.97,1538.21,2017-12-14,PLATINUM,ben.ferrer@unknown.local,2019-12-31 22:00:00+00:00,3df337b68acc900878427f1136f488e6,2019-12-31 22:00:00+00:00,,True
84,BF-11215,Benjamin Farhat,Home Office,United States,Albuquerque,New Mexico,87105,West,4,1585.16,523.21,2017-10-26,SILVER,benjamin.farhat@example.com,2019-12-31 22:00:00+00:00,826f1c82ff0f96609660d64b4b9907ca,2019-12-31 22:00:00+00:00,2020-01-15 06:30:00+00:00,False
964,BF-11215,Benjamin Farhat,Home Office,United States,Albuquerque,New Mexico,87105,West,6,2110.65,595.95,2020-01-15,SILVER,benjamin.farhat@example.com,2020-01-15 06:30:00+00:00,666052be0d4240dd6f583a70238578e5,2020-01-15 06:30:00+00:00,,True
85,BF-11275,Beth Fritzler,Corporate,United States,Tucson,Arizona,85705,West,3,791.99,25.87,2017-11-03,BRONZE,beth.fritzler@example.com,2019-12-31 22:00:00+00:00,309323cb4503469a58e82b2e1b828a93,2019-12-31 22:00:00+00:00,,True
86,BG-11035,Barry Gonzalez,Consumer,United States,Austin,Texas,78745,Central,8,2798.95,-711.43,2017-12-02,GOLD,barry.gonzalez@example.com,2019-12-31 22:00:00+00:00,a40eab70bae0d858a96d0848b627feaa,2019-12-31 22:00:00+00:00,,True
87,BG-11695,Brooke Gillingham,Corporate,United States,New York City,New York,10009,East,6,1874.17,107.57,2017-11-24,SILVER,brooke.gillingham@example.com,2019-12-31 22:00:00+00:00,2fa035d1b7e5fb955bb456a0ff1ca0b5,2019-12-31 22:00:00+00:00,,True
88,BG-11740,Bruce Geld,Consumer,United States,Los Angeles,California,90008,West,6,1006.36,119.35,2017-11-03,SILVER,bruce.geld@example.com,2019-12-31 22:00:00+00:00,027e33ae51f215802fc0ba67eb6bab74,2019-12-31 22:00:00+00:00,,True
89,BH-11710,Brosina Hoffman,Consumer,United States,Los Angeles,California,90032,West,8,6568.12,802.79,2017-12-07,PLATINUM,brosina.hoffman@example.com,2019-12-31 23:45:00+00:00,ced9dd5de0e9c715f553d8977d1be165,2019-12-31 22:00:00+00:00,2020-01-15 06:30:00+00:00,False
965,BH-11710,Brosina Hoffman,Corporate,United States,Boston,Massachusetts,02108,East,9,9639.2,881.37,2020-01-15,PLATINUM,brosina.hoffman@example.com,2020-01-15 06:30:00+00:00,c33f1073aa7ce2c1bca0595f87def152,2020-01-15 06:30:00+00:00,,True
90,BK-11260,Berenike Kampe,Consumer,United States,Chicago,Illinois,60610,Central,6,659.14,-63.76,2017-10-14,BRONZE,berenike.kampe@example.com,2019-12-31 22:00:00+00:00,f2f9cb5a224218563a5e3f5939927f9d,2019-12-31 22:00:00+00:00,,True
91,BM-11140,Becky Martin,Consumer,United States,San Antonio,Texas,78207,Central,4,0.0,-1659.96,2017-02-26,PLATINUM,becky.martin@example.com,2019-12-31 22:00:00+00:00,b81d041ee5eb6b6ee4fd045c95124745,2019-12-31 22:00:00+00:00,,True
92,BM-11575,Brendan Murry,Corporate,United States,Chicago,Illinois,60653,Central,6,808.16,95.58,2017-09-21,BRONZE,brendan.murry@example.com,2019-12-31 22:00:00+00:00,60dced2555e6149844e042a91b0cb70e,2019-12-31 22:00:00+00:00,,True
93,BM-11650,Brian Moss,Corporate,United States,Columbus,Indiana,47201,Central,11,7294.18,2199.28,2017-11-27,PLATINUM,brian.moss@example.com,2019-12-31 22:00:00+00:00,063b7cdcd94c5ceaa8d0547c6628bcd2,2019-12-31 22:00:00+00:00,,True
94,BM-11785,Bryan Mills,Consumer,United States,Columbus,Ohio,43229,East,10,1338.84,137.74,2017-05-26,SILVER,bryan.mills@example.com,2019-12-31 22:00:00+00:00,4c59576efb8839dd930c43ad878ef9b5,2019-12-31 22:00:00+00:00,,True
95,BN-11470,Brad Norvell,Corporate,United States,Cary,North Carolina,27511,South,4,265.3,36.61,2017-12-06,BRONZE,brad.norvell@example.com,2019-12-31 22:00:00+00:00,7c2545829fb72540c3da4609ed1166cd,2019-12-31 22:00:00+00:00,,True
96,BN-11515,Bradley Nguyen,Consumer,United States,Lakeville,Minnesota,55044,Central,5,1459.34,340.71,2017-12-21,SILVER,bradley.nguyen@unknown.local,2019-12-31 22:00:00+00:00,47a17814052eb2d95b17d05237e4984c,2019-12-31 22:00:00+00:00,,True
97,BO-11350,Bill Overfelt,Corporate,United States,Philadelphia,Pennsylvania,19134,East,5,2682.73,278.78,2017-08-15,GOLD,bill.overfelt@example.com,2019-12-31 22:00:00+00:00,0641b68e391d032e049cac9598ad11cd,2019-12-31 22:00:00+00:00,,True
98,BO-11425,Bobby Odegard,Consumer,United States,New York City,New York,10024,East,2,130.83,59.45,2017-10-16,BRONZE,bobby.odegard@example.com,2019-12-31 22:00:00+00:00,3e1d299cae1139f405cc960126b45140,2019-12-31 22:00:00+00:00,,True
99,BP-11050,Barry Pond,Corporate,United States,Chicago,Illinois,60623,Central,5,983.42,209.78,2017-10-08,BRONZE,barry.pond@example.com,2019-12-31 22:00:00+00:00,ca1e23992789b45b60b2463c82f7aff1,2019-12-31 22:00:00+00:00,,True
100,BP-11095,Bart Pistole,Corporate,United States,Los Angeles,California,90008,West,12,2442.04,433.98,2017-12-13,SILVER,bart.pistole@example.com,2019-12-31 22:00:00+00:00,8ea813992f57bf99db1d736c3c5ce665,2019-12-31 22:00:00+00:00,,True
101,BP-11155,Becky Pak,Consumer,United States,Paterson,New Jersey,07501,East,6,1697.86,647.38,2017-10-02,SILVER,becky.pak@example.com,2019-12-31 22:00:00+00:00,a104f55318798cf8899d289dd1c0a23e,2019-12-31 22:00:00+00:00,,True
102,BP-11185,Ben Peterman,Unknown,United States,Arvada,Colorado,00000,West,9,3675.86,363.6,2017-12-29,GOLD,ben.peterman@example.com,2019-12-31 22:00:00+00:00,ea0778c10a820d542831f1a6503ab709,2019-12-31 22:00:00+00:00,,True
103,BP-11230,Benjamin Patterson,Consumer,United States,Broken Arrow,Oklahoma,74012,Central,5,1181.49,-197.27,2017-11-21,SILVER,benjamin.patterson@example.com,2019-12-31 22:00:00+00:00,8926a18956b537a514288622d6d1cf2d,2019-12-31 22:00:00+00:00,,True
104,BP-11290,Beth Paige,Consumer,United States,Columbus,Ohio,43229,East,7,2475.16,-319.06,2017-12-18,SILVER,beth.paige@example.com,2019-12-31 22:00:00+00:00,8299cea5443b5e75e81c1aa5102b6385,2019-12-31 22:00:00+00:00,,True
105,BS-11365,Bill Shonely,Corporate,United States,Lakewood,New Jersey,08701,East,5,10501.65,2616.06,2016-06-20,PLATINUM,bill.shonely@example.com,2019-12-31 22:00:00+00:00,8661a24290847c30f4b7271cb2e8eaae,2019-12-31 22:00:00+00:00,,True
106,BS-11380,Bill Stewart,Corporate,United States,Denver,Colorado,80219,West,5,3887.83,-17.53,2017-12-02,GOLD,bill.stewart@example.com,2019-12-31 22:00:00+00:00,35fde0dac95ca433535ac731bcf7f44e,2019-12-31 22:00:00+00:00,,True
107,BS-11590,Brendan Sweed,Corporate,United States,Columbus,Ohio,43229,East,6,2454.93,381.78,2017-11-25,SILVER,brendan.sweed@example.com,2019-12-31 22:00:00+00:00,0530bb70f6ce59a4d91e13dbfb263a60,2019-12-31 22:00:00+00:00,,True
108,BS-11665,Brian Stugart,Consumer,United States,San Diego,California,92105,West,3,3288.11,238.74,2016-05-27,GOLD,brian.stugart@example.com,2019-12-31 22:00:00+00:00,611705a469b098882aae353a2143395c,2019-12-31 22:00:00+00:00,,True
109,BS-11755,Bruce Stewart,Consumer,United States,Detroit,Michigan,48227,Central,7,2562.38,-113.3,2017-12-29,GOLD,bruce.stewart@example.com,2019-12-31 22:00:00+00:00,2fc53d0038a9947068792cbac1d056ae,2019-12-31 22:00:00+00:00,,True
110,BS-11800,Bryan Spruell,Home Office,United States,New York City,New York,10011,East,2,0.0,194.05,2017-04-09,BRONZE,bryan.spruell@example.com,2019-12-31 22:00:00+00:00,6b6b2bf8809bad8543d21955a4fd0930,2019-12-31 22:00:00+00:00,,True
111,BT-11305,Beth Thompson,Home Office,United States,San Gabriel,California,91776,West,5,2567.66,417.59,2017-01-28,GOLD,beth.thompson@example.com,2019-12-31 22:00:00+00:00,e9ad0234d14af9ff9efe28cca2c637e1,2019-12-31 22:00:00+00:00,,True
112,BT-11395,Bill Tyler,Corporate,United States,Los Angeles,California,90036,West,6,2186.61,257.92,2017-03-03,SILVER,bill.tyler@example.com,2019-12-31 22:00:00+00:00,88b83c74c8ba538afe0a9d2d744b625c,2019-12-31 22:00:00+00:00,,True
113,BT-11440,Bobby Trafton,Consumer,United States,New York City,New York,10035,East,4,603.88,-77.53,2016-06-18,BRONZE,bobby.trafton@example.com,2019-12-31 22:00:00+00:00,c06fd40d4127fc4c99491943840151c0,2019-12-31 22:00:00+00:00,,True
114,BT-11485,Brad Thomas,Home Office,United States,Clinton,Maryland,20735,East,2,415.2,126.87,2016-03-11,BRONZE,brad.thomas@example.com,2019-12-31 22:00:00+00:00,0d6eb4049f8c326ab68182ee0d6c03b5,2019-12-31 22:00:00+00:00,,True
115,BT-11530,Bradley Talbott,Home Office,United States,Los Angeles,California,90036,West,5,2684.49,409.5,2017-09-30,GOLD,bradley.talbott@example.com,2019-12-31 22:00:00+00:00,574c6dfe748a6bb659a7c75030214dd3,2019-12-31 22:00:00+00:00,,True
116,BT-11680,Brian Thompson,Consumer,United States,Clinton,Maryland,20735,East,7,3196.75,447.75,2017-12-10,GOLD,brian.thompson@example.com,2019-12-31 22:00:00+00:00,10659d2803de3b6c3451118874c6eb1e,2019-12-31 22:00:00+00:00,,True
117,BV-11245,Benjamin Venier,Corporate,United States,Des Moines,Iowa,50315,Central,5,1523.27,315.22,2017-01-30,SILVER,benjamin.venier@example.com,2019-12-31 22:00:00+00:00,a1095d0a430b4db91350f88baaca122f,2019-12-31 22:00:00+00:00,2020-01-15 06:30:00+00:00,False
966,BV-11245,Benjamin Venier,Home Office,United States,Des Moines,Iowa,50315,Central,7,2243.66,384.7,2020-01-15,SILVER,benjamin.venier@example.com,2020-01-15 06:30:00+00:00,fbbb15ac7fe70743239b0cc8d970ab4c,2020-01-15 06:30:00+00:00,,True
118,BW-11065,Barry Weirich,Consumer,United States,New York City,New York,10035,East,3,385.52,-58.29,2017-06-01,BRONZE,barry.weirich@example.com,2019-12-31 22:00:00+00:00,4e1a5b82d944b42a5918590e486261d5,2019-12-31 22:00:00+00:00,2020-01-15 06:30:00+00:00,False
967,BW-11065,Barry Weirich,Consumer,United States,Denver,Colorado,80202,West,7,466.18,-59.72,2020-01-15,BRONZE,barry.weirich@example.com,2020-01-15 06:30:00+00:00,b1ee81463cc14a9d2574f9db5d2c7da2,2020-01-15 06:30:00+00:00,,True
119,BW-11110,Bart Watters,Corporate,United States,New York City,New York,10024,East,8,4750.36,921.26,2017-08-31,GOLD,bart.watters@example.com,2019-12-31 22:00:00+00:00,a9c340d65d857483c09f7b6ce3d0cabd,2019-12-31 22:00:00+00:00,2020-01-15 06:30:00+00:00,False
968,BW-11110,Bart Watters,Corporate,United States,Austin,Texas,78701,Central,10,5091.62,1249.52,2020-01-15,PLATINUM,bart.watters@example.com,2020-01-15 06:30:00+00:00,e23ad4691e7d51a8be092bd414aca7ce,2020-01-15 06:30:00+00:00,,True
120,BW-11200,Ben Wallace,Consumer,United States,New York City,New York,10011,East,6,1738.41,247.0,2017-06-10,SILVER,ben.wallace@unknown.local,2019-12-31 22:00:00+00:00,36c6e359e9347e2125c846b21790df7a,2019-12-31 22:00:00+00:00,,True
121,CA-11965,Carol Adams,Corporate,United States,Port Arthur,Texas,77642,Central,6,3789.72,1143.38,2017-09-25,GOLD,carol.adams@example.com,2019-12-31 22:00:00+00:00,568e765babf3bce28c2dc7f1c1350e8b,2019-12-31 22:00:00+00:00,,True
122,CA-12055,Cathy Armstrong,Home Office,United States,Houston,Texas,77036,Central,5,1679.72,211.26,2016-11-24,SILVER,cathy.armstrong@example.com,2019-12-31 22:00:00+00:00,5622f79b3cd3b456a363fed71f3f0631,2019-12-31 22:00:00+00:00,,True
123,CA-12265,Christina Anderson,Consumer,United States,Chattanooga,Tennessee,37421,South,9,2648.29,279.62,2017-11-04,GOLD,christina.anderson@example.com,2019-12-31 22:00:00+00:00,937ba5a47de6a5c9324f52e9fff5d30b,2019-12-31 22:00:00+00:00,2020-01-15 06:30:00+00:00,False
969,CA-12265,Christina Anderson,Consumer,United States,Miami,Florida,33101,South,12,4021.39,358.39,2020-01-15,GOLD,christina.anderson@example.com,2020-01-15 06:30:00+00:00,28bf1c962294870fb2f264041dd3fa07,2020-01-15 06:30:00+00:00,,True
124,CA-12310,Christine Abelman,Corporate,United States,Bristol,Connecticut,06010,East,4,1421.95,246.02,2017-12-17,SILVER,christine.abelman@example.com,2019-12-31 22:00:00+00:00,2daad02a2cad21c336c610b48fe7fcb8,2019-12-31 22:00:00+00:00,2020-01-15 06:30:00+00:00,False
970,CA-12310,Christine Abelman,Corporate,United States,Bristol,Connecticut,06010,East,5,2085.34,290.45,2020-01-15,SILVER,christine.abelman@example.com,2020-01-15 06:30:00+00:00,26f1e96ec01f7d3d91c3b36ed79f5199,2020-01-15 06:30:00+00:00,,True
125,CA-12775,Cynthia Arntzen,Consumer,United States,Philadelphia,Pennsylvania,19140,East,7,3041.57,204.49,2017-09-01,GOLD,cynthia.arntzen@example.com,2019-12-31 22:00:00+00:00,dff2ece38c25afda3ba4c9477a2c9a82,2019-12-31 22:00:00+00:00,,True
126,CB-12025,Cassandra Brandow,Consumer,United States,Los Angeles,California,90049,West,10,6076.14,150.21,2017-11-13,PLATINUM,cassandra.brandow@unknown.local,2019-12-31 22:00:00+00:00,a694edd53ebeb306c7a76a87007c0803,2019-12-31 22:00:00+00:00,,True
127,CB-12415,Christy Brittain,Consumer,United States,Chicago,Illinois,00000,Central,8,1949.2,272.39,2017-12-04,SILVER,christy.brittain@example.com,2019-12-31 22:00:00+00:00,ae523556bbdca0cc395816e204c60e3b,2019-12-31 22:00:00+00:00,,True
128,CB-12535,Claudia Bergmann,Corporate,United States,Camarillo,California,93010,West,8,4246.46,1049.56,2017-06-16,GOLD,claudia.bergmann@example.com,2019-12-31 22:00:00+00:00,925d7105a4f56468b2c25fa08898f0ab,2019-12-31 22:00:00+00:00,,True
129,CC-12100,Chad Cunningham,Home Office,United States,Los Angeles,California,90049,West,6,1770.94,208.59,2016-09-29,SILVER,chad.cunningham@unknown.local,2019-12-31 22:00:00+00:00,d31a31034832a26c80167ff99c30e7dd,2019-12-31 22:00:00+00:00,,True
130,CC-12145,Charles Crestani,Consumer,United States,San Diego,California,92105,West,7,2471.65,392.28,2017-09-15,SILVER,charles.crestani@example.com,2019-12-31 22:00:00+00:00,09b0bbdde0eb4aa22e573713a5dca3fb,2019-12-31 22:00:00+00:00,,True
131,CC-12220,Chris Cortes,Consumer,United States,Unknown,Washington,98103,West,12,3913.42,393.96,2017-12-10,GOLD,chris.cortes@example.com,2019-12-31 22:00:00+00:00,277255471b60589898c6d9107a64d4ca,2019-12-31 22:00:00+00:00,,True
132,CC-12370,Christopher Conant,Consumer,United States,Philadelphia,Pennsylvania,19120,East,5,12129.07,2177.05,2017-11-17,PLATINUM,christopher.conant@unknown.local,2019-12-31 22:00:00+00:00,71d5a8dd5d797cf8f6e2f4c843ebd888,2019-12-31 22:00:00+00:00,,True
133,CC-12430,Chuck Clark,Home Office,United States,Concord,New Hampshire,03301,East,10,2870.05,424.66,2017-12-30,GOLD,chuck.clark@example.com,2019-12-31 22:00:00+00:00,aeb5247765e5977b50ecb84e81c06e05,2019-12-31 22:00:00+00:00,,True
134,CC-12475,Cindy Chapman,Consumer,United States,Houston,Texas,77070,Central,9,1659.44,154.85,2017-11-21,SILVER,cindy.chapman@example.com,2019-12-31 22:00:00+00:00,0f29da086f79139cd5a3e7193eacb2c7,2019-12-31 22:00:00+00:00,,True
135,CC-12550,Clay Cheatham,Consumer,United States,Los Angeles,California,90008,West,3,113.83,33.87,2017-12-03,BRONZE,clay.cheatham@example.com,2019-12-31 22:00:00+00:00,04a4bf8216b717324ae33c44f8f4def0,2019-12-31 22:00:00+00:00,,True
136,CC-12610,Corey Catlett,Corporate,United States,Denver,Colorado,80219,West,7,2540.63,331.43,2017-11-26,GOLD,corey.catlett@example.com,2019-12-31 22:00:00+00:00,c3d1fdaa93d1ab307afd6e9e8c8997a9,2019-12-31 22:00:00+00:00,,True
137,CC-12670,Craig Carreira,Consumer,United States,Tampa,Florida,33614,South,7,2269.7,187.84,2017-12-01,SILVER,craig.carreira@example.com,2019-12-31 22:00:00+00:00,d25cc81ae5f2323a110c36c74514afc4,2019-12-31 22:00:00+00:00,,True
138,CC-12685,Craig Carroll,Consumer,United States,Henderson,Kentucky,42420,South,4,2854.12,850.16,2015-10-23,GOLD,craig.carroll@example.com,2019-12-31 22:00:00+00:00,3bb3a177d0188ca1bd3583cd5894c2ac,2019-12-31 22:00:00+00:00,,True
820,CC-20273,Cleo Costa,Consumer,United States,Atlanta,Georgia,30318,South,3,1670.69,417.41,2020-01-15,SILVER,cleo.costa@example.com,2020-01-15 06:30:00+00:00,867dfb9db09924fc806d8bda1b15af19,2020-01-15 06:30:00+00:00,,True
139,CD-11920,Carlos Daly,Consumer,United States,New York City,New York,10035,East,5,2033.97,426.66,2017-11-20,SILVER,carlos.daly@example.com,2019-12-31 22:00:00+00:00,0c1c52e553406de3f10008a0354ad363,2019-12-31 22:00:00+00:00,,True
140,CD-11980,Carol Darley,Consumer,United States,Tyler,Texas,75701,Central,3,639.77,-206.72,2017-11-06,BRONZE,carol.darley@example.com,2019-12-31 22:00:00+00:00,8597085d9b6b4ed04aebf61b3ee1f48c,2019-12-31 22:00:00+00:00,2020-01-15 06:30:00+00:00,False
971,CD-11980,Carol Darley,Corporate,United States,Tyler,Texas,75701,Central,7,684.68,-237.49,2020-01-15,BRONZE,carol.darley@example.com,2020-01-15 06:30:00+00:00,07952239b59c0d6cfaabcd48ff3a3d66,2020-01-15 06:30:00+00:00,,True
141,CD-12280,Christina DeMoss,Consumer,United States,New York City,New York,10024,East,2,1265.86,233.03,2017-11-18,SILVER,christina.demoss@example.com,2019-12-31 23:45:00+00:00,8914b75b470c50e4e8d3526e1039cfd4,2019-12-31 22:00:00+00:00,,True
142,CD-12790,Cynthia Delaney,Home Office,United States,Oklahoma City,Oklahoma,73120,Central,5,1860.73,403.84,2016-11-26,SILVER,cynthia.delaney@example.com,2019-12-31 22:00:00+00:00,50ff229668f5cfb57975148f5542e6c7,2019-12-31 22:00:00+00:00,2020-01-15 06:30:00+00:00,False
972,CD-12790,Cynthia Delaney,Home Office,United States,Oklahoma City,Oklahoma,73120,Central,7,2007.69,439.05,2020-01-15,SILVER,cynthia.delaney@example.com,2020-01-15 06:30:00+00:00,69a7c2a01e1289aaf18653f1a0a23269,2020-01-15 06:30:00+00:00,,True
823,CD-20161,Chloe Dupont,Home Office,United States,Atlanta,Georgia,30318,South,6,8177.26,-16.16,2020-01-15,PLATINUM,chloe.dupont@example.com,2020-01-15 06:30:00+00:00,71941077bfa173f4ca0d3fca0b3d89b9,2020-01-15 06:30:00+00:00,,True
143,CG-12040,Catherine Glotzbach,Home Office,United States,Philadelphia,Pennsylvania,19120,East,6,904.47,86.51,2017-11-11,BRONZE,catherine.glotzbach@example.com,2019-12-31 22:00:00+00:00,3bf5bfce301e6c7b83b3ac3cba0ee265,2019-12-31 22:00:00+00:00,,True
144,CG-12520,Claire Gute,Consumer,United States,Dallas,Texas,75217,Central,3,1148.78,169.93,2017-01-26,SILVER,claire.gute@example.com,2019-12-31 22:00:00+00:00,a8e492e38cdda0eca75fbf3d06b39ac0,2019-12-31 22:00:00+00:00,,True
145,CH-12070,Cathy Hwang,Home Office,United States,Philadelphia,Pennsylvania,19143,East,3,1537.24,195.15,2016-02-08,SILVER,cathy.hwang@example.com,2019-12-31 22:00:00+00:00,2436576fba161ec208c0792359432413,2019-12-31 22:00:00+00:00,,True
146,CJ-11875,Carl Jackson,Corporate,United States,Philadelphia,Pennsylvania,19140,East,1,16.52,1.65,2016-12-30,BRONZE,carl.jackson@example.com,2019-12-31 22:00:00+00:00,4bf3ff358a9c2a693ed2ab3bf33d855c,2019-12-31 22:00:00+00:00,2020-01-15 06:30:00+00:00,False
973,CJ-11875,Carl Jackson,Corporate,United States,Austin,Texas,78701,Central,2,20.64,1.66,2020-01-15,BRONZE,carl.jackson@example.com,2020-01-15 06:30:00+00:00,45be319e4537c1d52832fb85bd48c5d5,2020-01-15 06:30:00+00:00,,True
147,CJ-12010,Caroline Jumper,Consumer,United States,New York City,New York,10009,East,8,11164.97,858.74,2017-06-24,PLATINUM,caroline.jumper@example.com,2019-12-31 22:00:00+00:00,c98edd59a873935209bbb0cf9e2604cd,2019-12-31 22:00:00+00:00,,True
148,CK-12205,Chloris Kastensmidt,Consumer,United States,Columbus,Ohio,00000,East,13,3154.86,141.28,2017-11-21,GOLD,chloris.kastensmidt@example.com,2019-12-31 22:00:00+00:00,ef4768cee18ac86dfc9559c78623b620,2019-12-31 22:00:00+00:00,,True
149,CK-12325,Christine Kargatis,Home Office,United States,Troy,Ohio,45373,East,5,2945.32,261.22,2017-09-01,GOLD,christine.kargatis@example.com,2019-12-31 22:00:00+00:00,52d436aac52c2d9483b0163b136e41dd,2019-12-31 22:00:00+00:00,,True
150,CK-12595,Clytie Kelty,Consumer,United States,Little Rock,Arkansas,72209,South,11,2372.75,497.71,2017-11-17,SILVER,clytie.kelty@example.com,2019-12-31 22:00:00+00:00,e57dfbae854e5b8ecebec89a8e6a37d3,2019-12-31 22:00:00+00:00,,True
151,CK-12760,Cyma Kinney,Corporate,United States,New York City,New York,10011,East,9,1582.11,-338.43,2017-10-09,SILVER,cyma.kinney@example.com,2019-12-31 22:00:00+00:00,059b95beebea3844ea614cfcf16834f1,2019-12-31 22:00:00+00:00,,True
152,CL-11890,Carl Ludwig,Consumer,United States,Everett,Massachusetts,02149,East,4,1262.01,328.08,2017-09-15,SILVER,carl.ludwig@example.com,2019-12-31 22:00:00+00:00,3071c4c08f7716cc9e1d3a31715fa751,2019-12-31 22:00:00+00:00,,True
153,CL-12565,Clay Ludtke,Consumer,United States,Cleveland,Ohio,44105,East,12,10880.55,1933.78,2017-03-21,PLATINUM,clay.ludtke@example.com,2019-12-31 22:00:00+00:00,190395cfffc47061734411107d2e3bc3,2019-12-31 22:00:00+00:00,,True
154,CL-12700,Craig Leslie,Home Office,United States,Colorado Springs,Colorado,80906,West,5,2353.59,229.01,2017-09-16,SILVER,craig.leslie@example.com,2019-12-31 22:00:00+00:00,4aa365b412a0b46d45fd2327578bb211,2019-12-31 22:00:00+00:00,,True
155,CM-11815,Candace McMahon,Corporate,United States,Seattle,Washington,98115,West,6,1673.89,214.46,2017-08-21,SILVER,candace.mcmahon@example.com,2019-12-31 22:00:00+00:00,1620b8f460049871e82a146d2bf9bd3c,2019-12-31 22:00:00+00:00,,True
156,CM-11935,Carlos Meador,Consumer,United States,Fayetteville,North Carolina,28314,South,2,565.39,-43.73,2016-01-22,BRONZE,carlos.meador@example.com,2019-12-31 22:00:00+00:00,8f94353b644ade192bd34b0a6f24865e,2019-12-31 22:00:00+00:00,,True
157,CM-12115,Chad McGuire,Consumer,United States,New York City,New York,10011,East,4,1661.61,409.07,2017-12-22,SILVER,chad.mcguire@example.com,2019-12-31 22:00:00+00:00,aa095a961cb718b29d37223082479f7e,2019-12-31 22:00:00+00:00,,True
158,CM-12160,Charles McCrossin,Unknown,United States,Philadelphia,Pennsylvania,19143,East,6,2533.31,-394.37,2017-12-04,GOLD,charles.mccrossin@example.com,2019-12-31 22:00:00+00:00,7ce9234301f22fb916f319370b84e9c8,2019-12-31 22:00:00+00:00,2020-01-15 06:30:00+00:00,False
974,CM-12160,Charles McCrossin,Consumer,United States,Philadelphia,Pennsylvania,19143,East,8,3386.73,-506.51,2020-01-15,GOLD,charles.mccrossin@example.com,2020-01-15 06:30:00+00:00,30711ccc0ceddc83309a306b6ae6bef3,2020-01-15 06:30:00+00:00,,True
159,CM-12190,Charlotte Melton,Consumer,United States,Rochester,Minnesota,55901,Central,6,1475.14,91.2,2017-12-22,SILVER,charlotte.melton@example.com,2019-12-31 22:00:00+00:00,5802928223d75cc4386079397f2855ce,2019-12-31 22:00:00+00:00,,True
160,CM-12235,Chris McAfee,Consumer,United States,Little Rock,Arkansas,72209,South,5,2305.71,365.04,2016-12-10,SILVER,chris.mcafee@example.com,2019-12-31 22:00:00+00:00,70ff1a6161376e22b7d06d7b2e54db7d,2019-12-31 22:00:00+00:00,,True
161,CM-12385,Christopher Martinez,Consumer,United States,Atlanta,Georgia,30318,South,4,8954.02,3899.89,2017-11-23,PLATINUM,christopher.martinez@example.com,2019-12-31 22:00:00+00:00,a7656f45cd50d5c2b18ad37146505b57,2019-12-31 22:00:00+00:00,,True
162,CM-12445,Chuck Magee,Consumer,United States,Redlands,California,92374,West,3,287.99,64.43,2016-10-20,BRONZE,chuck.magee@example.com,2019-12-31 22:00:00+00:00,5a6deb255ab0486d175aabbbe75a4d24,2019-12-31 22:00:00+00:00,,True
163,CM-12655,Corinna Mitchell,Home Office,United States,Los Angeles,California,90008,West,6,6339.56,1572.46,2017-12-03,PLATINUM,corinna.mitchell@example.com,2019-12-31 22:00:00+00:00,6fb7f298dc25964db0bc49213d54b943,2019-12-31 22:00:00+00:00,,True
164,CM-12715,Craig Molinari,Corporate,United States,Huntsville,Texas,77340,Central,4,3984.45,176.31,2015-03-01,GOLD,craig.molinari@example.com,2019-12-31 22:00:00+00:00,f926b23223a38f2aecdf993a90c8acdc,2019-12-31 22:00:00+00:00,,True
165,CP-12085,Cathy Prescott,Corporate,United States,Springfield,Missouri,65807,Central,8,5402.25,427.03,2017-10-09,PLATINUM,cathy.prescott@example.com,2019-12-31 22:00:00+00:00,99dd7816e30600835fbc2e423891e6b9,2019-12-31 22:00:00+00:00,,True
166,CP-12340,Christine Phan,Corporate,United States,New York City,New York,10024,East,8,5888.28,-1850.3,2017-07-23,PLATINUM,christine.phan@example.com,2019-12-31 22:00:00+00:00,5e0efcccfdca393f51ef3876a911a623,2019-12-31 22:00:00+00:00,,True
167,CR-12580,Clay Rozendal,Home Office,United States,Elmhurst,Illinois,60126,Central,4,2148.85,74.4,2017-11-03,SILVER,clay.rozendal@example.com,2019-12-31 22:00:00+00:00,bc85a7ffa2812e9d4a0582f2b14c1269,2019-12-31 22:00:00+00:00,,True
168,CR-12625,Corey Roper,Home Office,United States,Lakewood,New Jersey,08701,East,3,475.9,144.76,2016-09-16,BRONZE,corey.roper@example.com,2019-12-31 22:00:00+00:00,076e02461228c4e919e87e12c28a0bde,2019-12-31 22:00:00+00:00,,True
169,CR-12730,Craig Reiter,Consumer,United States,Columbus,Ohio,43229,East,4,1600.55,306.92,2017-10-13,SILVER,craig.reiter@example.com,2019-12-31 22:00:00+00:00,4ca9351c88dff2ea7a4de9ded4751ed2,2019-12-31 22:00:00+00:00,,True
170,CR-12820,Cyra Reiten,Home Office,United States,Houston,Texas,77041,Unknown,3,1397.87,83.27,2017-10-06,SILVER,cyra.reiten@example.com,2019-12-31 22:00:00+00:00,c26896c556ea380125d49ce0a8302e13,2019-12-31 22:00:00+00:00,,True
171,CS-11845,Cari Sayre,Corporate,United States,Seattle,Washington,98103,West,5,1278.95,185.38,2017-09-30,SILVER,cari.sayre@example.com,2019-12-31 22:00:00+00:00,81a3e3dc2ecf2e519c9468420c512583,2019-12-31 22:00:00+00:00,,True
172,CS-11860,Cari Schnelling,Consumer,United States,New York City,New York,10011,East,6,537.63,105.83,2017-07-21,BRONZE,cari.schnelling@example.com,2019-12-31 22:00:00+00:00,c0448110d6b8143bbe59ca9e9d834e2a,2019-12-31 22:00:00+00:00,,True
173,CS-11950,Carlos Soltero,Consumer,United States,Philadelphia,Pennsylvania,19140,East,11,3036.55,-126.42,2017-12-05,GOLD,carlos.soltero@example.com,2019-12-31 22:00:00+00:00,6d4bb2851abd668ab82ac1582752fe50,2019-12-31 22:00:00+00:00,,True
174,CS-12130,Chad Sievert,Consumer,United States,Los Angeles,California,90004,West,4,884.64,143.83,2016-08-28,BRONZE,chad.sievert@example.com,2019-12-31 22:00:00+00:00,068a3bc889dfe54a1260fdbc7667fb49,2019-12-31 22:00:00+00:00,,True
175,CS-12175,Charles Sheldon,Corporate,United States,San Francisco,California,94122,West,5,844.46,113.14,2017-05-12,BRONZE,charles.sheldon@example.com,2019-12-31 22:00:00+00:00,ed054a5aff1dd5f9987c1b77c85a4a33,2019-12-31 22:00:00+00:00,,True
176,CS-12250,Chris Selesnick,Corporate,United States,Bossier City,Louisiana,71111,South,12,2754.22,738.36,2017-12-04,GOLD,chris.selesnick@example.com,2019-12-31 22:00:00+00:00,ceda1a2c9bbe967d4f265b16c08552d7,2019-12-31 22:00:00+00:00,2020-01-15 06:30:00+00:00,False
975,CS-12250,Chris Selesnick,Corporate,United States,Bossier City,Louisiana,71111,South,13,3296.87,917.77,2020-01-15,GOLD,chris.selesnick@example.com,2020-01-15 06:30:00+00:00,861faa3ab4c4c01bfe73503b73d37892,2020-01-15 06:30:00+00:00,,True
177,CS-12355,Christine Sundaresam,Consumer,United States,Roswell,Georgia,30076,South,11,3362.27,831.94,2017-12-24,GOLD,christine.sundaresam@example.com,2019-12-31 23:45:00+00:00,efb5a8367dec9206d23cb0604d71a411,2019-12-31 22:00:00+00:00,,True
178,CS-12400,Christopher Schild,Home Office,United States,Tampa,Florida,00000,South,9,3651.86,-342.8,2017-12-28,GOLD,christopher.schild@example.com,2019-12-31 22:00:00+00:00,9a9beca4e7c7c84d51894bb28f7dcc5a,2019-12-31 22:00:00+00:00,,True
179,CS-12460,Chuck Sachs,Consumer,United States,New York City,New York,10009,East,2,550.64,156.26,2017-12-03,BRONZE,chuck.sachs@example.com,2019-12-31 22:00:00+00:00,7ccbdf96cd4a5e6e38261b2e3e8d67bb,2019-12-31 22:00:00+00:00,,True
180,CS-12490,Cindy Schnelling,Corporate,United States,Toledo,Ohio,43615,East,4,1077.23,-302.88,2016-11-01,SILVER,cindy.schnelling@example.com,2019-12-31 22:00:00+00:00,725fd7d383f02763f1b9594269c7b21a,2019-12-31 22:00:00+00:00,,True
181,CS-12505,Cindy Stewart,Consumer,United States,Lancaster,Ohio,43130,East,6,5690.05,-6626.39,2017-11-02,PLATINUM,cindy.stewart@example.com,2019-12-31 22:00:00+00:00,8397a34bc58be115d7241813b0f84ff0,2019-12-31 22:00:00+00:00,2020-01-15 06:30:00+00:00,False
976,CS-12505,Cindy Stewart,Consumer,United States,Lancaster,Ohio,43130,East,8,6876.8,-9344.1,2020-01-15,PLATINUM,cindy.stewart@example.com,2020-01-15 06:30:00+00:00,e237bd6c900740da1b47b70256ba9086,2020-01-15 06:30:00+00:00,,True
182,CT-11995,Carol Triggs,Consumer,United States,Tucson,Arizona,85705,West,8,3241.9,161.23,2017-09-25,GOLD,carol.triggs@example.com,2019-12-31 22:00:00+00:00,a5f058fc308a202fd836b403bf86bc6a,2019-12-31 22:00:00+00:00,2020-01-15 06:30:00+00:00,False
977,CT-11995,Carol Triggs,Consumer,United States,Tucson,Arizona,85705,West,12,4516.08,192.89,2020-01-15,GOLD,carol.triggs@example.com,2020-01-15 06:30:00+00:00,73ccfdfce9e0dc24ee7a6063139637ee,2020-01-15 06:30:00+00:00,,True
183,CV-12295,Christina VanderZanden,Consumer,United States,Fresno,California,93727,West,5,2830.63,493.09,2017-04-20,GOLD,christina.vanderzanden@example.com,2019-12-31 22:00:00+00:00,4d9964e234cba910c855ca39b4b1cb96,2019-12-31 22:00:00+00:00,,True
184,CV-12805,Cynthia Voltz,Corporate,United States,Austin,Texas,78745,Central,9,2370.31,99.0,2017-12-25,SILVER,cynthia.voltz@example.com,2019-12-31 22:00:00+00:00,ae37e2fa5ee8a8f86827d0de777cb99a,2019-12-31 22:00:00+00:00,2020-01-15 06:30:00+00:00,False
978,CV-12805,Cynthia Voltz,Corporate,United States,Austin,Texas,78745,Central,10,3231.35,132.28,2020-01-15,GOLD,cynthia.voltz@example.com,2020-01-15 06:30:00+00:00,372330c10a050475b15befaf35a6271b,2020-01-15 06:30:00+00:00,,True
185,CW-11905,Carl Weiss,Home Office,United States,Huntsville,Texas,77340,Central,6,1136.59,370.83,2017-12-08,SILVER,carl.weiss@example.com,2019-12-31 22:00:00+00:00,c31d5b1eadd6e4988943b4ad9b3146b9,2019-12-31 22:00:00+00:00,,True
186,CY-12745,Craig Yedwab,Corporate,United States,Chicago,Illinois,60610,Central,8,2900.03,60.65,2017-10-31,GOLD,craig.yedwab@example.com,2019-12-31 22:00:00+00:00,23e08cbd9db387b8ca1d22c084aa5551,2019-12-31 22:00:00+00:00,,True
187,Co-12640,Corey-Lock,Consumer,United States,Lawton,Oklahoma,73505,Central,5,1300.08,205.63,2016-06-29,SILVER,coreylock@example.com,2019-12-31 22:00:00+00:00,29c00bb14ab831efa09d2211dfbce4b7,2019-12-31 22:00:00+00:00,,True
188,DA-13450,Dianna Arnett,Home Office,United States,Lancaster,Ohio,43130,East,4,156.76,56.79,2017-01-12,BRONZE,dianna.arnett@example.com,2019-12-31 22:00:00+00:00,e9b979bd27b28b1808fcb7552f789ed2,2019-12-31 22:00:00+00:00,,True
834,DA-20084,Dev Ali,Consumer,United States,Philadelphia,Pennsylvania,19140,East,10,5290.66,644.67,2020-01-15,PLATINUM,dev.ali@example.com,2020-01-15 06:30:00+00:00,18565feb2ffaa8e7555efb37c233d97c,2020-01-15 06:30:00+00:00,,True
189,DB-12910,Daniel Byrd,Home Office,United States,Lake Forest,California,92630,West,8,2171.6,431.37,2017-12-09,SILVER,daniel.byrd@unknown.local,2019-12-31 22:00:00+00:00,75bb48798e1938b52876c626f971c85f,2019-12-31 22:00:00+00:00,,True
190,DB-12970,Darren Budd,Corporate,United States,Houston,Texas,77036,Central,5,2839.23,213.0,2017-05-03,GOLD,darren.budd@example.com,2019-12-31 22:00:00+00:00,f103126c64b430ae642758b93d021b2b,2019-12-31 22:00:00+00:00,,True
191,DB-13060,Dave Brooks,Consumer,United States,Skokie,Illinois,60076,Central,7,4758.23,473.03,2017-12-14,GOLD,dave.brooks@example.com,2019-12-31 23:45:00+00:00,4f411044540caeff0577e16b8caf9d8c,2019-12-31 22:00:00+00:00,2020-01-15 06:30:00+00:00,False
979,DB-13060,Dave Brooks,Corporate,United States,Denver,Colorado,80202,West,10,5936.23,629.75,2020-01-15,PLATINUM,dave.brooks@example.com,2020-01-15 06:30:00+00:00,501d5f30ad60398803eba0d0895797e9,2020-01-15 06:30:00+00:00,,True
192,DB-13120,David Bremer,Corporate,United States,Rochester,New York,14609,East,7,2973.09,-1421.77,2017-11-12,GOLD,david.bremer@example.com,2019-12-31 22:00:00+00:00,9b04bf906a85be623437fd6c5ef89c7a,2019-12-31 22:00:00+00:00,,True
193,DB-13210,Dean Braden,Consumer,United States,Detroit,Michigan,48234,Central,10,0.0,169.97,2017-12-21,SILVER,dean.braden@example.com,2019-12-31 22:00:00+00:00,6518dbe95fdf0bda1c6a5bb5f427021a,2019-12-31 22:00:00+00:00,,True
194,DB-13270,Deborah Brumfield,Home Office,United States,Providence,Rhode Island,02908,East,8,4655.9,841.83,2017-11-07,GOLD,deborah.brumfield@example.com,2019-12-31 22:00:00+00:00,a498f309792d00f181764e091a0b5a33,2019-12-31 22:00:00+00:00,,True
195,DB-13360,Dennis Bolton,Home Office,United States,Waterbury,Connecticut,06708,East,5,1081.47,291.01,2017-04-10,SILVER,dennis.bolton@example.com,2019-12-31 22:00:00+00:00,856af644009828e3c27753368bbb7dd1,2019-12-31 22:00:00+00:00,,True
196,DB-13405,Denny Blanton,Consumer,United States,New York City,New York,10011,East,4,1711.69,438.91,2017-06-26,SILVER,denny.blanton@example.com,2019-12-31 22:00:00+00:00,6505d316fae3cfb8ba8858f92738a95a,2019-12-31 22:00:00+00:00,,True
197,DB-13555,Dorothy Badders,Corporate,United States,Newark,Delaware,19711,East,7,3908.8,109.33,2017-09-14,GOLD,dorothy.badders@example.com,2019-12-31 22:00:00+00:00,5cca436e3f217f2538fb08c474f510d4,2019-12-31 22:00:00+00:00,,True
198,DB-13615,Doug Bickford,Consumer,United States,Los Angeles,California,90045,West,7,1989.05,438.8,2017-11-27,SILVER,doug.bickford@example.com,2019-12-31 22:00:00+00:00,6c60698920a3e754cf6896eb33829aa5,2019-12-31 22:00:00+00:00,,True
199,DB-13660,Duane Benoit,Consumer,United States,Los Angeles,California,90036,West,7,1155.2,177.67,2017-12-18,SILVER,duane.benoit@example.com,2019-12-31 22:00:00+00:00,7bf741a88568bcf18d3a812829abf29e,2019-12-31 22:00:00+00:00,,True
200,DC-12850,Dan Campbell,Consumer,United States,Memphis,Tennessee,38109,South,9,3336.17,-1441.63,2017-11-23,GOLD,dan.campbell@example.com,2019-12-31 22:00:00+00:00,6bfa9fd721770c30f3c85e22148f6e2c,2019-12-31 22:00:00+00:00,,True
201,DC-13285,Debra Catini,Consumer,United States,Cottage Grove,Minnesota,55016,Central,5,1174.62,132.07,2017-12-07,SILVER,debra.catini@example.com,2019-12-31 22:00:00+00:00,6cd6100de4832eaf4e4fec65adbfde1e,2019-12-31 22:00:00+00:00,,True
202,DD-13570,Dorothy Dickinson,Consumer,United States,Los Angeles,California,90049,West,6,269.54,36.43,2017-11-19,BRONZE,dorothy.dickinson@example.com,2019-12-31 22:00:00+00:00,014d3f3aaac073cbab899482d3c7c31a,2019-12-31 22:00:00+00:00,,True
203,DE-13255,Deanra Eno,Home Office,United States,Springfield,Ohio,45503,East,5,2550.87,464.47,2016-01-11,GOLD,deanra.eno@example.com,2019-12-31 22:00:00+00:00,f9fd6d2d5c72e1e7013d9025348e5bcf,2019-12-31 22:00:00+00:00,2020-01-15 06:30:00+00:00,False
980,DE-13255,Deanra Eno,Home Office,United States,Seattle,Washington,98101,West,6,3491.09,507.96,2020-01-15,GOLD,deanra.eno@example.com,2020-01-15 06:30:00+00:00,e5f4fcaa6bc6b0b5a5ff1efaadf7f4cc,2020-01-15 06:30:00+00:00,,True
204,DF-13135,David Flashing,Consumer,United States,Rockford,Illinois,61107,Central,3,2390.53,-259.31,2016-01-30,SILVER,david.flashing@example.com,2019-12-31 22:00:00+00:00,b0e55444aaf6b2931aea8bc3bd5e219d,2019-12-31 22:00:00+00:00,,True
205,DG-13300,Deirdre Greer,Corporate,United States,Philadelphia,Pennsylvania,19134,East,5,3195.82,562.78,2017-11-28,GOLD,deirdre.greer@example.com,2019-12-31 22:00:00+00:00,2140ae036c76e169c12b422338d18af4,2019-12-31 22:00:00+00:00,,True
206,DH-13075,Dave Hallsten,Corporate,United States,Fairfield,California,94533,West,6,4932.87,1193.74,2017-03-28,GOLD,dave.hallsten@example.com,2019-12-31 22:00:00+00:00,bd54b437f06912ad34c4492b7e8f743c,2019-12-31 22:00:00+00:00,,True
207,DH-13675,Duane Huffman,Home Office,United States,Miami,Florida,33180,South,4,1043.1,116.67,2015-11-15,SILVER,duane.huffman@example.com,2019-12-31 22:00:00+00:00,89293da967b3eed616974c9492d628dd,2019-12-31 22:00:00+00:00,2020-01-15 06:30:00+00:00,False
981,DH-13675,Duane Huffman,Home Office,United States,Miami,Florida,33180,South,7,1236.05,116.93,2020-01-15,SILVER,duane.huffman@example.com,2020-01-15 06:30:00+00:00,0f8d946459c29ddf4022d4e018ee7f2e,2020-01-15 06:30:00+00:00,,True
208,DJ-13420,Denny Joy,Corporate,United States,San Francisco,California,94110,West,4,2012.52,483.04,2016-04-02,SILVER,denny.joy@example.com,2019-12-31 22:00:00+00:00,99a0280dcf7e190a6be4deeefe472b79,2019-12-31 22:00:00+00:00,,True
209,DJ-13510,Don Jones,Corporate,United States,Little Rock,Arkansas,72209,South,8,2501.69,345.25,2017-11-12,GOLD,don.jones@example.com,2019-12-31 22:00:00+00:00,84a062e2a6f4b919193201fcd66965fc,2019-12-31 22:00:00+00:00,,True
210,DJ-13630,Doug Jacobs,Consumer,United States,New York City,New York,10009,East,3,3356.4,731.56,2017-12-18,GOLD,doug.jacobs@example.com,2019-12-31 22:00:00+00:00,c285c27de1c25aa755849e86c5634ec2,2019-12-31 22:00:00+00:00,,True
211,DK-12835,Damala Kotsonis,Corporate,United States,Salinas,California,93905,West,12,3419.3,881.12,2017-12-09,GOLD,damala.kotsonis@example.com,2019-12-31 23:45:00+00:00,589162fc03dfa258bbfaa041bceff309,2019-12-31 22:00:00+00:00,,True
212,DK-12895,Dana Kaydos,Consumer,United States,Seattle,Washington,98103,West,5,4282.18,937.65,2017-11-15,GOLD,dana.kaydos@example.com,2019-12-31 22:00:00+00:00,86b9629af9a6061685a3aa4a8fb133ba,2019-12-31 22:00:00+00:00,,True
213,DK-12985,Darren Koutras,Consumer,United States,Hendersonville,Tennessee,37075,South,5,1687.04,-107.35,2017-12-23,SILVER,darren.koutras@unknown.local,2019-12-31 22:00:00+00:00,053eff8a2e321e3a56d643ba716a5baa,2019-12-31 22:00:00+00:00,,True
214,DK-13090,Dave Kipp,Consumer,United States,Clinton,Maryland,20735,East,7,2650.56,536.39,2017-11-18,GOLD,dave.kipp@example.com,2019-12-31 22:00:00+00:00,4ac406c4e72183f910da1855a491e7bf,2019-12-31 22:00:00+00:00,,True
215,DK-13150,David Kendrick,Corporate,United States,New York City,New York,10009,East,2,797.83,249.94,2017-12-20,BRONZE,david.kendrick@example.com,2019-12-31 22:00:00+00:00,8fd58f96fceac26b20ef17deed4b5d64,2019-12-31 22:00:00+00:00,,True
216,DK-13225,Dean Katz,Corporate,United States,Philadelphia,Pennsylvania,19140,East,9,4802.39,209.9,2017-12-20,GOLD,dean.katz@example.com,2019-12-31 22:00:00+00:00,388213099ea25ed07f4df471fb26844a,2019-12-31 22:00:00+00:00,,True
217,DK-13375,Dennis Kane,Consumer,United States,Seattle,Washington,98105,West,8,3318.49,377.08,2017-12-11,GOLD,dennis.kane@example.com,2019-12-31 22:00:00+00:00,5cd5149e2caedfdbce0a31b89775aa74,2019-12-31 22:00:00+00:00,,True
218,DL-12865,Dan Lawera,Consumer,United States,Unknown,California,90805,West,8,1503.11,322.24,2017-09-21,SILVER,dan.lawera@example.com,2019-12-31 22:00:00+00:00,9ef9618cf340e0c147551f5033053c46,2019-12-31 22:00:00+00:00,,True
219,DL-12925,Daniel Lacy,Consumer,United States,Eagan,Minnesota,55122,Central,6,3272.2,4.21,2017-11-03,GOLD,daniel.lacy@example.com,2019-12-31 22:00:00+00:00,c947e5fdb49410a8831920610359e14c,2019-12-31 22:00:00+00:00,,True
220,DL-13315,Delfina Latchford,Consumer,United States,New York City,New York,10035,Unknown,8,1458.26,288.87,2017-12-08,SILVER,delfina.latchford@example.com,2019-12-31 22:00:00+00:00,f379fb9dc6a3ec6140cb07c7634c7dcf,2019-12-31 22:00:00+00:00,,True
221,DL-13330,Denise Leinenbach,Consumer,United States,Lawrence,Indiana,46226,Central,4,585.02,222.68,2017-11-03,BRONZE,denise.leinenbach@example.com,2019-12-31 22:00:00+00:00,f38a4146a9685957570572f4a5f19b19,2019-12-31 22:00:00+00:00,,True
222,DL-13495,Dionis Lloyd,Corporate,United States,Detroit,Michigan,48227,Central,8,3539.32,-52.79,2017-10-15,GOLD,dionis.lloyd@unknown.local,2019-12-31 22:00:00+00:00,ba623f6e665ead582b1aca8106153024,2019-12-31 22:00:00+00:00,,True
223,DM-12955,Dario Medina,Corporate,United States,Houston,Texas,77036,Central,7,1322.03,108.76,2017-09-07,SILVER,dario.medina@example.com,2019-12-31 22:00:00+00:00,e28dad4b3471838fd160392565c78810,2019-12-31 22:00:00+00:00,,True
224,DM-13015,Darrin Martin,Consumer,United States,New York City,New York,10009,East,7,6345.1,1677.39,2017-11-03,PLATINUM,darrin.martin@example.com,2019-12-31 22:00:00+00:00,3e0bf96a31fc24af59c379882b5c6991,2019-12-31 22:00:00+00:00,,True
225,DM-13345,Denise Monton,Corporate,United States,San Francisco,California,94109,West,8,4074.47,1319.06,2017-12-08,GOLD,denise.monton@example.com,2019-12-31 22:00:00+00:00,92ffa857066185a5dd972625cd936116,2019-12-31 22:00:00+00:00,,True
226,DM-13525,Don Miller,Corporate,United States,New York City,New York,10035,East,3,1376.79,199.77,2016-09-05,SILVER,don.miller@example.com,2019-12-31 22:00:00+00:00,8298d45dc5c645c79c5b80b7430af6b9,2019-12-31 22:00:00+00:00,,True
227,DN-13690,Duane Noonan,Consumer,United States,Columbia,Maryland,21044,East,7,2139.79,540.54,2017-05-27,SILVER,duane.noonan@example.com,2019-12-31 22:00:00+00:00,eb0cdbdb879a470d9088cbeed6da26bc,2019-12-31 22:00:00+00:00,,True
228,DO-13435,Denny Ordway,Consumer,United States,Columbus,Ohio,43229,East,9,1300.03,-38.91,2017-08-19,SILVER,denny.ordway@example.com,2019-12-31 22:00:00+00:00,fc722580cd17c0cfe2a811fdb64770d0,2019-12-31 22:00:00+00:00,,True
229,DO-13645,Doug O'Connell,Consumer,United States,Paterson,New Jersey,07501,East,7,1267.32,294.07,2017-12-04,SILVER,doug.oconnell@example.com,2019-12-31 22:00:00+00:00,323c748c8cae4dda089b4771c7e77a74,2019-12-31 22:00:00+00:00,,True
230,DP-13000,Darren Powers,Consumer,United States,New Albany,Indiana,47150,Central,9,1050.64,241.45,2017-08-26,SILVER,darren.powers@example.com,2019-12-31 22:00:00+00:00,544d05e9a06efa3710dca3c4dcf4ec04,2019-12-31 22:00:00+00:00,,True
231,DP-13105,Dave Poirier,Corporate,United States,Hempstead,New York,11550,East,8,2215.0,563.18,2017-12-24,SILVER,dave.poirier@example.com,2019-12-31 22:00:00+00:00,d67e28e35286a94f3f2a046de5ff67c3,2019-12-31 22:00:00+00:00,2020-01-15 06:30:00+00:00,False
982,DP-13105,Dave Poirier,Corporate,United States,Hempstead,New York,11550,East,9,2842.73,812.18,2020-01-15,GOLD,dave.poirier@example.com,2020-01-15 06:30:00+00:00,bfaabb78140ecd94a38682e6b7498ac9,2020-01-15 06:30:00+00:00,,True
232,DP-13165,David Philippe,Consumer,United States,New York City,New York,10035,East,2,1058.62,-40.94,2015-10-10,SILVER,david.philippe@example.com,2019-12-31 22:00:00+00:00,3037f49b0c0ef7fc2e3b9e120351a869,2019-12-31 22:00:00+00:00,2020-01-15 06:30:00+00:00,False
983,DP-13165,David Philippe,Consumer,United States,New York City,New York,10035,East,3,1497.61,-49.24,2020-01-15,SILVER,david.philippe@example.com,2020-01-15 06:30:00+00:00,7695429b40db89feafd7e1f77ca1fabb,2020-01-15 06:30:00+00:00,,True
233,DP-13390,Dennis Pardue,Home Office,United States,North Las Vegas,Nevada,89031,West,9,5480.72,1571.83,2017-01-06,PLATINUM,dennis.pardue@example.com,2019-12-31 22:00:00+00:00,1fc3a275f8fd8cfff60839b51fbd8c79,2019-12-31 22:00:00+00:00,,True
840,DP-20007,Diya Patel,Corporate,United States,Los Angeles,California,90036,West,3,975.72,160.7,2020-01-15,BRONZE,diya.patel@example.com,2020-01-15 06:30:00+00:00,0c9230d64b631624ec105d5bff8dcf29,2020-01-15 06:30:00+00:00,,True
234,DR-12880,Dan Reichenbach,Corporate,United States,Inglewood,California,90301,West,9,6528.03,1641.86,2017-12-27,PLATINUM,dan.reichenbach@example.com,2019-12-31 22:00:00+00:00,955e21d486c03ea5d6da81485aa858ef,2019-12-31 22:00:00+00:00,2020-01-15 06:30:00+00:00,False
984,DR-12880,Dan Reichenbach,Corporate,United States,Inglewood,California,90301,West,11,7391.45,1776.48,2020-01-15,PLATINUM,dan.reichenbach@example.com,2020-01-15 06:30:00+00:00,de9841fca1af819cf0eb8bff08cccefe,2020-01-15 06:30:00+00:00,,True
235,DR-12940,Daniel Raglin,Home Office,United States,Franklin,Massachusetts,02038,East,8,8350.87,2869.08,2017-11-10,PLATINUM,daniel.raglin@example.com,2019-12-31 22:00:00+00:00,4becd51ec00060de18fc92d7f6e5126c,2019-12-31 22:00:00+00:00,,True
236,DS-13030,Darrin Sayre,Home Office,United States,Aurora,Colorado,80013,West,4,1762.21,193.33,2017-09-28,SILVER,darrin.sayre@example.com,2019-12-31 22:00:00+00:00,99d4f39be2dfd8764067cce217c44a24,2019-12-31 22:00:00+00:00,,True
237,DS-13180,David Smith,Corporate,United States,Philadelphia,Pennsylvania,19140,East,9,2881.81,163.7,2017-12-07,GOLD,david.smith@example.com,2019-12-31 22:00:00+00:00,c48fa72e05c88b5a7b4f98d041a5d007,2019-12-31 22:00:00+00:00,,True
238,DV-13045,Darrin Van Huff,Corporate,United States,Jacksonville,Florida,32216,South,5,1119.48,-427.18,2017-12-11,SILVER,darrin.van.huff@example.com,2019-12-31 22:00:00+00:00,6dc76a8b619c9ec88bde2ef64990257c,2019-12-31 22:00:00+00:00,,True
239,DV-13465,Dianna Vittorini,Consumer,United States,Denver,Colorado,80219,West,6,3341.59,353.21,2017-12-01,GOLD,dianna.vittorini@unknown.local,2019-12-31 22:00:00+00:00,68130d95a87211fd54d9e6af72cbbdc8,2019-12-31 22:00:00+00:00,,True
240,DW-13195,David Wiener,Corporate,United States,Houston,Texas,77095,Central,6,1080.75,-86.87,2017-10-22,SILVER,david.wiener@example.com,2019-12-31 22:00:00+00:00,eac07cb62bfd968fe4e4bba0908b8cec,2019-12-31 22:00:00+00:00,,True
241,DW-13480,Dianna Wilson,Home Office,United States,Lakeville,Minnesota,55044,Central,5,5271.63,1348.76,2017-05-27,PLATINUM,dianna.wilson@example.com,2019-12-31 22:00:00+00:00,14085018297f0c9f5001180a258b0048,2019-12-31 22:00:00+00:00,,True
242,DW-13540,Don Weiss,Consumer,United States,Seattle,Washington,98105,West,5,361.28,69.67,2017-09-23,BRONZE,don.weiss@example.com,2019-12-31 23:45:00+00:00,01e8305ce4b605d21831e251122bc21a,2019-12-31 22:00:00+00:00,,True
243,DW-13585,Dorothy Wardle,Corporate,United States,Columbus,Ohio,43229,East,7,1204.85,-266.9,2017-05-02,SILVER,dorothy.wardle@example.com,2019-12-31 22:00:00+00:00,dce2777d2f1b9f00ceafebc28fc872aa,2019-12-31 22:00:00+00:00,,True
244,Dl-13600,Dorris liebe,Corporate,United States,Seattle,Washington,98105,West,5,755.6,175.24,2017-09-02,BRONZE,dorris.liebe@example.com,2019-12-31 22:00:00+00:00,628a5516126b0639713ab41c3dc61a43,2019-12-31 22:00:00+00:00,,True
245,Dp-13240,Dean percer,Home Office,United States,Knoxville,Tennessee,37918,South,11,7198.76,333.36,2017-10-07,PLATINUM,dean.percer@example.com,2019-12-31 22:00:00+00:00,cc1b516325f77091d2817b6bf5756fef,2019-12-31 22:00:00+00:00,,True
246,EA-14035,Erin Ashbrook,Corporate,United States,Columbus,Ohio,43229,East,13,2846.7,-52.74,2017-07-31,GOLD,erin.ashbrook@example.com,2019-12-31 22:00:00+00:00,3f6fccb30f8c1e3222a8582836695285,2019-12-31 22:00:00+00:00,,True
247,EB-13705,Ed Braxton,Corporate,United States,Akron,Ohio,44312,East,9,3644.98,13.62,2017-11-12,GOLD,ed.braxton@example.com,2019-12-31 22:00:00+00:00,d7bd912e6b1317ddd019fe3ca4aa40d9,2019-12-31 22:00:00+00:00,,True
248,EB-13750,Edward Becker,Corporate,United States,New York City,New York,00000,East,10,3236.31,-80.29,2017-11-25,GOLD,edward.becker@unknown.local,2019-12-31 22:00:00+00:00,9d8a7d5536dd3dc59d6684f41303e23a,2019-12-31 22:00:00+00:00,,True
249,EB-13840,Ellis Ballard,Corporate,United States,Seattle,Washington,98105,West,5,4358.13,656.2,2017-10-01,GOLD,ellis.ballard@example.com,2019-12-31 22:00:00+00:00,52e04aeea3372e6666674e70468abd04,2019-12-31 22:00:00+00:00,,True
250,EB-13870,Emily Burns,Consumer,United States,Phoenix,Arizona,85023,West,10,2767.22,261.53,2017-09-21,GOLD,emily.burns@example.com,2019-12-31 22:00:00+00:00,b41bbae2b61aea864bf862de1ba23af8,2019-12-31 22:00:00+00:00,,True
251,EB-13930,Eric Barreto,Consumer,United States,Saint Petersburg,Florida,33710,South,5,944.6,0.6,2017-07-22,BRONZE,eric.barreto@example.com,2019-12-31 22:00:00+00:00,0dc411eeb405d1bab4e15df9d4b6d546,2019-12-31 22:00:00+00:00,,True
252,EB-13975,Erica Bern,Corporate,United States,Fairfield,California,00000,West,4,1643.26,162.88,2017-12-30,SILVER,erica.bern@example.com,2019-12-31 22:00:00+00:00,f4959f589255a02324a787706607a6c2,2019-12-31 22:00:00+00:00,,True
253,EB-14110,Eugene Barchas,Consumer,United States,Philadelphia,Pennsylvania,19134,East,6,3071.13,184.77,2017-09-08,GOLD,eugene.barchas@example.com,2019-12-31 22:00:00+00:00,fc44108381b053a1418197e92e93ad85,2019-12-31 22:00:00+00:00,,True
254,EB-14170,Evan Bailliet,Consumer,United States,Seattle,Washington,98115,West,6,1186.33,282.17,2017-10-09,SILVER,evan.bailliet@example.com,2019-12-31 22:00:00+00:00,77238d2c614328466617fdf7f6d1ed86,2019-12-31 22:00:00+00:00,,True
255,EC-14050,Erin Creighton,Consumer,United States,Columbus,Georgia,31907,South,5,461.91,96.43,2017-11-07,BRONZE,erin.creighton@example.com,2019-12-31 22:00:00+00:00,148c4ee0cf2603bca496182439ec8c60,2019-12-31 22:00:00+00:00,,True
256,ED-13885,Emily Ducich,Home Office,United States,Houston,Texas,77095,Central,8,3484.92,670.44,2017-08-17,GOLD,emily.ducich@example.com,2019-12-31 22:00:00+00:00,d7ea5b1dda740f7744e83a4ffe52ead4,2019-12-31 22:00:00+00:00,,True
842,EF-20210,Ethan Ford,Consumer,United States,San Diego,California,92024,West,10,7071.75,1118.33,2020-01-15,PLATINUM,ethan.ford@example.com,2020-01-15 06:30:00+00:00,c22d1b34e368884b76810d7cd33e1c9a,2020-01-15 06:30:00+00:00,,True
257,EG-13900,Emily Grady,Consumer,United States,Oceanside,New York,11572,East,5,1923.62,104.27,2017-12-08,SILVER,emily.grady@example.com,2019-12-31 23:45:00+00:00,9218a2ca6fd431a9b1e84fb5ab0adbfe,2019-12-31 22:00:00+00:00,2020-01-15 06:30:00+00:00,False
985,EG-13900,Emily Grady,Consumer,United States,Oceanside,New York,11572,East,9,2454.22,134.63,2020-01-15,SILVER,emily.grady@example.com,2020-01-15 06:30:00+00:00,774cee8c1045b759e4afde7072613a6f,2020-01-15 06:30:00+00:00,,True
258,EH-13765,Edward Hooks,Corporate,United States,Seattle,Washington,98103,West,12,10310.88,1393.52,2017-08-17,PLATINUM,edward.hooks@unknown.local,2019-12-31 22:00:00+00:00,673078946045baa5fcb75ce589ba04e3,2019-12-31 22:00:00+00:00,,True
259,EH-13945,Eric Hoffmann,Consumer,United States,Houston,Texas,00000,Central,8,684.17,53.54,2017-05-27,BRONZE,eric.hoffmann@example.com,2019-12-31 22:00:00+00:00,d602ac7598edb1010948900780cea263,2019-12-31 22:00:00+00:00,,True
260,EH-13990,Erica Hackney,Consumer,United States,Meriden,Connecticut,06450,East,6,825.95,150.38,2016-11-20,BRONZE,erica.hackney@example.com,2019-12-31 22:00:00+00:00,8efdb2ff1a221f4cd46cdd3db86fa995,2019-12-31 22:00:00+00:00,,True
261,EH-14005,Erica Hernandez,Home Office,United States,Hialeah,Florida,33012,South,7,1219.53,-94.14,2017-12-28,SILVER,erica.hernandez@example.com,2019-12-31 22:00:00+00:00,1e1bf0e754d5c53b9e6f01f10adc2e83,2019-12-31 22:00:00+00:00,,True
262,EH-14125,Eugene Hildebrand,Home Office,United States,San Francisco,California,94110,West,10,3082.65,96.27,2017-07-31,GOLD,eugene.hildebrand@example.com,2019-12-31 22:00:00+00:00,b4cba879168ed810211e3c3a228a5581,2019-12-31 22:00:00+00:00,,True
263,EH-14185,Evan Henry,Consumer,United States,Decatur,Alabama,35601,South,6,923.88,242.11,2017-09-16,BRONZE,evan.henry@example.com,2019-12-31 22:00:00+00:00,1e2b7a4e65e6be61b8f7641d50b96bb5,2019-12-31 22:00:00+00:00,,True
264,EJ-13720,Ed Jacobs,Consumer,United States,San Diego,California,92037,West,4,2162.17,387.02,2017-03-03,SILVER,ed.jacobs@example.com,2019-12-31 22:00:00+00:00,025384de6fc3d1dd5f1adbf8c80649e5,2019-12-31 22:00:00+00:00,,True
265,EJ-14155,Eva Jacobs,Consumer,United States,Franklin,Massachusetts,02038,East,5,2656.69,451.88,2017-11-03,GOLD,eva.jacobs@example.com,2019-12-31 22:00:00+00:00,6f6c1c9a0f41706a7b96208505a2615d,2019-12-31 22:00:00+00:00,,True
266,EK-13795,Eileen Kiefer,Home Office,United States,Chicago,Illinois,60610,Central,4,1303.48,97.11,2017-11-16,SILVER,eileen.kiefer@example.com,2019-12-31 22:00:00+00:00,ed7bb3aae91041f5e39c949f3dce3e9b,2019-12-31 22:00:00+00:00,,True
267,EL-13735,Ed Ludwig,Home Office,United States,Columbia,Maryland,21044,East,2,124.28,27.12,2017-10-14,BRONZE,ed.ludwig@example.com,2019-12-31 22:00:00+00:00,230023b9e558f47306b14f889d31a939,2019-12-31 22:00:00+00:00,,True
268,EM-13810,Eleni McCrary,Corporate,United States,New York City,New York,10009,East,5,2567.01,-133.83,2017-08-20,GOLD,eleni.mccrary@example.com,2019-12-31 22:00:00+00:00,705e65166bc065340ffc7597a1c6d242,2019-12-31 22:00:00+00:00,,True
269,EM-13825,Elizabeth Moffitt,Corporate,United States,Sioux Falls,South Dakota,57103,Central,8,2339.6,682.55,2017-11-05,SILVER,elizabeth.moffitt@example.com,2019-12-31 22:00:00+00:00,c0e64e3782241d80689abd8236a1d70e,2019-12-31 22:00:00+00:00,,True
270,EM-13960,Eric Murdock,Consumer,United States,Quincy,Illinois,62301,Central,5,933.7,102.3,2017-08-01,BRONZE,eric.murdock@example.com,2019-12-31 22:00:00+00:00,3775362e58edca1d9345a30973a2d25f,2019-12-31 22:00:00+00:00,,True
271,EM-14065,Erin Mull,Consumer,United States,Jacksonville,North Carolina,28540,South,4,228.99,40.15,2017-11-13,BRONZE,erin.mull@example.com,2019-12-31 22:00:00+00:00,171c868db044e01fdccd4b0dfc4a02b9,2019-12-31 22:00:00+00:00,,True
272,EM-14095,Eudokia Martin,Corporate,United States,Los Angeles,California,90036,West,4,1041.04,240.24,2017-09-08,SILVER,eudokia.martin@example.com,2019-12-31 22:00:00+00:00,5e354a388366a112753dce6466e64d93,2019-12-31 22:00:00+00:00,,True
273,EM-14140,Eugene Moren,Home Office,United States,Superior,Wisconsin,54880,Central,6,4588.44,1319.37,2017-11-12,GOLD,eugene.moren@example.com,2019-12-31 22:00:00+00:00,ec3fce44543aeec7c1a85d839db79864,2019-12-31 22:00:00+00:00,,True
274,EM-14200,Evan Minnotte,Home Office,United States,Virginia Beach,Virginia,23464,Unknown,3,366.82,21.77,2017-07-25,BRONZE,evan.minnotte@example.com,2019-12-31 22:00:00+00:00,e803dec3acf838afdcabdcfd81340167,2019-12-31 22:00:00+00:00,,True
275,EN-13780,Edward Nazzal,Consumer,United States,New York City,New York,10035,East,4,2199.37,496.11,2017-03-18,SILVER,edward.nazzal@example.com,2019-12-31 22:00:00+00:00,6672d809ba73b99f98433aec1dec3888,2019-12-31 22:00:00+00:00,2020-01-15 06:30:00+00:00,False
986,EN-13780,Edward Nazzal,Corporate,United States,New York City,New York,10035,East,7,2822.68,699.73,2020-01-15,GOLD,edward.nazzal@example.com,2020-01-15 06:30:00+00:00,958f2caa8c714e0a788a4a7ed8ebcdef,2020-01-15 06:30:00+00:00,,True
276,EP-13915,Emily Phan,Consumer,United States,Houston,Texas,77036,Central,17,5478.06,144.96,2017-12-18,PLATINUM,emily.phan@example.com,2019-12-31 22:00:00+00:00,a113134251783ce9d4d07ac1930666a8,2019-12-31 22:00:00+00:00,,True
845,EP-20133,Elena Petrova,Corporate,United States,Houston,Texas,77041,Central,4,5800.79,536.95,2020-01-15,PLATINUM,elena.petrova@example.com,2020-01-15 06:30:00+00:00,d7402ef3e365dc96f79767b2704096df,2020-01-15 06:30:00+00:00,,True
277,ER-13855,Elpida Rittenbach,Corporate,United States,Charlotte,North Carolina,28205,South,3,1245.79,-295.74,2016-11-04,SILVER,elpida.rittenbach@example.com,2019-12-31 22:00:00+00:00,86c52d03bdad655347c4cbd321de7cc3,2019-12-31 22:00:00+00:00,,True
278,ES-14020,Erica Smith,Consumer,United States,Los Angeles,California,90049,West,5,3510.46,1003.29,2017-11-20,GOLD,erica.smith@example.com,2019-12-31 22:00:00+00:00,9c55ff264942b155ff4e6389e883a70a,2019-12-31 22:00:00+00:00,,True
279,ES-14080,Erin Smith,Corporate,United States,Tempe,Arizona,85281,West,9,4657.92,246.67,2017-12-02,GOLD,erin.smith@example.com,2019-12-31 22:00:00+00:00,1be865af0d77bb09110e9ed81864dfb6,2019-12-31 22:00:00+00:00,,True
280,FA-14230,Frank Atkinson,Corporate,United States,Denver,Colorado,80219,West,7,2984.05,520.52,2017-09-24,GOLD,frank.atkinson@example.com,2019-12-31 22:00:00+00:00,e07cb9690edda73b52e8fb48c8f7b50c,2019-12-31 22:00:00+00:00,,True
281,FC-14245,Frank Carlisle,Home Office,United States,Unknown,California,94109,West,7,3418.74,1217.17,2017-10-21,GOLD,frank.carlisle@example.com,2019-12-31 22:00:00+00:00,143af3aa90f743186648ebaa1269c271,2019-12-31 22:00:00+00:00,,True
282,FC-14335,Fred Chung,Corporate,United States,Chicago,Illinois,00000,Central,7,3889.37,714.29,2017-06-29,GOLD,fred.chung@example.com,2019-12-31 22:00:00+00:00,6fc301affb95121386d0258877eb8d3c,2019-12-31 22:00:00+00:00,,True
283,FG-14260,Frank Gastineau,Home Office,United States,Lawrence,Massachusetts,01841,East,7,1383.14,394.74,2017-11-26,SILVER,frank.gastineau@example.com,2019-12-31 22:00:00+00:00,5572fd5b577033d42286f6d378c28509,2019-12-31 22:00:00+00:00,,True
284,FH-14275,Frank Hawley,Corporate,United States,La Porte,Indiana,46350,Central,10,4256.27,1073.27,2017-11-23,GOLD,frank.hawley@example.com,2019-12-31 22:00:00+00:00,58f8c1745f6234cb9a0656689eef83ec,2019-12-31 22:00:00+00:00,,True
285,FH-14350,Fred Harton,Consumer,United States,Atlanta,Georgia,30318,South,4,2271.28,706.29,2017-06-01,SILVER,fred.harton@example.com,2019-12-31 22:00:00+00:00,eac0a84d745528e0ab0ea53ed0c45386,2019-12-31 22:00:00+00:00,,True
286,FH-14365,Fred Hopkins,Corporate,United States,Seattle,Washington,98115,West,8,6987.2,2050.28,2017-12-25,PLATINUM,fred.hopkins@example.com,2019-12-31 22:00:00+00:00,9fc943fdaeed7b7a94883d74edd2a118,2019-12-31 22:00:00+00:00,,True
846,FL-20147,Freya Larsen,Consumer,United States,Phoenix,Arizona,85023,West,8,1639.93,455.06,2020-01-15,SILVER,freya.larsen@example.com,2020-01-15 06:30:00+00:00,8406ec324a7ece683c024fce2d55c4e2,2020-01-15 06:30:00+00:00,,True
287,FM-14215,Filia McAdams,Corporate,United States,Richmond,Kentucky,00000,South,10,2456.64,249.68,2017-12-23,SILVER,filia.mcadams@example.com,2019-12-31 22:00:00+00:00,a68a6385ebbbf9fc928e9459827d4007,2019-12-31 22:00:00+00:00,,True
288,FM-14290,Frank Merwin,Home Office,United States,San Francisco,California,94122,West,9,3736.2,198.11,2017-11-24,GOLD,frank.merwin@example.com,2019-12-31 22:00:00+00:00,dfeaa5ee7ff1988dc74b76d478ff2254,2019-12-31 22:00:00+00:00,,True
289,FM-14380,Fred McMath,Consumer,United States,Aurora,Colorado,80013,West,9,2523.27,191.49,2017-08-07,GOLD,fred.mcmath@example.com,2019-12-31 22:00:00+00:00,8438fe98bc3ce78e27946662378cf7f0,2019-12-31 22:00:00+00:00,,True
290,FO-14305,Frank Olsen,Consumer,United States,Glendale,Arizona,85301,West,10,2678.44,215.6,2017-11-22,GOLD,frank.olsen@example.com,2019-12-31 22:00:00+00:00,7c86c102a58c9a215203988081d70621,2019-12-31 22:00:00+00:00,,True
291,FP-14320,Frank Preis,Consumer,United States,Huntsville,Texas,77340,Central,8,4046.75,406.45,2017-12-07,GOLD,frank.preis@example.com,2019-12-31 22:00:00+00:00,7eec587c28ade4cecdcc17f405a580d5,2019-12-31 22:00:00+00:00,,True
292,FW-14395,Fred Wasserman,Corporate,United States,Huntsville,Alabama,35810,South,3,79.75,23.49,2017-01-02,BRONZE,fred.wasserman@example.com,2019-12-31 22:00:00+00:00,82bfe8fa74dca69c9d9d2236fb05a45d,2019-12-31 22:00:00+00:00,,True
847,FW-20182,Felix Weber,Home Office,United States,Chicago,Illinois,60610,Central,11,5324.13,711.74,2020-01-15,PLATINUM,felix.weber@example.com,2020-01-15 06:30:00+00:00,d7e7878c0f3ac5294fd0f11ee4a11996,2020-01-15 06:30:00+00:00,,True
293,GA-14515,George Ashbrook,Consumer,United States,San Francisco,California,94122,West,8,3919.78,840.9,2017-08-03,GOLD,george.ashbrook@example.com,2019-12-31 22:00:00+00:00,6cab92385c983345e588bae5adf9f62a,2019-12-31 22:00:00+00:00,,True
294,GA-14725,Guy Armstrong,Consumer,United States,Columbia,Missouri,65203,Central,11,1398.38,136.71,2017-12-25,SILVER,guy.armstrong@example.com,2019-12-31 22:00:00+00:00,d751b63ca28014ff625eab28cbf00a24,2019-12-31 22:00:00+00:00,,True
295,GB-14530,George Bell,Corporate,United States,Los Angeles,California,90049,West,11,1568.44,7.84,2017-10-29,SILVER,george.bell@example.com,2019-12-31 22:00:00+00:00,3f1547d9c63961ba880c7cbc2ef21c4d,2019-12-31 22:00:00+00:00,,True
296,GB-14575,Giulietta Baptist,Consumer,United States,Columbia,South Carolina,29203,South,5,4716.29,1135.84,2017-12-17,GOLD,giulietta.baptist@example.com,2019-12-31 22:00:00+00:00,9ed7df4f54defb579d2c90da799166f1,2019-12-31 22:00:00+00:00,,True
297,GD-14590,Giulietta Dortch,Corporate,United States,Arlington,Virginia,22204,South,4,1888.07,230.94,2017-12-25,SILVER,giulietta.dortch@example.com,2019-12-31 22:00:00+00:00,06e08cb909d051bccebd3f1ddc5e7070,2019-12-31 22:00:00+00:00,,True
298,GG-14650,Greg Guthrie,Corporate,United States,Los Angeles,California,90049,West,9,2224.0,12.7,2017-11-17,SILVER,greg.guthrie@example.com,2019-12-31 22:00:00+00:00,c6c47047922631b762b9e8003ac2aa18,2019-12-31 22:00:00+00:00,,True
299,GH-14410,Gary Hansen,Home Office,United States,Chicago,Illinois,60653,Central,9,2819.47,-576.83,2017-10-16,GOLD,gary.hansen@example.com,2019-12-31 22:00:00+00:00,a525e0ac8d752b3d2baeff2a772c266d,2019-12-31 22:00:00+00:00,,True
300,GH-14425,Gary Hwang,Consumer,United States,Tucson,Arizona,85705,West,4,4172.85,1176.42,2017-11-10,GOLD,gary.hwang@example.com,2019-12-31 22:00:00+00:00,1e4e25c989b46d51f99692bcb29748af,2019-12-31 22:00:00+00:00,2020-01-15 06:30:00+00:00,False
987,GH-14425,Gary Hwang,Corporate,United States,Tucson,Arizona,85705,West,8,6138.93,1297.02,2020-01-15,PLATINUM,gary.hwang@example.com,2020-01-15 06:30:00+00:00,80368ebb36a2a5e401b1cca816c9697f,2020-01-15 06:30:00+00:00,,True
301,GH-14485,Gene Hale,Corporate,United States,Richardson,Texas,75080,Central,2,1361.24,-95.45,2016-12-08,SILVER,gene.hale@example.com,2019-12-31 22:00:00+00:00,5bd1090879bef127dce5c184cc8b8923,2019-12-31 22:00:00+00:00,,True
302,GH-14665,Greg Hansen,Consumer,United States,Round Rock,Texas,78664,Central,2,146.94,-5.81,2017-12-28,BRONZE,greg.hansen@unknown.local,2019-12-31 22:00:00+00:00,303732cc8f60c10ac08d288335e3ba15,2019-12-31 22:00:00+00:00,,True
303,GK-14620,Grace Kelly,Corporate,United States,Los Angeles,California,90049,West,9,6497.27,1448.55,2017-09-09,PLATINUM,grace.kelly@example.com,2019-12-31 22:00:00+00:00,de7b4d9f609f34e922ead45f1fb12fd9,2019-12-31 22:00:00+00:00,2020-01-15 06:30:00+00:00,False
988,GK-14620,Grace Kelly,Corporate,United States,Los Angeles,California,90049,West,13,8172.14,1535.04,2020-01-15,PLATINUM,grace.kelly@example.com,2020-01-15 06:30:00+00:00,7c8c461811bcb7a2a362552eb7d6138e,2020-01-15 06:30:00+00:00,,True
304,GM-14440,Gary McGarr,Consumer,United States,Knoxville,Tennessee,37918,South,7,3582.82,347.27,2017-10-08,GOLD,gary.mcgarr@example.com,2019-12-31 22:00:00+00:00,c29bf4e95ed707188ef4d13250e16907,2019-12-31 22:00:00+00:00,,True
305,GM-14455,Gary Mitchum,Home Office,United States,Chicago,Illinois,60653,Central,6,3078.62,793.28,2017-12-14,GOLD,gary.mitchum@example.com,2019-12-31 22:00:00+00:00,5137a2c361b3dfb7a102a61e3e276831,2019-12-31 22:00:00+00:00,,True
306,GM-14500,Gene McClure,Consumer,United States,Oceanside,New York,11572,East,10,1255.68,441.32,2017-09-15,SILVER,gene.mcclure@example.com,2019-12-31 22:00:00+00:00,5e0f5fe21bee9d3a9cb615468a2b87e5,2019-12-31 22:00:00+00:00,,True
307,GM-14680,Greg Matthias,Consumer,United States,San Jose,California,95123,West,6,3163.63,35.49,2017-07-31,GOLD,greg.matthias@example.com,2019-12-31 22:00:00+00:00,cc4ddeb71b2b1d6d725e785b117ee216,2019-12-31 22:00:00+00:00,,True
308,GM-14695,Greg Maxwell,Corporate,United States,Alexandria,Virginia,22304,South,3,6049.97,188.72,2017-09-04,PLATINUM,greg.maxwell@example.com,2019-12-31 22:00:00+00:00,dad4c983a1682e3d7999b9d5e5e813f7,2019-12-31 22:00:00+00:00,,True
309,GP-14740,Guy Phonely,Corporate,United States,Leominster,Massachusetts,01453,East,2,236.53,31.84,2015-11-26,BRONZE,guy.phonely@example.com,2019-12-31 22:00:00+00:00,b932c971a256c7d4bf8250c1795c190c,2019-12-31 22:00:00+00:00,,True
310,GR-14560,Georgia Rosenberg,Corporate,United States,Wilmington,Delaware,19805,East,2,1284.38,359.83,2014-11-21,SILVER,georgia.rosenberg@example.com,2019-12-31 22:00:00+00:00,fc83ecc44d94494c5c65c3b42ee5c676,2019-12-31 22:00:00+00:00,,True
311,GT-14635,Grant Thornton,Corporate,United States,Long Beach,New York,11561,East,3,9818.77,-4108.66,2017-11-04,PLATINUM,grant.thornton@example.com,2019-12-31 23:45:00+00:00,1a579c7da134876f78dbd503cf8c9910,2019-12-31 22:00:00+00:00,,True
312,GT-14710,Greg Tran,Consumer,United States,Seattle,Washington,98105,West,11,11820.12,2163.43,2017-11-24,PLATINUM,greg.tran@unknown.local,2019-12-31 22:00:00+00:00,deb59db873dc3eada036db8091a494e2,2019-12-31 22:00:00+00:00,,True
313,GT-14755,Guy Thornton,Consumer,United States,Harlingen,Texas,78550,Central,4,226.44,-6.14,2017-11-26,BRONZE,guy.thornton@example.com,2019-12-31 22:00:00+00:00,7379021c287cb9e0bcfdbdf31f5e6b2e,2019-12-31 22:00:00+00:00,,True
314,GW-14605,Giulietta Weimer,Consumer,United States,Henderson,Kentucky,42420,South,7,2298.47,-268.54,2017-12-02,SILVER,giulietta.weimer@unknown.local,2019-12-31 23:45:00+00:00,4ae1bdac370d5569f01eb0fef661abad,2019-12-31 22:00:00+00:00,,True
315,GZ-14470,Gary Zandusky,Consumer,United States,Columbia,Maryland,21044,East,9,4355.15,1087.75,2017-12-23,GOLD,gary.zandusky@example.com,2019-12-31 22:00:00+00:00,98ab6a25405fbd5ee0105164cd72b71d,2019-12-31 22:00:00+00:00,,True
316,GZ-14545,George Zrebassa,Corporate,United States,Los Angeles,California,90036,West,4,2454.62,828.66,2017-07-26,SILVER,george.zrebassa@example.com,2019-12-31 22:00:00+00:00,a69fa886a04cf5c2d6b68b6d34acbcc9,2019-12-31 22:00:00+00:00,,True
317,HA-14905,Helen Abelman,Consumer,United States,Fort Collins,Colorado,00000,West,7,2163.3,270.86,2017-10-22,SILVER,helen.abelman@example.com,2019-12-31 22:00:00+00:00,3c90aad28c2af2c29348f41bf1893418,2019-12-31 22:00:00+00:00,,True
318,HA-14920,Helen Andreada,Consumer,United States,Laredo,Texas,78041,Central,8,2584.16,99.14,2017-12-10,GOLD,helen.andreada@example.com,2019-12-31 22:00:00+00:00,a56e5a2bab97e16913b534b58a2717ec,2019-12-31 22:00:00+00:00,,True
319,HD-14785,Harold Dahlen,Home Office,United States,Philadelphia,Pennsylvania,19143,East,3,251.36,-135.88,2015-11-22,BRONZE,harold.dahlen@example.com,2019-12-31 22:00:00+00:00,bcf09bd941c92f3404fc40704c3c1301,2019-12-31 22:00:00+00:00,,True
320,HE-14800,Harold Engle,Corporate,United States,Newark,Delaware,19711,East,4,883.53,274.4,2017-12-18,BRONZE,harold.engle@example.com,2019-12-31 22:00:00+00:00,87a5b397349b4fb887785216ec2733e5,2019-12-31 22:00:00+00:00,,True
321,HF-14995,Herbert Flentye,Consumer,United States,San Francisco,California,94109,West,7,2533.16,-13.88,2017-12-09,GOLD,herbert.flentye@unknown.local,2019-12-31 22:00:00+00:00,a7bccbc253e22c36e5a3bc2ae3da6c9e,2019-12-31 22:00:00+00:00,,True
322,HG-14845,Harry Greene,Consumer,United States,New York City,New York,10024,East,5,785.63,147.0,2017-11-06,BRONZE,harry.greene@example.com,2019-12-31 22:00:00+00:00,dd9208ba4b2b30407e478f883397169b,2019-12-31 22:00:00+00:00,,True
323,HG-14965,Henry Goldwyn,Corporate,United States,Los Angeles,California,90032,West,12,3247.64,-2797.96,2017-12-07,GOLD,henry.goldwyn@example.com,2019-12-31 22:00:00+00:00,3123ad0cf87e45d8b3d20367be4547ce,2019-12-31 22:00:00+00:00,,True
324,HG-15025,Hunter Glantz,Consumer,United States,Amarillo,Texas,79109,Unknown,7,3690.28,804.61,2017-12-24,GOLD,hunter.glantz@example.com,2019-12-31 22:00:00+00:00,0a7e7df195b2d897ba315749db85ee5e,2019-12-31 22:00:00+00:00,,True
325,HH-15010,Hilary Holden,Corporate,United States,San Francisco,California,94110,West,2,218.67,86.73,2017-10-19,BRONZE,hilary.holden@example.com,2019-12-31 22:00:00+00:00,0eae3707d298f4b4ca1ec76b78f80b27,2019-12-31 22:00:00+00:00,,True
326,HJ-14875,Heather Jas,Home Office,United States,Mesa,Arizona,85204,West,5,358.1,98.65,2017-08-26,BRONZE,heather.jas@example.com,2019-12-31 22:00:00+00:00,86eb885c5289024c9444f241e79033d4,2019-12-31 22:00:00+00:00,,True
327,HK-14890,Heather Kirkland,Corporate,United States,Houston,Texas,77070,Central,8,4877.78,956.95,2017-08-01,GOLD,heather.kirkland@example.com,2019-12-31 22:00:00+00:00,ad5342cf74c033eecb7ced8a1cdccf34,2019-12-31 22:00:00+00:00,,True
328,HL-15040,Hunter Lopez,Consumer,United States,Jonesboro,Arkansas,72401,South,6,12873.3,5622.43,2017-11-17,PLATINUM,hunter.lopez@example.com,2019-12-31 22:00:00+00:00,b27f6e5f3aa07bd85a5e330cdadbb753,2019-12-31 22:00:00+00:00,,True
329,HM-14860,Harry Marie,Corporate,United States,Dallas,Texas,75217,Central,10,8236.76,2437.98,2017-12-28,PLATINUM,harry.marie@unknown.local,2019-12-31 22:00:00+00:00,195ad1f326cc02064db45fe10b88f94a,2019-12-31 22:00:00+00:00,,True
330,HM-14980,Henry MacAllister,Consumer,United States,Los Angeles,California,90008,West,4,736.28,117.28,2017-04-27,BRONZE,henry.macallister@example.com,2019-12-31 22:00:00+00:00,91f5b21e609444fa6cc393ccbb8cf023,2019-12-31 22:00:00+00:00,,True
851,HM-20140,Hugo Muller,Home Office,United States,Philadelphia,Pennsylvania,19140,East,1,7817.97,-23.15,2020-01-15,PLATINUM,hugo.muller@example.com,2020-01-15 06:30:00+00:00,c0d858aafbb126f42b502968bfe9a99f,2020-01-15 06:30:00+00:00,,True
331,HP-14815,Harold Pawlan,Home Office,United States,Fort Worth,Texas,76106,Central,7,1990.31,373.86,2017-11-30,SILVER,harold.pawlan@example.com,2019-12-31 22:00:00+00:00,28c9f7b668e93d2258a572b6933bd64d,2019-12-31 22:00:00+00:00,,True
332,HR-14770,Hallie Redmond,Home Office,United States,Richmond,Indiana,47374,Central,5,1299.29,185.58,2017-12-17,SILVER,hallie.redmond@example.com,2019-12-31 22:00:00+00:00,f8f2361c66a054011aa215452745ae6c,2019-12-31 22:00:00+00:00,,True
333,HR-14830,Harold Ryan,Corporate,United States,Seattle,Washington,98103,West,7,5248.79,1196.95,2017-07-24,PLATINUM,harold.ryan@example.com,2019-12-31 22:00:00+00:00,a3501ed603c72bf93fa4465299ff43e5,2019-12-31 22:00:00+00:00,,True
334,HW-14935,Helen Wasserman,Corporate,United States,Indianapolis,Indiana,46203,Central,8,9300.25,2164.16,2017-09-04,PLATINUM,helen.wasserman@example.com,2019-12-31 22:00:00+00:00,2c8d4474d84f205c1e6e8ca6cecc58e0,2019-12-31 22:00:00+00:00,,True
335,HZ-14950,Henia Zydlo,Consumer,United States,Houston,Texas,77095,Central,5,886.52,-130.39,2017-11-25,BRONZE,henia.zydlo@example.com,2019-12-31 22:00:00+00:00,a0dca65834497dda2950ba25ccbb78db,2019-12-31 22:00:00+00:00,,True
336,IG-15085,Ivan Gibson,Consumer,United States,Little Rock,Arkansas,72209,South,4,744.57,320.5,2017-10-20,BRONZE,ivan.gibson@example.com,2019-12-31 22:00:00+00:00,d761fd8112a20fb7349cd5d2cd161571,2019-12-31 22:00:00+00:00,,True
852,IK-20049,Isha Kapoor,Corporate,United States,Atlanta,Georgia,30318,South,11,1598.01,389.93,2020-01-15,SILVER,isha.kapoor@example.com,2020-01-15 06:30:00+00:00,6f4b907e911edd00fcbe22d485863920,2020-01-15 06:30:00+00:00,,True
337,IL-15100,Ivan Liston,Consumer,United States,Columbus,Indiana,47201,Central,7,5040.74,1121.94,2017-08-10,PLATINUM,ivan.liston@example.com,2019-12-31 22:00:00+00:00,de882b0323bd8a320c53dd76e478f6da,2019-12-31 22:00:00+00:00,,True
338,IM-15055,Ionia McGrath,Unknown,United States,San Francisco,California,94122,West,3,2872.63,975.77,2016-11-16,GOLD,ionia.mcgrath@example.com,2019-12-31 22:00:00+00:00,dd00f354e8e346bc14b2a0bab1e2f76a,2019-12-31 22:00:00+00:00,,True
339,IM-15070,Irene Maddox,Consumer,United States,Colorado Springs,Colorado,80906,West,7,4930.47,514.65,2016-12-05,GOLD,irene.maddox@example.com,2019-12-31 22:00:00+00:00,b6c593acd33e303da57d9ed9ec4b7381,2019-12-31 22:00:00+00:00,,True
853,IQ-20231,Iris Quinn,Consumer,United States,Los Angeles,California,90036,West,5,3369.62,-152.0,2020-01-15,GOLD,iris.quinn@example.com,2020-01-15 06:30:00+00:00,42f969df00bd2363020ba5584ed7e038,2020-01-15 06:30:00+00:00,,True
854,IS-20154,Ivan Sokolov,Corporate,United States,San Diego,California,92024,West,6,1920.13,148.95,2020-01-15,SILVER,ivan.sokolov@example.com,2020-01-15 06:30:00+00:00,c87a2fe3a778208637d598688f193838,2020-01-15 06:30:00+00:00,,True
340,JA-15970,Joseph Airdo,Consumer,United States,Detroit,Michigan,48227,Central,8,6491.03,-819.42,2017-09-29,PLATINUM,joseph.airdo@example.com,2019-12-31 22:00:00+00:00,18370f3d51a5fe6441dbe8093c9baf4f,2019-12-31 22:00:00+00:00,,True
341,JB-15400,Jennifer Braxton,Corporate,United States,Tampa,Florida,33614,South,10,1791.6,156.05,2017-12-23,SILVER,jennifer.braxton@example.com,2019-12-31 22:00:00+00:00,dc01ba4084cc1116de3a098d4d182761,2019-12-31 22:00:00+00:00,,True
342,JB-15925,Joni Blumstein,Unknown,United States,Dublin,Ohio,43017,East,3,900.55,-286.98,2015-12-24,BRONZE,joni.blumstein@example.com,2019-12-31 22:00:00+00:00,6462bbf162e547a99d6b411c00d7b8d8,2019-12-31 22:00:00+00:00,,True
343,JB-16000,Joy Bell-,Consumer,United States,Brownsville,Texas,78521,Central,7,644.12,126.76,2017-11-17,BRONZE,joy.bell@example.com,2019-12-31 22:00:00+00:00,639aebf68ae340a3052f6725a0eb0b5c,2019-12-31 22:00:00+00:00,2020-01-15 06:30:00+00:00,False
989,JB-16000,Joy Bell-,Consumer,United States,Boston,Massachusetts,02108,East,9,815.18,160.72,2020-01-15,BRONZE,joy.bell@example.com,2020-01-15 06:30:00+00:00,6a39ebed73a1c949bbcdc099d9e96f25,2020-01-15 06:30:00+00:00,,True
344,JB-16045,Julia Barnett,Home Office,United States,Columbus,Georgia,31907,South,5,2518.11,201.52,2017-12-23,GOLD,julia.barnett@example.com,2019-12-31 22:00:00+00:00,e62f964108da8155307351f3d56caaa8,2019-12-31 22:00:00+00:00,,True
345,JC-15340,Jasper Cacioppo,Consumer,United States,Los Angeles,California,00000,Unknown,4,71.26,-0.36,2017-09-07,BRONZE,jasper.cacioppo@example.com,2019-12-31 22:00:00+00:00,051d23df4fc624bd769ebab63a54d687,2019-12-31 22:00:00+00:00,2020-01-15 06:30:00+00:00,False
990,JC-15340,Jasper Cacioppo,Consumer,United States,Los Angeles,California,90032,West,8,111.33,-0.49,2020-01-15,BRONZE,jasper.cacioppo@example.com,2020-01-15 06:30:00+00:00,6361c23aa8eccec9e72f948b39faeb7d,2020-01-15 06:30:00+00:00,,True
346,JC-15385,Jenna Caffey,Consumer,United States,Kent,Washington,98031,West,1,0.0,502.92,2017-07-08,SILVER,jenna.caffey@example.com,2019-12-31 22:00:00+00:00,80b9bd3576962ebfe778a408e175fc26,2019-12-31 22:00:00+00:00,,True
347,JC-15775,John Castell,Consumer,United States,Philadelphia,Pennsylvania,19143,East,9,2772.06,279.57,2017-07-25,GOLD,john.castell@example.com,2019-12-31 22:00:00+00:00,523fd18ac65dea7f4e64816e82e10601,2019-12-31 22:00:00+00:00,,True
348,JC-16105,Julie Creighton,Corporate,United States,Rochester,New York,14609,East,5,858.58,201.6,2017-11-03,BRONZE,julie.creighton@example.com,2019-12-31 22:00:00+00:00,b77f20c534575b064618b8cbdbc7a73b,2019-12-31 22:00:00+00:00,,True
349,JD-15790,John Dryer,Consumer,United States,Coppell,Texas,75019,Central,5,2152.35,-266.55,2017-09-04,SILVER,john.dryer@example.com,2019-12-31 22:00:00+00:00,5f6b4e4eede2ab5d5d49fa7e6845569f,2019-12-31 22:00:00+00:00,,True
350,JD-15895,Jonathan Doherty,Corporate,United States,Columbia,South Carolina,29203,South,11,7610.86,1050.27,2016-12-01,PLATINUM,jonathan.doherty@example.com,2019-12-31 22:00:00+00:00,694e461238df6993f4df9ae730a1db35,2019-12-31 22:00:00+00:00,,True
351,JD-16015,Joy Daniels,Consumer,United States,Chicago,Illinois,60610,Central,6,385.43,26.76,2017-09-09,BRONZE,joy.daniels@example.com,2019-12-31 22:00:00+00:00,11ef9f3f0512bd9ee4be50d070be8606,2019-12-31 22:00:00+00:00,2020-01-15 06:30:00+00:00,False
991,JD-16015,Joy Daniels,Consumer,United States,Chicago,Illinois,60610,Central,9,579.49,37.59,2020-01-15,BRONZE,joy.daniels@example.com,2020-01-15 06:30:00+00:00,e8f28de346891cbaa37100d03c81f5bb,2020-01-15 06:30:00+00:00,,True
352,JD-16060,Julia Dunbar,Consumer,United States,Rochester,Minnesota,55901,Central,3,695.44,111.11,2017-03-05,BRONZE,julia.dunbar@unknown.local,2019-12-31 22:00:00+00:00,6d475db04d986fa86ebedb186f1b5b0e,2019-12-31 22:00:00+00:00,,True
353,JD-16150,Justin Deggeller,Corporate,United States,Los Angeles,California,90008,West,8,8828.03,1619.52,2017-11-19,PLATINUM,justin.deggeller@example.com,2019-12-31 22:00:00+00:00,983de6bfcfbe06407e9a063469bf275f,2019-12-31 22:00:00+00:00,,True
354,JE-15475,Jeremy Ellison,Consumer,United States,Unknown,Texas,77095,Central,6,1388.68,276.22,2017-06-20,SILVER,jeremy.ellison@example.com,2019-12-31 22:00:00+00:00,63c77427253902ea2f45b5fc9f12d5e8,2019-12-31 22:00:00+00:00,,True
355,JE-15610,Jim Epp,Corporate,United States,Lakeland,Florida,33801,South,7,7754.98,1623.4,2017-11-12,PLATINUM,jim.epp@example.com,2019-12-31 22:00:00+00:00,f1185bf827962e0cb8f3905e05e8fa2c,2019-12-31 22:00:00+00:00,,True
356,JE-15715,Joe Elijah,Consumer,United States,Charlotte,North Carolina,28205,South,10,8697.84,1262.29,2017-11-14,PLATINUM,joe.elijah@example.com,2019-12-31 22:00:00+00:00,18cd4230d9dc4bafaf9200fa9fb6132a,2019-12-31 22:00:00+00:00,2020-01-15 06:30:00+00:00,False
992,JE-15715,Joe Elijah,Consumer,United States,Charlotte,North Carolina,28205,South,14,10406.89,1717.02,2020-01-15,PLATINUM,joe.elijah@example.com,2020-01-15 06:30:00+00:00,5055b1d744112152c719967c1c87cf17,2020-01-15 06:30:00+00:00,,True
357,JE-15745,Joel Eaton,Consumer,United States,Florence,Kentucky,41042,South,13,6760.82,221.8,2017-11-09,PLATINUM,joel.eaton@example.com,2019-12-31 22:00:00+00:00,72d63125a3413be86ea027f7dd53ad86,2019-12-31 22:00:00+00:00,,True
358,JE-16165,Justin Ellison,Corporate,United States,Franklin,Wisconsin,53132,Central,3,2697.25,789.65,2017-12-10,GOLD,justin.ellison@example.com,2019-12-31 22:00:00+00:00,36d3caf7e0c42dabb67b2146c75300bb,2019-12-31 22:00:00+00:00,,True
359,JF-15190,Jamie Frazer,Consumer,United States,Long Beach,California,90805,West,7,2279.59,575.13,2017-10-26,SILVER,jamie.frazer@example.com,2019-12-31 22:00:00+00:00,4ddb289ade6f648be9d0a9b34669e6b2,2019-12-31 22:00:00+00:00,,True
360,JF-15295,Jason Fortune-,Consumer,United States,Logan,Utah,84321,West,5,955.12,97.29,2017-05-19,BRONZE,jason.fortune@unknown.local,2019-12-31 22:00:00+00:00,3bece9de3b2bd388bec6d720676ba4ff,2019-12-31 22:00:00+00:00,,True
361,JF-15355,Jay Fein,Consumer,United States,San Diego,California,00000,West,6,1911.84,330.2,2017-09-16,SILVER,jay.fein@example.com,2019-12-31 22:00:00+00:00,1fb03c4d695c2d7a255919b8dd10c55a,2019-12-31 22:00:00+00:00,,True
362,JF-15415,Jennifer Ferguson,Consumer,United States,Seattle,Washington,98105,West,6,2371.45,635.64,2017-12-28,SILVER,jennifer.ferguson@example.com,2019-12-31 22:00:00+00:00,e347b9c4c3523ba32a1867381c42ba99,2019-12-31 22:00:00+00:00,,True
363,JF-15490,Jeremy Farry,Consumer,United States,San Francisco,California,94122,West,11,1082.92,-18.07,2017-08-31,SILVER,jeremy.farry@example.com,2019-12-31 22:00:00+00:00,34f45ae13ad52a4ac0eb4b0f1005a7ad,2019-12-31 22:00:00+00:00,,True
364,JF-15565,Jill Fjeld,Consumer,United States,Fayetteville,North Carolina,00000,South,8,4198.33,1073.21,2017-11-06,GOLD,jill.fjeld@example.com,2019-12-31 22:00:00+00:00,7f4b1d8962803c8468f9c0118db1e0e1,2019-12-31 22:00:00+00:00,,True
365,JG-15115,Jack Garza,Consumer,United States,Jacksonville,North Carolina,28540,South,3,2358.68,684.19,2015-12-03,SILVER,jack.garza@example.com,2019-12-31 22:00:00+00:00,a08620cf130ed0848df078bf09de5606,2019-12-31 22:00:00+00:00,,True
366,JG-15160,James Galang,Consumer,United States,Los Angeles,California,90049,West,11,6366.39,1415.67,2017-12-29,PLATINUM,james.galang@example.com,2019-12-31 22:00:00+00:00,0fc2cf9aa7889170553631f2c12dab76,2019-12-31 22:00:00+00:00,,True
367,JG-15310,Jason Gross,Corporate,United States,Newark,Ohio,43055,East,6,2240.58,3.8,2017-12-28,SILVER,jason.gross@example.com,2019-12-31 22:00:00+00:00,a637053a641690a83a4c87e934cea6c3,2019-12-31 22:00:00+00:00,2020-01-15 06:30:00+00:00,False
993,JG-15310,Jason Gross,Home Office,United States,Newark,Ohio,43055,East,8,3442.35,5.19,2020-01-15,GOLD,jason.gross@example.com,2020-01-15 06:30:00+00:00,3bafd32dcb364dbd8e326f8caced598f,2020-01-15 06:30:00+00:00,,True
368,JG-15805,John Grady,Corporate,United States,Auburn,New York,13021,East,6,1507.02,206.1,2017-05-21,SILVER,john.grady@example.com,2019-12-31 22:00:00+00:00,bc238fced342447403bd9d7ff4c7911e,2019-12-31 22:00:00+00:00,2020-01-15 06:30:00+00:00,False
994,JG-15805,John Grady,Corporate,United States,Auburn,New York,13021,East,9,2272.22,237.6,2020-01-15,SILVER,john.grady@example.com,2020-01-15 06:30:00+00:00,9341b016c01307c4b00cfc7a28db9adb,2020-01-15 06:30:00+00:00,,True
369,JH-15430,Jennifer Halladay,Consumer,United States,Burlington,North Carolina,27217,South,4,309.28,-24.08,2017-12-25,BRONZE,jennifer.halladay@example.com,2019-12-31 22:00:00+00:00,0b164d26da5bf3de88a455280a4ddefd,2019-12-31 22:00:00+00:00,,True
370,JH-15820,John Huston,Consumer,United States,Kent,Ohio,44240,East,6,528.91,26.08,2017-07-09,BRONZE,john.huston@example.com,2019-12-31 22:00:00+00:00,85915a690e21a7b97fa90adef4559ff8,2019-12-31 22:00:00+00:00,,True
371,JH-15910,Jonathan Howell,Consumer,United States,Atlanta,Georgia,30318,South,7,1007.45,-13.55,2017-11-19,SILVER,jonathan.howell@example.com,2019-12-31 23:45:00+00:00,01810c8820462e096131df2f9addb91f,2019-12-31 22:00:00+00:00,,True
372,JH-15985,Joseph Holt,Consumer,United States,Saginaw,Michigan,00000,Central,6,7955.0,-644.7,2017-12-01,PLATINUM,joseph.holt@example.com,2019-12-31 22:00:00+00:00,2e5ef1deb97522a42c11a78dc8b58c9e,2019-12-31 22:00:00+00:00,,True
373,JH-16180,Justin Hirsh,Consumer,United States,Philadelphia,Pennsylvania,19140,East,4,0.0,-96.95,2016-11-21,SILVER,justin.hirsh@example.com,2019-12-31 22:00:00+00:00,7ee60d92454411b848d8dc4c9b8843ef,2019-12-31 22:00:00+00:00,2020-01-15 06:30:00+00:00,False
995,JH-16180,Justin Hirsh,Corporate,United States,Denver,Colorado,80202,West,8,3041.32,-109.4,2020-01-15,GOLD,justin.hirsh@example.com,2020-01-15 06:30:00+00:00,5e7905a9db5b3d009ed3624e57fa4ee1,2020-01-15 06:30:00+00:00,,True
374,JJ-15445,Jennifer Jackson,Consumer,United States,New York City,New York,10035,East,5,709.18,200.56,2016-09-03,BRONZE,jennifer.jackson@example.com,2019-12-31 22:00:00+00:00,7f3998e5c5a9f340e6281b72490c5d16,2019-12-31 22:00:00+00:00,,True
375,JJ-15760,Joel Jenkins,Home Office,United States,Springfield,Virginia,22153,South,2,195.0,34.45,2015-12-08,BRONZE,joel.jenkins@example.com,2019-12-31 22:00:00+00:00,2682ff070b7a7ceef77aa2e3e31ab664,2019-12-31 22:00:00+00:00,,True
376,JK-15205,Jamie Kunitz,Consumer,United States,San Francisco,California,94122,West,5,4427.14,1219.98,2017-10-30,GOLD,jamie.kunitz@example.com,2019-12-31 22:00:00+00:00,99844a246209bff45c546c25157d2f75,2019-12-31 22:00:00+00:00,,True
377,JK-15325,Jason Klamczynski,Corporate,United States,Dallas,Texas,75220,Central,3,383.81,55.33,2017-03-18,BRONZE,jason.klamczynski@example.com,2019-12-31 22:00:00+00:00,5573cb27c154aa6b95ed8d158f791821,2019-12-31 22:00:00+00:00,,True
378,JK-15370,Jay Kimmel,Consumer,United States,Miami,Florida,33180,South,8,2709.63,330.28,2017-11-16,GOLD,jay.kimmel@example.com,2019-12-31 22:00:00+00:00,dbf3919ca1cc4baf23844d89316c66fc,2019-12-31 22:00:00+00:00,,True
379,JK-15625,Jim Karlsson,Consumer,United States,New York City,New York,10024,East,7,3760.03,750.95,2017-10-30,GOLD,jim.karlsson@example.com,2019-12-31 22:00:00+00:00,59b1b835e723c241045d3bcc8c465c46,2019-12-31 22:00:00+00:00,,True
380,JK-15640,Jim Kriz,Home Office,United States,Seattle,Washington,98105,West,9,4760.43,1172.53,2017-07-03,GOLD,jim.kriz@example.com,2019-12-31 22:00:00+00:00,738f1a0918f77f7529f3109f1d1cd8f9,2019-12-31 22:00:00+00:00,,True
381,JK-15730,Joe Kamberova,Consumer,United States,Des Plaines,Illinois,60016,Central,10,4867.2,55.05,2017-10-07,GOLD,joe.kamberova@example.com,2019-12-31 22:00:00+00:00,7d9fcdca923c6928bd65683b5b088aca,2019-12-31 22:00:00+00:00,2020-01-15 06:30:00+00:00,False
996,JK-15730,Joe Kamberova,Consumer,United States,Des Plaines,Illinois,60016,Central,11,5258.07,65.61,2020-01-15,PLATINUM,joe.kamberova@example.com,2020-01-15 06:30:00+00:00,de4d45a3efd42ece1bd6b7323ada8cb3,2020-01-15 06:30:00+00:00,,True
382,JK-16090,Juliana Krohn,Consumer,United States,Louisville,Kentucky,40214,South,3,3747.67,586.66,2017-12-02,GOLD,juliana.krohn@example.com,2019-12-31 22:00:00+00:00,064976d276b6d444e1c957ec2721c7f2,2019-12-31 22:00:00+00:00,2020-01-15 06:30:00+00:00,False
997,JK-16090,Juliana Krohn,Consumer,United States,Louisville,Kentucky,40214,South,5,4702.34,791.24,2020-01-15,GOLD,juliana.krohn@example.com,2020-01-15 06:30:00+00:00,dedf5dfd404afd3a287210548bd7ad1d,2020-01-15 06:30:00+00:00,,True
383,JK-16120,Julie Kriz,Home Office,United States,Austin,Texas,78745,Central,10,2932.48,122.66,2017-09-04,GOLD,julie.kriz@example.com,2019-12-31 22:00:00+00:00,1bda3e2116ef77dd438a8ff334402e27,2019-12-31 22:00:00+00:00,,True
384,JL-15130,Jack Lebron,Consumer,United States,Jackson,Tennessee,38301,South,6,1214.96,-207.8,2017-12-22,SILVER,jack.lebron@example.com,2019-12-31 22:00:00+00:00,6b63d17eb1319936385cbbd4997227eb,2019-12-31 22:00:00+00:00,,True
385,JL-15175,James Lanier,Home Office,United States,Chandler,Arizona,85224,West,5,1571.52,209.28,2017-12-24,SILVER,james.lanier@unknown.local,2019-12-31 22:00:00+00:00,3849c82269930cc5c60054840dd1e9ec,2019-12-31 22:00:00+00:00,,True
386,JL-15235,Janet Lee,Consumer,United States,Newark,Delaware,19711,East,5,2203.7,54.52,2017-09-02,SILVER,janet.lee@example.com,2019-12-31 22:00:00+00:00,09454794fc42c4d15850fcd56975ebed,2019-12-31 22:00:00+00:00,,True
387,JL-15505,Jeremy Lonsdale,Consumer,United States,Westminster,California,92683,West,6,3173.87,591.72,2017-11-11,GOLD,jeremy.lonsdale@example.com,2019-12-31 22:00:00+00:00,a6cae1ae8c0249746429a222829cfea7,2019-12-31 22:00:00+00:00,,True
388,JL-15835,John Lee,Consumer,United States,Richmond,Kentucky,40475,South,11,9799.92,228.91,2017-12-09,PLATINUM,john.lee@example.com,2019-12-31 22:00:00+00:00,41e633f3abf3132bc575a0a34841a7fd,2019-12-31 22:00:00+00:00,,True
389,JL-15850,John Lucas,Consumer,United States,Philadelphia,Pennsylvania,19134,East,6,2725.26,779.9,2016-04-25,GOLD,john.lucas@example.com,2019-12-31 22:00:00+00:00,9deab7daa12f30a46580598993f635d7,2019-12-31 22:00:00+00:00,,True
390,JM-15250,Janet Martin,Consumer,United States,Huntsville,Texas,77340,Central,6,3159.12,19.82,2017-11-23,GOLD,janet.martin@example.com,2019-12-31 22:00:00+00:00,592299ef3ecfb805a9e451d7fbcc7830,2019-12-31 22:00:00+00:00,,True
391,JM-15265,Janet Molinari,Corporate,United States,Chicago,Illinois,60653,Central,5,1804.15,502.61,2017-11-23,SILVER,janet.molinari@unknown.local,2019-12-31 22:00:00+00:00,a5f6ee6dc82183a3a7dc327ed6bd8316,2019-12-31 22:00:00+00:00,,True
392,JM-15535,Jessica Myrick,Consumer,United States,New York City,New York,10035,East,7,1733.44,356.54,2017-09-19,SILVER,jessica.myrick@unknown.local,2019-12-31 22:00:00+00:00,6464764e92988d40c27b647fbdb5b53d,2019-12-31 22:00:00+00:00,,True
393,JM-15580,Jill Matthias,Consumer,United States,Los Angeles,California,90045,West,5,303.95,113.12,2017-12-30,BRONZE,jill.matthias@example.com,2019-12-31 22:00:00+00:00,370fb1753bcd7cfc894e1238f1820492,2019-12-31 22:00:00+00:00,,True
394,JM-15655,Jim Mitchum,Corporate,United States,Carlsbad,New Mexico,88220,West,5,864.95,117.2,2017-12-22,BRONZE,jim.mitchum@example.com,2019-12-31 22:00:00+00:00,e0de96b3647efe906a78adb3a297f44b,2019-12-31 22:00:00+00:00,,True
395,JM-15865,John Murray,Consumer,United States,Phoenix,Arizona,85023,West,7,7625.08,1574.62,2017-09-12,PLATINUM,john.murray@example.com,2019-12-31 22:00:00+00:00,e63d13db91ea648665aeb8b255f751d4,2019-12-31 22:00:00+00:00,,True
396,JM-16195,Justin MacKendrick,Consumer,United States,Los Angeles,California,90004,West,10,2833.93,754.11,2017-11-03,GOLD,justin.mackendrick@example.com,2019-12-31 22:00:00+00:00,7d98400a42da7ced01488fa32f28e0da,2019-12-31 22:00:00+00:00,,True
397,JO-15145,Jack O'Briant,Corporate,United States,Franklin,Wisconsin,53132,Central,9,3254.95,581.4,2017-11-03,GOLD,jack.obriant@example.com,2019-12-31 22:00:00+00:00,f849898480e73a3aab010097e59354ca,2019-12-31 22:00:00+00:00,,True
398,JO-15280,Jas O'Carroll,Consumer,United States,Los Angeles,California,90049,West,6,1934.27,202.14,2017-09-29,SILVER,jas.ocarroll@example.com,2019-12-31 22:00:00+00:00,ad9243a01232aba96817c63ebeb02754,2019-12-31 22:00:00+00:00,2020-01-15 06:30:00+00:00,False
998,JO-15280,Jas O'Carroll,Consumer,United States,Austin,Texas,78701,Central,7,2359.18,276.27,2020-01-15,SILVER,jas.ocarroll@example.com,2020-01-15 06:30:00+00:00,55e04d1fcf5d5ebac319e83499c6a7c2,2020-01-15 06:30:00+00:00,,True
399,JO-15550,Jesus Ocampo,Home Office,United States,Chester,Pennsylvania,19013,East,5,1090.84,167.67,2017-05-29,SILVER,jesus.ocampo@example.com,2019-12-31 22:00:00+00:00,23b600195e01c6bcb02b1e82c76648a8,2019-12-31 22:00:00+00:00,,True
400,JP-15460,Jennifer Patt,Corporate,United States,Dallas,Texas,75220,Central,7,1669.14,429.75,2017-11-23,SILVER,jennifer.patt@example.com,2019-12-31 22:00:00+00:00,4899db145c6ca5efaf0f13ba5015b903,2019-12-31 22:00:00+00:00,,True
401,JP-15520,Jeremy Pistek,Consumer,United States,San Francisco,California,94110,West,7,3635.59,757.18,2017-12-22,GOLD,jeremy.pistek@example.com,2019-12-31 22:00:00+00:00,623c7576b1d5f93ff22860ed1c2810a3,2019-12-31 22:00:00+00:00,,True
402,JP-16135,Julie Prescott,Home Office,United States,Columbus,Georgia,31907,South,9,1707.71,309.71,2017-09-19,SILVER,julie.prescott@example.com,2019-12-31 22:00:00+00:00,6ff1b700d82ea6a5cf7f45803e2def54,2019-12-31 22:00:00+00:00,,True
403,JR-15670,Jim Radford,Consumer,United States,Colorado Springs,Colorado,80906,West,2,1156.66,-785.16,2016-05-16,SILVER,jim.radford@example.com,2019-12-31 22:00:00+00:00,33c55160c1d7e3f0fc3b59bea97169e5,2019-12-31 22:00:00+00:00,,True
404,JR-15700,Jocasta Rupert,Consumer,United States,Jacksonville,Florida,32216,South,1,863.88,107.98,2017-10-23,BRONZE,jocasta.rupert@example.com,2019-12-31 22:00:00+00:00,c5636a809c52951e5d119959880cda35,2019-12-31 22:00:00+00:00,,True
405,JR-16210,Justin Ritter,Corporate,United States,Springfield,Oregon,97477,West,5,2201.69,452.37,2017-11-27,SILVER,justin.ritter@example.com,2019-12-31 22:00:00+00:00,2d8e4399cbc5aefb2ed792b8a0f56c44,2019-12-31 22:00:00+00:00,,True
406,JS-15595,Jill Stevenson,Corporate,United States,Chicago,Illinois,60653,Central,4,1417.65,-175.55,2017-09-02,SILVER,jill.stevenson@example.com,2019-12-31 22:00:00+00:00,aa6f162e182c091b8aca1bd24bb08e4d,2019-12-31 22:00:00+00:00,,True
407,JS-15685,Jim Sink,Unknown,United States,Miramar,Florida,33023,South,4,1131.06,-54.87,2017-11-18,SILVER,jim.sink@example.com,2019-12-31 22:00:00+00:00,07435e6ec66021113b2401ea15df10c0,2019-12-31 22:00:00+00:00,,True
408,JS-15880,John Stevenson,Consumer,United States,Harlingen,Texas,78550,Central,5,3868.02,564.98,2016-07-14,GOLD,john.stevenson@example.com,2019-12-31 22:00:00+00:00,82fee68778c0c560f27bccca94e4331e,2019-12-31 22:00:00+00:00,,True
409,JS-15940,Joni Sundaresam,Home Office,United States,Lancaster,Ohio,43130,East,5,469.17,-327.93,2016-09-23,BRONZE,joni.sundaresam@example.com,2019-12-31 22:00:00+00:00,1e2d2d9fe5b747c7327025ed6118a572,2019-12-31 22:00:00+00:00,,True
410,JS-16030,Joy Smith,Consumer,United States,Hattiesburg,Mississippi,39401,South,6,2642.31,-311.26,2017-12-02,GOLD,joy.smith@example.com,2019-12-31 23:45:00+00:00,7cb6ab9d879afca2c34c9852fdbef901,2019-12-31 22:00:00+00:00,,True
866,JV-20238,Jonas Vaughn,Corporate,United States,Chicago,Illinois,60610,Central,1,5718.68,-244.63,2020-01-15,PLATINUM,jonas.vaughn@example.com,2020-01-15 06:30:00+00:00,d4413dffedd84aafe53aeb2a1507dd21,2020-01-15 06:30:00+00:00,,True
411,JW-15220,Jane Waco,Corporate,United States,Lawrence,Massachusetts,01841,East,6,7721.71,2173.71,2017-11-18,PLATINUM,jane.waco@example.com,2019-12-31 22:00:00+00:00,b374c8279c24f93e82f8b69ed986a929,2019-12-31 22:00:00+00:00,,True
412,JW-15955,Joni Wasserman,Consumer,United States,Louisville,Kentucky,40214,South,7,1244.09,-29.58,2017-12-25,SILVER,joni.wasserman@example.com,2019-12-31 22:00:00+00:00,cd0d6a3acb972203253c89f1c33f06aa,2019-12-31 22:00:00+00:00,,True
413,JW-16075,Julia West,Consumer,United States,Jacksonville,North Carolina,28540,South,4,1428.73,154.06,2016-09-25,SILVER,julia.west@example.com,2019-12-31 22:00:00+00:00,3203216b3f7111fdd24cd063e87ea7e0,2019-12-31 22:00:00+00:00,,True
414,KA-16525,Kelly Andreada,Unknown,United States,New York City,New York,10035,East,7,1519.51,234.92,2017-11-24,SILVER,kelly.andreada@example.com,2019-12-31 22:00:00+00:00,c2700dad989fbf0e0b5965e63f3f6f33,2019-12-31 22:00:00+00:00,,True
415,KB-16240,Karen Bern,Corporate,United States,Saint Cloud,Minnesota,56301,Central,7,3152.62,763.91,2017-12-26,GOLD,karen.bern@example.com,2019-12-31 22:00:00+00:00,ca31acf06ab52b35ccba0be17eecd723,2019-12-31 22:00:00+00:00,2020-01-15 06:30:00+00:00,False
999,KB-16240,Karen Bern,Corporate,United States,Saint Cloud,Minnesota,56301,Central,11,3342.77,991.29,2020-01-15,GOLD,karen.bern@example.com,2020-01-15 06:30:00+00:00,a63026bb96462ece15697688822caf1b,2020-01-15 06:30:00+00:00,,True
416,KB-16315,Karl Braun,Consumer,United States,Akron,Ohio,44312,East,9,1569.46,49.72,2017-03-09,SILVER,karl.braun@example.com,2019-12-31 22:00:00+00:00,e29fbab478d04ecafdddf1ed8d74c33b,2019-12-31 22:00:00+00:00,,True
417,KB-16405,Katrina Bavinger,Home Office,United States,New York City,New York,10035,East,3,908.82,274.3,2017-09-04,BRONZE,katrina.bavinger@example.com,2019-12-31 22:00:00+00:00,e99d1c834f479a33789b8bfb8b8a5a67,2019-12-31 22:00:00+00:00,2020-01-15 06:30:00+00:00,False
1000,KB-16405,Katrina Bavinger,Home Office,United States,New York City,New York,10035,East,5,1415.34,279.03,2020-01-15,SILVER,katrina.bavinger@example.com,2020-01-15 06:30:00+00:00,f5c8bc3ccea90e4af8d5e4326c913353,2020-01-15 06:30:00+00:00,,True
418,KB-16585,Ken Black,Corporate,United States,Lafayette,Louisiana,70506,South,12,2744.74,579.36,2017-05-14,GOLD,ken.black@example.com,2019-12-31 22:00:00+00:00,085de2e519982702ea20015c03f3d696,2019-12-31 22:00:00+00:00,,True
419,KB-16600,Ken Brennan,Corporate,United States,Houston,Texas,77041,Central,7,983.92,293.55,2017-12-29,BRONZE,ken.brennan@example.com,2019-12-31 22:00:00+00:00,828b0412134d050708c9142f72874b3f,2019-12-31 22:00:00+00:00,,True
420,KC-16255,Karen Carlisle,Corporate,United States,Henderson,Kentucky,42420,South,6,2120.95,846.12,2016-11-18,SILVER,karen.carlisle@example.com,2019-12-31 22:00:00+00:00,37902f96cbaf4017b86f651aabca0c52,2019-12-31 22:00:00+00:00,,True
421,KC-16540,Kelly Collister,Consumer,United States,San Diego,California,92037,West,4,3908.26,709.42,2017-09-24,GOLD,kelly.collister@example.com,2019-12-31 22:00:00+00:00,bf6db40e147ac93f0140d45ce50ace28,2019-12-31 22:00:00+00:00,,True
422,KC-16675,Kimberly Carter,Corporate,United States,Louisville,Kentucky,40214,South,4,1146.05,156.78,2017-11-03,SILVER,kimberly.carter@example.com,2019-12-31 22:00:00+00:00,8e4f389c4a07201cd13647a6290c404f,2019-12-31 22:00:00+00:00,,True
423,KD-16270,Karen Daniels,Consumer,United States,Houston,Texas,77095,Central,5,8282.36,1107.7,2016-09-02,PLATINUM,karen.daniels@example.com,2019-12-31 22:00:00+00:00,da2ff5a2e02cdad856017bdfe48d0ec8,2019-12-31 22:00:00+00:00,,True
424,KD-16345,Katherine Ducich,Consumer,United States,Chicago,Illinois,60623,Central,6,1888.96,328.59,2017-11-19,SILVER,katherine.ducich@unknown.local,2019-12-31 22:00:00+00:00,d4738039a3c90f25c85c5a1f35edb517,2019-12-31 22:00:00+00:00,,True
425,KD-16495,Keith Dawkins,Corporate,United States,San Jose,California,95123,West,12,8181.26,3038.63,2017-09-09,PLATINUM,keith.dawkins@example.com,2019-12-31 22:00:00+00:00,d2236ecbf5223bb9ddaa67c9584bd968,2019-12-31 22:00:00+00:00,2020-01-15 06:30:00+00:00,False
1001,KD-16495,Keith Dawkins,Corporate,United States,Seattle,Washington,98101,West,13,9092.78,3495.99,2020-01-15,PLATINUM,keith.dawkins@example.com,2020-01-15 06:30:00+00:00,49260713c73b23a7191667394c268eea,2020-01-15 06:30:00+00:00,,True
426,KD-16615,Ken Dana,Corporate,United States,Anaheim,California,92804,West,5,2355.69,539.72,2017-03-16,SILVER,ken.dana@example.com,2019-12-31 23:45:00+00:00,83b0327a0bab43a4a04d2603aa83e458,2019-12-31 22:00:00+00:00,2020-01-15 06:30:00+00:00,False
1002,KD-16615,Ken Dana,Corporate,United States,Anaheim,California,92804,West,7,3128.22,554.63,2020-01-15,GOLD,ken.dana@example.com,2020-01-15 06:30:00+00:00,e85bc63e0122127006c02e79328e5385,2020-01-15 06:30:00+00:00,,True
427,KE-16420,Katrina Edelman,Corporate,United States,Los Angeles,California,90008,West,8,1771.07,397.88,2017-12-04,SILVER,katrina.edelman@example.com,2019-12-31 23:45:00+00:00,26ebdac5633d74d54dd8afdbbe86c798,2019-12-31 22:00:00+00:00,,True
428,KF-16285,Karen Ferguson,Home Office,United States,Sandy Springs,Georgia,30328,South,7,10604.27,1660.14,2017-09-24,PLATINUM,karen.ferguson@example.com,2019-12-31 22:00:00+00:00,a31250aff38ed0d6d9ff8b25cf769f00,2019-12-31 22:00:00+00:00,,True
429,KH-16330,Katharine Harms,Corporate,United States,New York City,New York,10024,East,8,3312.86,454.79,2017-11-20,GOLD,katharine.harms@example.com,2019-12-31 22:00:00+00:00,9b1bfcdb3649dab058ada7ed7391557d,2019-12-31 22:00:00+00:00,,True
430,KH-16360,Katherine Hughes,Consumer,United States,Louisville,Kentucky,40214,South,6,3100.61,528.21,2017-12-29,GOLD,katherine.hughes@example.com,2019-12-31 22:00:00+00:00,192633eca8c760ae7f58d9cb8f60f6d2,2019-12-31 22:00:00+00:00,,True
431,KH-16510,Keith Herrera,Consumer,United States,San Francisco,California,94110,West,7,5952.86,656.12,2017-12-08,PLATINUM,keith.herrera@example.com,2019-12-31 22:00:00+00:00,b08bf5d446f5d7d47524200c7f37da4c,2019-12-31 22:00:00+00:00,,True
432,KH-16630,Ken Heidel,Corporate,United States,Clinton,Maryland,20735,East,9,3918.97,727.38,2017-11-02,GOLD,ken.heidel@example.com,2019-12-31 22:00:00+00:00,85b097371e819b8796c91d665339cc6c,2019-12-31 22:00:00+00:00,,True
433,KH-16690,Kristen Hastings,Corporate,United States,Springfield,Oregon,97477,West,7,5990.8,1227.51,2017-12-28,PLATINUM,kristen.hastings@example.com,2019-12-31 22:00:00+00:00,a7184ec6265c92b1b6323dec32ccc43d,2019-12-31 22:00:00+00:00,,True
871,KK-20028,Kabir Khan,Corporate,United States,Philadelphia,Pennsylvania,19140,East,2,6561.79,860.32,2020-01-15,PLATINUM,kabir.khan@example.com,2020-01-15 06:30:00+00:00,e1dac6288113839d02c52255c973fe38,2020-01-15 06:30:00+00:00,,True
434,KL-16555,Kelly Lampkin,Corporate,United States,Colorado Springs,Colorado,80906,West,8,5016.49,-182.78,2017-12-14,PLATINUM,kelly.lampkin@example.com,2019-12-31 22:00:00+00:00,04b0c7524a546a6bbe1c03ea5d868dc6,2019-12-31 22:00:00+00:00,,True
435,KL-16645,Ken Lonsdale,Consumer,United States,Chicago,Illinois,60610,Central,12,14175.23,806.86,2017-11-13,PLATINUM,ken.lonsdale@example.com,2019-12-31 22:00:00+00:00,1dde0e3ffc9576743e9b7b2adf69a69e,2019-12-31 22:00:00+00:00,,True
436,KM-16225,Kalyca Meade,Corporate,United States,Baltimore,Maryland,21215,East,6,2260.96,635.11,2017-12-16,SILVER,kalyca.meade@example.com,2019-12-31 22:00:00+00:00,1d54123a259cc079a8568ff4f5eec794,2019-12-31 22:00:00+00:00,,True
437,KM-16375,Katherine Murray,Home Office,United States,Gilbert,Arizona,85234,West,8,5620.19,973.79,2017-11-04,PLATINUM,katherine.murray@example.com,2019-12-31 22:00:00+00:00,0cf739277925060c40505cd60f17e337,2019-12-31 22:00:00+00:00,2020-01-15 06:30:00+00:00,False
1003,KM-16375,Katherine Murray,Home Office,United States,Gilbert,Arizona,85234,West,9,6337.57,1324.47,2020-01-15,PLATINUM,katherine.murray@example.com,2020-01-15 06:30:00+00:00,794af1a00eb576b33587200fd3e42ef0,2020-01-15 06:30:00+00:00,,True
438,KM-16660,Khloe Miller,Consumer,United States,Inglewood,California,90301,West,5,453.54,91.14,2017-12-15,BRONZE,khloe.miller@example.com,2019-12-31 22:00:00+00:00,80280d7ffc478588422a919c477162a9,2019-12-31 22:00:00+00:00,,True
439,KM-16720,Kunst Miller,Consumer,United States,New York City,New York,10035,East,8,4909.47,745.77,2017-12-02,GOLD,kunst.miller@example.com,2019-12-31 22:00:00+00:00,5a27401a76cd9182d09b6cc1572b6eb4,2019-12-31 22:00:00+00:00,,True
440,KN-16390,Katherine Nockton,Corporate,United States,New York City,New York,10011,East,9,2617.27,-151.15,2017-12-11,GOLD,katherine.nockton@example.com,2019-12-31 22:00:00+00:00,1e148dd69a40ed459606265d4d0fcdd6,2019-12-31 22:00:00+00:00,,True
441,KN-16450,Kean Nguyen,Corporate,United States,Redondo Beach,California,90278,West,5,2171.96,114.31,2017-11-08,SILVER,kean.nguyen@example.com,2019-12-31 22:00:00+00:00,8acb2d20a57983c30733157c90a8eaa4,2019-12-31 22:00:00+00:00,,True
442,KN-16705,Kristina Nunn,Home Office,United States,Seattle,Washington,98105,West,8,2280.58,329.76,2017-09-23,SILVER,kristina.nunn@example.com,2019-12-31 22:00:00+00:00,37201a1ce8bb45ab97ede4eeb2ecd992,2019-12-31 22:00:00+00:00,,True
873,KN-20308,Kian Nolan,Home Office,United States,Philadelphia,Pennsylvania,19140,East,3,3005.13,20.34,2020-01-15,GOLD,kian.nolan@unknown.local,2020-01-15 06:30:00+00:00,96149ea32de801843d1672bac2429439,2020-01-15 06:30:00+00:00,,True
443,KS-16300,Karen Seio,Corporate,United States,Raleigh,North Carolina,00000,South,3,88.47,0.11,2017-03-10,BRONZE,karen.seio@example.com,2019-12-31 22:00:00+00:00,acfa315d01832c59be353dda2ef1867d,2019-12-31 22:00:00+00:00,,True
444,KT-16465,Kean Takahito,Consumer,United States,Chicago,Illinois,60623,Central,7,3057.1,254.0,2016-12-04,GOLD,kean.takahito@example.com,2019-12-31 22:00:00+00:00,22404147da8c40dcac066cc25a68da82,2019-12-31 22:00:00+00:00,,True
445,KT-16480,Kean Thornton,Consumer,United States,Buffalo,New York,14215,East,10,4642.09,194.07,2017-09-21,GOLD,kean.thornton@example.com,2019-12-31 22:00:00+00:00,fe0b8837784fd8b9e25a127bc058d358,2019-12-31 22:00:00+00:00,,True
446,KW-16435,Katrina Willman,Consumer,United States,New York City,New York,10009,East,5,4416.52,1756.14,2017-09-25,GOLD,katrina.willman@example.com,2019-12-31 22:00:00+00:00,379f4acf7460e3670a6091823ea003b1,2019-12-31 22:00:00+00:00,,True
447,KW-16570,Kelly Williams,Consumer,United States,Kirkwood,Missouri,63122,Central,4,449.1,107.93,2015-11-20,BRONZE,kelly.williams@example.com,2019-12-31 22:00:00+00:00,c82c4f7cb6f895b1e74ce61b081abaf8,2019-12-31 22:00:00+00:00,,True
448,LA-16780,Laura Armstrong,Corporate,United States,Hackensack,New Jersey,07601,East,11,0.0,2059.12,2017-07-29,BRONZE,laura.armstrong@example.com,2019-12-31 23:45:00+00:00,c0f600d0bf0be8c3e789a06091c1d140,2019-12-31 22:00:00+00:00,,True
449,LB-16735,Larry Blacks,Consumer,United States,Fort Worth,Texas,76106,Central,3,50.19,18.65,2017-11-12,BRONZE,larry.blacks@example.com,2019-12-31 22:00:00+00:00,68ac3795561efa4ec4a743f2110eec13,2019-12-31 22:00:00+00:00,,True
450,LB-16795,Laurel Beltran,Home Office,United States,Seattle,Washington,98105,West,8,4985.68,-52.19,2017-07-31,GOLD,laurel.beltran@example.com,2019-12-31 22:00:00+00:00,a62bace952ae0b1c198dd4cefd240009,2019-12-31 22:00:00+00:00,,True
451,LC-16870,Lena Cacioppo,Consumer,United States,Thornton,Colorado,80229,West,8,2580.7,-188.25,2017-12-03,GOLD,lena.cacioppo@example.com,2019-12-31 22:00:00+00:00,5faa2972857b8a4f2b16f91ff507773e,2019-12-31 22:00:00+00:00,,True
452,LC-16885,Lena Creighton,Consumer,United States,Roseville,California,95661,West,12,7663.13,1288.35,2017-12-14,PLATINUM,lena.creighton@example.com,2019-12-31 22:00:00+00:00,28518673ae210edd7beccbf0f6919d7d,2019-12-31 22:00:00+00:00,,True
453,LC-16930,Linda Cazamias,Corporate,United States,Phoenix,Arizona,85023,West,8,4492.95,288.27,2017-11-19,GOLD,linda.cazamias@example.com,2019-12-31 22:00:00+00:00,fe9babf5eb6bc9e3e4038955e756450e,2019-12-31 22:00:00+00:00,,True
454,LC-16960,Lindsay Castell,Home Office,United States,Tampa,Florida,33614,South,4,3408.96,299.48,2016-10-20,GOLD,lindsay.castell@example.com,2019-12-31 23:45:00+00:00,108b90f077323162de8d907467d98724,2019-12-31 22:00:00+00:00,,True
455,LC-17050,Liz Carlisle,Consumer,United States,Los Angeles,California,90004,West,5,2095.06,86.78,2017-11-06,SILVER,liz.carlisle@example.com,2019-12-31 22:00:00+00:00,08714d6213c460ea8b67a074a5514c82,2019-12-31 22:00:00+00:00,,True
456,LC-17140,Logan Currie,Consumer,United States,Philadelphia,Pennsylvania,19140,East,9,2633.58,231.13,2017-12-17,GOLD,logan.currie@example.com,2019-12-31 22:00:00+00:00,51265c1b434a5cbca810c4268cb6a50c,2019-12-31 22:00:00+00:00,2020-01-15 06:30:00+00:00,False
1004,LC-17140,Logan Currie,Consumer,United States,Philadelphia,Pennsylvania,19140,East,11,3409.14,293.42,2020-01-15,GOLD,logan.currie@example.com,2020-01-15 06:30:00+00:00,8d8348c3151639f953fb0960fcc5366c,2020-01-15 06:30:00+00:00,,True
457,LD-16855,Lela Donovan,Corporate,United States,Chicago,Illinois,60653,Central,1,5.3,0.46,2016-06-26,BRONZE,lela.donovan@example.com,2019-12-31 22:00:00+00:00,4c840147302d9026e036386c9548a163,2019-12-31 22:00:00+00:00,2020-01-15 06:30:00+00:00,False
1005,LD-16855,Lela Donovan,Corporate,United States,Chicago,Illinois,60653,Central,4,7.09,0.61,2020-01-15,BRONZE,lela.donovan@example.com,2020-01-15 06:30:00+00:00,c1b79329ea65260f3801f1afd62a4783,2020-01-15 06:30:00+00:00,,True
458,LD-17005,Lisa DeCherney,Consumer,United States,New York City,New York,10011,East,4,1961.93,557.17,2016-11-11,SILVER,lisa.decherney@example.com,2019-12-31 22:00:00+00:00,d75210060ab4b9be832c3d0bc217c13a,2019-12-31 22:00:00+00:00,,True
459,LE-16810,Laurel Elliston,Consumer,United States,Chicago,Illinois,60653,Central,6,1469.45,161.76,2017-12-09,SILVER,laurel.elliston@example.com,2019-12-31 22:00:00+00:00,bcb593e2602ed380c55c7695abe720f0,2019-12-31 22:00:00+00:00,,True
460,LF-17185,Luke Foster,Consumer,United States,San Antonio,Texas,78207,Central,7,3930.51,-3583.98,2017-12-08,GOLD,luke.foster@example.com,2019-12-31 22:00:00+00:00,35cc79274df6de0a5c78d674f1f59c0b,2019-12-31 22:00:00+00:00,,True
876,LG-20196,Leo Grant,Corporate,United States,Philadelphia,Pennsylvania,19140,East,4,6325.54,444.58,2020-01-15,PLATINUM,leo.grant@example.com,2020-01-15 06:30:00+00:00,05aad421a41cec28d1489a9d45aa6038,2020-01-15 06:30:00+00:00,,True
461,LH-16750,Larry Hughes,Consumer,United States,Chandler,Arizona,85224,West,3,287.43,12.63,2017-08-01,BRONZE,larry.hughes@example.com,2019-12-31 22:00:00+00:00,0268e7579e9c3e428392cf849c9ed536,2019-12-31 22:00:00+00:00,2020-01-15 06:30:00+00:00,False
1006,LH-16750,Larry Hughes,Corporate,United States,Chandler,Arizona,85224,West,4,334.1,12.71,2020-01-15,BRONZE,larry.hughes@example.com,2020-01-15 06:30:00+00:00,679687b38aa650ad1eaf451565c55efb,2020-01-15 06:30:00+00:00,,True
462,LH-16900,Lena Hernandez,Consumer,United States,Greenville,North Carolina,27834,South,9,2295.33,526.07,2017-12-09,SILVER,lena.hernandez@example.com,2019-12-31 22:00:00+00:00,c249413480ceb3a63c4e10c208daf70d,2019-12-31 22:00:00+00:00,,True
463,LH-17020,Lisa Hazard,Consumer,United States,Louisville,Colorado,80027,West,4,318.24,-242.74,2017-05-05,BRONZE,lisa.hazard@example.com,2019-12-31 22:00:00+00:00,5b2ae5c964ea509eed9d64a5b8e6322a,2019-12-31 22:00:00+00:00,,True
464,LH-17155,Logan Haushalter,Consumer,United States,Los Angeles,California,90032,West,9,1739.69,316.52,2016-12-10,SILVER,logan.haushalter@example.com,2019-12-31 22:00:00+00:00,ecae1604a4d05d43470d75639c6885fe,2019-12-31 22:00:00+00:00,,True
465,LL-16840,Lauren Leatherbury,Consumer,United States,Waynesboro,Virginia,22980,South,6,2741.2,560.01,2017-04-25,GOLD,lauren.leatherbury@example.com,2019-12-31 22:00:00+00:00,8ba628f7fa36c91e0cf7e596f288ed91,2019-12-31 22:00:00+00:00,,True
466,LM-17065,Liz MacKendrick,Consumer,United States,Southaven,Mississippi,38671,South,5,1346.77,-44.88,2016-12-04,SILVER,liz.mackendrick@example.com,2019-12-31 22:00:00+00:00,83795ecd6098b8164a29feb67d7b0c79,2019-12-31 22:00:00+00:00,,True
878,LN-20119,Lena Novak,Home Office,United States,Los Angeles,California,90036,West,3,8019.77,28.78,2020-01-15,PLATINUM,lena.novak@example.com,2020-01-15 06:30:00+00:00,f21dbe9fecc4231cca937a49bf618acc,2020-01-15 06:30:00+00:00,,True
467,LO-17170,Lori Olson,Corporate,United States,Peoria,Illinois,61604,Central,5,644.35,150.17,2017-12-28,BRONZE,lori.olson@example.com,2019-12-31 22:00:00+00:00,3304aadeb9536a11c3db1e0d439aeb9d,2019-12-31 22:00:00+00:00,,True
468,LP-17080,Liz Pelletier,Consumer,United States,San Francisco,California,94110,West,4,756.61,110.78,2017-11-20,BRONZE,liz.pelletier@example.com,2019-12-31 22:00:00+00:00,0e6c993949029c90db7968b4e2a2c9de,2019-12-31 22:00:00+00:00,,True
469,LP-17095,Liz Preis,Consumer,United States,Aurora,Illinois,60505,Central,7,3653.4,338.45,2017-12-21,GOLD,liz.preis@example.com,2019-12-31 22:00:00+00:00,cc8f8b1ca61ff04884b83773b886e152,2019-12-31 22:00:00+00:00,,True
470,LR-16915,Lena Radford,Consumer,United States,Los Angeles,California,90036,West,6,5142.89,535.48,2017-12-04,PLATINUM,lena.radford@example.com,2019-12-31 22:00:00+00:00,246f32a2a8a95718b63c8db3422ea581,2019-12-31 22:00:00+00:00,2020-01-15 06:30:00+00:00,False
1007,LR-16915,Lena Radford,Consumer,United States,Miami,Florida,33101,South,9,8216.62,614.2,2020-01-15,PLATINUM,lena.radford@example.com,2020-01-15 06:30:00+00:00,c8550f79fbcbde5aef9a1064177ed21a,2020-01-15 06:30:00+00:00,,True
471,LR-17035,Lisa Ryan,Corporate,United States,Philadelphia,Pennsylvania,19134,East,5,1879.31,-382.81,2017-08-20,SILVER,lisa.ryan@example.com,2019-12-31 22:00:00+00:00,fdf532d3dc97aa6215884e6229a90650,2019-12-31 22:00:00+00:00,,True
472,LS-16945,Linda Southworth,Corporate,United States,Dallas,Texas,75220,Central,6,2845.27,-318.77,2017-07-05,GOLD,linda.southworth@example.com,2019-12-31 22:00:00+00:00,d86b272bc4e57e111335821375a55316,2019-12-31 22:00:00+00:00,2020-01-15 06:30:00+00:00,False
1008,LS-16945,Linda Southworth,Corporate,United States,Dallas,Texas,75220,Central,9,3108.87,-335.53,2020-01-15,GOLD,linda.southworth@example.com,2020-01-15 06:30:00+00:00,6362bcbcb5ce4ad7c9f256592cf014f0,2020-01-15 06:30:00+00:00,,True
473,LS-16975,Lindsay Shagiari,Home Office,United States,Dallas,Texas,75081,Central,9,2988.67,262.64,2017-12-10,GOLD,lindsay.shagiari@example.com,2019-12-31 22:00:00+00:00,8e6d9e52b06ddb2c5157896f34efc1ec,2019-12-31 22:00:00+00:00,,True
474,LS-17200,Luke Schmidt,Corporate,United States,Fresno,California,93727,Unknown,6,1010.26,244.2,2017-09-25,SILVER,luke.schmidt@example.com,2019-12-31 22:00:00+00:00,11ec65bf35b8f725f27799b1e1b3b153,2019-12-31 22:00:00+00:00,,True
475,LS-17230,Lycoris Saunders,Consumer,United States,Grand Prairie,Texas,75051,Central,3,368.88,39.2,2015-11-14,BRONZE,lycoris.saunders@example.com,2019-12-31 22:00:00+00:00,3423073b49efbe0359d7ec558cf73453,2019-12-31 22:00:00+00:00,,True
476,LS-17245,Lynn Smith,Consumer,United States,Utica,New York,13501,East,6,1008.14,348.36,2017-11-26,SILVER,lynn.smith@example.com,2019-12-31 22:00:00+00:00,153b94d1bb7e980d7922a31f8b701970,2019-12-31 22:00:00+00:00,,True
477,LT-16765,Larry Tron,Consumer,United States,Escondido,California,92025,West,3,329.88,59.04,2017-12-04,BRONZE,larry.tron@example.com,2019-12-31 22:00:00+00:00,e72583ae7b60cbd14d520ac6796b3080,2019-12-31 22:00:00+00:00,,True
478,LT-17110,Liz Thompson,Consumer,United States,San Diego,California,92105,West,8,2936.25,320.97,2017-11-26,GOLD,liz.thompson@example.com,2019-12-31 22:00:00+00:00,2ef9846861500716cf56d8f7de23c66a,2019-12-31 22:00:00+00:00,,True
479,LW-16825,Laurel Workman,Corporate,United States,Phoenix,Arizona,85023,West,5,2238.06,32.58,2017-10-03,SILVER,laurel.workman@example.com,2019-12-31 22:00:00+00:00,b436f5f569fe34aef7c99d4590915455,2019-12-31 22:00:00+00:00,,True
480,LW-16990,Lindsay Williams,Corporate,United States,San Francisco,California,94109,West,6,3230.31,662.83,2017-11-27,GOLD,lindsay.williams@example.com,2019-12-31 22:00:00+00:00,fac6c9d5e0f0dd54a904e436a25e0d06,2019-12-31 22:00:00+00:00,,True
481,LW-17125,Liz Willingham,Consumer,United States,Virginia Beach,Virginia,23464,South,3,1259.04,192.63,2017-06-08,SILVER,liz.willingham@example.com,2019-12-31 22:00:00+00:00,5ad2f0129aab1c1e150e45f6a9172149,2019-12-31 22:00:00+00:00,,True
482,LW-17215,Luke Weiss,Consumer,United States,Rochester,New York,14609,East,7,5420.51,837.24,2017-12-09,PLATINUM,luke.weiss@example.com,2019-12-31 22:00:00+00:00,65996806ddb55dce9e8842879f4d8fb4,2019-12-31 22:00:00+00:00,,True
483,MA-17560,Matt Abelman,Home Office,United States,Everett,Massachusetts,02149,East,11,4299.16,1240.23,2017-10-27,GOLD,matt.abelman@example.com,2019-12-31 22:00:00+00:00,71d368b653bd47733e0c0cb4a17f6f2e,2019-12-31 22:00:00+00:00,,True
484,MA-17995,Michelle Arnett,Home Office,United States,Richmond,Virginia,23223,South,6,2453.28,280.78,2017-06-27,SILVER,michelle.arnett@example.com,2019-12-31 22:00:00+00:00,519e6a976f9211452e136b7443751761,2019-12-31 22:00:00+00:00,,True
485,MB-17305,Maria Bertelson,Consumer,United States,Columbus,Ohio,43229,East,10,1548.7,212.42,2017-11-12,SILVER,maria.bertelson@example.com,2019-12-31 22:00:00+00:00,447dbda8a2db027199a4e7929c89d0c8,2019-12-31 22:00:00+00:00,,True
486,MB-18085,Mick Brown,Consumer,United States,Charlotte,North Carolina,28205,South,7,1428.23,117.81,2017-11-16,SILVER,mick.brown@example.com,2019-12-31 22:00:00+00:00,0171141f7a30e60046fb672a028c896c,2019-12-31 22:00:00+00:00,,True
487,MC-17275,Marc Crier,Consumer,United States,Pasco,Washington,99301,West,8,2725.98,461.0,2017-10-15,GOLD,marc.crier@example.com,2019-12-31 22:00:00+00:00,bc198808f3c3cca3642311eb50a931db,2019-12-31 22:00:00+00:00,2020-01-15 06:30:00+00:00,False
1009,MC-17275,Marc Crier,Consumer,United States,Pasco,Washington,99301,West,10,3659.71,498.09,2020-01-15,GOLD,marc.crier@example.com,2020-01-15 06:30:00+00:00,e78f7b919cbb59b74aa3f18c8509eeb4,2020-01-15 06:30:00+00:00,,True
488,MC-17425,Mark Cousins,Corporate,United States,Mobile,Alabama,36608,South,5,4432.14,1802.39,2016-11-26,GOLD,mark.cousins@example.com,2019-12-31 22:00:00+00:00,d1fd90949ce83cf507f98eaa1e48d239,2019-12-31 22:00:00+00:00,2020-01-15 06:30:00+00:00,False
1010,MC-17425,Mark Cousins,Home Office,United States,Mobile,Alabama,36608,South,9,5973.15,2144.0,2020-01-15,PLATINUM,mark.cousins@example.com,2020-01-15 06:30:00+00:00,649c4aee8e30aceb27d658f459b0a933,2020-01-15 06:30:00+00:00,,True
489,MC-17575,Matt Collins,Consumer,United States,Fayetteville,North Carolina,28314,South,8,1303.89,210.75,2017-12-03,SILVER,matt.collins@example.com,2019-12-31 22:00:00+00:00,7c73bc04fe6c61d0cbe4942634818fe9,2019-12-31 22:00:00+00:00,,True
490,MC-17590,Matt Collister,Corporate,United States,Arlington,Texas,76017,Central,6,2426.07,288.98,2017-11-09,SILVER,matt.collister@example.com,2019-12-31 22:00:00+00:00,3940ed80460c31bceb5bd292abe560a8,2019-12-31 22:00:00+00:00,,True
491,MC-17605,Matt Connell,Corporate,United States,Lakeland,Florida,33801,South,8,2258.19,195.45,2017-09-09,SILVER,matt.connell@example.com,2019-12-31 22:00:00+00:00,89d6be29e03fe42730e4e181e1d96909,2019-12-31 22:00:00+00:00,,True
492,MC-17635,Matthew Clasen,Corporate,United States,Los Angeles,California,90032,West,4,795.15,-247.94,2017-06-24,BRONZE,matthew.clasen@example.com,2019-12-31 22:00:00+00:00,b450ba9ce2d50f7a30c4ce3200bf963a,2019-12-31 22:00:00+00:00,,True
493,MC-17845,Michael Chen,Consumer,United States,Jackson,Mississippi,39212,South,7,3805.71,698.42,2017-12-29,GOLD,michael.chen@example.com,2019-12-31 22:00:00+00:00,5a93a16c7031117219227dead7ae1dad,2019-12-31 22:00:00+00:00,,True
494,MC-18100,Mick Crebagga,Consumer,United States,Philadelphia,Pennsylvania,19140,East,10,2218.98,-64.17,2017-11-19,SILVER,mick.crebagga@example.com,2019-12-31 22:00:00+00:00,fd15093f4cad8bbc07ff176467625d57,2019-12-31 22:00:00+00:00,,True
495,MC-18130,Mike Caudle,Corporate,United States,Los Angeles,California,90004,West,5,1582.0,121.76,2016-12-26,SILVER,mike.caudle@example.com,2019-12-31 22:00:00+00:00,1485cd8f63edf0f461e24778a9fe646c,2019-12-31 22:00:00+00:00,2020-01-15 06:30:00+00:00,False
1011,MC-18130,Mike Caudle,Corporate,United States,Seattle,Washington,98101,West,9,2177.26,163.4,2020-01-15,SILVER,mike.caudle@example.com,2020-01-15 06:30:00+00:00,e13afaa04c526a9b6a5fd363e57d510a,2020-01-15 06:30:00+00:00,,True
886,MC-20126,Marcus Cole,Consumer,United States,Chicago,Illinois,60610,Central,5,3011.36,135.35,2020-01-15,GOLD,marcus.cole@example.com,2020-01-15 06:30:00+00:00,99561437f449523541a1186c574fbf04,2020-01-15 06:30:00+00:00,,True
496,MD-17350,Maribeth Dona,Consumer,United States,Philadelphia,Pennsylvania,19143,East,7,3766.38,-241.95,2017-09-04,GOLD,maribeth.dona@example.com,2019-12-31 22:00:00+00:00,8b521db764def441a9cd97c26a21b452,2019-12-31 22:00:00+00:00,2020-01-15 06:30:00+00:00,False
1012,MD-17350,Maribeth Dona,Consumer,United States,Philadelphia,Pennsylvania,19143,East,11,4448.0,-265.06,2020-01-15,GOLD,maribeth.dona@example.com,2020-01-15 06:30:00+00:00,df362248db94d95309787d6d787a216e,2020-01-15 06:30:00+00:00,,True
497,MD-17860,Michael Dominguez,Corporate,United States,Unknown,Texas,78415,Central,5,1204.91,-4.04,2017-11-24,SILVER,michael.dominguez@example.com,2019-12-31 22:00:00+00:00,f8a4df4a02fec963f46dde06299684d2,2019-12-31 22:00:00+00:00,2020-01-15 06:30:00+00:00,False
1013,MD-17860,Michael Dominguez,Corporate,United States,Corpus Christi,Texas,78415,Central,5,1204.91,-4.04,2017-11-24,SILVER,michael.dominguez@example.com,2020-01-15 06:30:00+00:00,c5160095c589b5455d4f5bdf6b72c53c,2020-01-15 06:30:00+00:00,,True
498,ME-17320,Maria Etezadi,Home Office,United States,Henderson,Kentucky,00000,South,10,10663.73,1859.47,2017-11-18,PLATINUM,maria.etezadi@example.com,2019-12-31 22:00:00+00:00,d7f19fdffba2982c2c789d021110b85f,2019-12-31 22:00:00+00:00,,True
499,ME-17725,Max Engle,Consumer,United States,Dallas,Texas,75220,Central,8,1908.45,77.81,2017-12-02,SILVER,max.engle@example.com,2019-12-31 22:00:00+00:00,164d3c6d09f315e7862d8230f030a160,2019-12-31 22:00:00+00:00,,True
500,ME-18010,Michelle Ellison,Corporate,United States,San Francisco,California,94122,West,4,1256.94,107.36,2017-09-29,SILVER,michelle.ellison@example.com,2019-12-31 22:00:00+00:00,33652afba8252f7dcdf60652f905e58c,2019-12-31 22:00:00+00:00,,True
501,MF-17665,Maureen Fritzler,Corporate,United States,Columbia,Maryland,21044,East,5,937.04,-341.53,2016-11-04,BRONZE,maureen.fritzler@example.com,2019-12-31 22:00:00+00:00,c0e142d5c7dd61acfaed16fd695baf84,2019-12-31 22:00:00+00:00,,True
502,MF-18250,Monica Federle,Corporate,United States,Little Rock,Arkansas,72209,South,5,1758.3,456.86,2017-12-23,SILVER,monica.federle@unknown.local,2019-12-31 22:00:00+00:00,5ac831d2a8cabd5935f58a297d52e09b,2019-12-31 22:00:00+00:00,,True
889,MF-20189,Maya Fischer,Consumer,United States,Houston,Texas,77041,Central,1,4712.47,1204.28,2020-01-15,GOLD,maya.fischer@example.com,2020-01-15 06:30:00+00:00,e42feaa6ecb74a5b9f58216c27d1320e,2020-01-15 06:30:00+00:00,,True
503,MG-17650,Matthew Grinstein,Home Office,United States,Jackson,Michigan,49201,Central,7,3785.28,341.9,2017-12-01,GOLD,matthew.grinstein@example.com,2019-12-31 22:00:00+00:00,0631ecae8b750d2bb6a6c85cf36f59b3,2019-12-31 22:00:00+00:00,,True
504,MG-17680,Maureen Gastineau,Home Office,United States,Mentor,Ohio,44060,East,4,2350.19,25.89,2017-09-29,SILVER,maureen.gastineau@example.com,2019-12-31 22:00:00+00:00,94a92089f7e7d158ff60b7c2068a0e52,2019-12-31 22:00:00+00:00,,True
505,MG-17695,Maureen Gnade,Consumer,United States,Philadelphia,Pennsylvania,19134,East,3,1409.39,-398.79,2016-06-23,SILVER,maureen.gnade@example.com,2019-12-31 23:45:00+00:00,fa0295f3dc58aaa5e995b79a496dfe17,2019-12-31 22:00:00+00:00,,True
506,MG-17875,Michael Grace,Home Office,United States,Arlington,Virginia,22204,South,5,1242.83,-470.77,2017-09-05,SILVER,michael.grace@example.com,2019-12-31 22:00:00+00:00,c732ce10e75fb9392cf99e1878ea5393,2019-12-31 22:00:00+00:00,,True
507,MG-17890,Michael Granlund,Home Office,United States,Baltimore,Maryland,21215,East,9,776.38,171.74,2017-09-22,BRONZE,michael.granlund@example.com,2019-12-31 22:00:00+00:00,c58fa3654bc9fb9c0791410e527b6c98,2019-12-31 22:00:00+00:00,,True
508,MG-18145,Mike Gockenbach,Consumer,United States,Los Angeles,California,90045,West,4,3061.54,-93.6,2017-10-07,GOLD,mike.gockenbach@unknown.local,2019-12-31 22:00:00+00:00,9dfff9acd7467a9a2e124c5c9320d22f,2019-12-31 22:00:00+00:00,,True
509,MG-18205,Mitch Gastineau,Corporate,United States,Jacksonville,Florida,32216,South,1,16.74,-1.25,2017-04-10,BRONZE,mitch.gastineau@example.com,2019-12-31 22:00:00+00:00,e57f33442accb0b1b082e12edf514136,2019-12-31 22:00:00+00:00,,True
510,MH-17290,Marc Harrigan,Unknown,United States,Philadelphia,Pennsylvania,19140,East,6,2394.02,28.76,2017-09-02,SILVER,marc.harrigan@example.com,2019-12-31 22:00:00+00:00,a47a80303d9f87ce60c0126f409c1a50,2019-12-31 22:00:00+00:00,2020-01-15 06:30:00+00:00,False
1014,MH-17290,Marc Harrigan,Home Office,United States,Philadelphia,Pennsylvania,19140,East,9,3824.29,41.22,2020-01-15,GOLD,marc.harrigan@example.com,2020-01-15 06:30:00+00:00,20f772f811335fdb1753845b3104e882,2020-01-15 06:30:00+00:00,,True
511,MH-17440,Mark Haberlin,Corporate,United States,Jackson,Mississippi,39212,South,4,400.02,61.43,2016-12-19,BRONZE,mark.haberlin@example.com,2019-12-31 22:00:00+00:00,0e54c0b609ea192a2519593ff389e317,2019-12-31 22:00:00+00:00,,True
512,MH-17455,Mark Hamilton,Consumer,United States,Chicago,Illinois,60623,Central,8,2456.18,484.77,2017-10-06,SILVER,mark.hamilton@example.com,2019-12-31 22:00:00+00:00,dc8a8bd3c3ab7f2188ada17316d84ac4,2019-12-31 22:00:00+00:00,,True
513,MH-17620,Matt Hagelstein,Corporate,United States,San Francisco,California,94110,West,4,1315.44,122.36,2017-07-28,SILVER,matt.hagelstein@example.com,2019-12-31 23:45:00+00:00,51f9214ab89f664cc646af8690c10710,2019-12-31 22:00:00+00:00,,True
514,MH-17785,Maya Herman,Corporate,United States,New York City,New York,10035,East,7,2203.78,238.56,2017-09-23,SILVER,maya.herman@example.com,2019-12-31 22:00:00+00:00,b8d7e96a998a330fe429a15fa35beeda,2019-12-31 22:00:00+00:00,,True
515,MH-18025,Michelle Huthwaite,Consumer,United States,Seattle,Washington,98115,West,5,2984.95,476.9,2017-11-11,GOLD,michelle.huthwaite@example.com,2019-12-31 22:00:00+00:00,f1e6bdf988b6f0bfd489d6fc238abde1,2019-12-31 22:00:00+00:00,,True
516,MH-18115,Mick Hernandez,Home Office,United States,Jackson,Michigan,49201,Central,9,5503.09,170.97,2017-12-25,PLATINUM,mick.hernandez@example.com,2019-12-31 22:00:00+00:00,d4c795da13355b8ee22801d26e107e62,2019-12-31 22:00:00+00:00,,True
891,MI-20021,Meera Iyer,Consumer,United States,Houston,Texas,77041,Central,10,8363.08,845.63,2020-01-15,PLATINUM,meera.iyer@example.com,2020-01-15 06:30:00+00:00,084120aa69e98d01f1a26cf50e82624f,2020-01-15 06:30:00+00:00,,True
517,MJ-17740,Max Jones,Consumer,United States,Lancaster,Ohio,43130,East,7,0.0,1054.55,2017-12-08,PLATINUM,max.jones@example.com,2019-12-31 22:00:00+00:00,a23a233001e61682e61df28241906dab,2019-12-31 22:00:00+00:00,,True
518,MK-17905,Michael Kennedy,Corporate,United States,Jacksonville,Florida,32216,South,8,2302.37,-405.36,2017-12-02,SILVER,michael.kennedy@example.com,2019-12-31 22:00:00+00:00,ceaac483cda04e796b3dfab2a4b84860,2019-12-31 22:00:00+00:00,,True
519,MK-18160,Mike Kennedy,Consumer,United States,San Francisco,California,94122,West,4,1031.6,227.83,2017-05-04,SILVER,mike.kennedy@example.com,2019-12-31 22:00:00+00:00,f372b520d6108864f7cc9ee14b097d8c,2019-12-31 22:00:00+00:00,,True
520,ML-17395,Marina Lichtenstein,Corporate,United States,Murfreesboro,Tennessee,37130,South,9,2722.84,684.92,2017-10-22,GOLD,marina.lichtenstein@example.com,2019-12-31 22:00:00+00:00,1648edd875b794ae6c5d7071da07ef13,2019-12-31 22:00:00+00:00,,True
521,ML-17410,Maris LaWare,Consumer,United States,Phoenix,Arizona,85023,West,6,2921.5,-76.18,2017-11-06,GOLD,maris.laware@example.com,2019-12-31 22:00:00+00:00,8d180dd3fd8b3823e57e3a601ed96186,2019-12-31 22:00:00+00:00,,True
522,ML-17755,Max Ludwig,Home Office,United States,Suffolk,Virginia,23434,South,7,2071.91,409.51,2017-12-01,SILVER,max.ludwig@example.com,2019-12-31 22:00:00+00:00,300f01476269c7f85884784984009316,2019-12-31 22:00:00+00:00,,True
523,ML-18040,Michelle Lonsdale,Corporate,United States,Albuquerque,New Mexico,00000,West,3,742.08,138.72,2017-10-12,BRONZE,michelle.lonsdale@example.com,2019-12-31 22:00:00+00:00,6ace2302039a7fb14ad531c687b562c3,2019-12-31 22:00:00+00:00,,True
524,ML-18265,Muhammed Lee,Consumer,United States,Seattle,Washington,98103,West,2,162.23,42.66,2017-09-21,BRONZE,muhammed.lee@example.com,2019-12-31 22:00:00+00:00,02e161468791a2bb06b40e8a52436b0f,2019-12-31 22:00:00+00:00,,True
525,MM-17260,Magdelene Morse,Consumer,United States,New Rochelle,New York,10801,East,4,1379.72,178.4,2017-07-15,SILVER,magdelene.morse@example.com,2019-12-31 23:45:00+00:00,0c73a6fb08e253c7be90c4ad59b812f6,2019-12-31 22:00:00+00:00,,True
526,MM-17920,Michael Moore,Consumer,United States,Chesapeake,Virginia,00000,South,11,3794.08,82.12,2017-12-23,GOLD,michael.moore@example.com,2019-12-31 22:00:00+00:00,6ffa16619a4fc9bfd04f38033b466fdb,2019-12-31 22:00:00+00:00,,True
527,MM-18055,Michelle Moray,Consumer,United States,New York City,New York,10024,East,8,0.0,-520.34,2017-10-30,GOLD,michelle.moray@example.com,2019-12-31 22:00:00+00:00,02ac88e5f863c44fb44946c53ca6a882,2019-12-31 22:00:00+00:00,,True
528,MM-18280,Muhammed MacIntyre,Corporate,United States,Haltom City,Texas,76117,Central,9,775.41,58.89,2017-10-06,BRONZE,muhammed.macintyre@example.com,2019-12-31 22:00:00+00:00,7425d5201b9ea1392839b64a3818559f,2019-12-31 22:00:00+00:00,,True
529,MN-17935,Michael Nguyen,Consumer,United States,Dallas,Texas,75220,Central,6,2477.95,290.82,2017-11-26,SILVER,michael.nguyen@example.com,2019-12-31 22:00:00+00:00,e9ee59475184dd575e7532a3d0db9512,2019-12-31 22:00:00+00:00,,True
530,MO-17500,Mary O'Rourke,Consumer,United States,New York City,New York,10035,East,4,922.49,59.36,2017-10-19,BRONZE,mary.orourke@example.com,2019-12-31 22:00:00+00:00,b81e08532320d5c436610d18a608cba9,2019-12-31 22:00:00+00:00,,True
531,MO-17800,Meg O'Connel,Home Office,United States,Chicago,Illinois,60653,Central,8,1687.03,169.34,2017-09-17,SILVER,meg.oconnel@example.com,2019-12-31 22:00:00+00:00,b218f9976db6485a7d52cf219af17a87,2019-12-31 22:00:00+00:00,2020-01-15 06:30:00+00:00,False
1015,MO-17800,Meg O'Connel,Home Office,United States,Miami,Florida,33101,South,10,2346.59,209.27,2020-01-15,SILVER,meg.oconnel@example.com,2020-01-15 06:30:00+00:00,b5ced1806857b8d55f08cbfd752d9889,2020-01-15 06:30:00+00:00,,True
532,MO-17950,Michael Oakman,Consumer,United States,Dallas,Texas,75220,Central,2,154.29,-82.01,2017-07-03,BRONZE,michael.oakman@example.com,2019-12-31 22:00:00+00:00,52ff27d316b97c3611794bf1fb1a823d,2019-12-31 22:00:00+00:00,,True
533,MP-17470,Mark Packer,Home Office,United States,New York City,New York,10035,East,7,3206.13,600.29,2016-01-11,GOLD,mark.packer@example.com,2019-12-31 22:00:00+00:00,8af8c0f50eb682fb5aa36eba4a59d09a,2019-12-31 22:00:00+00:00,,True
534,MP-17965,Michael Paige,Corporate,United States,Mcallen,Texas,78501,Central,9,3983.64,638.16,2017-10-19,GOLD,michael.paige@example.com,2019-12-31 22:00:00+00:00,9950a1b1ea25e982ca0b8e726db9f0d6,2019-12-31 22:00:00+00:00,,True
535,MP-18175,Mike Pelletier,Home Office,United States,Milwaukee,Wisconsin,53209,Central,9,5087.92,226.45,2017-12-14,PLATINUM,mike.pelletier@example.com,2019-12-31 22:00:00+00:00,016957b6026471b00dc11eb8d9acb028,2019-12-31 22:00:00+00:00,,True
536,MR-17545,Mathew Reese,Home Office,United States,New York City,New York,00000,East,4,639.18,162.94,2017-08-27,BRONZE,mathew.reese@example.com,2019-12-31 22:00:00+00:00,24e04fbb081ff5f1072aef2020386fbd,2019-12-31 22:00:00+00:00,,True
537,MS-17365,Maribeth Schnelling,Consumer,United States,Chicago,Illinois,60653,Central,10,7443.69,844.94,2017-04-01,PLATINUM,maribeth.schnelling@example.com,2019-12-31 22:00:00+00:00,d7b9c695354e304861fdf83a7e7dc228,2019-12-31 22:00:00+00:00,,True
538,MS-17530,MaryBeth Skach,Consumer,United States,Seattle,Washington,98105,West,4,475.66,84.03,2016-10-22,BRONZE,marybeth.skach@example.com,2019-12-31 22:00:00+00:00,1a72ed7a36ba17ff71a2a99b355fee33,2019-12-31 22:00:00+00:00,,True
539,MS-17710,Maurice Satty,Consumer,United States,Fort Worth,Texas,76106,Central,6,1694.07,247.43,2016-11-12,SILVER,maurice.satty@example.com,2019-12-31 23:45:00+00:00,875e42b99e9ea454cc681a9d6b489954,2019-12-31 22:00:00+00:00,,True
540,MS-17770,Maxwell Schwartz,Consumer,United States,Seattle,Washington,98105,West,9,3144.68,280.86,2017-08-31,GOLD,maxwell.schwartz@example.com,2019-12-31 22:00:00+00:00,d9779fc5d76e55af4bb97835af942787,2019-12-31 22:00:00+00:00,,True
541,MS-17830,Melanie Seite,Consumer,United States,Laredo,Texas,78041,Central,4,370.35,19.43,2016-10-04,BRONZE,melanie.seite@example.com,2019-12-31 22:00:00+00:00,7ebe7d405ac4187e4396f7627025e496,2019-12-31 22:00:00+00:00,,True
542,MS-17980,Michael Stewart,Corporate,United States,Philadelphia,Pennsylvania,19134,East,6,855.12,55.23,2017-12-04,BRONZE,michael.stewart@unknown.local,2019-12-31 22:00:00+00:00,97bad76e314364a0e765f5fe243fc6ee,2019-12-31 22:00:00+00:00,,True
543,MT-17815,Meg Tillman,Consumer,United States,Jackson,Mississippi,39212,South,6,2890.14,509.01,2017-11-11,GOLD,meg.tillman@unknown.local,2019-12-31 22:00:00+00:00,1c6b9bdf8611182f86c53cffbe59b129,2019-12-31 22:00:00+00:00,,True
544,MT-18070,Michelle Tran,Home Office,United States,Houston,Texas,77041,Central,4,1319.45,-23.68,2017-06-10,SILVER,michelle.tran@example.com,2019-12-31 22:00:00+00:00,06a50c5e0e94f1d7a505bedf9829f094,2019-12-31 22:00:00+00:00,,True
894,MT-20266,Milo Tanaka,Home Office,United States,San Diego,California,92024,West,2,2972.55,534.59,2020-01-15,GOLD,milo.tanaka@example.com,2020-01-15 06:30:00+00:00,3358ca20e8e58c4ca1b203dbde9a970b,2020-01-15 06:30:00+00:00,,True
545,MV-17485,Mark Van Huff,Consumer,United States,Houston,Texas,77041,Central,9,1560.05,189.03,2017-12-03,SILVER,mark.van.huff@example.com,2019-12-31 22:00:00+00:00,cb28aab0385508fc184b8e7c379b65fb,2019-12-31 22:00:00+00:00,,True
546,MV-18190,Mike Vittorini,Consumer,United States,Los Angeles,California,90045,West,7,1734.57,273.86,2017-12-11,SILVER,mike.vittorini@example.com,2019-12-31 22:00:00+00:00,d5e5f3a76d3369238c909986abdccf95,2019-12-31 22:00:00+00:00,,True
547,MW-18220,Mitch Webber,Unknown,United States,New York City,New York,10011,East,7,5341.9,1238.42,2017-12-13,PLATINUM,mitch.webber@example.com,2019-12-31 22:00:00+00:00,3f1c3730cc0e841c0f4c826715778843,2019-12-31 22:00:00+00:00,,True
548,MW-18235,Mitch Willingham,Corporate,United States,Virginia Beach,Virginia,23464,South,2,5253.88,1665.52,2017-11-16,PLATINUM,mitch.willingham@unknown.local,2019-12-31 22:00:00+00:00,52af19ceff84ad36067f3c8f84cd5bd4,2019-12-31 22:00:00+00:00,2020-01-15 06:30:00+00:00,False
1016,MW-18235,Mitch Willingham,Corporate,United States,Virginia Beach,Virginia,23464,South,3,7578.66,1678.58,2020-01-15,PLATINUM,mitch.willingham@example.com,2020-01-15 06:30:00+00:00,534323a9f5e09e7f1c2c92c26862b88c,2020-01-15 06:30:00+00:00,,True
549,MY-17380,Maribeth Yedwab,Corporate,United States,Parker,Colorado,80134,West,7,2254.28,319.12,2017-12-01,SILVER,maribeth.yedwab@example.com,2019-12-31 22:00:00+00:00,3a85fdda833ffc89d6a8d7e060fa595b,2019-12-31 22:00:00+00:00,,True
550,MY-18295,Muhammed Yedwab,Corporate,United States,Baltimore,Maryland,21215,East,11,4152.7,-371.71,2017-10-20,GOLD,muhammed.yedwab@example.com,2019-12-31 22:00:00+00:00,39ffa2ef24626a76e3774656a89c0901,2019-12-31 22:00:00+00:00,,True
551,MZ-17335,Maria Zettner,Home Office,United States,Phoenix,Arizona,85023,West,4,623.29,85.02,2017-11-30,BRONZE,maria.zettner@example.com,2019-12-31 23:45:00+00:00,102e0ee41f0085f3e4a0687b03a40482,2019-12-31 22:00:00+00:00,,True
552,MZ-17515,Mary Zewe,Corporate,United States,Arlington,Texas,76017,Central,6,2693.16,787.75,2017-03-23,GOLD,mary.zewe@example.com,2019-12-31 23:45:00+00:00,dea0ca77015fea92cb67b42590fbf2db,2019-12-31 22:00:00+00:00,,True
553,NB-18580,Nicole Brennan,Corporate,United States,Unknown,Louisiana,71111,South,2,273.87,24.79,2014-10-22,BRONZE,nicole.brennan@example.com,2019-12-31 22:00:00+00:00,27f7c333df485b473343da31e367e8a7,2019-12-31 22:00:00+00:00,,True
554,NB-18655,Nona Balk,Corporate,United States,Milwaukee,Wisconsin,00000,Central,9,1972.6,117.64,2017-12-11,SILVER,nona.balk@example.com,2019-12-31 22:00:00+00:00,98141ebabfd250d6d2150b6dc34e7e2d,2019-12-31 22:00:00+00:00,,True
896,NB-20105,Nisha Bhatt,Consumer,United States,Atlanta,Georgia,30318,South,6,7285.6,1995.03,2020-01-15,PLATINUM,nisha.bhatt@example.com,2020-01-15 06:30:00+00:00,dca6633756dfcda1bd82977c4a98499d,2020-01-15 06:30:00+00:00,,True
897,NB-20168,Noah Bennett,Consumer,United States,New York City,New York,10024,East,3,4767.07,-187.86,2020-01-15,GOLD,noah.bennett@example.com,2020-01-15 06:30:00+00:00,4844c3d73b5087e2a4048d18691fe990,2020-01-15 06:30:00+00:00,,True
898,NB-20217,Nora Blake,Corporate,United States,Atlanta,Georgia,30318,South,6,6128.86,1098.98,2020-01-15,PLATINUM,nora.blake@example.com,2020-01-15 06:30:00+00:00,54ebc13d816abdfe5e2a270d2c3917b8,2020-01-15 06:30:00+00:00,,True
555,NC-18340,Nat Carroll,Consumer,United States,Fargo,North Dakota,58103,Central,5,2461.4,580.31,2017-05-20,SILVER,nat.carroll@example.com,2019-12-31 22:00:00+00:00,d787c3250735787ca7b75d1263c85e1d,2019-12-31 22:00:00+00:00,,True
556,NC-18415,Nathan Cano,Consumer,United States,Jacksonville,North Carolina,28540,South,6,2218.99,-2204.81,2017-11-19,SILVER,nathan.cano@example.com,2019-12-31 22:00:00+00:00,fadce836b380119779de178426ef06e2,2019-12-31 22:00:00+00:00,,True
557,NC-18535,Nick Crebassa,Corporate,United States,San Francisco,California,94122,West,7,8241.74,1314.76,2017-12-24,PLATINUM,nick.crebassa@example.com,2019-12-31 22:00:00+00:00,40c068f67fe30c1704fcc368473b3e6a,2019-12-31 22:00:00+00:00,,True
558,NC-18625,Noah Childs,Corporate,United States,Aurora,Colorado,80013,West,5,1821.74,-359.02,2017-06-09,SILVER,noah.childs@example.com,2019-12-31 22:00:00+00:00,9cec18a83e2bc3597373eddb5ac9eefa,2019-12-31 22:00:00+00:00,,True
559,ND-18370,Natalie DeCherney,Consumer,United States,San Francisco,California,94110,West,9,4326.14,353.65,2017-12-03,GOLD,natalie.decherney@unknown.local,2019-12-31 22:00:00+00:00,cb51314f166373ba56ba7137fde67e2b,2019-12-31 22:00:00+00:00,,True
560,ND-18460,Neil Ducich,Corporate,United States,Chesapeake,Virginia,23320,South,6,2893.46,443.34,2017-06-30,GOLD,neil.ducich@example.com,2019-12-31 22:00:00+00:00,d4df4739695d3c29c1745b404d2b8856,2019-12-31 22:00:00+00:00,,True
561,NF-18385,Natalie Fritzler,Consumer,United States,Newark,Ohio,43055,East,7,8322.83,-1695.97,2017-10-12,PLATINUM,natalie.fritzler@unknown.local,2019-12-31 22:00:00+00:00,715ef54db769bbc09c5c3460cd86d9c0,2019-12-31 22:00:00+00:00,,True
562,NF-18475,Neil Französisch,Home Office,United States,Jacksonville,Florida,32216,South,4,377.16,85.93,2016-07-23,BRONZE,neil.franzosisch@example.com,2019-12-31 22:00:00+00:00,2ffefb343f971071836a421bafc4770c,2019-12-31 22:00:00+00:00,,True
563,NF-18595,Nicole Fjeld,Home Office,United States,New York City,New York,10009,East,7,2031.47,388.21,2017-09-07,SILVER,nicole.fjeld@example.com,2019-12-31 22:00:00+00:00,d405d0bd05fb24d160a985627f662079,2019-12-31 22:00:00+00:00,,True
564,NG-18355,Nat Gilpin,Corporate,United States,New York City,New York,10011,East,5,1869.58,313.63,2017-11-12,SILVER,nat.gilpin@example.com,2019-12-31 22:00:00+00:00,5b9015cbf2fb9e738c32d5763c865ca2,2019-12-31 22:00:00+00:00,,True
565,NG-18430,Nathan Gelder,Consumer,United States,Austin,Texas,78745,Central,5,1395.94,217.09,2017-11-12,SILVER,nathan.gelder@example.com,2019-12-31 22:00:00+00:00,5c7bfa8f7574d1a07fe04c1da384dc08,2019-12-31 22:00:00+00:00,,True
566,NH-18610,Nicole Hansen,Corporate,United States,Detroit,Michigan,48227,Central,7,2673.29,760.17,2017-06-24,GOLD,nicole.hansen@example.com,2019-12-31 22:00:00+00:00,2cb28691f96b1bfa208b2fe018912f5f,2019-12-31 22:00:00+00:00,,True
567,NK-18490,Neil Knudson,Unknown,United States,San Francisco,California,94110,West,7,572.05,121.22,2017-10-21,BRONZE,neil.knudson@example.com,2019-12-31 22:00:00+00:00,919214540a0c03c7231d122168128135,2019-12-31 22:00:00+00:00,,True
568,NL-18310,Nancy Lomonaco,Home Office,United States,Danville,California,00000,West,4,1418.09,343.64,2017-11-02,SILVER,nancy.lomonaco@example.com,2019-12-31 22:00:00+00:00,bfb703f6841b9a4a66745fc3c05e8af5,2019-12-31 22:00:00+00:00,,True
569,NM-18445,Nathan Mautz,Home Office,United States,New York City,New York,10024,East,7,6459.34,2751.68,2017-07-23,PLATINUM,nathan.mautz@example.com,2019-12-31 22:00:00+00:00,dd620608f8ba408a20aa1170e7e98bab,2019-12-31 22:00:00+00:00,,True
570,NM-18520,Neoma Murray,Consumer,United States,Amarillo,Texas,79109,Central,10,2161.98,788.95,2017-04-30,SILVER,neoma.murray@example.com,2019-12-31 22:00:00+00:00,c9127cc3bc02efb3281d89ec2b0e4e3e,2019-12-31 22:00:00+00:00,,True
571,NP-18325,Naresj Patel,Consumer,United States,New York City,New York,10024,East,6,5529.62,1208.89,2017-12-05,PLATINUM,naresj.patel@example.com,2019-12-31 22:00:00+00:00,daf3305ab95a1effd11142b21addb5c4,2019-12-31 22:00:00+00:00,,True
572,NP-18670,Nora Paige,Consumer,United States,Lakewood,New Jersey,00000,East,5,3908.4,514.6,2017-11-02,GOLD,nora.paige@example.com,2019-12-31 22:00:00+00:00,f1115e3d5dd38420938a1d6d575e5906,2019-12-31 22:00:00+00:00,,True
573,NP-18685,Nora Pelletier,Home Office,United States,Niagara Falls,New York,14304,East,6,1228.7,514.5,2016-11-19,SILVER,nora.pelletier@example.com,2019-12-31 22:00:00+00:00,274db9c9d96682a0aad4e548bdbc0a95,2019-12-31 22:00:00+00:00,,True
574,NP-18700,Nora Preis,Consumer,United States,Chicago,Illinois,60623,Central,7,7903.18,631.23,2017-08-14,PLATINUM,nora.preis@example.com,2019-12-31 22:00:00+00:00,d9569bb9ab1b3007f6b85c97b1f5965e,2019-12-31 22:00:00+00:00,,True
575,NR-18550,Nick Radford,Consumer,United States,Pembroke Pines,Florida,33024,South,5,2367.28,-25.15,2017-06-03,SILVER,nick.radford@example.com,2019-12-31 22:00:00+00:00,2322e6bea7c038e568b7565e204b76c8,2019-12-31 22:00:00+00:00,,True
576,NS-18505,Neola Schneider,Consumer,United States,Dallas,Texas,75217,Central,4,2575.86,-12.3,2017-12-24,GOLD,neola.schneider@example.com,2019-12-31 22:00:00+00:00,eddecf9b0dcface7bfb1cdfac267a4f9,2019-12-31 22:00:00+00:00,,True
577,NS-18640,Noel Staavos,Corporate,United States,Columbus,Ohio,43229,East,13,2964.82,-234.77,2017-07-09,GOLD,noel.staavos@example.com,2019-12-31 22:00:00+00:00,578122da977b0405376b8c4f30288285,2019-12-31 22:00:00+00:00,,True
899,NV-20070,Neel Verma,Corporate,United States,Chicago,Illinois,60610,Central,8,8717.0,2240.25,2020-01-15,PLATINUM,neel.verma@example.com,2020-01-15 06:30:00+00:00,4a932bebde38c575941167e7e12ae6fc,2020-01-15 06:30:00+00:00,,True
578,NW-18400,Natalie Webber,Consumer,United States,Philadelphia,Pennsylvania,19120,East,7,7595.71,1023.12,2017-07-11,PLATINUM,natalie.webber@example.com,2019-12-31 23:45:00+00:00,1ca3ef679229224002bc8c55f8d08883,2019-12-31 22:00:00+00:00,2020-01-15 06:30:00+00:00,False
1017,NW-18400,Natalie Webber,Consumer,United States,Boston,Massachusetts,02108,East,8,8230.69,1356.22,2020-01-15,PLATINUM,natalie.webber@example.com,2020-01-15 06:30:00+00:00,67fb65466a5056189d1f040b4faac85f,2020-01-15 06:30:00+00:00,,True
579,NZ-18565,Nick Zandusky,Home Office,United States,Columbus,Ohio,43229,East,9,2488.31,402.42,2017-10-06,SILVER,nick.zandusky@example.com,2019-12-31 22:00:00+00:00,98bfa68d5c3949189cb1bf2ff574236d,2019-12-31 22:00:00+00:00,,True
901,OH-20112,Omar Haddad,Corporate,United States,New York City,New York,10024,East,11,6699.25,1799.48,2020-01-15,PLATINUM,omar.haddad@example.com,2020-01-15 06:30:00+00:00,1bbd7a50806b2ee0e23f4fe94af654fd,2020-01-15 06:30:00+00:00,,True
580,ON-18715,Odella Nelson,Unknown,United States,Clinton,Maryland,20735,East,9,1567.52,-5.89,2016-11-15,SILVER,odella.nelson@example.com,2019-12-31 22:00:00+00:00,c61a300fc4809767cd11a6860b443c67,2019-12-31 22:00:00+00:00,,True
581,OT-18730,Olvera Toch,Consumer,United States,Bethlehem,Pennsylvania,18018,East,5,3818.62,-925.12,2017-10-26,GOLD,olvera.toch@example.com,2019-12-31 22:00:00+00:00,c0325e24d035dd9539ac856b27f12970,2019-12-31 22:00:00+00:00,,True
582,PA-19060,Pete Armstrong,Home Office,United States,Richmond,Indiana,47374,Central,6,729.41,225.86,2017-09-18,BRONZE,pete.armstrong@example.com,2019-12-31 22:00:00+00:00,839f2e106a8a93e0d74eba52fd9a1182,2019-12-31 22:00:00+00:00,,True
583,PB-18805,Patrick Bzostek,Home Office,United States,Seattle,Washington,98115,West,3,740.36,229.23,2017-12-05,BRONZE,patrick.bzostek@example.com,2019-12-31 22:00:00+00:00,a204cdd513663c33d26020eec50bc2be,2019-12-31 22:00:00+00:00,,True
584,PB-19105,Peter Bühler,Consumer,United States,Smyrna,Georgia,30080,South,4,722.74,218.16,2017-11-03,BRONZE,peter.buhler@example.com,2019-12-31 23:45:00+00:00,11ac084632b3f3ea0913c90b9bf89c0e,2019-12-31 22:00:00+00:00,2020-01-15 06:30:00+00:00,False
1018,PB-19105,Peter Bühler,Consumer,United States,Smyrna,Georgia,30080,South,7,735.11,270.38,2020-01-15,BRONZE,peter.buhler@example.com,2020-01-15 06:30:00+00:00,0e7d6037ecb12ac3c2fa5f005ab7af72,2020-01-15 06:30:00+00:00,,True
585,PB-19150,Philip Brown,Consumer,United States,Los Angeles,California,90004,West,8,1456.95,280.66,2017-09-24,SILVER,philip.brown@example.com,2019-12-31 22:00:00+00:00,fa895ecd6f56764d6fb9e84b3b35c7d4,2019-12-31 22:00:00+00:00,,True
586,PB-19210,Phillip Breyer,Corporate,United States,Philadelphia,Pennsylvania,19134,East,2,132.74,21.9,2016-02-11,BRONZE,phillip.breyer@example.com,2019-12-31 22:00:00+00:00,c3e07831f4a19fa7ef88fd242d2fc7c2,2019-12-31 22:00:00+00:00,,True
587,PC-18745,Pamela Coakley,Corporate,United States,San Francisco,California,94122,West,4,1832.06,272.68,2017-12-28,SILVER,pamela.coakley@example.com,2019-12-31 22:00:00+00:00,7c629173cd7b4d1ecbc99d92a351a2ca,2019-12-31 22:00:00+00:00,,True
588,PC-19000,Pauline Chand,Home Office,United States,Los Angeles,California,90004,West,2,1061.49,-184.34,2015-08-01,SILVER,pauline.chand@example.com,2019-12-31 22:00:00+00:00,bd4ff15f8d7a6529c33c88ad93fbc150,2019-12-31 22:00:00+00:00,,True
589,PF-19120,Peter Fuller,Consumer,United States,New York City,New York,10035,East,4,9062.86,-614.29,2015-09-17,PLATINUM,peter.fuller@example.com,2019-12-31 22:00:00+00:00,e77d5dc823048c25c036a29f2d14e69d,2019-12-31 22:00:00+00:00,,True
590,PF-19165,Philip Fox,Consumer,United States,San Diego,California,92105,West,6,2770.0,196.87,2017-06-17,GOLD,philip.fox@example.com,2019-12-31 22:00:00+00:00,867f2ec44d99a05d2c83802ae260e4aa,2019-12-31 22:00:00+00:00,,True
591,PF-19225,Phillip Flathmann,Consumer,United States,Los Angeles,California,90032,West,5,2206.13,591.31,2017-09-07,SILVER,phillip.flathmann@example.com,2019-12-31 22:00:00+00:00,85becdfb3acc27e28cbd625b251a7034,2019-12-31 22:00:00+00:00,2020-01-15 06:30:00+00:00,False
1019,PF-19225,Phillip Flathmann,Consumer,United States,Denver,Colorado,80202,West,8,2500.84,677.9,2020-01-15,GOLD,phillip.flathmann@example.com,2020-01-15 06:30:00+00:00,46969602afe97d7cec379ec83c96f1c2,2020-01-15 06:30:00+00:00,,True
592,PG-18820,Patrick Gardner,Consumer,United States,Bakersfield,California,93309,West,13,3086.91,137.46,2017-11-24,GOLD,patrick.gardner@example.com,2019-12-31 22:00:00+00:00,35b6cef9ad8783788cbb1520e2ced3ad,2019-12-31 22:00:00+00:00,2020-01-15 06:30:00+00:00,False
1020,PG-18820,Patrick Gardner,Consumer,United States,Bakersfield,California,93309,West,15,4435.75,194.23,2020-01-15,GOLD,patrick.gardner@example.com,2020-01-15 06:30:00+00:00,16f69f4156a418c51bcb7bbc5b7119f2,2020-01-15 06:30:00+00:00,,True
593,PG-18895,Paul Gonzalez,Consumer,United States,Los Angeles,California,90008,West,9,1987.16,334.52,2017-11-03,SILVER,paul.gonzalez@example.com,2019-12-31 22:00:00+00:00,8059e615238e922fedbb39b2939587a6,2019-12-31 22:00:00+00:00,,True
594,PH-18790,Patricia Hirasaki,Home Office,United States,Lakeland,Florida,33801,South,1,729.65,47.89,2017-10-21,BRONZE,patricia.hirasaki@example.com,2019-12-31 22:00:00+00:00,c4ef5303676161f66a197bde56b90f7e,2019-12-31 22:00:00+00:00,,True
595,PJ-18835,Patrick Jones,Corporate,United States,New York City,New York,10035,East,8,1220.09,442.14,2017-11-21,SILVER,patrick.jones@example.com,2019-12-31 22:00:00+00:00,e9965d4d54fd3959c4029254c4670918,2019-12-31 22:00:00+00:00,,True
596,PJ-19015,Pauline Johnson,Consumer,United States,New York City,New York,10024,East,7,1824.23,683.0,2017-08-18,SILVER,pauline.johnson@example.com,2019-12-31 22:00:00+00:00,eb161fe7bb602d7ae362fafc57d6d793,2019-12-31 22:00:00+00:00,2020-01-15 06:30:00+00:00,False
1021,PJ-19015,Pauline Johnson,Corporate,United States,New York City,New York,10024,East,8,2806.46,871.46,2020-01-15,GOLD,pauline.johnson@example.com,2020-01-15 06:30:00+00:00,175fbbdd2ffb3522cbd8335376ed8f7f,2020-01-15 06:30:00+00:00,,True
907,PJ-20077,Priya Joshi,Home Office,United States,Houston,Texas,77041,Central,6,3568.4,951.48,2020-01-15,GOLD,priya.joshi@example.com,2020-01-15 06:30:00+00:00,522949e4a5a398a7c871018f6aecb6bb,2020-01-15 06:30:00+00:00,,True
597,PK-18910,Paul Knutson,Home Office,United States,Philadelphia,Pennsylvania,19143,East,2,1441.15,-798.7,2016-09-03,SILVER,paul.knutson@example.com,2019-12-31 22:00:00+00:00,9b5721100bcba6970cbd1452f3231753,2019-12-31 22:00:00+00:00,,True
598,PK-19075,Pete Kriz,Consumer,United States,Unknown,Michigan,48227,Central,12,8646.93,2038.27,2017-12-21,PLATINUM,pete.kriz@unknown.local,2019-12-31 22:00:00+00:00,15930373a064e37660b26c9bcf614a16,2019-12-31 22:00:00+00:00,,True
599,PL-18925,Paul Lucas,Home Office,United States,Philadelphia,Pennsylvania,19140,East,5,239.48,-0.75,2017-12-15,BRONZE,paul.lucas@example.com,2019-12-31 22:00:00+00:00,746c654bcc6ef462571ec36f79206d76,2019-12-31 22:00:00+00:00,,True
600,PM-18940,Paul MacIntyre,Consumer,United States,Texas City,Texas,77590,Central,3,1405.4,157.88,2016-12-09,SILVER,paul.macintyre@example.com,2019-12-31 22:00:00+00:00,7c17df68ebc3a9eb338a7e351ee07ade,2019-12-31 22:00:00+00:00,2020-01-15 06:30:00+00:00,False
1022,PM-18940,Paul MacIntyre,Consumer,United States,Boston,Massachusetts,02108,East,4,1606.93,226.42,2020-01-15,SILVER,paul.macintyre@example.com,2020-01-15 06:30:00+00:00,4761178eb77171267d1cafa96547358c,2020-01-15 06:30:00+00:00,,True
601,PM-19135,Peter McVee,Unknown,United States,Dover,New Hampshire,03820,East,4,4115.66,526.75,2017-11-09,GOLD,peter.mcvee@example.com,2019-12-31 22:00:00+00:00,732e40a63f8520d134637f5f5ea493a2,2019-12-31 22:00:00+00:00,,True
602,PN-18775,Parhena Norris,Unknown,United States,Clarksville,Tennessee,37042,South,8,1467.15,192.04,2017-11-30,SILVER,parhena.norris@example.com,2019-12-31 22:00:00+00:00,0d6f3e7e6b4c12e90731bba555d8d3a6,2019-12-31 22:00:00+00:00,,True
603,PO-18850,Patrick O'Brill,Consumer,United States,Philadelphia,Pennsylvania,19143,East,11,7473.83,38.48,2017-12-26,PLATINUM,patrick.obrill@example.com,2019-12-31 22:00:00+00:00,fdb4c9eb308a5fb68f09423dc124353b,2019-12-31 22:00:00+00:00,2020-01-15 06:30:00+00:00,False
1023,PO-18850,Patrick O'Brill,Consumer,United States,Philadelphia,Pennsylvania,19143,East,14,11684.75,40.99,2020-01-15,PLATINUM,patrick.obrill@example.com,2020-01-15 06:30:00+00:00,b1f278e08fe49088faf390ecc153f9ab,2020-01-15 06:30:00+00:00,,True
604,PO-18865,Patrick O'Donnell,Consumer,United States,Indianapolis,Indiana,46203,Central,7,2493.21,437.85,2017-12-30,SILVER,patrick.odonnell@example.com,2019-12-31 22:00:00+00:00,05ab11b716ec7dc142f793909fc20357,2019-12-31 22:00:00+00:00,,True
605,PO-19180,Philisse Overcash,Home Office,United States,Roseville,Minnesota,55113,Central,9,4893.04,1155.43,2017-07-23,GOLD,philisse.overcash@example.com,2019-12-31 22:00:00+00:00,b988dbd9c01652da8c4e0cb735a8ffce,2019-12-31 22:00:00+00:00,,True
606,PO-19195,Phillina Ober,Home Office,United States,Bayonne,New Jersey,07002,East,5,1056.86,-49.7,2017-10-05,SILVER,phillina.ober@example.com,2019-12-31 22:00:00+00:00,66c851afdaae1970a9d937919354b1ff,2019-12-31 22:00:00+00:00,,True
607,PP-18955,Paul Prost,Home Office,United States,Smyrna,Georgia,30080,South,10,7252.61,1495.09,2017-09-24,PLATINUM,paul.prost@example.com,2019-12-31 22:00:00+00:00,92b70be7886a1a7968d941b3aa9b8014,2019-12-31 22:00:00+00:00,,True
608,PR-18880,Patrick Ryan,Consumer,United States,Oakland,California,94601,West,5,1840.18,247.62,2017-11-24,SILVER,patrick.ryan@example.com,2019-12-31 22:00:00+00:00,5530e93da27ecb0cb50b62bfe79953e3,2019-12-31 22:00:00+00:00,,True
609,PS-18760,Pamela Stobb,Consumer,United States,Los Angeles,California,90008,West,6,2181.48,-134.44,2017-09-14,SILVER,pamela.stobb@example.com,2019-12-31 22:00:00+00:00,abcd12f4e6d69d37985535a60039bf83,2019-12-31 22:00:00+00:00,,True
610,PS-18970,Paul Stevenson,Home Office,United States,Seattle,Washington,98105,West,8,1278.64,198.51,2017-10-22,SILVER,paul.stevenson@example.com,2019-12-31 22:00:00+00:00,2a71c8c59b11d4065dba23d22198596e,2019-12-31 22:00:00+00:00,,True
611,PS-19045,Penelope Sewall,Home Office,United States,Harrisonburg,Virginia,22801,South,7,6843.63,1742.73,2017-05-08,PLATINUM,penelope.sewall@example.com,2019-12-31 22:00:00+00:00,d2ce49ddb3789b467532ecfea0cbdc19,2019-12-31 22:00:00+00:00,,True
612,PT-19090,Pete Takahito,Consumer,United States,Jacksonville,Florida,32216,South,4,160.57,-20.05,2017-10-20,BRONZE,pete.takahito@example.com,2019-12-31 22:00:00+00:00,3716111782d65dd4439d081fb0fa8a55,2019-12-31 22:00:00+00:00,,True
613,PV-18985,Paul Van Hugh,Home Office,United States,League City,Texas,77573,Central,5,2876.05,434.53,2017-10-02,GOLD,paul.van.hugh@example.com,2019-12-31 22:00:00+00:00,ae83478375f16e5655c8375d2b775f17,2019-12-31 22:00:00+00:00,,True
614,PW-19030,Pauline Webber,Corporate,United States,New York City,New York,10009,East,10,3454.92,803.82,2017-11-14,GOLD,pauline.webber@example.com,2019-12-31 22:00:00+00:00,3edc28655eb12d8f8a40fe1bebc1f1d1,2019-12-31 22:00:00+00:00,,True
615,PW-19240,Pierre Wener,Consumer,United States,Wilmington,Delaware,19805,East,7,3922.42,1290.35,2016-09-22,GOLD,pierre.wener@example.com,2019-12-31 22:00:00+00:00,48fbd3e6d09e5161b452d4964f20795d,2019-12-31 22:00:00+00:00,,True
616,QJ-19255,Quincy Jones,Corporate,United States,Springfield,Virginia,22153,South,9,6108.34,1203.68,2017-12-05,PLATINUM,quincy.jones@example.com,2019-12-31 22:00:00+00:00,64a238f3df0ee0955571cef2c9b90175,2019-12-31 22:00:00+00:00,,True
617,RA-19285,Ralph Arnett,Consumer,United States,Lakeland,Florida,33801,South,9,2617.91,546.09,2017-12-25,GOLD,ralph.arnett@example.com,2019-12-31 22:00:00+00:00,8c974ecee0401738f3ea0646a2d94b84,2019-12-31 22:00:00+00:00,2020-01-15 06:30:00+00:00,False
1024,RA-19285,Ralph Arnett,Consumer,United States,Lakeland,Florida,33801,South,12,2933.87,730.48,2020-01-15,GOLD,ralph.arnett@example.com,2020-01-15 06:30:00+00:00,25a44dc78abe93ca5a7b930a8f1ed649,2020-01-15 06:30:00+00:00,,True
618,RA-19885,Ruben Ausman,Corporate,United States,San Francisco,California,00000,West,7,3832.31,1292.87,2017-11-17,GOLD,ruben.ausman@example.com,2019-12-31 22:00:00+00:00,4ff79fb122d86b59af998862ebf415ee,2019-12-31 22:00:00+00:00,,True
619,RA-19915,Russell Applegate,Consumer,United States,Highland Park,Illinois,60035,Central,9,4793.54,304.87,2017-12-18,GOLD,russell.applegate@example.com,2019-12-31 22:00:00+00:00,5c55ac4d067596a5f3e57a059c8f26d3,2019-12-31 22:00:00+00:00,,True
620,RA-19945,Ryan Akin,Consumer,United States,Dallas,Texas,75217,Central,5,1686.92,-445.7,2017-10-30,SILVER,ryan.akin@example.com,2019-12-31 22:00:00+00:00,7d77d0b55e7f7ed6341d289e59b7481d,2019-12-31 22:00:00+00:00,,True
621,RB-19330,Randy Bradley,Consumer,United States,Austin,Texas,78745,Central,2,1008.2,-164.41,2017-10-23,SILVER,randy.bradley@example.com,2019-12-31 22:00:00+00:00,45f6d45d3164bd6cf5b1ec73ee998d48,2019-12-31 22:00:00+00:00,2020-01-15 06:30:00+00:00,False
1025,RB-19330,Randy Bradley,Corporate,United States,Boston,Massachusetts,02108,East,4,1156.32,-222.28,2020-01-15,SILVER,randy.bradley@example.com,2020-01-15 06:30:00+00:00,0cb310b3b7b25c2f18beec4061aef4f3,2020-01-15 06:30:00+00:00,,True
622,RB-19360,Raymond Buch,Unknown,United States,Auburn,New York,13021,East,6,15117.34,6976.1,2017-09-25,PLATINUM,raymond.buch@example.com,2019-12-31 22:00:00+00:00,0ad39fa4eb453107c6804d9e96acd9dc,2019-12-31 22:00:00+00:00,,True
623,RB-19435,Richard Bierner,Consumer,United States,San Diego,California,92105,West,8,2663.09,477.24,2017-12-11,GOLD,richard.bierner@example.com,2019-12-31 22:00:00+00:00,02a913c47b89fb44ee43c524921ec54a,2019-12-31 22:00:00+00:00,,True
624,RB-19465,Rick Bensley,Home Office,United States,Tulsa,Oklahoma,74133,Central,12,4715.47,640.55,2017-12-21,GOLD,rick.bensley@example.com,2019-12-31 22:00:00+00:00,2f6004686ad8fa179a90faa5b73cdb8f,2019-12-31 22:00:00+00:00,,True
625,RB-19570,Rob Beeghly,Consumer,United States,Columbus,Indiana,47201,Central,5,528.55,76.89,2017-12-05,BRONZE,rob.beeghly@example.com,2019-12-31 22:00:00+00:00,b955068125ddbbdf5401f0c2f5437f7a,2019-12-31 22:00:00+00:00,,True
626,RB-19645,Robert Barroso,Corporate,United States,Memphis,Tennessee,38109,South,5,221.08,72.68,2016-03-22,BRONZE,robert.barroso@unknown.local,2019-12-31 22:00:00+00:00,f48a0279285d71813c758c9199f13135,2019-12-31 22:00:00+00:00,,True
627,RB-19705,Roger Barcio,Home Office,United States,New York City,New York,10035,East,4,2067.45,243.08,2017-11-06,SILVER,roger.barcio@example.com,2019-12-31 22:00:00+00:00,7f59db21ce8dcf302eca247dc2f7d6a6,2019-12-31 22:00:00+00:00,2020-01-15 06:30:00+00:00,False
1026,RB-19705,Roger Barcio,Home Office,United States,Denver,Colorado,80202,West,8,3273.45,342.83,2020-01-15,GOLD,roger.barcio@example.com,2020-01-15 06:30:00+00:00,c06948f6046a9b78da97612d50afc88e,2020-01-15 06:30:00+00:00,,True
628,RB-19795,Ross Baird,Home Office,United States,Philadelphia,Pennsylvania,19120,East,8,5633.32,-461.73,2017-11-28,PLATINUM,ross.baird@example.com,2019-12-31 22:00:00+00:00,78bc7daf64e809e9628212cd988e8454,2019-12-31 22:00:00+00:00,,True
629,RC-19825,Roy Collins,Consumer,United States,Pasadena,California,91104,West,6,966.41,63.99,2016-12-26,BRONZE,roy.collins@example.com,2019-12-31 22:00:00+00:00,b92ccfa675046b964242d952290a9d9f,2019-12-31 22:00:00+00:00,,True
630,RC-19960,Ryan Crowe,Consumer,United States,Columbus,Ohio,43229,East,6,885.75,10.56,2017-09-11,BRONZE,ryan.crowe@example.com,2019-12-31 22:00:00+00:00,99d99eb31998d0d87a66e8b9c9c31434,2019-12-31 22:00:00+00:00,2020-01-15 06:30:00+00:00,False
1027,RC-19960,Ryan Crowe,Consumer,United States,Columbus,Ohio,43229,East,10,1256.4,13.8,2020-01-15,SILVER,ryan.crowe@example.com,2020-01-15 06:30:00+00:00,6e258c7549b9a7444c0e15d78f42be13,2020-01-15 06:30:00+00:00,,True
631,RD-19480,Rick Duston,Consumer,United States,San Francisco,California,94122,West,8,4272.93,480.59,2017-10-19,GOLD,rick.duston@example.com,2019-12-31 22:00:00+00:00,acec6c785c3c4b4d6c6fd05264388f4a,2019-12-31 22:00:00+00:00,,True
632,RD-19585,Rob Dowd,Consumer,United States,Henderson,Kentucky,42420,South,10,2912.89,734.52,2017-07-03,GOLD,rob.dowd@example.com,2019-12-31 22:00:00+00:00,5c40320dd1bd94bef0fbb56bfa35becd,2019-12-31 22:00:00+00:00,,True
633,RD-19660,Robert Dilbeck,Home Office,United States,Independence,Missouri,64055,Central,5,2786.63,835.77,2017-09-07,GOLD,robert.dilbeck@example.com,2019-12-31 22:00:00+00:00,0df7da6dddd05cbbd3776d7c165d077f,2019-12-31 22:00:00+00:00,2020-01-15 06:30:00+00:00,False
1028,RD-19660,Robert Dilbeck,Home Office,United States,Miami,Florida,33101,South,6,3576.41,968.15,2020-01-15,GOLD,robert.dilbeck@example.com,2020-01-15 06:30:00+00:00,961582b2b0e2d5023113dfa23603177b,2020-01-15 06:30:00+00:00,,True
634,RD-19720,Roger Demir,Consumer,United States,Morgan Hill,California,95037,West,10,1419.74,207.33,2017-12-09,SILVER,roger.demir@example.com,2019-12-31 22:00:00+00:00,cb028d5772db6cc826e421c71afc84d7,2019-12-31 22:00:00+00:00,,True
635,RD-19810,Ross DeVincentis,Home Office,United States,Chicago,Illinois,60610,Central,8,1137.62,318.46,2017-12-16,SILVER,ross.devincentis@example.com,2019-12-31 22:00:00+00:00,b0e2973701f882cd19e95e512055f9f9,2019-12-31 22:00:00+00:00,2020-01-15 06:30:00+00:00,False
1029,RD-19810,Ross DeVincentis,Home Office,United States,Chicago,Illinois,60610,Central,11,1669.6,354.47,2020-01-15,SILVER,ross.devincentis@example.com,2020-01-15 06:30:00+00:00,f6a1960fafc10cd5a733497e050316f3,2020-01-15 06:30:00+00:00,,True
636,RD-19900,Ruben Dartt,Consumer,United States,San Diego,California,92037,West,9,3133.92,455.53,2017-09-07,GOLD,ruben.dartt@example.com,2019-12-31 22:00:00+00:00,fabeb4a38881f69eabb7e080cb97f1d1,2019-12-31 22:00:00+00:00,,True
637,RD-19930,Russell D'Ascenzo,Consumer,United States,Dallas,Texas,75217,Central,4,970.94,35.06,2017-11-18,BRONZE,russell.dascenzo@example.com,2019-12-31 22:00:00+00:00,e5dc39bbc937d2611a371d28f0447160,2019-12-31 22:00:00+00:00,,True
638,RE-19405,Ricardo Emerson,Consumer,United States,Kent,Ohio,44240,East,1,48.36,6.04,2014-12-29,BRONZE,ricardo.emerson@example.com,2019-12-31 22:00:00+00:00,eac25347dab3367e8427967dd0efc17d,2019-12-31 22:00:00+00:00,,True
639,RE-19450,Richard Eichhorn,Consumer,United States,Decatur,Illinois,62521,Central,5,876.7,209.23,2017-03-03,BRONZE,richard.eichhorn@example.com,2019-12-31 22:00:00+00:00,b0a6191953e5bb9cb808c3ec8e7b07b3,2019-12-31 22:00:00+00:00,,True
640,RF-19345,Randy Ferguson,Corporate,United States,Marietta,Georgia,30062,South,8,3309.15,633.71,2016-12-05,GOLD,randy.ferguson@example.com,2019-12-31 22:00:00+00:00,232c2306a7819d4838512dde3b83559b,2019-12-31 22:00:00+00:00,2020-01-15 06:30:00+00:00,False
1030,RF-19345,Randy Ferguson,Corporate,United States,Marietta,Georgia,30062,South,12,3700.03,793.72,2020-01-15,GOLD,randy.ferguson@unknown.local,2020-01-15 06:30:00+00:00,250569f1c2b3ae865bd4f96f13adee17,2020-01-15 06:30:00+00:00,,True
641,RF-19735,Roland Fjeld,Consumer,United States,Oklahoma City,Oklahoma,73120,Central,7,2341.3,711.62,2017-10-02,SILVER,roland.fjeld@example.com,2019-12-31 22:00:00+00:00,33d9497d287b5fbd884be84c1e6eb72c,2019-12-31 22:00:00+00:00,,True
642,RF-19840,Roy Französisch,Consumer,United States,Chesapeake,Virginia,23320,South,8,945.22,280.03,2017-12-24,BRONZE,roy.franzosisch@example.com,2019-12-31 22:00:00+00:00,4ab2b45ebbf4953406df22d0530e2e05,2019-12-31 22:00:00+00:00,,True
643,RH-19495,Rick Hansen,Consumer,United States,New York City,New York,10024,East,5,3621.38,563.79,2017-11-28,GOLD,rick.hansen@example.com,2019-12-31 22:00:00+00:00,8a58ca16c80d2c18e256ec83f5212461,2019-12-31 22:00:00+00:00,,True
644,RH-19510,Rick Huthwaite,Home Office,United States,Providence,Rhode Island,02908,East,6,6979.18,1289.45,2016-09-19,PLATINUM,rick.huthwaite@example.com,2019-12-31 22:00:00+00:00,f1cfd0a61ff09e204e5fc752dc080b86,2019-12-31 22:00:00+00:00,,True
645,RH-19555,Ritsa Hightower,Consumer,United States,Charlotte,North Carolina,28205,South,2,740.38,0.31,2016-07-29,BRONZE,ritsa.hightower@example.com,2019-12-31 22:00:00+00:00,57b17e8cdc52808470ed24f862efdb23,2019-12-31 22:00:00+00:00,,True
646,RH-19600,Rob Haberlin,Consumer,United States,Carol Stream,Illinois,60188,Central,3,2085.74,172.63,2016-07-14,SILVER,rob.haberlin@example.com,2019-12-31 22:00:00+00:00,fd3ca125b05b9c3876e937c6a3bf2d3f,2019-12-31 22:00:00+00:00,2020-01-15 06:30:00+00:00,False
1031,RH-19600,Rob Haberlin,Consumer,United States,Carol Stream,Illinois,60188,Central,5,2885.46,208.41,2020-01-15,GOLD,rob.haberlin@example.com,2020-01-15 06:30:00+00:00,548e75b11949951befaba671140460b4,2020-01-15 06:30:00+00:00,,True
647,RK-19300,Ralph Kennedy,Consumer,United States,South Bend,Indiana,46614,Central,3,1460.19,269.69,2017-09-02,SILVER,ralph.kennedy@example.com,2019-12-31 22:00:00+00:00,2030436bd30decdd89d8059b8a96182e,2019-12-31 22:00:00+00:00,,True
648,RL-19615,Rob Lucas,Consumer,United States,Chicago,Illinois,60610,Central,8,6234.91,488.15,2017-08-31,PLATINUM,rob.lucas@example.com,2019-12-31 22:00:00+00:00,7c1575184853b7533a7522149e855547,2019-12-31 22:00:00+00:00,,True
649,RM-19375,Raymond Messe,Consumer,United States,Unknown,Vermont,05408,East,6,1453.47,392.15,2017-01-19,SILVER,raymond.messe@example.com,2019-12-31 22:00:00+00:00,783994b42e8d74ea80fcc84b18059462,2019-12-31 22:00:00+00:00,,True
650,RM-19675,Robert Marley,Home Office,United States,Monroe,Louisiana,71203,South,5,5979.1,1902.54,2017-12-24,PLATINUM,robert.marley@example.com,2019-12-31 22:00:00+00:00,0f780c23ac21b4535a56cf7fa5673b18,2019-12-31 22:00:00+00:00,,True
651,RM-19750,Roland Murray,Consumer,United States,New York City,New York,10011,East,1,98.35,28.69,2017-03-06,BRONZE,roland.murray@example.com,2019-12-31 22:00:00+00:00,c8c10fb8b3ddf34026ecf6e642d2e1a6,2019-12-31 22:00:00+00:00,,True
918,RN-20014,Rohan Nair,Home Office,United States,Chicago,Illinois,60610,Central,3,7412.05,1508.73,2020-01-15,PLATINUM,rohan.nair@example.com,2020-01-15 06:30:00+00:00,cb330a985ebc28d762d5c4fb2f2936f4,2020-01-15 06:30:00+00:00,,True
652,RO-19780,Rose O'Brian,Consumer,United States,Houston,Texas,77070,Central,7,3815.48,-1262.57,2017-11-25,GOLD,rose.obrian@example.com,2019-12-31 22:00:00+00:00,fbeb6fc9d863de6deebb0def4030cb4c,2019-12-31 22:00:00+00:00,2020-01-15 06:30:00+00:00,False
1032,RO-19780,Rose O'Brian,Corporate,United States,Houston,Texas,77070,Central,9,5767.9,-1290.41,2020-01-15,PLATINUM,rose.obrian@example.com,2020-01-15 06:30:00+00:00,ed8b8a75d7c222933b3e107d5fa0ec7b,2020-01-15 06:30:00+00:00,,True
653,RP-19270,Rachel Payne,Corporate,United States,San Francisco,California,94110,West,4,954.65,59.54,2016-08-21,BRONZE,rachel.payne@example.com,2019-12-31 22:00:00+00:00,e0bf268f978a5f241229af80efc82931,2019-12-31 22:00:00+00:00,,True
654,RP-19390,Resi Pölking,Consumer,United States,Seattle,Washington,98103,West,12,5153.08,465.25,2017-11-27,PLATINUM,resi.polking@example.com,2019-12-31 22:00:00+00:00,506a234b20a7e6b19faec8cde9655724,2019-12-31 22:00:00+00:00,,True
655,RP-19855,Roy Phan,Corporate,United States,Los Angeles,California,90032,West,8,2170.72,594.59,2017-12-02,SILVER,roy.phan@example.com,2019-12-31 22:00:00+00:00,b3570f02bc025160714573a20144f3bd,2019-12-31 22:00:00+00:00,2020-01-15 06:30:00+00:00,False
1033,RP-19855,Roy Phan,Corporate,United States,Seattle,Washington,98101,West,10,3255.45,679.18,2020-01-15,GOLD,roy.phan@example.com,2020-01-15 06:30:00+00:00,8feed714c7208189dbb3ea61f944e9d5,2020-01-15 06:30:00+00:00,,True
656,RR-19315,Ralph Ritter,Consumer,United States,Aurora,Illinois,60505,Central,2,615.93,-73.83,2017-12-11,BRONZE,ralph.ritter@example.com,2019-12-31 22:00:00+00:00,7764eebd4f973d8697921efc24e0f9d9,2019-12-31 22:00:00+00:00,,True
657,RR-19525,Rick Reed,Corporate,United States,Lowell,Massachusetts,00000,East,6,3302.26,721.68,2017-07-13,GOLD,rick.reed@example.com,2019-12-31 22:00:00+00:00,60681dbf4a513de0fbc50ebae21f2e2d,2019-12-31 22:00:00+00:00,,True
658,RS-19420,Ricardo Sperren,Corporate,United States,Meriden,Connecticut,06450,East,5,3221.29,633.45,2017-10-15,GOLD,ricardo.sperren@example.com,2019-12-31 22:00:00+00:00,8af297268d90cbf6ce72496335ca48ba,2019-12-31 22:00:00+00:00,,True
659,RS-19765,Roland Schwarz,Corporate,United States,Mount Vernon,New York,10550,East,8,4159.77,1206.39,2017-11-24,GOLD,roland.schwarz@example.com,2019-12-31 22:00:00+00:00,ca4a3def24b9519a954bf8d7992fa640,2019-12-31 22:00:00+00:00,,True
660,RS-19870,Roy Skaria,Home Office,United States,Burlington,Iowa,52601,Central,2,22.33,9.58,2017-12-11,BRONZE,roy.skaria@example.com,2019-12-31 22:00:00+00:00,0cb9991759b30789b0b5e6c74829118a,2019-12-31 22:00:00+00:00,,True
921,RS-20203,Ruby Sullivan,Home Office,United States,Phoenix,Arizona,85023,West,9,1685.15,226.76,2020-01-15,SILVER,ruby.sullivan@example.com,2020-01-15 06:30:00+00:00,278912361020c5d5d256039eb43bebef,2020-01-15 06:30:00+00:00,,True
922,RS-20280,Rafael Silva,Corporate,United States,New York City,New York,10024,East,4,3525.43,-98.48,2020-01-15,GOLD,rafael.silva@example.com,2020-01-15 06:30:00+00:00,c05d13a0f8d238e8353129538f7d6b64,2020-01-15 06:30:00+00:00,,True
661,RW-19540,Rick Wilson,Corporate,United States,Brentwood,California,94513,West,7,7397.4,1586.63,2017-09-01,PLATINUM,rick.wilson@example.com,2019-12-31 22:00:00+00:00,f577ed75e7cb62fcc49e857ff36bfc9f,2019-12-31 22:00:00+00:00,2020-01-15 06:30:00+00:00,False
1034,RW-19540,Rick Wilson,Corporate,United States,Boston,Massachusetts,02108,East,8,10981.05,2032.81,2020-01-15,PLATINUM,rick.wilson@example.com,2020-01-15 06:30:00+00:00,2ecf8c405807ec283af144c2bc3bb7ff,2020-01-15 06:30:00+00:00,,True
662,RW-19630,Rob Williams,Corporate,United States,Chicago,Illinois,60610,Central,9,3279.75,698.83,2017-10-02,GOLD,rob.williams@example.com,2019-12-31 22:00:00+00:00,2fe530f166b4bdd2f275dde24e0532ef,2019-12-31 22:00:00+00:00,,True
663,RW-19690,Robert Waldorf,Consumer,United States,Springfield,Missouri,65807,Central,5,3495.65,707.55,2017-10-12,GOLD,robert.waldorf@example.com,2019-12-31 22:00:00+00:00,064839f86cca779ebd9cc3dacabd0f37,2019-12-31 22:00:00+00:00,,True
664,SA-20830,Sue Ann Reed,Consumer,United States,Fresno,California,93727,West,10,4767.34,610.15,2017-10-28,GOLD,sue.ann.reed@example.com,2019-12-31 22:00:00+00:00,0cc15c84e2ce70f62d99336b5f730cd5,2019-12-31 22:00:00+00:00,,True
665,SB-20170,Sarah Bern,Consumer,United States,New York City,New York,10035,East,3,1348.02,157.67,2017-06-12,SILVER,sarah.bern@example.com,2019-12-31 22:00:00+00:00,6874f43e4843f2dbfcb8b9a9741c6243,2019-12-31 22:00:00+00:00,,True
666,SB-20185,Sarah Brown,Consumer,United States,Los Angeles,California,90045,West,6,6411.0,885.46,2017-06-25,PLATINUM,sarah.brown@example.com,2019-12-31 22:00:00+00:00,1e31b9430f886881ee5dea25a5d61563,2019-12-31 22:00:00+00:00,,True
667,SB-20290,Sean Braxton,Corporate,United States,Henderson,Kentucky,42420,South,7,8057.89,-2082.75,2017-11-13,PLATINUM,sean.braxton@example.com,2019-12-31 22:00:00+00:00,f2ac1bce9625838b9ce2bc6a7ea616c5,2019-12-31 22:00:00+00:00,2020-01-15 06:30:00+00:00,False
1035,SB-20290,Sean Braxton,Corporate,United States,Unknown,Texas,78701,Central,8,11367.25,-2553.39,2020-01-15,PLATINUM,sean.braxton@example.com,2020-01-15 06:30:00+00:00,4c4ba87bf389c434536e9d6b625e23dd,2020-01-15 06:30:00+00:00,,True
668,SC-20020,Sam Craven,Consumer,United States,Plano,Texas,75023,Central,5,3362.96,-317.05,2015-11-10,GOLD,sam.craven@example.com,2019-12-31 22:00:00+00:00,a26363c7777c3a5011b86dcc33eb9282,2019-12-31 22:00:00+00:00,,True
669,SC-20050,Sample Company A,Home Office,United States,Burbank,California,91505,West,9,4624.57,1011.74,2017-11-20,GOLD,sample.company.a@example.com,2019-12-31 22:00:00+00:00,a50b370480fc66648ee210bc67475046,2019-12-31 22:00:00+00:00,,True
670,SC-20095,Sanjit Chand,Consumer,United States,Costa Mesa,California,92627,West,9,14142.33,5757.41,2017-01-15,PLATINUM,sanjit.chand@example.com,2019-12-31 22:00:00+00:00,ce44569c25c6943e25c49a2c22afd511,2019-12-31 22:00:00+00:00,2020-01-15 06:30:00+00:00,False
1036,SC-20095,Sanjit Chand,Consumer,United States,Costa Mesa,California,92627,West,13,16545.55,6039.67,2020-01-15,PLATINUM,sanjit.chand@example.com,2020-01-15 06:30:00+00:00,7d84e4afc0c9f1b8300ccd6124488a3d,2020-01-15 06:30:00+00:00,,True
671,SC-20230,Scot Coram,Unknown,United States,Los Angeles,California,90004,West,4,4371.96,440.14,2017-08-03,GOLD,scot.coram@example.com,2019-12-31 22:00:00+00:00,9ac5010910a97d7339891e09cd33c04e,2019-12-31 22:00:00+00:00,,True
672,SC-20260,Scott Cohen,Corporate,United States,Corpus Christi,Texas,78415,Central,8,3729.79,671.0,2017-06-26,GOLD,scott.cohen@example.com,2019-12-31 22:00:00+00:00,87826ab72f2c8c740d9d9cc4a423337f,2019-12-31 22:00:00+00:00,,True
673,SC-20305,Sean Christensen,Consumer,United States,Unknown,Pennsylvania,19140,East,7,3979.06,229.16,2017-12-01,GOLD,sean.christensen@example.com,2019-12-31 22:00:00+00:00,b550a338ce22fe5acef58f63d3547841,2019-12-31 22:00:00+00:00,2020-01-15 06:30:00+00:00,False
1037,SC-20305,Sean Christensen,Corporate,United States,Unknown,Pennsylvania,19140,East,10,5750.79,326.78,2020-01-15,PLATINUM,sean.christensen@example.com,2020-01-15 06:30:00+00:00,3c430a5e38a5d3d27a5c2a20e190ab46,2020-01-15 06:30:00+00:00,,True
674,SC-20380,Shahid Collister,Consumer,United States,Atlanta,Georgia,30318,South,9,5992.54,236.66,2017-11-30,PLATINUM,shahid.collister@example.com,2019-12-31 22:00:00+00:00,2fae2660ea4896b4d1fe7976006f2325,2019-12-31 22:00:00+00:00,,True
675,SC-20440,Shaun Chance,Corporate,United States,Lancaster,Pennsylvania,17602,East,7,1875.0,379.56,2017-11-24,SILVER,shaun.chance@example.com,2019-12-31 22:00:00+00:00,ab1678ac96cbf37f2d54e10beb45c741,2019-12-31 22:00:00+00:00,,True
676,SC-20575,Sonia Cooley,Consumer,United States,Miami,Florida,33178,South,5,902.73,100.23,2017-09-29,BRONZE,sonia.cooley@example.com,2019-12-31 22:00:00+00:00,7ab00fc4e8bdd7fcf3d2096af68675f0,2019-12-31 22:00:00+00:00,,True
677,SC-20680,Steve Carroll,Home Office,United States,Holland,Michigan,49423,Central,6,0.0,370.16,2017-08-26,SILVER,steve.carroll@example.com,2019-12-31 22:00:00+00:00,035d34e28361ac2abae1130eb304a795,2019-12-31 22:00:00+00:00,,True
678,SC-20695,Steve Chapman,Corporate,United States,La Crosse,Wisconsin,54601,Central,10,2576.41,611.83,2017-10-02,GOLD,steve.chapman@example.com,2019-12-31 22:00:00+00:00,d668a8d781a11f3d3b4596e242e55da1,2019-12-31 22:00:00+00:00,,True
679,SC-20725,Steven Cartwright,Consumer,United States,Houston,Texas,77070,Central,11,5226.21,1276.65,2017-06-26,PLATINUM,steven.cartwright@example.com,2019-12-31 22:00:00+00:00,ea0f48ef6d42e267fb873013ca0c24db,2019-12-31 22:00:00+00:00,,True
680,SC-20770,Stewart Carmichael,Corporate,United States,Philadelphia,Pennsylvania,19134,East,7,4492.66,-671.19,2017-11-19,GOLD,stewart.carmichael@example.com,2019-12-31 22:00:00+00:00,3f8dddd9a534449d8b924308ffcd06fa,2019-12-31 22:00:00+00:00,,True
681,SC-20800,Stuart Calhoun,Consumer,United States,Houston,Texas,77041,Central,4,279.26,51.83,2017-11-30,BRONZE,stuart.calhoun@example.com,2019-12-31 22:00:00+00:00,b7ed4cec43384d2afeca53b8543f67ee,2019-12-31 22:00:00+00:00,,True
682,SC-20845,Sung Chung,Consumer,United States,Louisville,Colorado,80027,West,2,280.63,31.18,2017-08-21,BRONZE,sung.chung@example.com,2019-12-31 22:00:00+00:00,bfc43c951f07696453e1aee45f454285,2019-12-31 22:00:00+00:00,2020-01-15 06:30:00+00:00,False
1038,SC-20845,Sung Chung,Consumer,United States,Louisville,Colorado,80027,West,4,304.34,35.12,2020-01-15,BRONZE,sung.chung@example.com,2020-01-15 06:30:00+00:00,4c962b8fe5d7b4174d318857db0f895c,2020-01-15 06:30:00+00:00,,True
683,SD-20485,Shirley Daniels,Home Office,United States,Alexandria,Virginia,22304,South,9,6121.11,1985.17,2017-06-13,PLATINUM,shirley.daniels@example.com,2019-12-31 22:00:00+00:00,649b809c8654ba79386400d6cb3003b8,2019-12-31 22:00:00+00:00,2020-01-15 06:30:00+00:00,False
1039,SD-20485,Shirley Daniels,Home Office,United States,Alexandria,Virginia,22304,South,10,9269.17,2311.84,2020-01-15,PLATINUM,shirley.daniels@example.com,2020-01-15 06:30:00+00:00,1bb012db7a47bf706a945f4372417eb1,2020-01-15 06:30:00+00:00,,True
684,SE-20110,Sanjit Engle,Consumer,United States,Arlington,Virginia,22204,South,11,12209.44,2650.68,2017-12-21,PLATINUM,sanjit.engle@example.com,2019-12-31 22:00:00+00:00,990ad45b93827d67c68df3d92253fff7,2019-12-31 22:00:00+00:00,,True
685,SF-20065,Sandra Flanagan,Consumer,United States,Clifton,New Jersey,07011,East,7,763.55,228.16,2017-11-01,BRONZE,sandra.flanagan@example.com,2019-12-31 22:00:00+00:00,6061c5430f15422d95ad6635aff5164f,2019-12-31 22:00:00+00:00,,True
686,SF-20200,Sarah Foster,Consumer,United States,Seattle,Washington,98103,West,9,3422.79,286.9,2017-11-01,GOLD,sarah.foster@example.com,2019-12-31 22:00:00+00:00,6b08c9081cd83a4048629c0c2ee4d5fc,2019-12-31 22:00:00+00:00,,True
687,SF-20965,Sylvia Foulston,Corporate,United States,Bedford,Texas,76021,Central,9,3336.54,539.94,2017-11-12,GOLD,sylvia.foulston@example.com,2019-12-31 22:00:00+00:00,952edb4aa65abe7dddc660d8c639cf88,2019-12-31 22:00:00+00:00,2020-01-15 06:30:00+00:00,False
1040,SF-20965,Sylvia Foulston,Corporate,United States,Bedford,Texas,76021,Central,10,4758.38,658.08,2020-01-15,GOLD,sylvia.foulston@example.com,2020-01-15 06:30:00+00:00,70982424e2364cd41e5c16a5f5d3ee3a,2020-01-15 06:30:00+00:00,,True
688,SG-20080,Sandra Glassco,Consumer,United States,Redlands,California,92374,West,3,3406.58,570.44,2017-12-22,GOLD,sandra.glassco@example.com,2019-12-31 22:00:00+00:00,919c31f4e69c90f9970ecf467fb046ca,2019-12-31 22:00:00+00:00,,True
689,SG-20470,Sheri Gordon,Consumer,United States,Atlanta,Georgia,30318,South,8,1884.8,-119.01,2017-06-30,SILVER,sheri.gordon@example.com,2019-12-31 22:00:00+00:00,548655d61f4917699a8df79f1eb600d5,2019-12-31 22:00:00+00:00,,True
690,SG-20605,Speros Goranitis,Consumer,United States,New York City,New York,10009,East,6,3124.83,463.27,2017-09-13,GOLD,speros.goranitis@example.com,2019-12-31 22:00:00+00:00,3c4838c6e64a12a8812d22146cad1705,2019-12-31 22:00:00+00:00,2020-01-15 06:30:00+00:00,False
1041,SG-20605,Speros Goranitis,Consumer,United States,New York City,New York,10009,East,7,3662.29,591.32,2020-01-15,GOLD,speros.goranitis@example.com,2020-01-15 06:30:00+00:00,58b526dd49f61fa88ab3fe56f9d36693,2020-01-15 06:30:00+00:00,,True
691,SG-20890,Susan Gilcrest,Corporate,United States,Mcallen,Texas,78501,Central,3,47.95,-3.71,2017-05-18,BRONZE,susan.gilcrest@example.com,2019-12-31 22:00:00+00:00,020be4ca3da4db741ddbbd98a0c097e9,2019-12-31 22:00:00+00:00,,True
692,SH-19975,Sally Hughsby,Corporate,United States,Milwaukee,Wisconsin,53209,Central,13,3406.84,558.47,2017-12-01,GOLD,sally.hughsby@example.com,2019-12-31 22:00:00+00:00,ad7992310ab1b44e1f7a766a0c1d8bb9,2019-12-31 22:00:00+00:00,,True
693,SH-20395,Shahid Hopkins,Consumer,United States,Jacksonville,North Carolina,28540,South,10,2180.72,-144.52,2017-12-07,SILVER,shahid.hopkins@unknown.local,2019-12-31 22:00:00+00:00,f19c10f3004bb725f35db7efc2bdad34,2019-12-31 22:00:00+00:00,,True
694,SH-20635,Stefanie Holloman,Corporate,United States,Jackson,Tennessee,38301,South,2,2096.39,260.63,2015-11-26,SILVER,stefanie.holloman@example.com,2019-12-31 22:00:00+00:00,23026e1d4d7abdaaebf2ddea882b9c28,2019-12-31 22:00:00+00:00,,True
695,SJ-20125,Sanjit Jacobs,Home Office,United States,Franklin,Tennessee,37064,South,12,3949.66,144.12,2017-09-26,GOLD,sanjit.jacobs@example.com,2019-12-31 22:00:00+00:00,32bf91cd6f47db536e39a4969e30676c,2019-12-31 22:00:00+00:00,,True
696,SJ-20215,Sarah Jordon,Consumer,United States,Chicago,Illinois,60653,Central,6,1341.04,-23.51,2017-12-01,SILVER,sarah.jordon@example.com,2019-12-31 22:00:00+00:00,2a3b03a08c3d410e78dd9d5dee865433,2019-12-31 22:00:00+00:00,,True
697,SJ-20500,Shirley Jackson,Consumer,United States,Fairfield,Connecticut,06824,East,5,1318.78,68.1,2017-04-21,SILVER,shirley.jackson@example.com,2019-12-31 22:00:00+00:00,c9abb9f976f18a93967491783c34b791,2019-12-31 22:00:00+00:00,,True
698,SK-19990,Sally Knutson,Consumer,United States,New York City,New York,10024,East,3,883.41,168.79,2017-12-22,BRONZE,sally.knutson@example.com,2019-12-31 22:00:00+00:00,564d2c52be64c55eed4c33a577335e54,2019-12-31 22:00:00+00:00,2020-01-15 06:30:00+00:00,False
1042,SK-19990,Sally Knutson,Consumer,United States,New York City,New York,10024,East,4,1256.5,225.59,2020-01-15,SILVER,sally.knutson@example.com,2020-01-15 06:30:00+00:00,347ef8a69765f8af7e81de0c89df04a6,2020-01-15 06:30:00+00:00,,True
699,SL-20155,Sara Luxemburg,Home Office,United States,Durham,North Carolina,27707,South,7,3053.01,527.97,2017-10-21,GOLD,sara.luxemburg@example.com,2019-12-31 22:00:00+00:00,ae6321fb365875238dd6bf6dbc97f574,2019-12-31 22:00:00+00:00,2020-01-15 06:30:00+00:00,False
1043,SL-20155,Sara Luxemburg,Home Office,United States,Durham,North Carolina,27707,South,8,4160.01,752.81,2020-01-15,GOLD,sara.luxemburg@example.com,2020-01-15 06:30:00+00:00,6440d5593c29a3a1fbd98da3db81793b,2020-01-15 06:30:00+00:00,,True
700,SM-20005,Sally Matthias,Consumer,United States,Houston,Texas,00000,Central,4,244.49,-26.59,2016-11-04,BRONZE,sally.matthias@example.com,2019-12-31 22:00:00+00:00,d8afe2d139fe34924022b7668836f625,2019-12-31 22:00:00+00:00,,True
701,SM-20320,Sean Miller,Home Office,United States,Jacksonville,Florida,32216,South,5,25043.05,-1980.74,2017-10-12,PLATINUM,sean.miller@example.com,2019-12-31 22:00:00+00:00,8a58907b2c1fbdff667c146394e123d5,2019-12-31 22:00:00+00:00,,True
702,SM-20905,Susan MacKendrick,Consumer,United States,Newark,Ohio,43055,East,1,1043.04,-237.29,2016-05-03,SILVER,susan.mackendrick@example.com,2019-12-31 22:00:00+00:00,fa21d621199dc4f4e1382fcef8178db2,2019-12-31 22:00:00+00:00,,True
703,SM-20950,Suzanne McNair,Corporate,United States,Philadelphia,Pennsylvania,19134,East,12,5563.39,581.57,2017-12-05,PLATINUM,suzanne.mcnair@example.com,2019-12-31 22:00:00+00:00,9c796912f226dd0368d4820865ec7ca3,2019-12-31 22:00:00+00:00,,True
704,SN-20560,Skye Norling,Home Office,United States,Paterson,New Jersey,07501,East,6,1860.42,-716.86,2017-09-10,SILVER,skye.norling@unknown.local,2019-12-31 22:00:00+00:00,563cdb1a8678ef5f4ed68fd73a7ba029,2019-12-31 22:00:00+00:00,,True
705,SN-20710,Steve Nguyen,Home Office,United States,Houston,Texas,77041,Central,7,3127.96,481.75,2017-10-12,GOLD,steve.nguyen@example.com,2019-12-31 22:00:00+00:00,cf5a126ce49b7249a3ee9230288aed20,2019-12-31 22:00:00+00:00,,True
933,SO-20287,Sana Okafor,Home Office,United States,Los Angeles,California,90036,West,8,3155.37,572.7,2020-01-15,GOLD,sana.okafor@example.com,2020-01-15 06:30:00+00:00,986c389e64767126517cde9f75170b88,2020-01-15 06:30:00+00:00,,True
706,SO-20335,Sean O'Donnell,Consumer,United States,Columbia,Tennessee,38401,South,6,2602.58,-81.09,2017-12-01,GOLD,sean.odonnell@example.com,2019-12-31 22:00:00+00:00,981c24abb5aad7bad0b05af61641f7e3,2019-12-31 22:00:00+00:00,2020-01-15 06:30:00+00:00,False
1044,SO-20335,Sean O'Donnell,Consumer,United States,Columbia,Tennessee,38401,South,9,3327.26,-104.2,2020-01-15,GOLD,sean.odonnell@example.com,2020-01-15 06:30:00+00:00,a7452489681d384e29bc42a547b823a9,2020-01-15 06:30:00+00:00,,True
707,SP-20545,Sibella Parks,Corporate,United States,Chicago,Illinois,00000,Central,6,1306.09,-118.78,2017-02-06,SILVER,sibella.parks@example.com,2019-12-31 22:00:00+00:00,683123b834c84a4eea8351a84a011f78,2019-12-31 22:00:00+00:00,,True
708,SP-20620,Stefania Perrino,Corporate,United States,Philadelphia,Pennsylvania,19134,East,9,5440.32,-270.43,2017-11-13,PLATINUM,stefania.perrino@example.com,2019-12-31 22:00:00+00:00,68694cf48477f0356615648cb45b1da3,2019-12-31 22:00:00+00:00,,True
709,SP-20650,Stephanie Phelps,Corporate,United States,Akron,Ohio,44312,East,9,1872.44,268.48,2016-12-09,SILVER,stephanie.phelps@example.com,2019-12-31 22:00:00+00:00,b7818d6f5899fe6728d96237b279de0f,2019-12-31 22:00:00+00:00,,True
710,SP-20860,Sung Pak,Corporate,United States,Philadelphia,Pennsylvania,19134,East,10,4282.94,566.72,2017-10-12,GOLD,sung.pak@example.com,2019-12-31 22:00:00+00:00,133f699271c11208a4c49ed9133a8b63,2019-12-31 22:00:00+00:00,,True
711,SP-20920,Susan Pistek,Consumer,United States,Columbus,Ohio,43229,East,6,3990.69,14.69,2017-10-21,GOLD,susan.pistek@example.com,2019-12-31 22:00:00+00:00,0adea09fdf3bbaf34e713483582d1f9a,2019-12-31 22:00:00+00:00,,True
935,SR-20063,Sara Rao,Consumer,United States,Los Angeles,California,90036,West,11,7046.97,1678.58,2020-01-15,PLATINUM,sara.rao@example.com,2020-01-15 06:30:00+00:00,316b9b92127f73e1f1c924a3741b3574,2020-01-15 06:30:00+00:00,,True
712,SR-20425,Sharelle Roach,Home Office,United States,Louisville,Colorado,80027,West,5,3233.48,-3333.91,2017-12-22,GOLD,sharelle.roach@example.com,2019-12-31 22:00:00+00:00,907f1fdbf6fb2d15b9c8309376c2755c,2019-12-31 22:00:00+00:00,,True
713,SR-20740,Steven Roelle,Home Office,United States,Bloomington,Indiana,47401,Central,8,4345.89,1990.42,2017-06-17,GOLD,steven.roelle@example.com,2019-12-31 22:00:00+00:00,40cb27f9e8b2dc25ccdfe0794b6e3180,2019-12-31 22:00:00+00:00,,True
714,SS-20140,Saphhira Shifley,Corporate,United States,Columbus,Georgia,31907,South,8,1324.03,332.35,2017-12-15,SILVER,saphhira.shifley@example.com,2019-12-31 22:00:00+00:00,8f4db311fef55fdb0554f38b32ec60e9,2019-12-31 22:00:00+00:00,,True
715,SS-20410,Shahid Shariari,Consumer,United States,Los Angeles,California,90008,West,6,3056.81,-1010.97,2017-09-11,GOLD,shahid.shariari@example.com,2019-12-31 22:00:00+00:00,0ae76271d79ad6c408aafb49ca7f35f1,2019-12-31 22:00:00+00:00,2020-01-15 06:30:00+00:00,False
1045,SS-20410,Shahid Shariari,Consumer,United States,Los Angeles,California,90008,West,8,4459.17,-1292.29,2020-01-15,GOLD,shahid.shariari@example.com,2020-01-15 06:30:00+00:00,c41a360e89e7e7825934707d95694b4e,2020-01-15 06:30:00+00:00,,True
716,SS-20515,Shirley Schmidt,Home Office,United States,Louisville,Kentucky,40214,South,3,613.4,199.93,2016-08-26,BRONZE,shirley.schmidt@example.com,2019-12-31 22:00:00+00:00,78e86f61510d910367b26d7edc46fb1e,2019-12-31 22:00:00+00:00,,True
717,SS-20590,Sonia Sunley,Consumer,United States,San Francisco,California,94122,West,6,418.49,135.54,2016-10-24,BRONZE,sonia.sunley@example.com,2019-12-31 22:00:00+00:00,d9f999df8eb30656da3d9ad5e5f8e59e,2019-12-31 22:00:00+00:00,,True
718,SS-20875,Sung Shariari,Consumer,United States,Dallas,Texas,75220,Central,5,964.64,-75.59,2017-09-01,BRONZE,sung.shariari@example.com,2019-12-31 22:00:00+00:00,e9f73ec62776b4930fd51f2fb1f04562,2019-12-31 22:00:00+00:00,,True
719,ST-20530,Shui Tom,Consumer,United States,Philadelphia,Pennsylvania,19140,East,7,433.34,84.44,2017-08-27,BRONZE,shui.tom@example.com,2019-12-31 22:00:00+00:00,ef8b434dc6c032a1c105925a9e1d3bf5,2019-12-31 22:00:00+00:00,,True
720,SU-20665,Stephanie Ulpright,Home Office,United States,Chicago,Illinois,60610,Central,7,2595.36,763.47,2017-12-10,GOLD,stephanie.ulpright@example.com,2019-12-31 22:00:00+00:00,d09058d2ecf7ae51bba9eef120f69101,2019-12-31 22:00:00+00:00,,True
721,SV-20365,Seth Vernon,Consumer,United States,New York City,New York,10035,East,10,11470.95,1199.42,2017-09-20,PLATINUM,seth.vernon@example.com,2019-12-31 22:00:00+00:00,01de24961bd1a7e18b5a94e29648faa3,2019-12-31 22:00:00+00:00,,True
722,SV-20785,Stewart Visinsky,Consumer,United States,Philadelphia,Pennsylvania,19140,East,9,4105.3,485.03,2017-02-13,GOLD,stewart.visinsky@example.com,2019-12-31 22:00:00+00:00,abdd35d4f76498f2f91dd1969762b65f,2019-12-31 22:00:00+00:00,,True
723,SV-20815,Stuart Van,Corporate,United States,Houston,Texas,77041,Central,4,1271.09,199.65,2017-10-15,SILVER,stuart.van@example.com,2019-12-31 22:00:00+00:00,e956634c2d8eaabce24903ed3ee55330,2019-12-31 22:00:00+00:00,,True
724,SV-20935,Susan Vittorini,Consumer,United States,Fairfield,Ohio,45014,East,8,1903.49,106.89,2017-12-28,SILVER,susan.vittorini@example.com,2019-12-31 22:00:00+00:00,c6144cabccf53e9659e03b1895a40567,2019-12-31 22:00:00+00:00,,True
725,SW-20245,Scot Wooten,Consumer,United States,Greenville,North Carolina,27834,South,7,1085.08,-19.61,2017-10-10,SILVER,scot.wooten@example.com,2019-12-31 22:00:00+00:00,387ff6ac855182bd41f094046fe0aa79,2019-12-31 22:00:00+00:00,2020-01-15 06:30:00+00:00,False
1046,SW-20245,Scot Wooten,Consumer,United States,Seattle,Washington,98101,West,11,1715.38,-22.93,2020-01-15,SILVER,scot.wooten@example.com,2020-01-15 06:30:00+00:00,b1dea934f0c8967a56f007fd62564d75,2020-01-15 06:30:00+00:00,,True
726,SW-20275,Scott Williamson,Consumer,United States,New York City,New York,10009,East,6,1966.65,332.87,2017-11-30,SILVER,scott.williamson@example.com,2019-12-31 22:00:00+00:00,04f892edd8c1325751b52f2f527b4bb6,2019-12-31 22:00:00+00:00,,True
727,SW-20350,Sean Wendt,Home Office,United States,Cleveland,Ohio,44105,East,3,1019.04,95.84,2017-07-21,SILVER,sean.wendt@example.com,2019-12-31 22:00:00+00:00,655a76ecd8ea8e843fb0597f9a4f83a5,2019-12-31 22:00:00+00:00,,True
728,SW-20455,Shaun Weien,Consumer,United States,San Diego,California,92024,West,7,2921.54,793.65,2017-07-21,GOLD,shaun.weien@example.com,2019-12-31 22:00:00+00:00,c6808a358d12e8b191d736a401d55267,2019-12-31 22:00:00+00:00,,True
729,SW-20755,Steven Ward,Corporate,United States,New York City,New York,10009,East,2,758.7,68.24,2016-07-14,BRONZE,steven.ward@example.com,2019-12-31 22:00:00+00:00,8c431d011ccb19aa1ce81fb2233d598b,2019-12-31 22:00:00+00:00,,True
730,SZ-20035,Sam Zeldin,Home Office,United States,Houston,Texas,77036,Central,11,3625.33,366.43,2017-11-25,GOLD,sam.zeldin@example.com,2019-12-31 22:00:00+00:00,74ad8cb836c5af7081bb63d439f300a0,2019-12-31 22:00:00+00:00,,True
731,TA-21385,Tom Ashbrook,Home Office,United States,New York City,New York,10024,East,4,14595.62,4703.79,2017-10-22,PLATINUM,tom.ashbrook@example.com,2019-12-31 22:00:00+00:00,8e5056f200cc249e2363406a5cf56bf9,2019-12-31 22:00:00+00:00,,True
732,TB-21055,Ted Butterfield,Consumer,United States,Troy,New York,12180,East,5,1467.88,390.21,2017-09-02,SILVER,ted.butterfield@example.com,2019-12-31 22:00:00+00:00,f90ef1485330ded04925ed609fba701f,2019-12-31 22:00:00+00:00,,True
733,TB-21175,Thomas Boland,Corporate,United States,Henderson,Kentucky,42420,South,4,3589.3,829.16,2017-11-02,GOLD,thomas.boland@example.com,2019-12-31 22:00:00+00:00,07ad47c24129ab8aa1b5b795858bbd70,2019-12-31 22:00:00+00:00,,True
734,TB-21190,Thomas Brumley,Home Office,United States,Fayetteville,Arkansas,72701,South,4,816.17,179.0,2017-11-11,BRONZE,thomas.brumley@example.com,2019-12-31 22:00:00+00:00,7e68efdb0a3b2048569e1c340a3ea89b,2019-12-31 22:00:00+00:00,,True
735,TB-21250,Tim Brockman,Consumer,United States,Salem,Oregon,97301,West,7,1602.38,260.62,2017-01-15,SILVER,tim.brockman@unknown.local,2019-12-31 22:00:00+00:00,25f478d3f62aef45de2f287b2b0d95ac,2019-12-31 22:00:00+00:00,,True
736,TB-21280,Toby Braunhardt,Consumer,United States,Washington,District of Columbia,20016,East,6,2198.45,490.96,2016-05-26,SILVER,toby.braunhardt@example.com,2019-12-31 22:00:00+00:00,59559674504f25e88d0b575154f2ea46,2019-12-31 22:00:00+00:00,,True
737,TB-21355,Todd Boyes,Corporate,United States,Sandy Springs,Georgia,30328,South,5,834.33,268.97,2017-08-06,BRONZE,todd.boyes@example.com,2019-12-31 22:00:00+00:00,a49d52f1a7a6007aaf4fe6dc2cf1df13,2019-12-31 22:00:00+00:00,2020-01-15 06:30:00+00:00,False
1047,TB-21355,Todd Boyes,Corporate,United States,Sandy Springs,Georgia,30328,South,8,1232.29,321.85,2020-01-15,SILVER,todd.boyes@example.com,2020-01-15 06:30:00+00:00,e9378dd612a9e6493239f5f3d6439f86,2020-01-15 06:30:00+00:00,,True
738,TB-21400,Tom Boeckenhauer,Consumer,United States,Seattle,Washington,98103,West,7,9133.99,2798.37,2017-06-11,PLATINUM,tom.boeckenhauer@example.com,2019-12-31 22:00:00+00:00,0138e4ed08bf4045bd5818bc0f4092bd,2019-12-31 22:00:00+00:00,,True
739,TB-21520,Tracy Blumstein,Consumer,United States,Philadelphia,Pennsylvania,19140,East,9,4737.49,-1603.05,2017-09-14,GOLD,tracy.blumstein@example.com,2019-12-31 22:00:00+00:00,dc62deb384d60054fef70737d63458fd,2019-12-31 22:00:00+00:00,,True
740,TB-21595,Troy Blackwell,Consumer,United States,Portland,Oregon,00000,West,5,1387.56,-136.41,2017-03-20,SILVER,troy.blackwell@example.com,2019-12-31 22:00:00+00:00,2652202767f604c0899f32f546c5d576,2019-12-31 22:00:00+00:00,,True
741,TB-21625,Trudy Brown,Consumer,United States,New York City,New York,10009,East,9,2797.67,379.88,2017-11-30,GOLD,trudy.brown@example.com,2019-12-31 22:00:00+00:00,af6c4dfc6cb81773d4087878d0f561a0,2019-12-31 22:00:00+00:00,,True
742,TC-20980,Tamara Chand,Corporate,United States,Lafayette,Indiana,47905,Central,5,19052.22,8981.32,2016-11-26,PLATINUM,tamara.chand@example.com,2019-12-31 22:00:00+00:00,acdb37dcacafbf7e9b9f23fcf669ba78,2019-12-31 22:00:00+00:00,,True
743,TC-21145,Theresa Coyne,Corporate,United States,Lakewood,New Jersey,08701,East,1,1038.26,265.53,2017-09-15,SILVER,theresa.coyne@example.com,2019-12-31 22:00:00+00:00,4a1f10d94bedd9d4987550f1aa1f3fa4,2019-12-31 22:00:00+00:00,2020-01-15 06:30:00+00:00,False
1048,TC-21145,Theresa Coyne,Corporate,United States,Miami,Florida,33101,South,2,1314.84,287.11,2020-01-15,SILVER,theresa.coyne@example.com,2020-01-15 06:30:00+00:00,8f1025376784b903fb7d9d9dc2e4598b,2020-01-15 06:30:00+00:00,,True
744,TC-21295,Toby Carlisle,Consumer,United States,Westminster,California,92683,West,8,4266.81,606.37,2017-12-03,GOLD,toby.carlisle@example.com,2019-12-31 22:00:00+00:00,f132abc68a22aa91079b52f74af64363,2019-12-31 22:00:00+00:00,,True
745,TC-21475,Tony Chapman,Home Office,United States,Aurora,Colorado,00000,West,9,1244.98,119.1,2017-07-30,SILVER,tony.chapman@example.com,2019-12-31 22:00:00+00:00,81d9c28ce2b4740e0834e1ca2699da7b,2019-12-31 22:00:00+00:00,,True
746,TC-21535,Tracy Collins,Home Office,United States,Los Angeles,California,90008,West,7,742.56,217.93,2017-12-26,BRONZE,tracy.collins@example.com,2019-12-31 22:00:00+00:00,fce89b3f391b86e2225bc1b544663752,2019-12-31 22:00:00+00:00,,True
941,TD-20091,Tara Dutta,Corporate,United States,Unknown,Arizona,85023,West,9,5220.67,171.95,2020-01-15,PLATINUM,tara.dutta@example.com,2020-01-15 06:30:00+00:00,b91e8a8df860fb16f5c8463f0dcc6a3e,2020-01-15 06:30:00+00:00,,True
747,TD-20995,Tamara Dahlen,Consumer,United States,Bolingbrook,Illinois,60440,Central,9,1434.55,88.19,2017-11-23,SILVER,tamara.dahlen@example.com,2019-12-31 22:00:00+00:00,8e7972913e6cf03a2c9629c819c93a67,2019-12-31 22:00:00+00:00,,True
748,TG-21310,Toby Gnade,Consumer,United States,Mesa,Arizona,85204,West,5,3058.37,682.17,2017-01-27,GOLD,toby.gnade@example.com,2019-12-31 22:00:00+00:00,28e1931cab3109b9a28e56f189a85ecc,2019-12-31 22:00:00+00:00,,True
749,TG-21640,Trudy Glocke,Consumer,United States,Long Beach,California,90805,West,4,2074.66,365.72,2017-09-07,SILVER,trudy.glocke@example.com,2019-12-31 22:00:00+00:00,722fa20c4442615d162eab67300c25f9,2019-12-31 22:00:00+00:00,,True
750,TH-21100,Thea Hendricks,Consumer,United States,San Diego,California,92037,West,5,2422.82,-135.21,2017-01-20,SILVER,thea.hendricks@example.com,2019-12-31 22:00:00+00:00,6961a7036f14471cdfaf33dd83b07595,2019-12-31 22:00:00+00:00,,True
751,TH-21115,Thea Hudgings,Corporate,United States,Philadelphia,Pennsylvania,19140,East,4,2942.77,-252.55,2017-11-02,GOLD,thea.hudgings@example.com,2019-12-31 22:00:00+00:00,25d1f16cb8cc5883018f3e5fd6bb173b,2019-12-31 22:00:00+00:00,2020-01-15 06:30:00+00:00,False
1049,TH-21115,Thea Hudgings,Corporate,United States,Philadelphia,Pennsylvania,19140,East,8,4418.96,-346.21,2020-01-15,GOLD,thea.hudgings@unknown.local,2020-01-15 06:30:00+00:00,aec9070f375cab0b41b406cc10a8f051,2020-01-15 06:30:00+00:00,,True
752,TH-21235,Tiffany House,Corporate,United States,Dallas,Texas,75081,Central,8,1022.2,92.73,2017-09-04,SILVER,tiffany.house@example.com,2019-12-31 22:00:00+00:00,1a552de8aec7325c02696e6ac1f1f5e0,2019-12-31 22:00:00+00:00,,True
753,TH-21550,Tracy Hopkins,Home Office,United States,Columbia,Maryland,21044,East,7,4234.1,-571.97,2017-10-19,GOLD,tracy.hopkins@example.com,2019-12-31 22:00:00+00:00,d0a08a5e348f2d9df932896d4b78da85,2019-12-31 22:00:00+00:00,,True
943,TM-20294,Theo Mensah,Consumer,United States,Chicago,Illinois,60610,Central,9,1444.99,287.8,2020-01-15,SILVER,theo.mensah@example.com,2020-01-15 06:30:00+00:00,bf66db583814af7996b93ac6a7ac51c4,2020-01-15 06:30:00+00:00,,True
754,TM-21010,Tamara Manning,Consumer,United States,Auburn,New York,13021,East,8,2955.23,573.3,2017-09-18,GOLD,tamara.manning@example.com,2019-12-31 22:00:00+00:00,ff400c325817a545bcf609a564dd8b4b,2019-12-31 22:00:00+00:00,,True
755,TM-21490,Tony Molinari,Consumer,United States,Yonkers,New York,10701,East,3,1094.68,292.52,2017-08-22,SILVER,tony.molinari@example.com,2019-12-31 22:00:00+00:00,7627cbf8db83d79774e85d14773af71c,2019-12-31 22:00:00+00:00,,True
756,TN-21040,Tanja Norvell,Home Office,United States,Phoenix,Arizona,85023,West,7,3130.22,-692.05,2017-10-01,GOLD,tanja.norvell@example.com,2019-12-31 22:00:00+00:00,2e3deab27d7871f1fbffbfbeecdf5141,2019-12-31 22:00:00+00:00,,True
757,TP-21130,Theone Pippenger,Consumer,United States,Detroit,Michigan,48227,Central,9,4676.76,1129.13,2017-12-22,GOLD,theone.pippenger@example.com,2019-12-31 23:45:00+00:00,69b22ae04ccbe8e31b54e1110c8e9246,2019-12-31 22:00:00+00:00,,True
758,TP-21415,Tom Prescott,Consumer,United States,Houston,Texas,77070,Central,5,5329.0,-1087.39,2017-09-17,PLATINUM,tom.prescott@example.com,2019-12-31 22:00:00+00:00,75493189238478815550189e61dc6917,2019-12-31 22:00:00+00:00,,True
759,TP-21565,Tracy Poddar,Corporate,United States,Eugene,Oregon,97405,West,4,1936.64,139.23,2017-01-14,SILVER,tracy.poddar@example.com,2019-12-31 22:00:00+00:00,5b76880107dd1571763fea9ea8a5cb11,2019-12-31 22:00:00+00:00,2020-01-15 06:30:00+00:00,False
1050,TP-21565,Tracy Poddar,Home Office,United States,Eugene,Oregon,97405,West,7,2144.31,145.2,2020-01-15,SILVER,tracy.poddar@example.com,2020-01-15 06:30:00+00:00,1d6cf0bcecfa25026fcb02683759ad2c,2020-01-15 06:30:00+00:00,,True
760,TR-21325,Toby Ritter,Consumer,United States,Belleville,New Jersey,07109,East,5,675.94,220.36,2017-06-20,BRONZE,toby.ritter@example.com,2019-12-31 22:00:00+00:00,88030bace9c2afc94fcbe92b6cb0aec2,2019-12-31 22:00:00+00:00,,True
761,TS-21085,Thais Sissman,Consumer,United States,Ormond Beach,Florida,32174,South,2,4.83,-3.32,2017-01-07,BRONZE,thais.sissman@unknown.local,2019-12-31 22:00:00+00:00,b727363d2fbfea946546a099f530ff83,2019-12-31 22:00:00+00:00,,True
762,TS-21160,Theresa Swint,Corporate,United States,Toledo,Ohio,43615,East,6,2163.62,260.87,2016-08-13,SILVER,theresa.swint@example.com,2019-12-31 22:00:00+00:00,7054e8a6660cc88f0badc24aee14318c,2019-12-31 22:00:00+00:00,,True
763,TS-21205,Thomas Seio,Corporate,United States,Nashville,Tennessee,37211,South,7,5371.09,862.89,2017-06-15,PLATINUM,thomas.seio@example.com,2019-12-31 22:00:00+00:00,fb31927b33f11e9f58149c4d3d5cfa96,2019-12-31 22:00:00+00:00,,True
764,TS-21340,Toby Swindell,Consumer,United States,Los Angeles,California,90036,West,5,974.78,-184.98,2017-05-18,BRONZE,toby.swindell@example.com,2019-12-31 22:00:00+00:00,3d406e2e831b4645f8f615ceb6a7c955,2019-12-31 22:00:00+00:00,,True
765,TS-21370,Todd Sumrall,Corporate,United States,Los Angeles,California,90049,West,6,11891.75,2371.71,2017-11-24,PLATINUM,todd.sumrall@example.com,2019-12-31 22:00:00+00:00,3816b579f64139a09efd351f79c2750d,2019-12-31 22:00:00+00:00,,True
766,TS-21430,Tom Stivers,Corporate,United States,Reading,Pennsylvania,19601,East,5,2054.14,48.7,2017-07-11,SILVER,tom.stivers@example.com,2019-12-31 22:00:00+00:00,ebae216c635879c16101569dcb97b566,2019-12-31 22:00:00+00:00,,True
767,TS-21505,Tony Sayre,Consumer,United States,Cleveland,Ohio,44105,East,6,2243.27,11.38,2017-12-19,SILVER,tony.sayre@example.com,2019-12-31 22:00:00+00:00,4a952362b25ab2c94e10687bf7e2f92c,2019-12-31 22:00:00+00:00,,True
768,TS-21610,Troy Staebel,Unknown,United States,Freeport,Illinois,61032,Central,7,2820.42,-294.7,2017-11-05,GOLD,troy.staebel@example.com,2019-12-31 22:00:00+00:00,7c65662ba6d1742a27710f0ec5bdf361,2019-12-31 22:00:00+00:00,,True
769,TS-21655,Trudy Schmidt,Consumer,United States,Unknown,Texas,79907,Central,5,3536.49,220.92,2017-05-06,GOLD,trudy.schmidt@example.com,2019-12-31 23:45:00+00:00,a1c4a67dd9120118b406884a2b4071da,2019-12-31 22:00:00+00:00,,True
770,TT-21070,Ted Trevino,Consumer,United States,Seattle,Washington,98103,West,7,4915.6,751.96,2017-11-29,GOLD,ted.trevino@example.com,2019-12-31 22:00:00+00:00,b628ac5f0fe81dd711d00aa294eef90c,2019-12-31 22:00:00+00:00,,True
771,TT-21220,Thomas Thornton,Consumer,United States,Houston,Texas,77041,Central,8,1427.04,278.74,2017-06-30,SILVER,thomas.thornton@example.com,2019-12-31 22:00:00+00:00,f712152e984cc7ad085f5f515017bf1e,2019-12-31 22:00:00+00:00,,True
772,TT-21265,Tim Taslimi,Corporate,United States,Indianapolis,Indiana,46203,Central,3,439.5,93.92,2016-11-19,BRONZE,tim.taslimi@example.com,2019-12-31 22:00:00+00:00,10bc78534b670c6782547be1d909a38e,2019-12-31 22:00:00+00:00,,True
773,TT-21460,Tonja Turnell,Home Office,United States,Richmond,Indiana,47374,Central,7,5364.81,1124.5,2017-12-18,PLATINUM,tonja.turnell@example.com,2019-12-31 22:00:00+00:00,2cd9acc621ee6d3a82915e609ec6e13d,2019-12-31 22:00:00+00:00,,True
774,TW-21025,Tamara Willingham,Home Office,United States,Seattle,Washington,98105,West,7,5278.83,737.39,2017-10-27,PLATINUM,tamara.willingham@example.com,2019-12-31 22:00:00+00:00,50db38bdf81d1e9a4020fa75694b009b,2019-12-31 22:00:00+00:00,,True
775,TZ-21580,Tracy Zic,Consumer,United States,Los Angeles,California,90045,West,4,1707.29,224.89,2017-11-25,SILVER,tracy.zic@unknown.local,2019-12-31 22:00:00+00:00,1a140353ae6e7b05ec4e93d3807b8e23,2019-12-31 22:00:00+00:00,,True
776,VB-21745,Victoria Brennan,Corporate,United States,San Antonio,Texas,78207,Central,6,2005.6,371.24,2017-11-06,SILVER,victoria.brennan@example.com,2019-12-31 22:00:00+00:00,39a5aa99dc0f66e8005c761249528d29,2019-12-31 22:00:00+00:00,,True
777,VD-21670,Valerie Dominguez,Consumer,United States,Pleasant Grove,Utah,84062,Unknown,6,6442.25,1617.79,2016-05-28,PLATINUM,valerie.dominguez@example.com,2019-12-31 22:00:00+00:00,ca4ca81d79ace13384f585aa03e512de,2019-12-31 22:00:00+00:00,,True
778,VF-21715,Vicky Freymann,Home Office,United States,Seattle,Washington,98115,West,5,847.94,-96.28,2017-12-17,BRONZE,vicky.freymann@example.com,2019-12-31 22:00:00+00:00,81e6d412f61807e49a080292394806ee,2019-12-31 22:00:00+00:00,2020-01-15 06:30:00+00:00,False
1051,VF-21715,Vicky Freymann,Home Office,United States,Seattle,Washington,98115,West,7,896.67,-127.5,2020-01-15,BRONZE,vicky.freymann@example.com,2020-01-15 06:30:00+00:00,7a7dd4faa054cb626c0fa7acddf29385,2020-01-15 06:30:00+00:00,,True
779,VG-21790,Vivek Gonzalez,Consumer,United States,San Francisco,California,94109,West,6,846.01,143.63,2017-07-29,BRONZE,vivek.gonzalez@example.com,2019-12-31 22:00:00+00:00,03fe2a35e29525b1912fec46042229f5,2019-12-31 22:00:00+00:00,,True
780,VG-21805,Vivek Grady,Corporate,United States,Philadelphia,Pennsylvania,19140,East,5,427.37,-52.33,2017-03-19,BRONZE,vivek.grady@example.com,2019-12-31 22:00:00+00:00,82d207daab880b69040fa193f386034c,2019-12-31 22:00:00+00:00,,True
781,VM-21685,Valerie Mitchum,Home Office,United States,Seattle,Washington,98105,West,7,2454.87,513.53,2017-11-06,SILVER,valerie.mitchum@example.com,2019-12-31 22:00:00+00:00,4243a2725036d385bb5df212a1027c17,2019-12-31 22:00:00+00:00,,True
782,VM-21835,Vivian Mathis,Consumer,United States,Boca Raton,Florida,33433,South,5,380.69,116.64,2017-09-04,BRONZE,vivian.mathis@example.com,2019-12-31 22:00:00+00:00,0ca50cf6a90d372053c8f04c460e6355,2019-12-31 22:00:00+00:00,,True
783,VP-21730,Victor Preis,Home Office,United States,New York City,New York,10011,East,3,993.9,205.39,2017-11-30,BRONZE,victor.preis@example.com,2019-12-31 22:00:00+00:00,ff143232e180152ad7c83a5be5b5592f,2019-12-31 22:00:00+00:00,,True
784,VP-21760,Victoria Pisteka,Corporate,United States,Columbus,Ohio,43229,East,7,3360.53,-1018.78,2017-10-16,GOLD,victoria.pisteka@example.com,2019-12-31 22:00:00+00:00,38d843c2097d94edd5c90955dad0c059,2019-12-31 22:00:00+00:00,,True
946,VR-20042,Vivaan Reddy,Consumer,United States,San Diego,California,92024,West,10,6625.02,116.08,2020-01-15,PLATINUM,vivaan.reddy@example.com,2020-01-15 06:30:00+00:00,8b4901f519be1a37bd39ef1b5ec70509,2020-01-15 06:30:00+00:00,,True
947,VR-20252,Victor Rossi,Consumer,United States,Philadelphia,Pennsylvania,19140,East,4,7076.29,-210.61,2020-01-15,PLATINUM,victor.rossi@example.com,2020-01-15 06:30:00+00:00,144a0779c3f39c86d114936cda3fc329,2020-01-15 06:30:00+00:00,,True
785,VS-21820,Vivek Sundaresam,Consumer,United States,Raleigh,North Carolina,27604,South,4,1055.98,-262.81,2017-05-23,SILVER,vivek.sundaresam@example.com,2019-12-31 22:00:00+00:00,ab6c5539f938c857d63dca2f9e855dda,2019-12-31 22:00:00+00:00,,True
786,VT-21700,Valerie Takahito,Home Office,United States,Philadelphia,Pennsylvania,19143,East,2,1736.6,-224.09,2015-04-05,SILVER,valerie.takahito@example.com,2019-12-31 22:00:00+00:00,154171b39078925fe5ae92f5b212f5bd,2019-12-31 22:00:00+00:00,,True
787,VW-21775,Victoria Wilson,Corporate,United States,Medina,Ohio,44256,East,10,6134.04,-874.66,2017-12-02,PLATINUM,victoria.wilson@unknown.local,2019-12-31 22:00:00+00:00,2a22a325047aad7c864fad65f50f42f6,2019-12-31 22:00:00+00:00,,True
788,WB-21850,William Brown,Consumer,United States,Anaheim,California,92804,West,11,6160.1,714.33,2017-12-10,PLATINUM,william.brown@example.com,2019-12-31 22:00:00+00:00,d8d26f67274d91db32e3b4346e0c5edb,2019-12-31 22:00:00+00:00,,True
948,WK-20259,Wren Kim,Corporate,United States,Phoenix,Arizona,85023,West,6,3040.0,170.8,2020-01-15,GOLD,wren.kim@example.com,2020-01-15 06:30:00+00:00,20a959b52f8b1fe610eb3a0af8f6a78d,2020-01-15 06:30:00+00:00,,True
789,XP-21865,Xylona Preis,Consumer,United States,Westland,Michigan,48185,Central,11,2374.66,621.23,2017-11-17,SILVER,xylona.preis@example.com,2019-12-31 22:00:00+00:00,3dd428311cc336e160f7ee312ced282d,2019-12-31 22:00:00+00:00,,True
790,YC-21895,Yoseph Carroll,Corporate,United States,Newark,Delaware,19711,East,5,5454.35,1305.63,2017-12-26,PLATINUM,yoseph.carroll@example.com,2019-12-31 22:00:00+00:00,39bfe72f914ede5201841dbfd3a720a5,2019-12-31 22:00:00+00:00,,True
949,YG-20098,Yash Gill,Home Office,United States,San Diego,California,92024,West,9,6259.0,160.22,2020-01-15,PLATINUM,yash.gill@example.com,2020-01-15 06:30:00+00:00,f0ef966918ae31f316bc98fc90cabb21,2020-01-15 06:30:00+00:00,,True
791,YS-21880,Yana Sorensen,Corporate,United States,Seattle,Washington,98103,West,8,6720.44,1778.29,2017-12-21,PLATINUM,yana.sorensen@example.com,2019-12-31 22:00:00+00:00,7ad98101ac8bd9d79fef27a50912326f,2019-12-31 22:00:00+00:00,,True
950,ZA-20175,Zara Aziz,Corporate,United States,Los Angeles,California,90036,West,1,8049.92,1532.05,2020-01-15,PLATINUM,zara.aziz@example.com,2020-01-15 06:30:00+00:00,8d72ddc116de0446fa29eab8eca7859d,2020-01-15 06:30:00+00:00,,True
792,ZC-21910,Zuschuss Carroll,Consumer,United States,Edmonds,Washington,98026,West,13,8025.71,-1032.15,2017-11-06,PLATINUM,zuschuss.carroll@example.com,2019-12-31 22:00:00+00:00,28d7f3e80eaaa16083b3b515e3f8b569,2019-12-31 22:00:00+00:00,,True
793,ZD-21925,Zuschuss Donatelli,Consumer,United States,San Francisco,California,94109,West,5,1493.94,249.13,2017-06-11,SILVER,zuschuss.donatelli@example.com,2019-12-31 22:00:00+00:00,bc94b3864801fbdf0d70635c1228504f,2019-12-31 22:00:00+00:00,,True
