customer_id,order_date,previous_order_date,days_gap,avg_gap_days,risk_flag
CUST00001,2025-05-21,,,72.8,At Risk
CUST00001,2025-07-18,2025-05-21,58.0,72.8,At Risk
CUST00001,2025-11-27,2025-07-18,132.0,72.8,At Risk
CUST00001,2025-12-24,2025-11-27,27.0,72.8,At Risk
CUST00001,2026-01-07,2025-12-24,14.0,72.8,At Risk
CUST00001,2026-05-20,2026-01-07,133.0,72.8,At Risk
CUST00002,2025-05-14,,,386.0,At Risk
CUST00002,2026-06-04,2025-05-14,386.0,386.0,At Risk
CUST00004,2025-03-26,,,120.0,At Risk
CUST00004,2025-12-12,2025-03-26,261.0,120.0,At Risk
CUST00004,2026-03-10,2025-12-12,88.0,120.0,At Risk
CUST00004,2026-05-29,2026-03-10,80.0,120.0,At Risk
CUST00004,2026-07-19,2026-05-29,51.0,120.0,At Risk
CUST00005,2026-03-02,,,10.0,Healthy
CUST00005,2026-03-13,2026-03-02,11.0,10.0,Healthy
CUST00005,2026-03-22,2026-03-13,9.0,10.0,Healthy
CUST00007,2025-05-17,,,100.8,At Risk
CUST00007,2025-10-03,2025-05-17,139.0,100.8,At Risk
CUST00007,2026-01-02,2025-10-03,91.0,100.8,At Risk
CUST00007,2026-02-12,2026-01-02,41.0,100.8,At Risk
CUST00007,2026-06-24,2026-02-12,132.0,100.8,At Risk
CUST00008,2026-03-25,,,39.0,At Risk
CUST00008,2026-06-05,2026-03-25,72.0,39.0,At Risk
CUST00008,2026-06-11,2026-06-05,6.0,39.0,At Risk
CUST00009,2025-03-26,,,34.8,At Risk
CUST00009,2025-08-08,2025-03-26,135.0,34.8,At Risk
CUST00009,2025-08-13,2025-08-08,5.0,34.8,At Risk
CUST00009,2025-08-22,2025-08-13,9.0,34.8,At Risk
CUST00009,2025-09-17,2025-08-22,26.0,34.8,At Risk
CUST00009,2025-11-23,2025-09-17,67.0,34.8,At Risk
CUST00009,2026-01-28,2025-11-23,66.0,34.8,At Risk
CUST00009,2026-02-15,2026-01-28,18.0,34.8,At Risk
CUST00009,2026-02-19,2026-02-15,4.0,34.8,At Risk
CUST00009,2026-03-17,2026-02-19,26.0,34.8,At Risk
CUST00009,2026-03-28,2026-03-17,11.0,34.8,At Risk
CUST00009,2026-05-22,2026-03-28,55.0,34.8,At Risk
CUST00009,2026-06-13,2026-05-22,22.0,34.8,At Risk
CUST00009,2026-07-19,2026-06-13,36.0,34.8,At Risk
CUST00009,2026-07-26,2026-07-19,7.0,34.8,At Risk
CUST00010,2025-08-29,,,30.3,At Risk
CUST00010,2025-08-29,2025-08-29,0.0,30.3,At Risk
CUST00010,2025-11-22,2025-08-29,85.0,30.3,At Risk
CUST00010,2025-12-03,2025-11-22,11.0,30.3,At Risk
CUST00010,2025-12-16,2025-12-03,13.0,30.3,At Risk
CUST00010,2026-01-04,2025-12-16,19.0,30.3,At Risk
CUST00010,2026-01-12,2026-01-04,8.0,30.3,At Risk
CUST00010,2026-01-14,2026-01-12,2.0,30.3,At Risk
CUST00010,2026-02-24,2026-01-14,41.0,30.3,At Risk
CUST00010,2026-02-24,2026-02-24,0.0,30.3,At Risk
CUST00010,2026-05-04,2026-02-24,69.0,30.3,At Risk
CUST00010,2026-07-28,2026-05-04,85.0,30.3,At Risk
CUST00011,2025-12-07,,,16.8,Healthy
CUST00011,2025-12-22,2025-12-07,15.0,16.8,Healthy
CUST00011,2026-01-23,2025-12-22,32.0,16.8,Healthy
CUST00011,2026-01-27,2026-01-23,4.0,16.8,Healthy
CUST00011,2026-01-30,2026-01-27,3.0,16.8,Healthy
CUST00011,2026-02-05,2026-01-30,6.0,16.8,Healthy
CUST00011,2026-03-19,2026-02-05,42.0,16.8,Healthy
CUST00011,2026-03-21,2026-03-19,2.0,16.8,Healthy
CUST00011,2026-04-17,2026-03-21,27.0,16.8,Healthy
CUST00011,2026-05-07,2026-04-17,20.0,16.8,Healthy
CUST00012,2026-02-13,,,23.1,Healthy
CUST00012,2026-02-22,2026-02-13,9.0,23.1,Healthy
CUST00012,2026-02-24,2026-02-22,2.0,23.1,Healthy
CUST00012,2026-05-06,2026-02-24,71.0,23.1,Healthy
CUST00012,2026-05-22,2026-05-06,16.0,23.1,Healthy
CUST00012,2026-05-27,2026-05-22,5.0,23.1,Healthy
CUST00012,2026-07-01,2026-05-27,35.0,23.1,Healthy
CUST00012,2026-07-25,2026-07-01,24.0,23.1,Healthy
CUST00013,2026-02-24,,,16.7,Healthy
CUST00013,2026-03-05,2026-02-24,9.0,16.7,Healthy
CUST00013,2026-03-31,2026-03-05,26.0,16.7,Healthy
CUST00013,2026-04-23,2026-03-31,23.0,16.7,Healthy
CUST00013,2026-05-24,2026-04-23,31.0,16.7,Healthy
CUST00013,2026-06-10,2026-05-24,17.0,16.7,Healthy
CUST00013,2026-06-25,2026-06-10,15.0,16.7,Healthy
CUST00013,2026-07-04,2026-06-25,9.0,16.7,Healthy
CUST00013,2026-07-18,2026-07-04,14.0,16.7,Healthy
CUST00013,2026-07-24,2026-07-18,6.0,16.7,Healthy
CUST00014,2024-10-15,,,213.3,At Risk
CUST00014,2025-08-07,2024-10-15,296.0,213.3,At Risk
CUST00014,2025-11-04,2025-08-07,89.0,213.3,At Risk
CUST00014,2026-07-17,2025-11-04,255.0,213.3,At Risk
CUST00015,2025-06-22,,,125.0,At Risk
CUST00015,2025-08-16,2025-06-22,55.0,125.0,At Risk
CUST00015,2025-10-19,2025-08-16,64.0,125.0,At Risk
CUST00015,2026-07-02,2025-10-19,256.0,125.0,At Risk
CUST00016,2025-05-14,,,59.5,At Risk
CUST00016,2025-07-29,2025-05-14,76.0,59.5,At Risk
CUST00016,2025-09-10,2025-07-29,43.0,59.5,At Risk
CUST00017,2026-04-02,,,16.7,Healthy
CUST00017,2026-04-19,2026-04-02,17.0,16.7,Healthy
CUST00017,2026-04-24,2026-04-19,5.0,16.7,Healthy
CUST00017,2026-06-05,2026-04-24,42.0,16.7,Healthy
CUST00017,2026-06-24,2026-06-05,19.0,16.7,Healthy
CUST00017,2026-06-25,2026-06-24,1.0,16.7,Healthy
CUST00017,2026-07-11,2026-06-25,16.0,16.7,Healthy
CUST00018,2025-12-28,,,14.0,Healthy
CUST00018,2026-01-09,2025-12-28,12.0,14.0,Healthy
CUST00018,2026-02-17,2026-01-09,39.0,14.0,Healthy
CUST00018,2026-03-19,2026-02-17,30.0,14.0,Healthy
CUST00018,2026-03-28,2026-03-19,9.0,14.0,Healthy
CUST00018,2026-04-18,2026-03-28,21.0,14.0,Healthy
CUST00018,2026-04-25,2026-04-18,7.0,14.0,Healthy
CUST00018,2026-05-02,2026-04-25,7.0,14.0,Healthy
CUST00018,2026-05-14,2026-05-02,12.0,14.0,Healthy
CUST00018,2026-05-16,2026-05-14,2.0,14.0,Healthy
CUST00018,2026-05-17,2026-05-16,1.0,14.0,Healthy
CUST00019,2025-11-14,,,34.3,At Risk
CUST00019,2026-01-17,2025-11-14,64.0,34.3,At Risk
CUST00019,2026-01-31,2026-01-17,14.0,34.3,At Risk
CUST00019,2026-02-24,2026-01-31,24.0,34.3,At Risk
CUST00019,2026-04-20,2026-02-24,55.0,34.3,At Risk
CUST00019,2026-05-16,2026-04-20,26.0,34.3,At Risk
CUST00019,2026-06-26,2026-05-16,41.0,34.3,At Risk
CUST00019,2026-07-12,2026-06-26,16.0,34.3,At Risk
CUST00020,2026-03-03,,,18.8,Healthy
CUST00020,2026-03-18,2026-03-03,15.0,18.8,Healthy
CUST00020,2026-04-14,2026-03-18,27.0,18.8,Healthy
CUST00020,2026-04-20,2026-04-14,6.0,18.8,Healthy
CUST00020,2026-04-29,2026-04-20,9.0,18.8,Healthy
CUST00020,2026-05-10,2026-04-29,11.0,18.8,Healthy
CUST00020,2026-05-23,2026-05-10,13.0,18.8,Healthy
CUST00020,2026-06-21,2026-05-23,29.0,18.8,Healthy
CUST00020,2026-07-31,2026-06-21,40.0,18.8,Healthy
CUST00021,2025-07-11,,,59.3,At Risk
CUST00021,2025-08-05,2025-07-11,25.0,59.3,At Risk
CUST00021,2025-10-14,2025-08-05,70.0,59.3,At Risk
CUST00021,2025-11-12,2025-10-14,29.0,59.3,At Risk
CUST00021,2026-03-05,2025-11-12,113.0,59.3,At Risk
CUST00022,2025-12-13,,,35.8,At Risk
CUST00022,2026-01-03,2025-12-13,21.0,35.8,At Risk
CUST00022,2026-02-03,2026-01-03,31.0,35.8,At Risk
CUST00022,2026-04-24,2026-02-03,80.0,35.8,At Risk
CUST00022,2026-05-24,2026-04-24,30.0,35.8,At Risk
CUST00022,2026-05-26,2026-05-24,2.0,35.8,At Risk
CUST00022,2026-07-16,2026-05-26,51.0,35.8,At Risk
CUST00023,2025-02-18,,,84.7,At Risk
CUST00023,2025-06-11,2025-02-18,113.0,84.7,At Risk
CUST00023,2025-09-17,2025-06-11,98.0,84.7,At Risk
CUST00023,2025-12-30,2025-09-17,104.0,84.7,At Risk
CUST00023,2026-01-16,2025-12-30,17.0,84.7,At Risk
CUST00023,2026-06-22,2026-01-16,157.0,84.7,At Risk
CUST00023,2026-07-11,2026-06-22,19.0,84.7,At Risk
CUST00024,2025-06-14,,,241.0,At Risk
CUST00024,2026-02-10,2025-06-14,241.0,241.0,At Risk
CUST00025,2026-04-14,,,7.3,Healthy
CUST00025,2026-04-15,2026-04-14,1.0,7.3,Healthy
CUST00025,2026-04-23,2026-04-15,8.0,7.3,Healthy
CUST00025,2026-05-26,2026-04-23,33.0,7.3,Healthy
CUST00025,2026-05-28,2026-05-26,2.0,7.3,Healthy
CUST00025,2026-05-28,2026-05-28,0.0,7.3,Healthy
CUST00025,2026-06-04,2026-05-28,7.0,7.3,Healthy
CUST00025,2026-06-04,2026-06-04,0.0,7.3,Healthy
CUST00026,2025-05-12,,,70.0,At Risk
CUST00026,2025-07-02,2025-05-12,51.0,70.0,At Risk
CUST00026,2025-11-14,2025-07-02,135.0,70.0,At Risk
CUST00026,2026-02-22,2025-11-14,100.0,70.0,At Risk
CUST00026,2026-03-14,2026-02-22,20.0,70.0,At Risk
CUST00026,2026-06-07,2026-03-14,85.0,70.0,At Risk
CUST00026,2026-07-06,2026-06-07,29.0,70.0,At Risk
CUST00027,2026-01-31,,,29.0,Healthy
CUST00027,2026-03-04,2026-01-31,32.0,29.0,Healthy
CUST00027,2026-03-07,2026-03-04,3.0,29.0,Healthy
CUST00027,2026-04-28,2026-03-07,52.0,29.0,Healthy
CUST00027,2026-06-14,2026-04-28,47.0,29.0,Healthy
CUST00027,2026-06-25,2026-06-14,11.0,29.0,Healthy
CUST00027,2026-07-24,2026-06-25,29.0,29.0,Healthy
CUST00028,2025-01-30,,,55.3,At Risk
CUST00028,2025-02-01,2025-01-30,2.0,55.3,At Risk
CUST00028,2025-07-15,2025-02-01,164.0,55.3,At Risk
CUST00028,2025-11-29,2025-07-15,137.0,55.3,At Risk
CUST00028,2026-01-29,2025-11-29,61.0,55.3,At Risk
CUST00028,2026-02-18,2026-01-29,20.0,55.3,At Risk
CUST00028,2026-04-21,2026-02-18,62.0,55.3,At Risk
CUST00028,2026-05-01,2026-04-21,10.0,55.3,At Risk
CUST00028,2026-05-25,2026-05-01,24.0,55.3,At Risk
CUST00028,2026-06-12,2026-05-25,18.0,55.3,At Risk
CUST00030,2024-12-26,,,107.5,At Risk
CUST00030,2025-01-11,2024-12-26,16.0,107.5,At Risk
CUST00030,2025-06-26,2025-01-11,166.0,107.5,At Risk
CUST00030,2025-06-30,2025-06-26,4.0,107.5,At Risk
CUST00030,2026-03-01,2025-06-30,244.0,107.5,At Risk
CUST00031,2026-03-11,,,24.0,Healthy
CUST00031,2026-03-27,2026-03-11,16.0,24.0,Healthy
CUST00031,2026-05-03,2026-03-27,37.0,24.0,Healthy
CUST00031,2026-06-24,2026-05-03,52.0,24.0,Healthy
CUST00031,2026-07-02,2026-06-24,8.0,24.0,Healthy
CUST00031,2026-07-09,2026-07-02,7.0,24.0,Healthy
CUST00032,2025-06-29,,,72.2,At Risk
CUST00032,2025-08-12,2025-06-29,44.0,72.2,At Risk
CUST00032,2025-11-20,2025-08-12,100.0,72.2,At Risk
CUST00032,2026-02-14,2025-11-20,86.0,72.2,At Risk
CUST00032,2026-05-07,2026-02-14,82.0,72.2,At Risk
CUST00032,2026-06-25,2026-05-07,49.0,72.2,At Risk
CUST00033,2025-12-12,,,39.2,At Risk
CUST00033,2025-12-29,2025-12-12,17.0,39.2,At Risk
CUST00033,2026-03-16,2025-12-29,77.0,39.2,At Risk
CUST00033,2026-04-15,2026-03-16,30.0,39.2,At Risk
CUST00033,2026-05-04,2026-04-15,19.0,39.2,At Risk
CUST00033,2026-06-26,2026-05-04,53.0,39.2,At Risk
CUST00034,2025-12-12,,,17.2,Healthy
CUST00034,2025-12-27,2025-12-12,15.0,17.2,Healthy
CUST00034,2026-01-10,2025-12-27,14.0,17.2,Healthy
CUST00034,2026-01-15,2026-01-10,5.0,17.2,Healthy
CUST00034,2026-01-29,2026-01-15,14.0,17.2,Healthy
CUST00034,2026-02-02,2026-01-29,4.0,17.2,Healthy
CUST00034,2026-03-09,2026-02-02,35.0,17.2,Healthy
CUST00034,2026-04-27,2026-03-09,49.0,17.2,Healthy
CUST00034,2026-05-01,2026-04-27,4.0,17.2,Healthy
CUST00034,2026-05-24,2026-05-01,23.0,17.2,Healthy
CUST00034,2026-05-27,2026-05-24,3.0,17.2,Healthy
CUST00034,2026-06-02,2026-05-27,6.0,17.2,Healthy
CUST00034,2026-06-20,2026-06-02,18.0,17.2,Healthy
CUST00034,2026-07-24,2026-06-20,34.0,17.2,Healthy
CUST00035,2025-01-12,,,70.6,At Risk
CUST00035,2025-03-25,2025-01-12,72.0,70.6,At Risk
CUST00035,2025-04-27,2025-03-25,33.0,70.6,At Risk
CUST00035,2025-05-14,2025-04-27,17.0,70.6,At Risk
CUST00035,2025-08-30,2025-05-14,108.0,70.6,At Risk
CUST00035,2025-12-31,2025-08-30,123.0,70.6,At Risk
CUST00036,2024-11-26,,,,Single Order
CUST00037,2025-09-20,,,76.0,At Risk
CUST00037,2026-01-04,2025-09-20,106.0,76.0,At Risk
CUST00037,2026-02-15,2026-01-04,42.0,76.0,At Risk
CUST00037,2026-05-06,2026-02-15,80.0,76.0,At Risk
CUST00038,2025-05-17,,,96.0,At Risk
CUST00038,2025-06-26,2025-05-17,40.0,96.0,At Risk
CUST00038,2025-12-30,2025-06-26,187.0,96.0,At Risk
CUST00038,2026-01-03,2025-12-30,4.0,96.0,At Risk
CUST00038,2026-06-05,2026-01-03,153.0,96.0,At Risk
CUST00039,2026-03-12,,,19.2,Healthy
CUST00039,2026-03-16,2026-03-12,4.0,19.2,Healthy
CUST00039,2026-03-30,2026-03-16,14.0,19.2,Healthy
CUST00039,2026-06-04,2026-03-30,66.0,19.2,Healthy
CUST00039,2026-06-06,2026-06-04,2.0,19.2,Healthy
CUST00039,2026-06-24,2026-06-06,18.0,19.2,Healthy
CUST00039,2026-07-05,2026-06-24,11.0,19.2,Healthy
CUST00040,2025-03-10,,,115.8,At Risk
CUST00040,2025-06-17,2025-03-10,99.0,115.8,At Risk
CUST00040,2025-11-25,2025-06-17,161.0,115.8,At Risk
CUST00040,2026-03-22,2025-11-25,117.0,115.8,At Risk
CUST00040,2026-06-16,2026-03-22,86.0,115.8,At Risk
CUST00041,2025-06-06,,,52.2,At Risk
CUST00041,2025-07-03,2025-06-06,27.0,52.2,At Risk
CUST00041,2025-07-14,2025-07-03,11.0,52.2,At Risk
CUST00041,2025-09-17,2025-07-14,65.0,52.2,At Risk
CUST00041,2025-10-31,2025-09-17,44.0,52.2,At Risk
CUST00041,2026-03-31,2025-10-31,151.0,52.2,At Risk
CUST00041,2026-04-15,2026-03-31,15.0,52.2,At Risk
CUST00042,2026-01-09,,,59.7,At Risk
CUST00042,2026-03-01,2026-01-09,51.0,59.7,At Risk
CUST00042,2026-05-16,2026-03-01,76.0,59.7,At Risk
CUST00042,2026-07-07,2026-05-16,52.0,59.7,At Risk
CUST00043,2025-12-13,,,,Single Order
CUST00044,2026-03-24,,,,Single Order
CUST00045,2026-05-17,,,,Single Order
CUST00046,2025-04-21,,,52.6,At Risk
CUST00046,2025-05-22,2025-04-21,31.0,52.6,At Risk
CUST00046,2025-08-25,2025-05-22,95.0,52.6,At Risk
CUST00046,2025-08-26,2025-08-25,1.0,52.6,At Risk
CUST00046,2025-12-15,2025-08-26,111.0,52.6,At Risk
CUST00046,2026-01-04,2025-12-15,20.0,52.6,At Risk
CUST00046,2026-02-06,2026-01-04,33.0,52.6,At Risk
CUST00046,2026-04-20,2026-02-06,73.0,52.6,At Risk
CUST00046,2026-06-16,2026-04-20,57.0,52.6,At Risk
CUST00047,2025-03-02,,,86.0,At Risk
CUST00047,2025-03-30,2025-03-02,28.0,86.0,At Risk
CUST00047,2025-05-02,2025-03-30,33.0,86.0,At Risk
CUST00047,2025-08-04,2025-05-02,94.0,86.0,At Risk
CUST00047,2025-09-08,2025-08-04,35.0,86.0,At Risk
CUST00047,2026-05-06,2025-09-08,240.0,86.0,At Risk
CUST00048,2025-10-21,,,13.8,Healthy
CUST00048,2025-10-22,2025-10-21,1.0,13.8,Healthy
CUST00048,2025-10-27,2025-10-22,5.0,13.8,Healthy
CUST00048,2025-11-05,2025-10-27,9.0,13.8,Healthy
CUST00048,2025-11-15,2025-11-05,10.0,13.8,Healthy
CUST00048,2025-12-06,2025-11-15,21.0,13.8,Healthy
CUST00048,2025-12-08,2025-12-06,2.0,13.8,Healthy
CUST00048,2025-12-11,2025-12-08,3.0,13.8,Healthy
CUST00048,2025-12-16,2025-12-11,5.0,13.8,Healthy
CUST00048,2026-01-04,2025-12-16,19.0,13.8,Healthy
CUST00048,2026-01-04,2026-01-04,0.0,13.8,Healthy
CUST00048,2026-01-10,2026-01-04,6.0,13.8,Healthy
CUST00048,2026-01-19,2026-01-10,9.0,13.8,Healthy
CUST00048,2026-02-14,2026-01-19,26.0,13.8,Healthy
CUST00048,2026-05-20,2026-02-14,95.0,13.8,Healthy
CUST00048,2026-06-22,2026-05-20,33.0,13.8,Healthy
CUST00048,2026-06-28,2026-06-22,6.0,13.8,Healthy
CUST00048,2026-07-04,2026-06-28,6.0,13.8,Healthy
CUST00048,2026-07-09,2026-07-04,5.0,13.8,Healthy
CUST00048,2026-07-15,2026-07-09,6.0,13.8,Healthy
CUST00048,2026-07-23,2026-07-15,8.0,13.8,Healthy
CUST00049,2025-05-05,,,91.8,At Risk
CUST00049,2025-09-05,2025-05-05,123.0,91.8,At Risk
CUST00049,2026-02-07,2025-09-05,155.0,91.8,At Risk
CUST00049,2026-05-05,2026-02-07,87.0,91.8,At Risk
CUST00049,2026-05-07,2026-05-05,2.0,91.8,At Risk
CUST00050,2025-12-26,,,38.0,At Risk
CUST00050,2026-01-12,2025-12-26,17.0,38.0,At Risk
CUST00050,2026-03-09,2026-01-12,56.0,38.0,At Risk
CUST00050,2026-04-06,2026-03-09,28.0,38.0,At Risk
CUST00050,2026-06-16,2026-04-06,71.0,38.0,At Risk
CUST00050,2026-07-04,2026-06-16,18.0,38.0,At Risk
CUST00051,2025-07-14,,,48.0,At Risk
CUST00051,2025-08-30,2025-07-14,47.0,48.0,At Risk
CUST00051,2025-09-19,2025-08-30,20.0,48.0,At Risk
CUST00051,2025-09-27,2025-09-19,8.0,48.0,At Risk
CUST00051,2026-01-19,2025-09-27,114.0,48.0,At Risk
CUST00051,2026-04-04,2026-01-19,75.0,48.0,At Risk
CUST00051,2026-04-28,2026-04-04,24.0,48.0,At Risk
CUST00052,2024-10-17,,,177.7,At Risk
CUST00052,2025-03-31,2024-10-17,165.0,177.7,At Risk
CUST00052,2025-06-17,2025-03-31,78.0,177.7,At Risk
CUST00052,2026-04-03,2025-06-17,290.0,177.7,At Risk
CUST00053,2025-09-01,,,48.3,At Risk
CUST00053,2025-10-11,2025-09-01,40.0,48.3,At Risk
CUST00053,2025-11-01,2025-10-11,21.0,48.3,At Risk
CUST00053,2026-01-27,2025-11-01,87.0,48.3,At Risk
CUST00053,2026-04-18,2026-01-27,81.0,48.3,At Risk
CUST00053,2026-05-01,2026-04-18,13.0,48.3,At Risk
CUST00053,2026-06-18,2026-05-01,48.0,48.3,At Risk
CUST00054,2025-05-20,,,59.2,At Risk
CUST00054,2025-11-13,2025-05-20,177.0,59.2,At Risk
CUST00054,2025-11-17,2025-11-13,4.0,59.2,At Risk
CUST00054,2026-02-07,2025-11-17,82.0,59.2,At Risk
CUST00054,2026-03-11,2026-02-07,32.0,59.2,At Risk
CUST00054,2026-03-29,2026-03-11,18.0,59.2,At Risk
CUST00054,2026-05-10,2026-03-29,42.0,59.2,At Risk
CUST00055,2025-03-01,,,74.5,At Risk
CUST00055,2025-06-15,2025-03-01,106.0,74.5,At Risk
CUST00055,2025-07-29,2025-06-15,44.0,74.5,At Risk
CUST00055,2025-12-05,2025-07-29,129.0,74.5,At Risk
CUST00055,2026-02-09,2025-12-05,66.0,74.5,At Risk
CUST00055,2026-03-14,2026-02-09,33.0,74.5,At Risk
CUST00055,2026-05-22,2026-03-14,69.0,74.5,At Risk
CUST00056,2025-06-19,,,55.0,At Risk
CUST00056,2025-07-04,2025-06-19,15.0,55.0,At Risk
CUST00056,2025-09-23,2025-07-04,81.0,55.0,At Risk
CUST00056,2025-12-02,2025-09-23,70.0,55.0,At Risk
CUST00056,2026-03-10,2025-12-02,98.0,55.0,At Risk
CUST00056,2026-05-25,2026-03-10,76.0,55.0,At Risk
CUST00056,2026-06-22,2026-05-25,28.0,55.0,At Risk
CUST00056,2026-07-09,2026-06-22,17.0,55.0,At Risk
CUST00057,2025-11-01,,,48.5,At Risk
CUST00057,2026-02-03,2025-11-01,94.0,48.5,At Risk
CUST00057,2026-02-28,2026-02-03,25.0,48.5,At Risk
CUST00057,2026-03-21,2026-02-28,21.0,48.5,At Risk
CUST00057,2026-05-14,2026-03-21,54.0,48.5,At Risk
CUST00058,2025-01-26,,,132.0,At Risk
CUST00058,2026-01-17,2025-01-26,356.0,132.0,At Risk
CUST00058,2026-02-10,2026-01-17,24.0,132.0,At Risk
CUST00058,2026-05-31,2026-02-10,110.0,132.0,At Risk
CUST00058,2026-07-08,2026-05-31,38.0,132.0,At Risk
CUST00059,2024-09-23,,,29.0,Healthy
CUST00059,2024-10-01,2024-09-23,8.0,29.0,Healthy
CUST00059,2024-10-07,2024-10-01,6.0,29.0,Healthy
CUST00059,2024-11-19,2024-10-07,43.0,29.0,Healthy
CUST00059,2024-12-06,2024-11-19,17.0,29.0,Healthy
CUST00059,2024-12-08,2024-12-06,2.0,29.0,Healthy
CUST00059,2024-12-20,2024-12-08,12.0,29.0,Healthy
CUST00059,2024-12-24,2024-12-20,4.0,29.0,Healthy
CUST00059,2025-01-08,2024-12-24,15.0,29.0,Healthy
CUST00059,2025-03-23,2025-01-08,74.0,29.0,Healthy
CUST00059,2025-03-27,2025-03-23,4.0,29.0,Healthy
CUST00059,2025-05-15,2025-03-27,49.0,29.0,Healthy
CUST00059,2025-05-23,2025-05-15,8.0,29.0,Healthy
CUST00059,2025-08-22,2025-05-23,91.0,29.0,Healthy
CUST00059,2025-11-19,2025-08-22,89.0,29.0,Healthy
CUST00059,2025-12-08,2025-11-19,19.0,29.0,Healthy
CUST00059,2026-01-07,2025-12-08,30.0,29.0,Healthy
CUST00059,2026-01-13,2026-01-07,6.0,29.0,Healthy
CUST00059,2026-02-06,2026-01-13,24.0,29.0,Healthy
CUST00059,2026-03-06,2026-02-06,28.0,29.0,Healthy
CUST00059,2026-03-30,2026-03-06,24.0,29.0,Healthy
CUST00059,2026-04-08,2026-03-30,9.0,29.0,Healthy
CUST00059,2026-06-11,2026-04-08,64.0,29.0,Healthy
CUST00059,2026-07-21,2026-06-11,40.0,29.0,Healthy
CUST00060,2025-09-18,,,46.5,At Risk
CUST00060,2025-10-15,2025-09-18,27.0,46.5,At Risk
CUST00060,2025-12-20,2025-10-15,66.0,46.5,At Risk
CUST00061,2025-08-19,,,85.3,At Risk
CUST00061,2025-09-29,2025-08-19,41.0,85.3,At Risk
CUST00061,2025-12-12,2025-09-29,74.0,85.3,At Risk
CUST00061,2026-05-05,2025-12-12,144.0,85.3,At Risk
CUST00061,2026-07-26,2026-05-05,82.0,85.3,At Risk
CUST00062,2026-01-18,,,25.3,Healthy
CUST00062,2026-02-11,2026-01-18,24.0,25.3,Healthy
CUST00062,2026-03-31,2026-02-11,48.0,25.3,Healthy
CUST00062,2026-05-03,2026-03-31,33.0,25.3,Healthy
CUST00062,2026-05-13,2026-05-03,10.0,25.3,Healthy
CUST00062,2026-06-01,2026-05-13,19.0,25.3,Healthy
CUST00062,2026-06-15,2026-06-01,14.0,25.3,Healthy
CUST00062,2026-07-14,2026-06-15,29.0,25.3,Healthy
CUST00063,2025-08-31,,,112.0,At Risk
CUST00063,2025-12-21,2025-08-31,112.0,112.0,At Risk
CUST00064,2025-07-12,,,81.8,At Risk
CUST00064,2025-11-15,2025-07-12,126.0,81.8,At Risk
CUST00064,2025-12-23,2025-11-15,38.0,81.8,At Risk
CUST00064,2026-04-11,2025-12-23,109.0,81.8,At Risk
CUST00064,2026-06-04,2026-04-11,54.0,81.8,At Risk
CUST00065,2025-02-07,,,103.6,At Risk
CUST00065,2025-06-21,2025-02-07,134.0,103.6,At Risk
CUST00065,2025-10-08,2025-06-21,109.0,103.6,At Risk
CUST00065,2025-11-06,2025-10-08,29.0,103.6,At Risk
CUST00065,2026-01-11,2025-11-06,66.0,103.6,At Risk
CUST00065,2026-07-10,2026-01-11,180.0,103.6,At Risk
CUST00066,2025-10-07,,,92.3,At Risk
CUST00066,2025-12-22,2025-10-07,76.0,92.3,At Risk
CUST00066,2026-03-21,2025-12-22,89.0,92.3,At Risk
CUST00066,2026-07-11,2026-03-21,112.0,92.3,At Risk
CUST00067,2025-08-11,,,39.1,At Risk
CUST00067,2025-08-26,2025-08-11,15.0,39.1,At Risk
CUST00067,2025-09-11,2025-08-26,16.0,39.1,At Risk
CUST00067,2025-09-21,2025-09-11,10.0,39.1,At Risk
CUST00067,2025-11-30,2025-09-21,70.0,39.1,At Risk
CUST00067,2026-02-03,2025-11-30,65.0,39.1,At Risk
CUST00067,2026-02-15,2026-02-03,12.0,39.1,At Risk
CUST00067,2026-06-25,2026-02-15,130.0,39.1,At Risk
CUST00067,2026-07-13,2026-06-25,18.0,39.1,At Risk
CUST00067,2026-07-29,2026-07-13,16.0,39.1,At Risk
CUST00068,2026-01-23,,,16.1,Healthy
CUST00068,2026-01-23,2026-01-23,0.0,16.1,Healthy
CUST00068,2026-02-05,2026-01-23,13.0,16.1,Healthy
CUST00068,2026-03-06,2026-02-05,29.0,16.1,Healthy
CUST00068,2026-03-14,2026-03-06,8.0,16.1,Healthy
CUST00068,2026-04-14,2026-03-14,31.0,16.1,Healthy
CUST00068,2026-04-30,2026-04-14,16.0,16.1,Healthy
CUST00068,2026-05-12,2026-04-30,12.0,16.1,Healthy
CUST00068,2026-05-12,2026-05-12,0.0,16.1,Healthy
CUST00068,2026-06-17,2026-05-12,36.0,16.1,Healthy
CUST00069,2025-03-16,,,92.3,At Risk
CUST00069,2025-08-24,2025-03-16,161.0,92.3,At Risk
CUST00069,2025-11-15,2025-08-24,83.0,92.3,At Risk
CUST00069,2025-12-18,2025-11-15,33.0,92.3,At Risk
CUST00070,2026-04-03,,,51.0,At Risk
CUST00070,2026-05-16,2026-04-03,43.0,51.0,At Risk
CUST00070,2026-07-14,2026-05-16,59.0,51.0,At Risk
CUST00072,2026-06-24,,,14.0,Healthy
CUST00072,2026-07-08,2026-06-24,14.0,14.0,Healthy
CUST00073,2026-05-12,,,5.1,Healthy
CUST00073,2026-05-12,2026-05-12,0.0,5.1,Healthy
CUST00073,2026-05-17,2026-05-12,5.0,5.1,Healthy
CUST00073,2026-05-17,2026-05-17,0.0,5.1,Healthy
CUST00073,2026-05-18,2026-05-17,1.0,5.1,Healthy
CUST00073,2026-05-19,2026-05-18,1.0,5.1,Healthy
CUST00073,2026-05-20,2026-05-19,1.0,5.1,Healthy
CUST00073,2026-05-31,2026-05-20,11.0,5.1,Healthy
CUST00073,2026-06-06,2026-05-31,6.0,5.1,Healthy
CUST00073,2026-06-07,2026-06-06,1.0,5.1,Healthy
CUST00073,2026-06-10,2026-06-07,3.0,5.1,Healthy
CUST00073,2026-06-25,2026-06-10,15.0,5.1,Healthy
CUST00073,2026-06-30,2026-06-25,5.0,5.1,Healthy
CUST00073,2026-07-17,2026-06-30,17.0,5.1,Healthy
CUST00074,2026-06-27,,,,Single Order
CUST00075,2025-03-06,,,78.4,At Risk
CUST00075,2025-10-29,2025-03-06,237.0,78.4,At Risk
CUST00075,2025-12-28,2025-10-29,60.0,78.4,At Risk
CUST00075,2026-01-10,2025-12-28,13.0,78.4,At Risk
CUST00075,2026-01-19,2026-01-10,9.0,78.4,At Risk
CUST00075,2026-04-02,2026-01-19,73.0,78.4,At Risk
CUST00076,2026-04-25,,,26.3,Healthy
CUST00076,2026-06-02,2026-04-25,38.0,26.3,Healthy
CUST00076,2026-06-08,2026-06-02,6.0,26.3,Healthy
CUST00076,2026-07-13,2026-06-08,35.0,26.3,Healthy
CUST00078,2025-12-03,,,24.6,Healthy
CUST00078,2025-12-09,2025-12-03,6.0,24.6,Healthy
CUST00078,2026-03-23,2025-12-09,104.0,24.6,Healthy
CUST00078,2026-04-03,2026-03-23,11.0,24.6,Healthy
CUST00078,2026-05-09,2026-04-03,36.0,24.6,Healthy
CUST00078,2026-05-17,2026-05-09,8.0,24.6,Healthy
CUST00078,2026-05-26,2026-05-17,9.0,24.6,Healthy
CUST00078,2026-05-31,2026-05-26,5.0,24.6,Healthy
CUST00078,2026-06-18,2026-05-31,18.0,24.6,Healthy
CUST00079,2025-05-29,,,288.0,At Risk
CUST00079,2026-03-13,2025-05-29,288.0,288.0,At Risk
CUST00080,2025-04-19,,,49.1,At Risk
CUST00080,2025-05-03,2025-04-19,14.0,49.1,At Risk
CUST00080,2025-06-06,2025-05-03,34.0,49.1,At Risk
CUST00080,2025-11-18,2025-06-06,165.0,49.1,At Risk
CUST00080,2026-01-14,2025-11-18,57.0,49.1,At Risk
CUST00080,2026-01-25,2026-01-14,11.0,49.1,At Risk
CUST00080,2026-02-13,2026-01-25,19.0,49.1,At Risk
CUST00080,2026-04-02,2026-02-13,48.0,49.1,At Risk
CUST00080,2026-05-17,2026-04-02,45.0,49.1,At Risk
CUST00081,2025-04-14,,,0.0,Healthy
CUST00081,2025-04-14,2025-04-14,0.0,0.0,Healthy
CUST00083,2025-11-16,,,109.5,At Risk
CUST00083,2026-02-09,2025-11-16,85.0,109.5,At Risk
CUST00083,2026-06-23,2026-02-09,134.0,109.5,At Risk
CUST00084,2026-02-10,,,34.0,At Risk
CUST00084,2026-02-22,2026-02-10,12.0,34.0,At Risk
CUST00084,2026-04-19,2026-02-22,56.0,34.0,At Risk
CUST00086,2025-03-05,,,36.5,At Risk
CUST00086,2025-03-20,2025-03-05,15.0,36.5,At Risk
CUST00086,2025-04-07,2025-03-20,18.0,36.5,At Risk
CUST00086,2025-05-11,2025-04-07,34.0,36.5,At Risk
CUST00086,2025-05-20,2025-05-11,9.0,36.5,At Risk
CUST00086,2025-07-30,2025-05-20,71.0,36.5,At Risk
CUST00086,2025-08-08,2025-07-30,9.0,36.5,At Risk
CUST00086,2025-09-07,2025-08-08,30.0,36.5,At Risk
CUST00086,2025-09-30,2025-09-07,23.0,36.5,At Risk
CUST00086,2025-11-23,2025-09-30,54.0,36.5,At Risk
CUST00086,2026-01-06,2025-11-23,44.0,36.5,At Risk
CUST00086,2026-01-19,2026-01-06,13.0,36.5,At Risk
CUST00086,2026-03-24,2026-01-19,64.0,36.5,At Risk
CUST00086,2026-07-28,2026-03-24,126.0,36.5,At Risk
CUST00086,2026-07-29,2026-07-28,1.0,36.5,At Risk
CUST00087,2025-11-19,,,40.0,At Risk
CUST00087,2025-12-01,2025-11-19,12.0,40.0,At Risk
CUST00087,2025-12-12,2025-12-01,11.0,40.0,At Risk
CUST00087,2026-01-10,2025-12-12,29.0,40.0,At Risk
CUST00087,2026-05-29,2026-01-10,139.0,40.0,At Risk
CUST00087,2026-06-30,2026-05-29,32.0,40.0,At Risk
CUST00087,2026-07-17,2026-06-30,17.0,40.0,At Risk
CUST00088,2025-08-02,,,46.4,At Risk
CUST00088,2025-09-10,2025-08-02,39.0,46.4,At Risk
CUST00088,2025-11-10,2025-09-10,61.0,46.4,At Risk
CUST00088,2025-12-07,2025-11-10,27.0,46.4,At Risk
CUST00088,2026-01-10,2025-12-07,34.0,46.4,At Risk
CUST00088,2026-03-22,2026-01-10,71.0,46.4,At Risk
CUST00089,2026-01-08,,,32.5,At Risk
CUST00089,2026-01-16,2026-01-08,8.0,32.5,At Risk
CUST00089,2026-03-11,2026-01-16,54.0,32.5,At Risk
CUST00089,2026-03-29,2026-03-11,18.0,32.5,At Risk
CUST00089,2026-04-19,2026-03-29,21.0,32.5,At Risk
CUST00089,2026-07-07,2026-04-19,79.0,32.5,At Risk
CUST00089,2026-07-22,2026-07-07,15.0,32.5,At Risk
CUST00091,2025-03-06,,,92.6,At Risk
CUST00091,2025-08-15,2025-03-06,162.0,92.6,At Risk
CUST00091,2026-03-10,2025-08-15,207.0,92.6,At Risk
CUST00091,2026-03-28,2026-03-10,18.0,92.6,At Risk
CUST00091,2026-05-09,2026-03-28,42.0,92.6,At Risk
CUST00091,2026-06-12,2026-05-09,34.0,92.6,At Risk
CUST00092,2026-07-26,,,,Single Order
CUST00093,2026-04-02,,,,Single Order
CUST00096,2026-03-01,,,32.8,At Risk
CUST00096,2026-03-02,2026-03-01,1.0,32.8,At Risk
CUST00096,2026-03-16,2026-03-02,14.0,32.8,At Risk
CUST00096,2026-04-06,2026-03-16,21.0,32.8,At Risk
CUST00096,2026-07-10,2026-04-06,95.0,32.8,At Risk
CUST00097,2025-12-05,,,22.9,Healthy
CUST00097,2025-12-14,2025-12-05,9.0,22.9,Healthy
CUST00097,2025-12-27,2025-12-14,13.0,22.9,Healthy
CUST00097,2025-12-29,2025-12-27,2.0,22.9,Healthy
CUST00097,2026-01-22,2025-12-29,24.0,22.9,Healthy
CUST00097,2026-02-12,2026-01-22,21.0,22.9,Healthy
CUST00097,2026-03-07,2026-02-12,23.0,22.9,Healthy
CUST00097,2026-06-06,2026-03-07,91.0,22.9,Healthy
CUST00097,2026-06-12,2026-06-06,6.0,22.9,Healthy
CUST00097,2026-07-11,2026-06-12,29.0,22.9,Healthy
CUST00097,2026-07-22,2026-07-11,11.0,22.9,Healthy
CUST00098,2024-11-12,,,145.0,At Risk
CUST00098,2025-04-06,2024-11-12,145.0,145.0,At Risk
CUST00099,2025-01-07,,,96.6,At Risk
CUST00099,2025-01-11,2025-01-07,4.0,96.6,At Risk
CUST00099,2025-04-01,2025-01-11,80.0,96.6,At Risk
CUST00099,2025-08-06,2025-04-01,127.0,96.6,At Risk
CUST00099,2025-12-28,2025-08-06,144.0,96.6,At Risk
CUST00099,2026-05-05,2025-12-28,128.0,96.6,At Risk
CUST00101,2024-12-16,,,68.1,At Risk
CUST00101,2025-02-13,2024-12-16,59.0,68.1,At Risk
CUST00101,2025-05-28,2025-02-13,104.0,68.1,At Risk
CUST00101,2025-07-21,2025-05-28,54.0,68.1,At Risk
CUST00101,2025-07-22,2025-07-21,1.0,68.1,At Risk
CUST00101,2025-11-18,2025-07-22,119.0,68.1,At Risk
CUST00101,2025-12-09,2025-11-18,21.0,68.1,At Risk
CUST00101,2026-04-07,2025-12-09,119.0,68.1,At Risk
CUST00102,2025-05-05,,,47.1,At Risk
CUST00102,2025-08-02,2025-05-05,89.0,47.1,At Risk
CUST00102,2025-08-26,2025-08-02,24.0,47.1,At Risk
CUST00102,2025-10-05,2025-08-26,40.0,47.1,At Risk
CUST00102,2025-11-06,2025-10-05,32.0,47.1,At Risk
CUST00102,2026-02-07,2025-11-06,93.0,47.1,At Risk
CUST00102,2026-02-28,2026-02-07,21.0,47.1,At Risk
CUST00102,2026-03-31,2026-02-28,31.0,47.1,At Risk
CUST00103,2025-09-13,,,34.0,At Risk
CUST00103,2025-09-28,2025-09-13,15.0,34.0,At Risk
CUST00103,2025-10-07,2025-09-28,9.0,34.0,At Risk
CUST00103,2025-10-14,2025-10-07,7.0,34.0,At Risk
CUST00103,2025-12-24,2025-10-14,71.0,34.0,At Risk
CUST00103,2026-01-01,2025-12-24,8.0,34.0,At Risk
CUST00103,2026-01-26,2026-01-01,25.0,34.0,At Risk
CUST00103,2026-06-23,2026-01-26,148.0,34.0,At Risk
CUST00103,2026-07-02,2026-06-23,9.0,34.0,At Risk
CUST00103,2026-07-16,2026-07-02,14.0,34.0,At Risk
CUST00104,2026-01-19,,,27.8,Healthy
CUST00104,2026-02-03,2026-01-19,15.0,27.8,Healthy
CUST00104,2026-04-25,2026-02-03,81.0,27.8,Healthy
CUST00104,2026-04-27,2026-04-25,2.0,27.8,Healthy
CUST00104,2026-05-10,2026-04-27,13.0,27.8,Healthy
CUST00105,2025-04-22,,,36.3,At Risk
CUST00105,2025-05-23,2025-04-22,31.0,36.3,At Risk
CUST00105,2025-07-04,2025-05-23,42.0,36.3,At Risk
CUST00105,2025-09-11,2025-07-04,69.0,36.3,At Risk
CUST00105,2025-09-14,2025-09-11,3.0,36.3,At Risk
CUST00106,2025-04-07,,,108.0,At Risk
CUST00106,2025-04-13,2025-04-07,6.0,108.0,At Risk
CUST00106,2025-04-25,2025-04-13,12.0,108.0,At Risk
CUST00106,2025-09-26,2025-04-25,154.0,108.0,At Risk
CUST00106,2026-06-13,2025-09-26,260.0,108.0,At Risk
CUST00107,2026-03-21,,,16.6,Healthy
CUST00107,2026-03-26,2026-03-21,5.0,16.6,Healthy
CUST00107,2026-03-31,2026-03-26,5.0,16.6,Healthy
CUST00107,2026-05-04,2026-03-31,34.0,16.6,Healthy
CUST00107,2026-06-06,2026-05-04,33.0,16.6,Healthy
CUST00107,2026-06-12,2026-06-06,6.0,16.6,Healthy
CUST00108,2025-08-08,,,107.3,At Risk
CUST00108,2026-03-21,2025-08-08,225.0,107.3,At Risk
CUST00108,2026-03-29,2026-03-21,8.0,107.3,At Risk
CUST00108,2026-06-26,2026-03-29,89.0,107.3,At Risk
CUST00109,2025-09-03,,,130.5,At Risk
CUST00109,2026-01-07,2025-09-03,126.0,130.5,At Risk
CUST00109,2026-05-22,2026-01-07,135.0,130.5,At Risk
CUST00110,2025-09-05,,,25.4,Healthy
CUST00110,2025-09-23,2025-09-05,18.0,25.4,Healthy
CUST00110,2025-10-02,2025-09-23,9.0,25.4,Healthy
CUST00110,2025-10-18,2025-10-02,16.0,25.4,Healthy
CUST00110,2025-10-28,2025-10-18,10.0,25.4,Healthy
CUST00110,2025-10-28,2025-10-28,0.0,25.4,Healthy
CUST00110,2025-12-17,2025-10-28,50.0,25.4,Healthy
CUST00110,2026-02-01,2025-12-17,46.0,25.4,Healthy
CUST00110,2026-02-01,2026-02-01,0.0,25.4,Healthy
CUST00110,2026-02-22,2026-02-01,21.0,25.4,Healthy
CUST00110,2026-03-21,2026-02-22,27.0,25.4,Healthy
CUST00110,2026-04-21,2026-03-21,31.0,25.4,Healthy
CUST00110,2026-05-25,2026-04-21,34.0,25.4,Healthy
CUST00110,2026-08-01,2026-05-25,68.0,25.4,Healthy
CUST00111,2025-12-29,,,41.0,At Risk
CUST00111,2026-01-08,2025-12-29,10.0,41.0,At Risk
CUST00111,2026-03-21,2026-01-08,72.0,41.0,At Risk
CUST00112,2026-01-19,,,60.7,At Risk
CUST00112,2026-05-25,2026-01-19,126.0,60.7,At Risk
CUST00112,2026-05-28,2026-05-25,3.0,60.7,At Risk
CUST00112,2026-07-20,2026-05-28,53.0,60.7,At Risk
CUST00113,2025-12-30,,,34.3,At Risk
CUST00113,2026-05-12,2025-12-30,133.0,34.3,At Risk
CUST00113,2026-05-17,2026-05-12,5.0,34.3,At Risk
CUST00113,2026-06-14,2026-05-17,28.0,34.3,At Risk
CUST00113,2026-06-20,2026-06-14,6.0,34.3,At Risk
CUST00113,2026-07-15,2026-06-20,25.0,34.3,At Risk
CUST00113,2026-07-24,2026-07-15,9.0,34.3,At Risk
CUST00114,2025-05-15,,,53.5,At Risk
CUST00114,2025-06-14,2025-05-15,30.0,53.5,At Risk
CUST00114,2025-08-21,2025-06-14,68.0,53.5,At Risk
CUST00114,2025-08-24,2025-08-21,3.0,53.5,At Risk
CUST00114,2025-12-29,2025-08-24,127.0,53.5,At Risk
CUST00114,2026-04-20,2025-12-29,112.0,53.5,At Risk
CUST00114,2026-05-31,2026-04-20,41.0,53.5,At Risk
CUST00114,2026-06-21,2026-05-31,21.0,53.5,At Risk
CUST00114,2026-07-17,2026-06-21,26.0,53.5,At Risk
CUST00116,2025-05-13,,,63.1,At Risk
CUST00116,2025-05-25,2025-05-13,12.0,63.1,At Risk
CUST00116,2025-09-16,2025-05-25,114.0,63.1,At Risk
CUST00116,2025-10-21,2025-09-16,35.0,63.1,At Risk
CUST00116,2025-12-25,2025-10-21,65.0,63.1,At Risk
CUST00116,2026-03-01,2025-12-25,66.0,63.1,At Risk
CUST00116,2026-04-09,2026-03-01,39.0,63.1,At Risk
CUST00116,2026-07-29,2026-04-09,111.0,63.1,At Risk
CUST00117,2026-03-01,,,35.3,At Risk
CUST00117,2026-03-08,2026-03-01,7.0,35.3,At Risk
CUST00117,2026-03-08,2026-03-08,0.0,35.3,At Risk
CUST00117,2026-06-03,2026-03-08,87.0,35.3,At Risk
CUST00117,2026-07-20,2026-06-03,47.0,35.3,At Risk
CUST00118,2026-02-24,,,9.0,Healthy
CUST00118,2026-03-02,2026-02-24,6.0,9.0,Healthy
CUST00118,2026-03-10,2026-03-02,8.0,9.0,Healthy
CUST00118,2026-03-12,2026-03-10,2.0,9.0,Healthy
CUST00118,2026-03-24,2026-03-12,12.0,9.0,Healthy
CUST00118,2026-04-11,2026-03-24,18.0,9.0,Healthy
CUST00118,2026-04-19,2026-04-11,8.0,9.0,Healthy
CUST00119,2025-02-18,,,73.0,At Risk
CUST00119,2025-04-12,2025-02-18,53.0,73.0,At Risk
CUST00119,2025-04-25,2025-04-12,13.0,73.0,At Risk
CUST00119,2025-04-30,2025-04-25,5.0,73.0,At Risk
CUST00119,2025-08-13,2025-04-30,105.0,73.0,At Risk
CUST00119,2026-02-18,2025-08-13,189.0,73.0,At Risk
CUST00120,2026-05-22,,,27.0,Healthy
CUST00120,2026-06-18,2026-05-22,27.0,27.0,Healthy
CUST00121,2026-02-19,,,13.7,Healthy
CUST00121,2026-03-08,2026-02-19,17.0,13.7,Healthy
CUST00121,2026-03-23,2026-03-08,15.0,13.7,Healthy
CUST00121,2026-04-08,2026-03-23,16.0,13.7,Healthy
CUST00121,2026-04-08,2026-04-08,0.0,13.7,Healthy
CUST00121,2026-04-25,2026-04-08,17.0,13.7,Healthy
CUST00121,2026-04-30,2026-04-25,5.0,13.7,Healthy
CUST00121,2026-05-07,2026-04-30,7.0,13.7,Healthy
CUST00121,2026-05-31,2026-05-07,24.0,13.7,Healthy
CUST00121,2026-06-11,2026-05-31,11.0,13.7,Healthy
CUST00121,2026-07-06,2026-06-11,25.0,13.7,Healthy
CUST00122,2025-09-13,,,46.0,At Risk
CUST00122,2026-01-13,2025-09-13,122.0,46.0,At Risk
CUST00122,2026-03-30,2026-01-13,76.0,46.0,At Risk
CUST00122,2026-04-19,2026-03-30,20.0,46.0,At Risk
CUST00122,2026-05-05,2026-04-19,16.0,46.0,At Risk
CUST00122,2026-05-10,2026-05-05,5.0,46.0,At Risk
CUST00122,2026-07-16,2026-05-10,67.0,46.0,At Risk
CUST00122,2026-08-01,2026-07-16,16.0,46.0,At Risk
CUST00123,2026-03-03,,,,Single Order
CUST00124,2026-03-31,,,8.4,Healthy
CUST00124,2026-04-02,2026-03-31,2.0,8.4,Healthy
CUST00124,2026-04-16,2026-04-02,14.0,8.4,Healthy
CUST00124,2026-04-23,2026-04-16,7.0,8.4,Healthy
CUST00124,2026-05-03,2026-04-23,10.0,8.4,Healthy
CUST00124,2026-05-04,2026-05-03,1.0,8.4,Healthy
CUST00124,2026-05-04,2026-05-04,0.0,8.4,Healthy
CUST00124,2026-06-01,2026-05-04,28.0,8.4,Healthy
CUST00124,2026-06-10,2026-06-01,9.0,8.4,Healthy
CUST00124,2026-06-15,2026-06-10,5.0,8.4,Healthy
CUST00124,2026-06-16,2026-06-15,1.0,8.4,Healthy
CUST00124,2026-06-23,2026-06-16,7.0,8.4,Healthy
CUST00124,2026-06-25,2026-06-23,2.0,8.4,Healthy
CUST00124,2026-07-11,2026-06-25,16.0,8.4,Healthy
CUST00124,2026-07-27,2026-07-11,16.0,8.4,Healthy
CUST00125,2025-04-16,,,41.5,At Risk
CUST00125,2025-07-17,2025-04-16,92.0,41.5,At Risk
CUST00125,2025-07-23,2025-07-17,6.0,41.5,At Risk
CUST00125,2025-08-30,2025-07-23,38.0,41.5,At Risk
CUST00125,2025-09-17,2025-08-30,18.0,41.5,At Risk
CUST00125,2025-11-03,2025-09-17,47.0,41.5,At Risk
CUST00125,2025-12-21,2025-11-03,48.0,41.5,At Risk
CUST00126,2025-07-11,,,48.3,At Risk
CUST00126,2025-08-01,2025-07-11,21.0,48.3,At Risk
CUST00126,2025-10-01,2025-08-01,61.0,48.3,At Risk
CUST00126,2026-01-03,2025-10-01,94.0,48.3,At Risk
CUST00126,2026-01-21,2026-01-03,18.0,48.3,At Risk
CUST00126,2026-04-18,2026-01-21,87.0,48.3,At Risk
CUST00126,2026-06-07,2026-04-18,50.0,48.3,At Risk
CUST00126,2026-06-14,2026-06-07,7.0,48.3,At Risk
CUST00127,2025-03-29,,,297.0,At Risk
CUST00127,2026-01-20,2025-03-29,297.0,297.0,At Risk
CUST00128,2025-03-23,,,34.6,At Risk
CUST00128,2025-05-15,2025-03-23,53.0,34.6,At Risk
CUST00128,2025-07-01,2025-05-15,47.0,34.6,At Risk
CUST00128,2025-08-04,2025-07-01,34.0,34.6,At Risk
CUST00128,2025-10-28,2025-08-04,85.0,34.6,At Risk
CUST00128,2025-11-12,2025-10-28,15.0,34.6,At Risk
CUST00128,2025-11-17,2025-11-12,5.0,34.6,At Risk
CUST00128,2025-12-23,2025-11-17,36.0,34.6,At Risk
CUST00128,2026-01-15,2025-12-23,23.0,34.6,At Risk
CUST00128,2026-02-18,2026-01-15,34.0,34.6,At Risk
CUST00128,2026-03-30,2026-02-18,40.0,34.6,At Risk
CUST00128,2026-04-17,2026-03-30,18.0,34.6,At Risk
CUST00128,2026-06-08,2026-04-17,52.0,34.6,At Risk
CUST00128,2026-07-11,2026-06-08,33.0,34.6,At Risk
CUST00128,2026-07-20,2026-07-11,9.0,34.6,At Risk
CUST00129,2026-04-11,,,,Single Order
CUST00130,2025-05-02,,,137.0,At Risk
CUST00130,2025-05-20,2025-05-02,18.0,137.0,At Risk
CUST00130,2025-10-15,2025-05-20,148.0,137.0,At Risk
CUST00130,2026-06-17,2025-10-15,245.0,137.0,At Risk
CUST00131,2026-03-04,,,40.7,At Risk
CUST00131,2026-03-14,2026-03-04,10.0,40.7,At Risk
CUST00131,2026-05-15,2026-03-14,62.0,40.7,At Risk
CUST00131,2026-07-04,2026-05-15,50.0,40.7,At Risk
CUST00132,2026-01-27,,,15.3,Healthy
CUST00132,2026-02-04,2026-01-27,8.0,15.3,Healthy
CUST00132,2026-02-22,2026-02-04,18.0,15.3,Healthy
CUST00132,2026-03-05,2026-02-22,11.0,15.3,Healthy
CUST00132,2026-03-26,2026-03-05,21.0,15.3,Healthy
CUST00132,2026-04-19,2026-03-26,24.0,15.3,Healthy
CUST00132,2026-05-25,2026-04-19,36.0,15.3,Healthy
CUST00132,2026-05-30,2026-05-25,5.0,15.3,Healthy
CUST00132,2026-06-16,2026-05-30,17.0,15.3,Healthy
CUST00132,2026-07-06,2026-06-16,20.0,15.3,Healthy
CUST00132,2026-07-06,2026-07-06,0.0,15.3,Healthy
CUST00132,2026-07-08,2026-07-06,2.0,15.3,Healthy
CUST00132,2026-07-30,2026-07-08,22.0,15.3,Healthy
CUST00133,2026-02-01,,,23.4,Healthy
CUST00133,2026-03-20,2026-02-01,47.0,23.4,Healthy
CUST00133,2026-03-28,2026-03-20,8.0,23.4,Healthy
CUST00133,2026-03-31,2026-03-28,3.0,23.4,Healthy
CUST00133,2026-05-12,2026-03-31,42.0,23.4,Healthy
CUST00133,2026-05-28,2026-05-12,16.0,23.4,Healthy
CUST00133,2026-06-19,2026-05-28,22.0,23.4,Healthy
CUST00133,2026-07-15,2026-06-19,26.0,23.4,Healthy
CUST00135,2025-03-02,,,77.4,At Risk
CUST00135,2025-03-30,2025-03-02,28.0,77.4,At Risk
CUST00135,2025-08-16,2025-03-30,139.0,77.4,At Risk
CUST00135,2025-09-16,2025-08-16,31.0,77.4,At Risk
CUST00135,2026-03-08,2025-09-16,173.0,77.4,At Risk
CUST00135,2026-03-24,2026-03-08,16.0,77.4,At Risk
CUST00137,2025-12-21,,,28.2,Healthy
CUST00137,2026-01-24,2025-12-21,34.0,28.2,Healthy
CUST00137,2026-03-27,2026-01-24,62.0,28.2,Healthy
CUST00137,2026-04-11,2026-03-27,15.0,28.2,Healthy
CUST00137,2026-04-16,2026-04-11,5.0,28.2,Healthy
CUST00137,2026-06-01,2026-04-16,46.0,28.2,Healthy
CUST00137,2026-06-08,2026-06-01,7.0,28.2,Healthy
CUST00138,2025-12-21,,,27.9,Healthy
CUST00138,2025-12-22,2025-12-21,1.0,27.9,Healthy
CUST00138,2026-01-24,2025-12-22,33.0,27.9,Healthy
CUST00138,2026-03-08,2026-01-24,43.0,27.9,Healthy
CUST00138,2026-04-17,2026-03-08,40.0,27.9,Healthy
CUST00138,2026-04-18,2026-04-17,1.0,27.9,Healthy
CUST00138,2026-04-23,2026-04-18,5.0,27.9,Healthy
CUST00138,2026-06-14,2026-04-23,52.0,27.9,Healthy
CUST00138,2026-08-01,2026-06-14,48.0,27.9,Healthy
CUST00139,2024-10-18,,,250.0,At Risk
CUST00139,2025-03-16,2024-10-18,149.0,250.0,At Risk
CUST00139,2026-03-02,2025-03-16,351.0,250.0,At Risk
CUST00140,2025-07-20,,,70.6,At Risk
CUST00140,2025-08-13,2025-07-20,24.0,70.6,At Risk
CUST00140,2025-12-26,2025-08-13,135.0,70.6,At Risk
CUST00140,2026-03-03,2025-12-26,67.0,70.6,At Risk
CUST00140,2026-04-21,2026-03-03,49.0,70.6,At Risk
CUST00140,2026-07-08,2026-04-21,78.0,70.6,At Risk
CUST00141,2025-07-05,,,71.5,At Risk
CUST00141,2025-08-18,2025-07-05,44.0,71.5,At Risk
CUST00141,2025-09-11,2025-08-18,24.0,71.5,At Risk
CUST00141,2026-02-18,2025-09-11,160.0,71.5,At Risk
CUST00141,2026-04-17,2026-02-18,58.0,71.5,At Risk
CUST00142,2026-01-16,,,88.5,At Risk
CUST00142,2026-01-21,2026-01-16,5.0,88.5,At Risk
CUST00142,2026-07-12,2026-01-21,172.0,88.5,At Risk
CUST00144,2024-11-18,,,287.5,At Risk
CUST00144,2025-11-21,2024-11-18,368.0,287.5,At Risk
CUST00144,2026-06-16,2025-11-21,207.0,287.5,At Risk
CUST00145,2025-03-27,,,48.1,At Risk
CUST00145,2025-07-20,2025-03-27,115.0,48.1,At Risk
CUST00145,2025-08-28,2025-07-20,39.0,48.1,At Risk
CUST00145,2025-09-11,2025-08-28,14.0,48.1,At Risk
CUST00145,2025-11-12,2025-09-11,62.0,48.1,At Risk
CUST00145,2025-11-15,2025-11-12,3.0,48.1,At Risk
CUST00145,2025-12-18,2025-11-15,33.0,48.1,At Risk
CUST00145,2026-03-11,2025-12-18,83.0,48.1,At Risk
CUST00145,2026-05-31,2026-03-11,81.0,48.1,At Risk
CUST00145,2026-06-01,2026-05-31,1.0,48.1,At Risk
CUST00145,2026-07-21,2026-06-01,50.0,48.1,At Risk
CUST00146,2026-03-16,,,65.5,At Risk
CUST00146,2026-05-19,2026-03-16,64.0,65.5,At Risk
CUST00146,2026-07-25,2026-05-19,67.0,65.5,At Risk
CUST00147,2025-07-09,,,50.1,At Risk
CUST00147,2025-10-09,2025-07-09,92.0,50.1,At Risk
CUST00147,2025-11-10,2025-10-09,32.0,50.1,At Risk
CUST00147,2026-04-22,2025-11-10,163.0,50.1,At Risk
CUST00147,2026-04-30,2026-04-22,8.0,50.1,At Risk
CUST00147,2026-05-31,2026-04-30,31.0,50.1,At Risk
CUST00147,2026-06-12,2026-05-31,12.0,50.1,At Risk
CUST00147,2026-06-25,2026-06-12,13.0,50.1,At Risk
CUST00148,2024-09-24,,,105.8,At Risk
CUST00148,2024-11-30,2024-09-24,67.0,105.8,At Risk
CUST00148,2024-12-22,2024-11-30,22.0,105.8,At Risk
CUST00148,2025-02-27,2024-12-22,67.0,105.8,At Risk
CUST00148,2025-03-03,2025-02-27,4.0,105.8,At Risk
CUST00148,2025-06-18,2025-03-03,107.0,105.8,At Risk
CUST00148,2026-06-21,2025-06-18,368.0,105.8,At Risk
CUST00149,2025-09-19,,,29.6,Healthy
CUST00149,2025-10-19,2025-09-19,30.0,29.6,Healthy
CUST00149,2025-10-29,2025-10-19,10.0,29.6,Healthy
CUST00149,2025-11-01,2025-10-29,3.0,29.6,Healthy
CUST00149,2025-12-13,2025-11-01,42.0,29.6,Healthy
CUST00149,2025-12-28,2025-12-13,15.0,29.6,Healthy
CUST00149,2026-02-01,2025-12-28,35.0,29.6,Healthy
CUST00149,2026-05-13,2026-02-01,101.0,29.6,Healthy
CUST00149,2026-05-14,2026-05-13,1.0,29.6,Healthy
CUST00150,2025-12-08,,,43.5,At Risk
CUST00150,2026-02-14,2025-12-08,68.0,43.5,At Risk
CUST00150,2026-03-05,2026-02-14,19.0,43.5,At Risk
CUST00151,2026-06-06,,,9.2,Healthy
CUST00151,2026-06-08,2026-06-06,2.0,9.2,Healthy
CUST00151,2026-06-17,2026-06-08,9.0,9.2,Healthy
CUST00151,2026-06-29,2026-06-17,12.0,9.2,Healthy
CUST00151,2026-07-01,2026-06-29,2.0,9.2,Healthy
CUST00151,2026-07-22,2026-07-01,21.0,9.2,Healthy
CUST00151,2026-07-31,2026-07-22,9.0,9.2,Healthy
CUST00152,2025-11-03,,,,Single Order
CUST00154,2024-12-24,,,75.7,At Risk
CUST00154,2025-03-07,2024-12-24,73.0,75.7,At Risk
CUST00154,2025-07-22,2025-03-07,137.0,75.7,At Risk
CUST00154,2025-11-05,2025-07-22,106.0,75.7,At Risk
CUST00154,2026-01-30,2025-11-05,86.0,75.7,At Risk
CUST00154,2026-03-07,2026-01-30,36.0,75.7,At Risk
CUST00154,2026-03-24,2026-03-07,17.0,75.7,At Risk
CUST00154,2026-06-07,2026-03-24,75.0,75.7,At Risk
CUST00155,2025-06-22,,,127.7,At Risk
CUST00155,2026-03-12,2025-06-22,263.0,127.7,At Risk
CUST00155,2026-04-28,2026-03-12,47.0,127.7,At Risk
CUST00155,2026-07-10,2026-04-28,73.0,127.7,At Risk
CUST00157,2025-01-14,,,67.0,At Risk
CUST00157,2025-03-20,2025-01-14,65.0,67.0,At Risk
CUST00157,2025-03-26,2025-03-20,6.0,67.0,At Risk
CUST00157,2025-12-30,2025-03-26,279.0,67.0,At Risk
CUST00157,2026-01-05,2025-12-30,6.0,67.0,At Risk
CUST00157,2026-01-07,2026-01-05,2.0,67.0,At Risk
CUST00157,2026-01-31,2026-01-07,24.0,67.0,At Risk
CUST00157,2026-02-25,2026-01-31,25.0,67.0,At Risk
CUST00157,2026-07-04,2026-02-25,129.0,67.0,At Risk
CUST00158,2026-03-20,,,88.0,At Risk
CUST00158,2026-06-16,2026-03-20,88.0,88.0,At Risk
CUST00159,2026-03-30,,,17.2,Healthy
CUST00159,2026-04-11,2026-03-30,12.0,17.2,Healthy
CUST00159,2026-04-13,2026-04-11,2.0,17.2,Healthy
CUST00159,2026-04-27,2026-04-13,14.0,17.2,Healthy
CUST00159,2026-06-24,2026-04-27,58.0,17.2,Healthy
CUST00159,2026-07-02,2026-06-24,8.0,17.2,Healthy
CUST00159,2026-07-11,2026-07-02,9.0,17.2,Healthy
CUST00160,2025-12-19,,,37.8,At Risk
CUST00160,2026-03-12,2025-12-19,83.0,37.8,At Risk
CUST00160,2026-03-17,2026-03-12,5.0,37.8,At Risk
CUST00160,2026-06-08,2026-03-17,83.0,37.8,At Risk
CUST00160,2026-06-13,2026-06-08,5.0,37.8,At Risk
CUST00160,2026-06-26,2026-06-13,13.0,37.8,At Risk
CUST00161,2025-11-28,,,16.6,Healthy
CUST00161,2025-12-05,2025-11-28,7.0,16.6,Healthy
CUST00161,2025-12-28,2025-12-05,23.0,16.6,Healthy
CUST00161,2025-12-31,2025-12-28,3.0,16.6,Healthy
CUST00161,2026-03-21,2025-12-31,80.0,16.6,Healthy
CUST00161,2026-03-26,2026-03-21,5.0,16.6,Healthy
CUST00161,2026-03-30,2026-03-26,4.0,16.6,Healthy
CUST00161,2026-04-13,2026-03-30,14.0,16.6,Healthy
CUST00161,2026-04-14,2026-04-13,1.0,16.6,Healthy
CUST00161,2026-04-25,2026-04-14,11.0,16.6,Healthy
CUST00161,2026-06-15,2026-04-25,51.0,16.6,Healthy
CUST00161,2026-06-19,2026-06-15,4.0,16.6,Healthy
CUST00161,2026-06-21,2026-06-19,2.0,16.6,Healthy
CUST00161,2026-07-02,2026-06-21,11.0,16.6,Healthy
CUST00162,2025-09-06,,,46.0,At Risk
CUST00162,2025-11-28,2025-09-06,83.0,46.0,At Risk
CUST00162,2025-12-21,2025-11-28,23.0,46.0,At Risk
CUST00162,2026-01-22,2025-12-21,32.0,46.0,At Risk
CUST00162,2026-03-31,2026-01-22,68.0,46.0,At Risk
CUST00162,2026-04-21,2026-03-31,21.0,46.0,At Risk
CUST00162,2026-06-09,2026-04-21,49.0,46.0,At Risk
CUST00163,2025-12-16,,,36.0,At Risk
CUST00163,2026-01-23,2025-12-16,38.0,36.0,At Risk
CUST00163,2026-02-27,2026-01-23,35.0,36.0,At Risk
CUST00163,2026-04-27,2026-02-27,59.0,36.0,At Risk
CUST00163,2026-05-29,2026-04-27,32.0,36.0,At Risk
CUST00163,2026-06-02,2026-05-29,4.0,36.0,At Risk
CUST00163,2026-07-20,2026-06-02,48.0,36.0,At Risk
CUST00164,2026-02-21,,,44.3,At Risk
CUST00164,2026-03-30,2026-02-21,37.0,44.3,At Risk
CUST00164,2026-05-23,2026-03-30,54.0,44.3,At Risk
CUST00164,2026-07-04,2026-05-23,42.0,44.3,At Risk
CUST00165,2026-02-10,,,19.4,Healthy
CUST00165,2026-03-03,2026-02-10,21.0,19.4,Healthy
CUST00165,2026-03-07,2026-03-03,4.0,19.4,Healthy
CUST00165,2026-04-14,2026-03-07,38.0,19.4,Healthy
CUST00165,2026-05-19,2026-04-14,35.0,19.4,Healthy
CUST00165,2026-06-07,2026-05-19,19.0,19.4,Healthy
CUST00165,2026-06-18,2026-06-07,11.0,19.4,Healthy
CUST00165,2026-07-07,2026-06-18,19.0,19.4,Healthy
CUST00165,2026-07-15,2026-07-07,8.0,19.4,Healthy
CUST00166,2025-02-28,,,96.6,At Risk
CUST00166,2025-06-20,2025-02-28,112.0,96.6,At Risk
CUST00166,2025-06-23,2025-06-20,3.0,96.6,At Risk
CUST00166,2025-12-06,2025-06-23,166.0,96.6,At Risk
CUST00166,2026-01-31,2025-12-06,56.0,96.6,At Risk
CUST00166,2026-06-26,2026-01-31,146.0,96.6,At Risk
CUST00167,2025-07-23,,,17.4,Healthy
CUST00167,2025-09-02,2025-07-23,41.0,17.4,Healthy
CUST00167,2025-11-04,2025-09-02,63.0,17.4,Healthy
CUST00167,2025-11-14,2025-11-04,10.0,17.4,Healthy
CUST00167,2025-11-20,2025-11-14,6.0,17.4,Healthy
CUST00167,2025-11-27,2025-11-20,7.0,17.4,Healthy
CUST00167,2025-11-29,2025-11-27,2.0,17.4,Healthy
CUST00167,2025-12-06,2025-11-29,7.0,17.4,Healthy
CUST00167,2026-01-15,2025-12-06,40.0,17.4,Healthy
CUST00167,2026-02-15,2026-01-15,31.0,17.4,Healthy
CUST00167,2026-03-07,2026-02-15,20.0,17.4,Healthy
CUST00167,2026-03-16,2026-03-07,9.0,17.4,Healthy
CUST00167,2026-04-27,2026-03-16,42.0,17.4,Healthy
CUST00167,2026-05-15,2026-04-27,18.0,17.4,Healthy
CUST00167,2026-05-27,2026-05-15,12.0,17.4,Healthy
CUST00167,2026-05-31,2026-05-27,4.0,17.4,Healthy
CUST00167,2026-07-03,2026-05-31,33.0,17.4,Healthy
CUST00167,2026-07-03,2026-07-03,0.0,17.4,Healthy
CUST00167,2026-07-07,2026-07-03,4.0,17.4,Healthy
CUST00167,2026-07-07,2026-07-07,0.0,17.4,Healthy
CUST00167,2026-07-18,2026-07-07,11.0,17.4,Healthy
CUST00167,2026-07-23,2026-07-18,5.0,17.4,Healthy
CUST00168,2025-01-06,,,177.0,At Risk
CUST00168,2025-04-23,2025-01-06,107.0,177.0,At Risk
CUST00168,2026-02-24,2025-04-23,307.0,177.0,At Risk
CUST00168,2026-06-21,2026-02-24,117.0,177.0,At Risk
CUST00170,2025-03-24,,,25.6,Healthy
CUST00170,2025-03-27,2025-03-24,3.0,25.6,Healthy
CUST00170,2025-04-02,2025-03-27,6.0,25.6,Healthy
CUST00170,2025-04-09,2025-04-02,7.0,25.6,Healthy
CUST00170,2025-04-24,2025-04-09,15.0,25.6,Healthy
CUST00170,2025-05-12,2025-04-24,18.0,25.6,Healthy
CUST00170,2025-07-04,2025-05-12,53.0,25.6,Healthy
CUST00170,2025-08-08,2025-07-04,35.0,25.6,Healthy
CUST00170,2025-08-18,2025-08-08,10.0,25.6,Healthy
CUST00170,2025-09-12,2025-08-18,25.0,25.6,Healthy
CUST00170,2025-09-25,2025-09-12,13.0,25.6,Healthy
CUST00170,2025-09-28,2025-09-25,3.0,25.6,Healthy
CUST00170,2025-10-17,2025-09-28,19.0,25.6,Healthy
CUST00170,2025-10-22,2025-10-17,5.0,25.6,Healthy
CUST00170,2025-11-21,2025-10-22,30.0,25.6,Healthy
CUST00170,2025-11-30,2025-11-21,9.0,25.6,Healthy
CUST00170,2026-05-08,2025-11-30,159.0,25.6,Healthy
CUST00170,2026-06-01,2026-05-08,24.0,25.6,Healthy
CUST00170,2026-07-16,2026-06-01,45.0,25.6,Healthy
CUST00170,2026-07-23,2026-07-16,7.0,25.6,Healthy
CUST00171,2025-04-11,,,118.3,At Risk
CUST00171,2025-05-19,2025-04-11,38.0,118.3,At Risk
CUST00171,2026-06-13,2025-05-19,390.0,118.3,At Risk
CUST00171,2026-06-13,2026-06-13,0.0,118.3,At Risk
CUST00171,2026-07-28,2026-06-13,45.0,118.3,At Risk
CUST00172,2026-03-02,,,48.3,At Risk
CUST00172,2026-04-14,2026-03-02,43.0,48.3,At Risk
CUST00172,2026-04-21,2026-04-14,7.0,48.3,At Risk
CUST00172,2026-07-25,2026-04-21,95.0,48.3,At Risk
CUST00173,2026-05-02,,,21.3,Healthy
CUST00173,2026-05-22,2026-05-02,20.0,21.3,Healthy
CUST00173,2026-06-01,2026-05-22,10.0,21.3,Healthy
CUST00173,2026-06-27,2026-06-01,26.0,21.3,Healthy
CUST00173,2026-07-26,2026-06-27,29.0,21.3,Healthy
CUST00176,2025-08-19,,,46.4,At Risk
CUST00176,2025-12-04,2025-08-19,107.0,46.4,At Risk
CUST00176,2026-01-13,2025-12-04,40.0,46.4,At Risk
CUST00176,2026-03-17,2026-01-13,63.0,46.4,At Risk
CUST00176,2026-05-22,2026-03-17,66.0,46.4,At Risk
CUST00176,2026-06-21,2026-05-22,30.0,46.4,At Risk
CUST00176,2026-06-28,2026-06-21,7.0,46.4,At Risk
CUST00176,2026-07-10,2026-06-28,12.0,46.4,At Risk
CUST00177,2025-06-22,,,174.5,At Risk
CUST00177,2025-11-12,2025-06-22,143.0,174.5,At Risk
CUST00177,2026-06-06,2025-11-12,206.0,174.5,At Risk
CUST00178,2025-08-19,,,20.9,Healthy
CUST00178,2025-09-10,2025-08-19,22.0,20.9,Healthy
CUST00178,2025-10-19,2025-09-10,39.0,20.9,Healthy
CUST00178,2025-10-23,2025-10-19,4.0,20.9,Healthy
CUST00178,2025-11-03,2025-10-23,11.0,20.9,Healthy
CUST00178,2025-11-14,2025-11-03,11.0,20.9,Healthy
CUST00178,2025-11-22,2025-11-14,8.0,20.9,Healthy
CUST00178,2026-01-17,2025-11-22,56.0,20.9,Healthy
CUST00178,2026-01-17,2026-01-17,0.0,20.9,Healthy
CUST00178,2026-01-23,2026-01-17,6.0,20.9,Healthy
CUST00178,2026-03-09,2026-01-23,45.0,20.9,Healthy
CUST00178,2026-03-12,2026-03-09,3.0,20.9,Healthy
CUST00178,2026-05-05,2026-03-12,54.0,20.9,Healthy
CUST00178,2026-05-24,2026-05-05,19.0,20.9,Healthy
CUST00178,2026-05-25,2026-05-24,1.0,20.9,Healthy
CUST00178,2026-06-18,2026-05-25,24.0,20.9,Healthy
CUST00178,2026-07-19,2026-06-18,31.0,20.9,Healthy
CUST00179,2025-09-23,,,41.0,At Risk
CUST00179,2025-12-26,2025-09-23,94.0,41.0,At Risk
CUST00179,2026-02-19,2025-12-26,55.0,41.0,At Risk
CUST00179,2026-03-13,2026-02-19,22.0,41.0,At Risk
CUST00179,2026-03-23,2026-03-13,10.0,41.0,At Risk
CUST00179,2026-03-23,2026-03-23,0.0,41.0,At Risk
CUST00179,2026-05-27,2026-03-23,65.0,41.0,At Risk
CUST00181,2024-12-28,,,33.0,At Risk
CUST00181,2025-01-17,2024-12-28,20.0,33.0,At Risk
CUST00181,2025-01-18,2025-01-17,1.0,33.0,At Risk
CUST00181,2025-01-27,2025-01-18,9.0,33.0,At Risk
CUST00181,2025-03-31,2025-01-27,63.0,33.0,At Risk
CUST00181,2025-05-05,2025-03-31,35.0,33.0,At Risk
CUST00181,2025-06-13,2025-05-05,39.0,33.0,At Risk
CUST00181,2025-06-22,2025-06-13,9.0,33.0,At Risk
CUST00181,2025-08-04,2025-06-22,43.0,33.0,At Risk
CUST00181,2025-09-16,2025-08-04,43.0,33.0,At Risk
CUST00181,2025-10-15,2025-09-16,29.0,33.0,At Risk
CUST00181,2025-11-15,2025-10-15,31.0,33.0,At Risk
CUST00181,2026-01-22,2025-11-15,68.0,33.0,At Risk
CUST00181,2026-02-09,2026-01-22,18.0,33.0,At Risk
CUST00181,2026-04-08,2026-02-09,58.0,33.0,At Risk
CUST00181,2026-04-20,2026-04-08,12.0,33.0,At Risk
CUST00181,2026-06-09,2026-04-20,50.0,33.0,At Risk
CUST00182,2025-11-02,,,20.8,Healthy
CUST00182,2025-12-14,2025-11-02,42.0,20.8,Healthy
CUST00182,2026-01-07,2025-12-14,24.0,20.8,Healthy
CUST00182,2026-01-08,2026-01-07,1.0,20.8,Healthy
CUST00182,2026-01-16,2026-01-08,8.0,20.8,Healthy
CUST00182,2026-02-03,2026-01-16,18.0,20.8,Healthy
CUST00182,2026-03-03,2026-02-03,28.0,20.8,Healthy
CUST00182,2026-03-11,2026-03-03,8.0,20.8,Healthy
CUST00182,2026-04-20,2026-03-11,40.0,20.8,Healthy
CUST00182,2026-05-11,2026-04-20,21.0,20.8,Healthy
CUST00182,2026-05-20,2026-05-11,9.0,20.8,Healthy
CUST00182,2026-06-19,2026-05-20,30.0,20.8,Healthy
CUST00183,2025-09-03,,,46.6,At Risk
CUST00183,2025-10-04,2025-09-03,31.0,46.6,At Risk
CUST00183,2026-02-20,2025-10-04,139.0,46.6,At Risk
CUST00183,2026-04-08,2026-02-20,47.0,46.6,At Risk
CUST00183,2026-05-15,2026-04-08,37.0,46.6,At Risk
CUST00183,2026-05-25,2026-05-15,10.0,46.6,At Risk
CUST00183,2026-06-01,2026-05-25,7.0,46.6,At Risk
CUST00183,2026-07-26,2026-06-01,55.0,46.6,At Risk
CUST00184,2025-08-10,,,34.8,At Risk
CUST00184,2025-09-30,2025-08-10,51.0,34.8,At Risk
CUST00184,2025-11-11,2025-09-30,42.0,34.8,At Risk
CUST00184,2025-12-03,2025-11-11,22.0,34.8,At Risk
CUST00184,2025-12-05,2025-12-03,2.0,34.8,At Risk
CUST00184,2026-02-07,2025-12-05,64.0,34.8,At Risk
CUST00184,2026-03-03,2026-02-07,24.0,34.8,At Risk
CUST00184,2026-04-10,2026-03-03,38.0,34.8,At Risk
CUST00184,2026-05-08,2026-04-10,28.0,34.8,At Risk
CUST00184,2026-06-18,2026-05-08,41.0,34.8,At Risk
CUST00184,2026-07-24,2026-06-18,36.0,34.8,At Risk
CUST00185,2025-07-03,,,35.7,At Risk
CUST00185,2025-07-21,2025-07-03,18.0,35.7,At Risk
CUST00185,2025-08-15,2025-07-21,25.0,35.7,At Risk
CUST00185,2025-08-19,2025-08-15,4.0,35.7,At Risk
CUST00185,2025-10-07,2025-08-19,49.0,35.7,At Risk
CUST00185,2025-11-13,2025-10-07,37.0,35.7,At Risk
CUST00185,2025-11-20,2025-11-13,7.0,35.7,At Risk
CUST00185,2025-12-21,2025-11-20,31.0,35.7,At Risk
CUST00185,2026-01-09,2025-12-21,19.0,35.7,At Risk
CUST00185,2026-01-17,2026-01-09,8.0,35.7,At Risk
CUST00185,2026-07-25,2026-01-17,189.0,35.7,At Risk
CUST00185,2026-07-31,2026-07-25,6.0,35.7,At Risk
CUST00186,2025-08-10,,,48.3,At Risk
CUST00186,2025-08-28,2025-08-10,18.0,48.3,At Risk
CUST00186,2025-10-05,2025-08-28,38.0,48.3,At Risk
CUST00186,2025-12-23,2025-10-05,79.0,48.3,At Risk
CUST00186,2025-12-29,2025-12-23,6.0,48.3,At Risk
CUST00186,2026-03-10,2025-12-29,71.0,48.3,At Risk
CUST00186,2026-05-27,2026-03-10,78.0,48.3,At Risk
CUST00187,2025-09-29,,,43.3,At Risk
CUST00187,2026-02-27,2025-09-29,151.0,43.3,At Risk
CUST00187,2026-03-02,2026-02-27,3.0,43.3,At Risk
CUST00187,2026-03-23,2026-03-02,21.0,43.3,At Risk
CUST00187,2026-06-03,2026-03-23,72.0,43.3,At Risk
CUST00187,2026-06-14,2026-06-03,11.0,43.3,At Risk
CUST00187,2026-06-16,2026-06-14,2.0,43.3,At Risk
CUST00188,2026-02-09,,,39.7,At Risk
CUST00188,2026-03-16,2026-02-09,35.0,39.7,At Risk
CUST00188,2026-03-18,2026-03-16,2.0,39.7,At Risk
CUST00188,2026-06-08,2026-03-18,82.0,39.7,At Risk
CUST00189,2025-07-13,,,162.5,At Risk
CUST00189,2026-04-11,2025-07-13,272.0,162.5,At Risk
CUST00189,2026-06-03,2026-04-11,53.0,162.5,At Risk
CUST00190,2026-04-28,,,13.6,Healthy
CUST00190,2026-05-08,2026-04-28,10.0,13.6,Healthy
CUST00190,2026-05-30,2026-05-08,22.0,13.6,Healthy
CUST00190,2026-06-04,2026-05-30,5.0,13.6,Healthy
CUST00190,2026-06-07,2026-06-04,3.0,13.6,Healthy
CUST00190,2026-06-20,2026-06-07,13.0,13.6,Healthy
CUST00190,2026-06-24,2026-06-20,4.0,13.6,Healthy
CUST00190,2026-08-01,2026-06-24,38.0,13.6,Healthy
CUST00191,2025-11-15,,,60.5,At Risk
CUST00191,2026-02-20,2025-11-15,97.0,60.5,At Risk
CUST00191,2026-03-16,2026-02-20,24.0,60.5,At Risk
CUST00192,2026-02-18,,,75.5,At Risk
CUST00192,2026-05-07,2026-02-18,78.0,75.5,At Risk
CUST00192,2026-07-19,2026-05-07,73.0,75.5,At Risk
CUST00193,2025-09-29,,,29.2,Healthy
CUST00193,2025-10-05,2025-09-29,6.0,29.2,Healthy
CUST00193,2026-01-06,2025-10-05,93.0,29.2,Healthy
CUST00193,2026-01-13,2026-01-06,7.0,29.2,Healthy
CUST00193,2026-02-12,2026-01-13,30.0,29.2,Healthy
CUST00193,2026-03-25,2026-02-12,41.0,29.2,Healthy
CUST00193,2026-04-10,2026-03-25,16.0,29.2,Healthy
CUST00193,2026-05-19,2026-04-10,39.0,29.2,Healthy
CUST00193,2026-06-12,2026-05-19,24.0,29.2,Healthy
CUST00193,2026-06-19,2026-06-12,7.0,29.2,Healthy
CUST00194,2026-03-26,,,24.2,Healthy
CUST00194,2026-04-01,2026-03-26,6.0,24.2,Healthy
CUST00194,2026-04-10,2026-04-01,9.0,24.2,Healthy
CUST00194,2026-04-24,2026-04-10,14.0,24.2,Healthy
CUST00194,2026-04-28,2026-04-24,4.0,24.2,Healthy
CUST00194,2026-07-25,2026-04-28,88.0,24.2,Healthy
CUST00195,2026-05-16,,,21.3,Healthy
CUST00195,2026-05-24,2026-05-16,8.0,21.3,Healthy
CUST00195,2026-06-04,2026-05-24,11.0,21.3,Healthy
CUST00195,2026-07-19,2026-06-04,45.0,21.3,Healthy
CUST00196,2025-11-29,,,50.0,At Risk
CUST00196,2025-12-17,2025-11-29,18.0,50.0,At Risk
CUST00196,2026-02-22,2025-12-17,67.0,50.0,At Risk
CUST00196,2026-03-07,2026-02-22,13.0,50.0,At Risk
CUST00196,2026-06-17,2026-03-07,102.0,50.0,At Risk
CUST00197,2026-02-10,,,,Single Order
CUST00198,2025-05-11,,,21.7,Healthy
CUST00198,2025-05-29,2025-05-11,18.0,21.7,Healthy
CUST00198,2025-06-03,2025-05-29,5.0,21.7,Healthy
CUST00198,2025-07-15,2025-06-03,42.0,21.7,Healthy
CUST00199,2025-05-31,,,45.6,At Risk
CUST00199,2025-08-06,2025-05-31,67.0,45.6,At Risk
CUST00199,2025-11-08,2025-08-06,94.0,45.6,At Risk
CUST00199,2025-12-23,2025-11-08,45.0,45.6,At Risk
CUST00199,2025-12-30,2025-12-23,7.0,45.6,At Risk
CUST00199,2026-01-25,2025-12-30,26.0,45.6,At Risk
CUST00199,2026-05-18,2026-01-25,113.0,45.6,At Risk
CUST00199,2026-05-19,2026-05-18,1.0,45.6,At Risk
CUST00199,2026-05-31,2026-05-19,12.0,45.6,At Risk
CUST00200,2024-11-21,,,90.3,At Risk
CUST00200,2025-04-30,2024-11-21,160.0,90.3,At Risk
CUST00200,2025-07-31,2025-04-30,92.0,90.3,At Risk
CUST00200,2025-10-31,2025-07-31,92.0,90.3,At Risk
CUST00200,2026-04-22,2025-10-31,173.0,90.3,At Risk
CUST00200,2026-05-07,2026-04-22,15.0,90.3,At Risk
CUST00200,2026-05-17,2026-05-07,10.0,90.3,At Risk
CUST00201,2025-03-14,,,98.5,At Risk
CUST00201,2026-01-13,2025-03-14,305.0,98.5,At Risk
CUST00201,2026-01-28,2026-01-13,15.0,98.5,At Risk
CUST00201,2026-03-19,2026-01-28,50.0,98.5,At Risk
CUST00201,2026-04-12,2026-03-19,24.0,98.5,At Risk
CUST00202,2026-03-22,,,21.0,Healthy
CUST00202,2026-03-29,2026-03-22,7.0,21.0,Healthy
CUST00202,2026-04-07,2026-03-29,9.0,21.0,Healthy
CUST00202,2026-04-15,2026-04-07,8.0,21.0,Healthy
CUST00202,2026-05-18,2026-04-15,33.0,21.0,Healthy
CUST00202,2026-07-15,2026-05-18,58.0,21.0,Healthy
CUST00202,2026-07-26,2026-07-15,11.0,21.0,Healthy
CUST00203,2024-10-27,,,128.0,At Risk
CUST00203,2024-12-05,2024-10-27,39.0,128.0,At Risk
CUST00203,2025-05-02,2024-12-05,148.0,128.0,At Risk
CUST00203,2025-05-05,2025-05-02,3.0,128.0,At Risk
CUST00203,2025-06-03,2025-05-05,29.0,128.0,At Risk
CUST00203,2026-07-29,2025-06-03,421.0,128.0,At Risk
CUST00204,2025-05-06,,,37.3,At Risk
CUST00204,2025-05-11,2025-05-06,5.0,37.3,At Risk
CUST00204,2025-07-27,2025-05-11,77.0,37.3,At Risk
CUST00204,2025-08-01,2025-07-27,5.0,37.3,At Risk
CUST00204,2025-08-01,2025-08-01,0.0,37.3,At Risk
CUST00204,2025-11-15,2025-08-01,106.0,37.3,At Risk
CUST00204,2025-12-08,2025-11-15,23.0,37.3,At Risk
CUST00204,2025-12-30,2025-12-08,22.0,37.3,At Risk
CUST00204,2026-02-28,2025-12-30,60.0,37.3,At Risk
CUST00205,2024-12-03,,,38.0,At Risk
CUST00205,2025-01-19,2024-12-03,47.0,38.0,At Risk
CUST00205,2025-02-28,2025-01-19,40.0,38.0,At Risk
CUST00205,2025-03-27,2025-02-28,27.0,38.0,At Risk
CUST00206,2025-04-02,,,19.7,Healthy
CUST00206,2025-04-16,2025-04-02,14.0,19.7,Healthy
CUST00206,2025-04-23,2025-04-16,7.0,19.7,Healthy
CUST00206,2025-04-25,2025-04-23,2.0,19.7,Healthy
CUST00206,2025-04-28,2025-04-25,3.0,19.7,Healthy
CUST00206,2025-04-29,2025-04-28,1.0,19.7,Healthy
CUST00206,2025-05-03,2025-04-29,4.0,19.7,Healthy
CUST00206,2025-05-15,2025-05-03,12.0,19.7,Healthy
CUST00206,2025-06-21,2025-05-15,37.0,19.7,Healthy
CUST00206,2025-07-10,2025-06-21,19.0,19.7,Healthy
CUST00206,2025-07-29,2025-07-10,19.0,19.7,Healthy
CUST00206,2025-08-03,2025-07-29,5.0,19.7,Healthy
CUST00206,2025-09-09,2025-08-03,37.0,19.7,Healthy
CUST00206,2025-10-19,2025-09-09,40.0,19.7,Healthy
CUST00206,2025-11-27,2025-10-19,39.0,19.7,Healthy
CUST00206,2026-01-12,2025-11-27,46.0,19.7,Healthy
CUST00206,2026-01-16,2026-01-12,4.0,19.7,Healthy
CUST00206,2026-02-16,2026-01-16,31.0,19.7,Healthy
CUST00206,2026-02-23,2026-02-16,7.0,19.7,Healthy
CUST00206,2026-02-26,2026-02-23,3.0,19.7,Healthy
CUST00206,2026-03-16,2026-02-26,18.0,19.7,Healthy
CUST00206,2026-05-17,2026-03-16,62.0,19.7,Healthy
CUST00206,2026-06-01,2026-05-17,15.0,19.7,Healthy
CUST00206,2026-06-28,2026-06-01,27.0,19.7,Healthy
CUST00207,2025-06-09,,,,Single Order
CUST00209,2025-03-25,,,161.3,At Risk
CUST00209,2026-02-20,2025-03-25,332.0,161.3,At Risk
CUST00209,2026-05-20,2026-02-20,89.0,161.3,At Risk
CUST00209,2026-07-22,2026-05-20,63.0,161.3,At Risk
CUST00210,2026-02-18,,,27.3,Healthy
CUST00210,2026-02-23,2026-02-18,5.0,27.3,Healthy
CUST00210,2026-03-25,2026-02-23,30.0,27.3,Healthy
CUST00210,2026-03-28,2026-03-25,3.0,27.3,Healthy
CUST00210,2026-04-25,2026-03-28,28.0,27.3,Healthy
CUST00210,2026-05-16,2026-04-25,21.0,27.3,Healthy
CUST00210,2026-08-01,2026-05-16,77.0,27.3,Healthy
CUST00211,2025-08-13,,,81.5,At Risk
CUST00211,2025-09-06,2025-08-13,24.0,81.5,At Risk
CUST00211,2025-10-05,2025-09-06,29.0,81.5,At Risk
CUST00211,2026-04-12,2025-10-05,189.0,81.5,At Risk
CUST00211,2026-07-05,2026-04-12,84.0,81.5,At Risk
CUST00213,2025-12-19,,,65.5,At Risk
CUST00213,2026-03-10,2025-12-19,81.0,65.5,At Risk
CUST00213,2026-04-29,2026-03-10,50.0,65.5,At Risk
CUST00214,2025-11-18,,,,Single Order
CUST00216,2025-03-08,,,57.8,At Risk
CUST00216,2025-04-07,2025-03-08,30.0,57.8,At Risk
CUST00216,2025-06-27,2025-04-07,81.0,57.8,At Risk
CUST00216,2025-08-17,2025-06-27,51.0,57.8,At Risk
CUST00216,2025-11-27,2025-08-17,102.0,57.8,At Risk
CUST00216,2025-12-22,2025-11-27,25.0,57.8,At Risk
CUST00217,2025-07-08,,,312.0,At Risk
CUST00217,2026-05-16,2025-07-08,312.0,312.0,At Risk
CUST00218,2026-03-31,,,68.0,At Risk
CUST00218,2026-06-07,2026-03-31,68.0,68.0,At Risk
CUST00220,2026-03-05,,,35.5,At Risk
CUST00220,2026-04-11,2026-03-05,37.0,35.5,At Risk
CUST00220,2026-07-09,2026-04-11,89.0,35.5,At Risk
CUST00220,2026-07-22,2026-07-09,13.0,35.5,At Risk
CUST00220,2026-07-25,2026-07-22,3.0,35.5,At Risk
CUST00221,2026-03-14,,,33.5,At Risk
CUST00221,2026-03-27,2026-03-14,13.0,33.5,At Risk
CUST00221,2026-05-20,2026-03-27,54.0,33.5,At Risk
CUST00223,2025-04-04,,,131.7,At Risk
CUST00223,2025-10-28,2025-04-04,207.0,131.7,At Risk
CUST00223,2026-02-07,2025-10-28,102.0,131.7,At Risk
CUST00223,2026-05-04,2026-02-07,86.0,131.7,At Risk
CUST00224,2026-03-02,,,11.5,Healthy
CUST00224,2026-03-03,2026-03-02,1.0,11.5,Healthy
CUST00224,2026-03-15,2026-03-03,12.0,11.5,Healthy
CUST00224,2026-04-12,2026-03-15,28.0,11.5,Healthy
CUST00224,2026-05-08,2026-04-12,26.0,11.5,Healthy
CUST00224,2026-05-09,2026-05-08,1.0,11.5,Healthy
CUST00224,2026-05-10,2026-05-09,1.0,11.5,Healthy
CUST00225,2026-01-18,,,36.6,At Risk
CUST00225,2026-02-02,2026-01-18,15.0,36.6,At Risk
CUST00225,2026-04-15,2026-02-02,72.0,36.6,At Risk
CUST00225,2026-04-24,2026-04-15,9.0,36.6,At Risk
CUST00225,2026-05-22,2026-04-24,28.0,36.6,At Risk
CUST00225,2026-07-20,2026-05-22,59.0,36.6,At Risk
CUST00226,2025-02-01,,,160.7,At Risk
CUST00226,2025-08-09,2025-02-01,189.0,160.7,At Risk
CUST00226,2025-10-06,2025-08-09,58.0,160.7,At Risk
CUST00226,2026-05-29,2025-10-06,235.0,160.7,At Risk
CUST00227,2025-07-20,,,70.5,At Risk
CUST00227,2025-09-04,2025-07-20,46.0,70.5,At Risk
CUST00227,2026-02-23,2025-09-04,172.0,70.5,At Risk
CUST00227,2026-03-10,2026-02-23,15.0,70.5,At Risk
CUST00227,2026-04-28,2026-03-10,49.0,70.5,At Risk
CUST00228,2025-08-17,,,65.5,At Risk
CUST00228,2025-09-10,2025-08-17,24.0,65.5,At Risk
CUST00228,2025-10-17,2025-09-10,37.0,65.5,At Risk
CUST00228,2026-03-20,2025-10-17,154.0,65.5,At Risk
CUST00228,2026-05-06,2026-03-20,47.0,65.5,At Risk
CUST00229,2026-04-10,,,23.5,Healthy
CUST00229,2026-05-07,2026-04-10,27.0,23.5,Healthy
CUST00229,2026-06-03,2026-05-07,27.0,23.5,Healthy
CUST00229,2026-07-02,2026-06-03,29.0,23.5,Healthy
CUST00229,2026-07-13,2026-07-02,11.0,23.5,Healthy
CUST00230,2024-09-01,,,31.5,At Risk
CUST00230,2024-09-01,2024-09-01,0.0,31.5,At Risk
CUST00230,2024-09-18,2024-09-01,17.0,31.5,At Risk
CUST00230,2024-09-20,2024-09-18,2.0,31.5,At Risk
CUST00230,2024-10-18,2024-09-20,28.0,31.5,At Risk
CUST00230,2024-11-07,2024-10-18,20.0,31.5,At Risk
CUST00230,2024-11-20,2024-11-07,13.0,31.5,At Risk
CUST00230,2024-12-12,2024-11-20,22.0,31.5,At Risk
CUST00230,2024-12-21,2024-12-12,9.0,31.5,At Risk
CUST00230,2024-12-26,2024-12-21,5.0,31.5,At Risk
CUST00230,2024-12-31,2024-12-26,5.0,31.5,At Risk
CUST00230,2025-01-15,2024-12-31,15.0,31.5,At Risk
CUST00230,2025-05-02,2025-01-15,107.0,31.5,At Risk
CUST00230,2025-05-15,2025-05-02,13.0,31.5,At Risk
CUST00230,2025-05-26,2025-05-15,11.0,31.5,At Risk
CUST00230,2025-08-11,2025-05-26,77.0,31.5,At Risk
CUST00230,2025-08-19,2025-08-11,8.0,31.5,At Risk
CUST00230,2025-12-24,2025-08-19,127.0,31.5,At Risk
CUST00230,2026-03-10,2025-12-24,76.0,31.5,At Risk
CUST00230,2026-05-13,2026-03-10,64.0,31.5,At Risk
CUST00230,2026-05-27,2026-05-13,14.0,31.5,At Risk
CUST00230,2026-06-25,2026-05-27,29.0,31.5,At Risk
CUST00231,2025-09-04,,,31.3,At Risk
CUST00231,2025-10-04,2025-09-04,30.0,31.3,At Risk
CUST00231,2025-10-07,2025-10-04,3.0,31.3,At Risk
CUST00231,2025-12-17,2025-10-07,71.0,31.3,At Risk
CUST00231,2026-01-07,2025-12-17,21.0,31.3,At Risk
CUST00232,2025-02-04,,,176.0,At Risk
CUST00232,2025-07-18,2025-02-04,164.0,176.0,At Risk
CUST00232,2025-08-26,2025-07-18,39.0,176.0,At Risk
CUST00232,2026-07-17,2025-08-26,325.0,176.0,At Risk
CUST00233,2026-01-16,,,53.3,At Risk
CUST00233,2026-03-30,2026-01-16,73.0,53.3,At Risk
CUST00233,2026-05-24,2026-03-30,55.0,53.3,At Risk
CUST00233,2026-06-25,2026-05-24,32.0,53.3,At Risk
CUST00237,2026-04-04,,,26.3,Healthy
CUST00237,2026-05-18,2026-04-04,44.0,26.3,Healthy
CUST00237,2026-06-29,2026-05-18,42.0,26.3,Healthy
CUST00237,2026-06-30,2026-06-29,1.0,26.3,Healthy
CUST00237,2026-07-18,2026-06-30,18.0,26.3,Healthy
CUST00238,2025-03-22,,,223.0,At Risk
CUST00238,2026-03-09,2025-03-22,352.0,223.0,At Risk
CUST00238,2026-06-11,2026-03-09,94.0,223.0,At Risk
CUST00239,2026-01-12,,,50.0,At Risk
CUST00239,2026-01-21,2026-01-12,9.0,50.0,At Risk
CUST00239,2026-03-15,2026-01-21,53.0,50.0,At Risk
CUST00239,2026-04-26,2026-03-15,42.0,50.0,At Risk
CUST00239,2026-07-31,2026-04-26,96.0,50.0,At Risk
CUST00240,2025-11-04,,,52.3,At Risk
CUST00240,2025-11-21,2025-11-04,17.0,52.3,At Risk
CUST00240,2026-01-04,2025-11-21,44.0,52.3,At Risk
CUST00240,2026-05-25,2026-01-04,141.0,52.3,At Risk
CUST00240,2026-06-01,2026-05-25,7.0,52.3,At Risk
CUST00241,2025-03-06,,,82.6,At Risk
CUST00241,2025-10-20,2025-03-06,228.0,82.6,At Risk
CUST00241,2025-11-26,2025-10-20,37.0,82.6,At Risk
CUST00241,2026-03-19,2025-11-26,113.0,82.6,At Risk
CUST00241,2026-04-22,2026-03-19,34.0,82.6,At Risk
CUST00241,2026-04-23,2026-04-22,1.0,82.6,At Risk
CUST00242,2025-12-26,,,21.9,Healthy
CUST00242,2025-12-28,2025-12-26,2.0,21.9,Healthy
CUST00242,2026-01-26,2025-12-28,29.0,21.9,Healthy
CUST00242,2026-02-07,2026-01-26,12.0,21.9,Healthy
CUST00242,2026-02-26,2026-02-07,19.0,21.9,Healthy
CUST00242,2026-04-03,2026-02-26,36.0,21.9,Healthy
CUST00242,2026-04-08,2026-04-03,5.0,21.9,Healthy
CUST00242,2026-05-01,2026-04-08,23.0,21.9,Healthy
CUST00242,2026-05-24,2026-05-01,23.0,21.9,Healthy
CUST00242,2026-07-11,2026-05-24,48.0,21.9,Healthy
CUST00244,2026-04-01,,,23.4,Healthy
CUST00244,2026-05-06,2026-04-01,35.0,23.4,Healthy
CUST00244,2026-06-16,2026-05-06,41.0,23.4,Healthy
CUST00244,2026-06-16,2026-06-16,0.0,23.4,Healthy
CUST00244,2026-07-03,2026-06-16,17.0,23.4,Healthy
CUST00244,2026-07-27,2026-07-03,24.0,23.4,Healthy
CUST00245,2025-12-24,,,195.0,At Risk
CUST00245,2026-07-07,2025-12-24,195.0,195.0,At Risk
CUST00246,2024-11-29,,,150.0,At Risk
CUST00246,2025-09-14,2024-11-29,289.0,150.0,At Risk
CUST00246,2026-02-18,2025-09-14,157.0,150.0,At Risk
CUST00246,2026-04-14,2026-02-18,55.0,150.0,At Risk
CUST00246,2026-07-22,2026-04-14,99.0,150.0,At Risk
CUST00247,2026-01-14,,,35.0,At Risk
CUST00247,2026-02-02,2026-01-14,19.0,35.0,At Risk
CUST00247,2026-04-27,2026-02-02,84.0,35.0,At Risk
CUST00247,2026-06-10,2026-04-27,44.0,35.0,At Risk
CUST00247,2026-06-19,2026-06-10,9.0,35.0,At Risk
CUST00247,2026-07-08,2026-06-19,19.0,35.0,At Risk
CUST00248,2026-06-23,,,,Single Order
CUST00249,2026-01-29,,,24.8,Healthy
CUST00249,2026-02-18,2026-01-29,20.0,24.8,Healthy
CUST00249,2026-03-07,2026-02-18,17.0,24.8,Healthy
CUST00249,2026-04-20,2026-03-07,44.0,24.8,Healthy
CUST00249,2026-05-08,2026-04-20,18.0,24.8,Healthy
CUST00250,2026-02-17,,,20.0,Healthy
CUST00250,2026-02-22,2026-02-17,5.0,20.0,Healthy
CUST00250,2026-03-04,2026-02-22,10.0,20.0,Healthy
CUST00250,2026-03-08,2026-03-04,4.0,20.0,Healthy
CUST00250,2026-04-10,2026-03-08,33.0,20.0,Healthy
CUST00250,2026-05-29,2026-04-10,49.0,20.0,Healthy
CUST00250,2026-06-17,2026-05-29,19.0,20.0,Healthy
CUST00251,2025-10-31,,,20.6,Healthy
CUST00251,2025-11-05,2025-10-31,5.0,20.6,Healthy
CUST00251,2025-11-27,2025-11-05,22.0,20.6,Healthy
CUST00251,2025-11-27,2025-11-27,0.0,20.6,Healthy
CUST00251,2026-02-27,2025-11-27,92.0,20.6,Healthy
CUST00251,2026-03-16,2026-02-27,17.0,20.6,Healthy
CUST00251,2026-04-11,2026-03-16,26.0,20.6,Healthy
CUST00251,2026-04-13,2026-04-11,2.0,20.6,Healthy
CUST00251,2026-04-19,2026-04-13,6.0,20.6,Healthy
CUST00251,2026-04-22,2026-04-19,3.0,20.6,Healthy
CUST00251,2026-05-25,2026-04-22,33.0,20.6,Healthy
CUST00252,2025-11-18,,,67.5,At Risk
CUST00252,2026-03-01,2025-11-18,103.0,67.5,At Risk
CUST00252,2026-04-02,2026-03-01,32.0,67.5,At Risk
CUST00253,2025-11-10,,,22.6,Healthy
CUST00253,2025-11-14,2025-11-10,4.0,22.6,Healthy
CUST00253,2025-12-04,2025-11-14,20.0,22.6,Healthy
CUST00253,2025-12-27,2025-12-04,23.0,22.6,Healthy
CUST00253,2026-01-25,2025-12-27,29.0,22.6,Healthy
CUST00253,2026-02-28,2026-01-25,34.0,22.6,Healthy
CUST00253,2026-03-01,2026-02-28,1.0,22.6,Healthy
CUST00253,2026-03-30,2026-03-01,29.0,22.6,Healthy
CUST00253,2026-04-23,2026-03-30,24.0,22.6,Healthy
CUST00253,2026-06-15,2026-04-23,53.0,22.6,Healthy
CUST00253,2026-06-24,2026-06-15,9.0,22.6,Healthy
CUST00254,2025-01-22,,,76.7,At Risk
CUST00254,2025-03-31,2025-01-22,68.0,76.7,At Risk
CUST00254,2025-06-14,2025-03-31,75.0,76.7,At Risk
CUST00254,2025-09-09,2025-06-14,87.0,76.7,At Risk
CUST00255,2024-12-19,,,44.8,At Risk
CUST00255,2025-01-01,2024-12-19,13.0,44.8,At Risk
CUST00255,2025-03-12,2025-01-01,70.0,44.8,At Risk
CUST00255,2025-04-15,2025-03-12,34.0,44.8,At Risk
CUST00255,2025-08-03,2025-04-15,110.0,44.8,At Risk
CUST00255,2025-09-08,2025-08-03,36.0,44.8,At Risk
CUST00255,2025-09-21,2025-09-08,13.0,44.8,At Risk
CUST00255,2026-01-02,2025-09-21,103.0,44.8,At Risk
CUST00255,2026-01-05,2026-01-02,3.0,44.8,At Risk
CUST00255,2026-02-15,2026-01-05,41.0,44.8,At Risk
CUST00255,2026-02-22,2026-02-15,7.0,44.8,At Risk
CUST00255,2026-03-07,2026-02-22,13.0,44.8,At Risk
CUST00255,2026-03-24,2026-03-07,17.0,44.8,At Risk
CUST00255,2026-07-25,2026-03-24,123.0,44.8,At Risk
CUST00256,2025-12-11,,,36.0,At Risk
CUST00256,2026-01-17,2025-12-11,37.0,36.0,At Risk
CUST00256,2026-02-28,2026-01-17,42.0,36.0,At Risk
CUST00256,2026-03-20,2026-02-28,20.0,36.0,At Risk
CUST00256,2026-04-03,2026-03-20,14.0,36.0,At Risk
CUST00256,2026-06-09,2026-04-03,67.0,36.0,At Risk
CUST00257,2025-12-24,,,10.9,Healthy
CUST00257,2026-01-22,2025-12-24,29.0,10.9,Healthy
CUST00257,2026-01-30,2026-01-22,8.0,10.9,Healthy
CUST00257,2026-02-05,2026-01-30,6.0,10.9,Healthy
CUST00257,2026-02-14,2026-02-05,9.0,10.9,Healthy
CUST00257,2026-02-17,2026-02-14,3.0,10.9,Healthy
CUST00257,2026-02-20,2026-02-17,3.0,10.9,Healthy
CUST00257,2026-03-14,2026-02-20,22.0,10.9,Healthy
CUST00257,2026-03-18,2026-03-14,4.0,10.9,Healthy
CUST00257,2026-03-29,2026-03-18,11.0,10.9,Healthy
CUST00257,2026-03-29,2026-03-29,0.0,10.9,Healthy
CUST00257,2026-04-08,2026-03-29,10.0,10.9,Healthy
CUST00257,2026-04-18,2026-04-08,10.0,10.9,Healthy
CUST00257,2026-04-26,2026-04-18,8.0,10.9,Healthy
CUST00257,2026-05-17,2026-04-26,21.0,10.9,Healthy
CUST00257,2026-06-11,2026-05-17,25.0,10.9,Healthy
CUST00257,2026-06-23,2026-06-11,12.0,10.9,Healthy
CUST00257,2026-07-06,2026-06-23,13.0,10.9,Healthy
CUST00257,2026-07-17,2026-07-06,11.0,10.9,Healthy
CUST00257,2026-07-20,2026-07-17,3.0,10.9,Healthy
CUST00259,2026-05-05,,,26.3,Healthy
CUST00259,2026-05-22,2026-05-05,17.0,26.3,Healthy
CUST00259,2026-06-02,2026-05-22,11.0,26.3,Healthy
CUST00259,2026-07-23,2026-06-02,51.0,26.3,Healthy
CUST00260,2025-11-29,,,46.2,At Risk
CUST00260,2026-01-06,2025-11-29,38.0,46.2,At Risk
CUST00260,2026-05-18,2026-01-06,132.0,46.2,At Risk
CUST00260,2026-05-22,2026-05-18,4.0,46.2,At Risk
CUST00260,2026-06-29,2026-05-22,38.0,46.2,At Risk
CUST00260,2026-07-18,2026-06-29,19.0,46.2,At Risk
CUST00261,2026-04-24,,,10.7,Healthy
CUST00261,2026-05-06,2026-04-24,12.0,10.7,Healthy
CUST00261,2026-05-14,2026-05-06,8.0,10.7,Healthy
CUST00261,2026-05-19,2026-05-14,5.0,10.7,Healthy
CUST00261,2026-05-20,2026-05-19,1.0,10.7,Healthy
CUST00261,2026-06-12,2026-05-20,23.0,10.7,Healthy
CUST00261,2026-06-27,2026-06-12,15.0,10.7,Healthy
CUST00263,2025-11-22,,,25.4,Healthy
CUST00263,2025-12-20,2025-11-22,28.0,25.4,Healthy
CUST00263,2026-01-18,2025-12-20,29.0,25.4,Healthy
CUST00263,2026-02-08,2026-01-18,21.0,25.4,Healthy
CUST00263,2026-04-01,2026-02-08,52.0,25.4,Healthy
CUST00263,2026-04-03,2026-04-01,2.0,25.4,Healthy
CUST00263,2026-05-04,2026-04-03,31.0,25.4,Healthy
CUST00263,2026-05-25,2026-05-04,21.0,25.4,Healthy
CUST00263,2026-05-31,2026-05-25,6.0,25.4,Healthy
CUST00263,2026-07-09,2026-05-31,39.0,25.4,Healthy
CUST00264,2025-11-05,,,33.5,At Risk
CUST00264,2025-11-05,2025-11-05,0.0,33.5,At Risk
CUST00264,2026-02-05,2025-11-05,92.0,33.5,At Risk
CUST00264,2026-02-12,2026-02-05,7.0,33.5,At Risk
CUST00264,2026-03-21,2026-02-12,37.0,33.5,At Risk
CUST00264,2026-03-27,2026-03-21,6.0,33.5,At Risk
CUST00264,2026-06-12,2026-03-27,77.0,33.5,At Risk
CUST00264,2026-07-10,2026-06-12,28.0,33.5,At Risk
CUST00264,2026-07-31,2026-07-10,21.0,33.5,At Risk
CUST00265,2025-06-04,,,54.3,At Risk
CUST00265,2025-07-27,2025-06-04,53.0,54.3,At Risk
CUST00265,2026-01-28,2025-07-27,185.0,54.3,At Risk
CUST00265,2026-02-15,2026-01-28,18.0,54.3,At Risk
CUST00265,2026-04-01,2026-02-15,45.0,54.3,At Risk
CUST00265,2026-04-14,2026-04-01,13.0,54.3,At Risk
CUST00265,2026-04-26,2026-04-14,12.0,54.3,At Risk
CUST00266,2026-01-18,,,23.8,Healthy
CUST00266,2026-02-01,2026-01-18,14.0,23.8,Healthy
CUST00266,2026-03-14,2026-02-01,41.0,23.8,Healthy
CUST00266,2026-04-04,2026-03-14,21.0,23.8,Healthy
CUST00266,2026-04-24,2026-04-04,20.0,23.8,Healthy
CUST00266,2026-05-15,2026-04-24,21.0,23.8,Healthy
CUST00266,2026-06-10,2026-05-15,26.0,23.8,Healthy
CUST00267,2025-11-24,,,18.5,Healthy
CUST00267,2026-01-11,2025-11-24,48.0,18.5,Healthy
CUST00267,2026-01-20,2026-01-11,9.0,18.5,Healthy
CUST00267,2026-01-23,2026-01-20,3.0,18.5,Healthy
CUST00267,2026-01-26,2026-01-23,3.0,18.5,Healthy
CUST00267,2026-01-30,2026-01-26,4.0,18.5,Healthy
CUST00267,2026-02-26,2026-01-30,27.0,18.5,Healthy
CUST00267,2026-03-29,2026-02-26,31.0,18.5,Healthy
CUST00267,2026-04-02,2026-03-29,4.0,18.5,Healthy
CUST00267,2026-04-11,2026-04-02,9.0,18.5,Healthy
CUST00267,2026-04-11,2026-04-11,0.0,18.5,Healthy
CUST00267,2026-05-05,2026-04-11,24.0,18.5,Healthy
CUST00267,2026-06-06,2026-05-05,32.0,18.5,Healthy
CUST00267,2026-07-22,2026-06-06,46.0,18.5,Healthy
CUST00268,2025-12-05,,,199.0,At Risk
CUST00268,2026-06-22,2025-12-05,199.0,199.0,At Risk
CUST00269,2025-08-27,,,13.9,Healthy
CUST00269,2025-09-04,2025-08-27,8.0,13.9,Healthy
CUST00269,2025-09-07,2025-09-04,3.0,13.9,Healthy
CUST00269,2025-09-12,2025-09-07,5.0,13.9,Healthy
CUST00269,2025-10-28,2025-09-12,46.0,13.9,Healthy
CUST00269,2025-11-20,2025-10-28,23.0,13.9,Healthy
CUST00269,2025-11-21,2025-11-20,1.0,13.9,Healthy
CUST00269,2025-11-29,2025-11-21,8.0,13.9,Healthy
CUST00269,2025-12-13,2025-11-29,14.0,13.9,Healthy
CUST00269,2025-12-14,2025-12-13,1.0,13.9,Healthy
CUST00269,2025-12-18,2025-12-14,4.0,13.9,Healthy
CUST00269,2025-12-31,2025-12-18,13.0,13.9,Healthy
CUST00269,2026-01-19,2025-12-31,19.0,13.9,Healthy
CUST00269,2026-01-30,2026-01-19,11.0,13.9,Healthy
CUST00269,2026-02-06,2026-01-30,7.0,13.9,Healthy
CUST00269,2026-03-18,2026-02-06,40.0,13.9,Healthy
CUST00269,2026-03-19,2026-03-18,1.0,13.9,Healthy
CUST00269,2026-03-22,2026-03-19,3.0,13.9,Healthy
CUST00269,2026-05-01,2026-03-22,40.0,13.9,Healthy
CUST00269,2026-05-03,2026-05-01,2.0,13.9,Healthy
CUST00269,2026-05-20,2026-05-03,17.0,13.9,Healthy
CUST00269,2026-06-16,2026-05-20,27.0,13.9,Healthy
CUST00269,2026-07-07,2026-06-16,21.0,13.9,Healthy
CUST00269,2026-07-13,2026-07-07,6.0,13.9,Healthy
CUST00271,2024-12-22,,,30.6,At Risk
CUST00271,2025-01-04,2024-12-22,13.0,30.6,At Risk
CUST00271,2025-02-27,2025-01-04,54.0,30.6,At Risk
CUST00271,2025-03-10,2025-02-27,11.0,30.6,At Risk
CUST00271,2025-03-14,2025-03-10,4.0,30.6,At Risk
CUST00271,2025-04-22,2025-03-14,39.0,30.6,At Risk
CUST00271,2025-04-30,2025-04-22,8.0,30.6,At Risk
CUST00271,2025-06-18,2025-04-30,49.0,30.6,At Risk
CUST00271,2025-06-30,2025-06-18,12.0,30.6,At Risk
CUST00271,2025-07-15,2025-06-30,15.0,30.6,At Risk
CUST00271,2025-07-25,2025-07-15,10.0,30.6,At Risk
CUST00271,2025-08-16,2025-07-25,22.0,30.6,At Risk
CUST00271,2025-08-20,2025-08-16,4.0,30.6,At Risk
CUST00271,2025-09-21,2025-08-20,32.0,30.6,At Risk
CUST00271,2025-09-25,2025-09-21,4.0,30.6,At Risk
CUST00271,2025-10-10,2025-09-25,15.0,30.6,At Risk
CUST00271,2025-10-14,2025-10-10,4.0,30.6,At Risk
CUST00271,2026-05-26,2025-10-14,224.0,30.6,At Risk
CUST00272,2025-12-03,,,20.9,Healthy
CUST00272,2025-12-23,2025-12-03,20.0,20.9,Healthy
CUST00272,2025-12-28,2025-12-23,5.0,20.9,Healthy
CUST00272,2026-01-11,2025-12-28,14.0,20.9,Healthy
CUST00272,2026-02-19,2026-01-11,39.0,20.9,Healthy
CUST00272,2026-03-03,2026-02-19,12.0,20.9,Healthy
CUST00272,2026-03-26,2026-03-03,23.0,20.9,Healthy
CUST00272,2026-05-13,2026-03-26,48.0,20.9,Healthy
CUST00272,2026-05-21,2026-05-13,8.0,20.9,Healthy
CUST00272,2026-06-18,2026-05-21,28.0,20.9,Healthy
CUST00272,2026-06-26,2026-06-18,8.0,20.9,Healthy
CUST00272,2026-07-21,2026-06-26,25.0,20.9,Healthy
CUST00273,2025-07-12,,,194.0,At Risk
CUST00273,2026-01-22,2025-07-12,194.0,194.0,At Risk
CUST00274,2025-07-13,,,85.0,At Risk
CUST00274,2025-11-19,2025-07-13,129.0,85.0,At Risk
CUST00274,2025-12-16,2025-11-19,27.0,85.0,At Risk
CUST00274,2026-05-11,2025-12-16,146.0,85.0,At Risk
CUST00274,2026-06-18,2026-05-11,38.0,85.0,At Risk
CUST00275,2025-02-07,,,245.0,At Risk
CUST00275,2025-10-10,2025-02-07,245.0,245.0,At Risk
CUST00276,2026-03-22,,,43.7,At Risk
CUST00276,2026-06-05,2026-03-22,75.0,43.7,At Risk
CUST00276,2026-07-30,2026-06-05,55.0,43.7,At Risk
CUST00276,2026-07-31,2026-07-30,1.0,43.7,At Risk
CUST00277,2025-05-28,,,,Single Order
CUST00278,2025-09-15,,,79.3,At Risk
CUST00278,2025-10-25,2025-09-15,40.0,79.3,At Risk
CUST00278,2025-11-24,2025-10-25,30.0,79.3,At Risk
CUST00278,2026-07-20,2025-11-24,238.0,79.3,At Risk
CUST00278,2026-07-29,2026-07-20,9.0,79.3,At Risk
CUST00279,2025-09-24,,,25.7,Healthy
CUST00279,2025-10-25,2025-09-24,31.0,25.7,Healthy
CUST00279,2025-10-29,2025-10-25,4.0,25.7,Healthy
CUST00279,2025-11-05,2025-10-29,7.0,25.7,Healthy
CUST00279,2025-12-17,2025-11-05,42.0,25.7,Healthy
CUST00279,2025-12-21,2025-12-17,4.0,25.7,Healthy
CUST00279,2026-01-06,2025-12-21,16.0,25.7,Healthy
CUST00279,2026-01-26,2026-01-06,20.0,25.7,Healthy
CUST00279,2026-02-24,2026-01-26,29.0,25.7,Healthy
CUST00279,2026-03-30,2026-02-24,34.0,25.7,Healthy
CUST00279,2026-04-04,2026-03-30,5.0,25.7,Healthy
CUST00279,2026-07-11,2026-04-04,98.0,25.7,Healthy
CUST00279,2026-07-29,2026-07-11,18.0,25.7,Healthy
CUST00280,2025-08-19,,,61.8,At Risk
CUST00280,2025-09-14,2025-08-19,26.0,61.8,At Risk
CUST00280,2025-11-26,2025-09-14,73.0,61.8,At Risk
CUST00280,2026-02-04,2025-11-26,70.0,61.8,At Risk
CUST00280,2026-02-23,2026-02-04,19.0,61.8,At Risk
CUST00280,2026-06-24,2026-02-23,121.0,61.8,At Risk
CUST00282,2025-12-09,,,18.4,Healthy
CUST00282,2026-01-10,2025-12-09,32.0,18.4,Healthy
CUST00282,2026-01-30,2026-01-10,20.0,18.4,Healthy
CUST00282,2026-02-04,2026-01-30,5.0,18.4,Healthy
CUST00282,2026-02-21,2026-02-04,17.0,18.4,Healthy
CUST00282,2026-03-26,2026-02-21,33.0,18.4,Healthy
CUST00282,2026-04-05,2026-03-26,10.0,18.4,Healthy
CUST00282,2026-04-07,2026-04-05,2.0,18.4,Healthy
CUST00282,2026-04-28,2026-04-07,21.0,18.4,Healthy
CUST00282,2026-05-10,2026-04-28,12.0,18.4,Healthy
CUST00282,2026-05-13,2026-05-10,3.0,18.4,Healthy
CUST00282,2026-05-29,2026-05-13,16.0,18.4,Healthy
CUST00282,2026-07-18,2026-05-29,50.0,18.4,Healthy
CUST00283,2025-06-12,,,90.3,At Risk
CUST00283,2025-08-17,2025-06-12,66.0,90.3,At Risk
CUST00283,2026-01-24,2025-08-17,160.0,90.3,At Risk
CUST00283,2026-05-16,2026-01-24,112.0,90.3,At Risk
CUST00283,2026-06-08,2026-05-16,23.0,90.3,At Risk
CUST00284,2025-07-08,,,33.7,At Risk
CUST00284,2025-08-28,2025-07-08,51.0,33.7,At Risk
CUST00284,2025-09-13,2025-08-28,16.0,33.7,At Risk
CUST00284,2025-10-26,2025-09-13,43.0,33.7,At Risk
CUST00284,2025-11-10,2025-10-26,15.0,33.7,At Risk
CUST00284,2025-12-06,2025-11-10,26.0,33.7,At Risk
CUST00284,2025-12-19,2025-12-06,13.0,33.7,At Risk
CUST00284,2026-01-16,2025-12-19,28.0,33.7,At Risk
CUST00284,2026-02-25,2026-01-16,40.0,33.7,At Risk
CUST00284,2026-04-10,2026-02-25,44.0,33.7,At Risk
CUST00284,2026-07-03,2026-04-10,84.0,33.7,At Risk
CUST00284,2026-07-14,2026-07-03,11.0,33.7,At Risk
CUST00285,2026-03-24,,,,Single Order
CUST00286,2026-04-10,,,37.3,At Risk
CUST00286,2026-05-13,2026-04-10,33.0,37.3,At Risk
CUST00286,2026-07-04,2026-05-13,52.0,37.3,At Risk
CUST00286,2026-07-31,2026-07-04,27.0,37.3,At Risk
CUST00287,2025-11-17,,,32.3,At Risk
CUST00287,2025-11-24,2025-11-17,7.0,32.3,At Risk
CUST00287,2026-03-12,2025-11-24,108.0,32.3,At Risk
CUST00287,2026-04-03,2026-03-12,22.0,32.3,At Risk
CUST00287,2026-04-05,2026-04-03,2.0,32.3,At Risk
CUST00287,2026-05-29,2026-04-05,54.0,32.3,At Risk
CUST00287,2026-06-26,2026-05-29,28.0,32.3,At Risk
CUST00287,2026-07-01,2026-06-26,5.0,32.3,At Risk
CUST00288,2026-02-17,,,38.3,At Risk
CUST00288,2026-03-13,2026-02-17,24.0,38.3,At Risk
CUST00288,2026-05-16,2026-03-13,64.0,38.3,At Risk
CUST00288,2026-06-11,2026-05-16,26.0,38.3,At Risk
CUST00288,2026-07-20,2026-06-11,39.0,38.3,At Risk
CUST00289,2026-06-13,,,,Single Order
CUST00290,2025-07-14,,,108.0,At Risk
CUST00290,2025-09-12,2025-07-14,60.0,108.0,At Risk
CUST00290,2026-01-20,2025-09-12,130.0,108.0,At Risk
CUST00290,2026-06-03,2026-01-20,134.0,108.0,At Risk
CUST00294,2024-11-29,,,,Single Order
CUST00295,2025-10-25,,,83.7,At Risk
CUST00295,2026-05-01,2025-10-25,188.0,83.7,At Risk
CUST00295,2026-05-30,2026-05-01,29.0,83.7,At Risk
CUST00295,2026-07-03,2026-05-30,34.0,83.7,At Risk
CUST00296,2026-04-17,,,35.0,At Risk
CUST00296,2026-05-22,2026-04-17,35.0,35.0,At Risk
CUST00297,2026-02-19,,,,Single Order
CUST00299,2025-09-08,,,79.0,At Risk
CUST00299,2025-10-26,2025-09-08,48.0,79.0,At Risk
CUST00299,2025-10-28,2025-10-26,2.0,79.0,At Risk
CUST00299,2025-11-03,2025-10-28,6.0,79.0,At Risk
CUST00299,2026-07-21,2025-11-03,260.0,79.0,At Risk
CUST00300,2026-05-25,,,,Single Order
CUST00301,2025-01-29,,,26.8,Healthy
CUST00301,2025-02-16,2025-01-29,18.0,26.8,Healthy
CUST00301,2025-03-13,2025-02-16,25.0,26.8,Healthy
CUST00301,2025-04-01,2025-03-13,19.0,26.8,Healthy
CUST00301,2025-04-20,2025-04-01,19.0,26.8,Healthy
CUST00301,2025-07-17,2025-04-20,88.0,26.8,Healthy
CUST00301,2025-07-24,2025-07-17,7.0,26.8,Healthy
CUST00301,2025-08-03,2025-07-24,10.0,26.8,Healthy
CUST00301,2025-10-05,2025-08-03,63.0,26.8,Healthy
CUST00301,2025-10-08,2025-10-05,3.0,26.8,Healthy
CUST00301,2025-11-17,2025-10-08,40.0,26.8,Healthy
CUST00301,2025-11-18,2025-11-17,1.0,26.8,Healthy
CUST00301,2025-12-04,2025-11-18,16.0,26.8,Healthy
CUST00301,2026-02-10,2025-12-04,68.0,26.8,Healthy
CUST00301,2026-03-12,2026-02-10,30.0,26.8,Healthy
CUST00301,2026-03-29,2026-03-12,17.0,26.8,Healthy
CUST00301,2026-06-20,2026-03-29,83.0,26.8,Healthy
CUST00301,2026-07-16,2026-06-20,26.0,26.8,Healthy
CUST00301,2026-07-19,2026-07-16,3.0,26.8,Healthy
CUST00301,2026-07-19,2026-07-19,0.0,26.8,Healthy
CUST00301,2026-07-19,2026-07-19,0.0,26.8,Healthy
CUST00302,2025-01-06,,,93.7,At Risk
CUST00302,2025-01-07,2025-01-06,1.0,93.7,At Risk
CUST00302,2025-02-09,2025-01-07,33.0,93.7,At Risk
CUST00302,2025-05-15,2025-02-09,95.0,93.7,At Risk
CUST00302,2025-11-14,2025-05-15,183.0,93.7,At Risk
CUST00302,2026-03-28,2025-11-14,134.0,93.7,At Risk
CUST00302,2026-07-22,2026-03-28,116.0,93.7,At Risk
CUST00303,2025-09-17,,,166.0,At Risk
CUST00303,2026-03-02,2025-09-17,166.0,166.0,At Risk
CUST00305,2026-06-17,,,,Single Order
CUST00307,2024-11-27,,,53.8,At Risk
CUST00307,2024-12-26,2024-11-27,29.0,53.8,At Risk
CUST00307,2024-12-29,2024-12-26,3.0,53.8,At Risk
CUST00307,2025-01-01,2024-12-29,3.0,53.8,At Risk
CUST00307,2025-02-14,2025-01-01,44.0,53.8,At Risk
CUST00307,2025-03-06,2025-02-14,20.0,53.8,At Risk
CUST00307,2025-03-25,2025-03-06,19.0,53.8,At Risk
CUST00307,2025-08-12,2025-03-25,140.0,53.8,At Risk
CUST00307,2025-10-04,2025-08-12,53.0,53.8,At Risk
CUST00307,2025-11-25,2025-10-04,52.0,53.8,At Risk
CUST00307,2026-05-26,2025-11-25,182.0,53.8,At Risk
CUST00307,2026-07-12,2026-05-26,47.0,53.8,At Risk
CUST00308,2026-01-16,,,21.6,Healthy
CUST00308,2026-02-20,2026-01-16,35.0,21.6,Healthy
CUST00308,2026-02-27,2026-02-20,7.0,21.6,Healthy
CUST00308,2026-03-07,2026-02-27,8.0,21.6,Healthy
CUST00308,2026-04-09,2026-03-07,33.0,21.6,Healthy
CUST00308,2026-05-01,2026-04-09,22.0,21.6,Healthy
CUST00308,2026-05-25,2026-05-01,24.0,21.6,Healthy
CUST00308,2026-06-16,2026-05-25,22.0,21.6,Healthy
CUST00308,2026-07-08,2026-06-16,22.0,21.6,Healthy
CUST00309,2025-03-16,,,249.5,At Risk
CUST00309,2025-09-06,2025-03-16,174.0,249.5,At Risk
CUST00309,2026-07-28,2025-09-06,325.0,249.5,At Risk
CUST00310,2026-04-27,,,40.5,At Risk
CUST00310,2026-07-08,2026-04-27,72.0,40.5,At Risk
CUST00310,2026-07-17,2026-07-08,9.0,40.5,At Risk
CUST00311,2025-07-29,,,35.4,At Risk
CUST00311,2025-10-13,2025-07-29,76.0,35.4,At Risk
CUST00311,2025-10-18,2025-10-13,5.0,35.4,At Risk
CUST00311,2025-11-12,2025-10-18,25.0,35.4,At Risk
CUST00311,2025-12-26,2025-11-12,44.0,35.4,At Risk
CUST00311,2026-01-06,2025-12-26,11.0,35.4,At Risk
CUST00311,2026-01-24,2026-01-06,18.0,35.4,At Risk
CUST00311,2026-03-11,2026-01-24,46.0,35.4,At Risk
CUST00311,2026-06-06,2026-03-11,87.0,35.4,At Risk
CUST00311,2026-06-22,2026-06-06,16.0,35.4,At Risk
CUST00311,2026-07-18,2026-06-22,26.0,35.4,At Risk
CUST00312,2026-02-23,,,94.0,At Risk
CUST00312,2026-05-28,2026-02-23,94.0,94.0,At Risk
CUST00313,2024-11-07,,,190.3,At Risk
CUST00313,2025-07-11,2024-11-07,246.0,190.3,At Risk
CUST00313,2025-10-03,2025-07-11,84.0,190.3,At Risk
CUST00313,2026-06-01,2025-10-03,241.0,190.3,At Risk
CUST00314,2025-01-24,,,40.3,At Risk
CUST00314,2025-02-22,2025-01-24,29.0,40.3,At Risk
CUST00314,2025-06-21,2025-02-22,119.0,40.3,At Risk
CUST00314,2025-06-22,2025-06-21,1.0,40.3,At Risk
CUST00314,2025-06-22,2025-06-22,0.0,40.3,At Risk
CUST00314,2025-08-07,2025-06-22,46.0,40.3,At Risk
CUST00314,2025-09-01,2025-08-07,25.0,40.3,At Risk
CUST00314,2025-12-07,2025-09-01,97.0,40.3,At Risk
CUST00314,2026-01-02,2025-12-07,26.0,40.3,At Risk
CUST00314,2026-02-18,2026-01-02,47.0,40.3,At Risk
CUST00314,2026-02-27,2026-02-18,9.0,40.3,At Risk
CUST00314,2026-04-12,2026-02-27,44.0,40.3,At Risk
CUST00315,2024-11-05,,,29.5,Healthy
CUST00315,2024-11-20,2024-11-05,15.0,29.5,Healthy
CUST00315,2025-02-10,2024-11-20,82.0,29.5,Healthy
CUST00315,2025-02-14,2025-02-10,4.0,29.5,Healthy
CUST00315,2025-02-21,2025-02-14,7.0,29.5,Healthy
CUST00315,2025-03-24,2025-02-21,31.0,29.5,Healthy
CUST00315,2025-04-12,2025-03-24,19.0,29.5,Healthy
CUST00315,2025-05-26,2025-04-12,44.0,29.5,Healthy
CUST00315,2025-05-26,2025-05-26,0.0,29.5,Healthy
CUST00315,2025-07-25,2025-05-26,60.0,29.5,Healthy
CUST00315,2025-08-07,2025-07-25,13.0,29.5,Healthy
CUST00315,2025-09-22,2025-08-07,46.0,29.5,Healthy
CUST00315,2025-10-25,2025-09-22,33.0,29.5,Healthy
CUST00315,2025-11-24,2025-10-25,30.0,29.5,Healthy
CUST00315,2025-12-02,2025-11-24,8.0,29.5,Healthy
CUST00315,2026-02-06,2025-12-02,66.0,29.5,Healthy
CUST00315,2026-03-10,2026-02-06,32.0,29.5,Healthy
CUST00315,2026-03-21,2026-03-10,11.0,29.5,Healthy
CUST00315,2026-06-01,2026-03-21,72.0,29.5,Healthy
CUST00315,2026-06-05,2026-06-01,4.0,29.5,Healthy
CUST00315,2026-06-18,2026-06-05,13.0,29.5,Healthy
CUST00316,2025-07-06,,,46.8,At Risk
CUST00316,2025-07-27,2025-07-06,21.0,46.8,At Risk
CUST00316,2025-08-23,2025-07-27,27.0,46.8,At Risk
CUST00316,2025-11-15,2025-08-23,84.0,46.8,At Risk
CUST00316,2025-12-11,2025-11-15,26.0,46.8,At Risk
CUST00316,2026-01-01,2025-12-11,21.0,46.8,At Risk
CUST00316,2026-04-13,2026-01-01,102.0,46.8,At Risk
CUST00317,2026-02-13,,,147.0,At Risk
CUST00317,2026-07-10,2026-02-13,147.0,147.0,At Risk
CUST00318,2026-03-12,,,50.0,At Risk
CUST00318,2026-05-01,2026-03-12,50.0,50.0,At Risk
CUST00318,2026-06-20,2026-05-01,50.0,50.0,At Risk
CUST00319,2025-11-30,,,41.6,At Risk
CUST00319,2025-12-20,2025-11-30,20.0,41.6,At Risk
CUST00319,2026-02-02,2025-12-20,44.0,41.6,At Risk
CUST00319,2026-02-19,2026-02-02,17.0,41.6,At Risk
CUST00319,2026-05-30,2026-02-19,100.0,41.6,At Risk
CUST00319,2026-06-26,2026-05-30,27.0,41.6,At Risk
CUST00321,2025-10-26,,,,Single Order
CUST00322,2025-05-18,,,169.0,At Risk
CUST00322,2025-11-30,2025-05-18,196.0,169.0,At Risk
CUST00322,2026-04-21,2025-11-30,142.0,169.0,At Risk
CUST00323,2025-07-21,,,38.2,At Risk
CUST00323,2025-08-10,2025-07-21,20.0,38.2,At Risk
CUST00323,2025-09-08,2025-08-10,29.0,38.2,At Risk
CUST00323,2025-11-18,2025-09-08,71.0,38.2,At Risk
CUST00323,2026-03-09,2025-11-18,111.0,38.2,At Risk
CUST00323,2026-04-01,2026-03-09,23.0,38.2,At Risk
CUST00323,2026-04-02,2026-04-01,1.0,38.2,At Risk
CUST00323,2026-04-15,2026-04-02,13.0,38.2,At Risk
CUST00323,2026-06-19,2026-04-15,65.0,38.2,At Risk
CUST00323,2026-06-30,2026-06-19,11.0,38.2,At Risk
CUST00324,2025-01-11,,,77.7,At Risk
CUST00324,2025-02-19,2025-01-11,39.0,77.7,At Risk
CUST00324,2025-05-23,2025-02-19,93.0,77.7,At Risk
CUST00324,2025-09-11,2025-05-23,111.0,77.7,At Risk
CUST00324,2025-12-16,2025-09-11,96.0,77.7,At Risk
CUST00324,2026-01-15,2025-12-16,30.0,77.7,At Risk
CUST00324,2026-04-02,2026-01-15,77.0,77.7,At Risk
CUST00324,2026-07-09,2026-04-02,98.0,77.7,At Risk
CUST00325,2025-08-09,,,93.0,At Risk
CUST00325,2025-08-20,2025-08-09,11.0,93.0,At Risk
CUST00325,2026-02-11,2025-08-20,175.0,93.0,At Risk
CUST00326,2026-04-16,,,24.3,Healthy
CUST00326,2026-05-03,2026-04-16,17.0,24.3,Healthy
CUST00326,2026-06-12,2026-05-03,40.0,24.3,Healthy
CUST00326,2026-06-29,2026-06-12,17.0,24.3,Healthy
CUST00326,2026-07-22,2026-06-29,23.0,24.3,Healthy
CUST00327,2025-06-02,,,41.6,At Risk
CUST00327,2025-06-27,2025-06-02,25.0,41.6,At Risk
CUST00327,2025-07-20,2025-06-27,23.0,41.6,At Risk
CUST00327,2025-09-30,2025-07-20,72.0,41.6,At Risk
CUST00327,2025-10-17,2025-09-30,17.0,41.6,At Risk
CUST00327,2025-10-31,2025-10-17,14.0,41.6,At Risk
CUST00327,2025-11-06,2025-10-31,6.0,41.6,At Risk
CUST00327,2025-12-03,2025-11-06,27.0,41.6,At Risk
CUST00327,2026-01-22,2025-12-03,50.0,41.6,At Risk
CUST00327,2026-06-24,2026-01-22,153.0,41.6,At Risk
CUST00327,2026-07-23,2026-06-24,29.0,41.6,At Risk
CUST00328,2025-06-29,,,61.8,At Risk
CUST00328,2025-09-11,2025-06-29,74.0,61.8,At Risk
CUST00328,2025-12-13,2025-09-11,93.0,61.8,At Risk
CUST00328,2026-03-03,2025-12-13,80.0,61.8,At Risk
CUST00328,2026-03-11,2026-03-03,8.0,61.8,At Risk
CUST00328,2026-05-30,2026-03-11,80.0,61.8,At Risk
CUST00328,2026-07-05,2026-05-30,36.0,61.8,At Risk
CUST00329,2025-12-07,,,60.0,At Risk
CUST00329,2026-04-22,2025-12-07,136.0,60.0,At Risk
CUST00329,2026-06-01,2026-04-22,40.0,60.0,At Risk
CUST00329,2026-06-05,2026-06-01,4.0,60.0,At Risk
CUST00330,2026-01-21,,,57.0,At Risk
CUST00330,2026-03-05,2026-01-21,43.0,57.0,At Risk
CUST00330,2026-07-11,2026-03-05,128.0,57.0,At Risk
CUST00330,2026-07-11,2026-07-11,0.0,57.0,At Risk
CUST00331,2024-12-16,,,187.5,At Risk
CUST00331,2025-02-22,2024-12-16,68.0,187.5,At Risk
CUST00331,2025-12-26,2025-02-22,307.0,187.5,At Risk
CUST00332,2025-08-27,,,49.8,At Risk
CUST00332,2025-11-11,2025-08-27,76.0,49.8,At Risk
CUST00332,2025-12-01,2025-11-11,20.0,49.8,At Risk
CUST00332,2026-01-19,2025-12-01,49.0,49.8,At Risk
CUST00332,2026-04-18,2026-01-19,89.0,49.8,At Risk
CUST00332,2026-05-03,2026-04-18,15.0,49.8,At Risk
CUST00333,2026-01-10,,,33.3,At Risk
CUST00333,2026-01-12,2026-01-10,2.0,33.3,At Risk
CUST00333,2026-02-02,2026-01-12,21.0,33.3,At Risk
CUST00333,2026-05-14,2026-02-02,101.0,33.3,At Risk
CUST00333,2026-07-03,2026-05-14,50.0,33.3,At Risk
CUST00333,2026-07-28,2026-07-03,25.0,33.3,At Risk
CUST00333,2026-07-29,2026-07-28,1.0,33.3,At Risk
CUST00334,2026-02-22,,,19.4,Healthy
CUST00334,2026-02-23,2026-02-22,1.0,19.4,Healthy
CUST00334,2026-04-13,2026-02-23,49.0,19.4,Healthy
CUST00334,2026-04-16,2026-04-13,3.0,19.4,Healthy
CUST00334,2026-05-10,2026-04-16,24.0,19.4,Healthy
CUST00334,2026-05-30,2026-05-10,20.0,19.4,Healthy
CUST00335,2025-08-03,,,167.5,At Risk
CUST00335,2026-07-04,2025-08-03,335.0,167.5,At Risk
CUST00335,2026-07-04,2026-07-04,0.0,167.5,At Risk
CUST00336,2026-04-09,,,19.0,Healthy
CUST00336,2026-04-23,2026-04-09,14.0,19.0,Healthy
CUST00336,2026-04-26,2026-04-23,3.0,19.0,Healthy
CUST00336,2026-04-30,2026-04-26,4.0,19.0,Healthy
CUST00336,2026-06-01,2026-04-30,32.0,19.0,Healthy
CUST00336,2026-07-02,2026-06-01,31.0,19.0,Healthy
CUST00336,2026-08-01,2026-07-02,30.0,19.0,Healthy
CUST00337,2024-10-28,,,67.4,At Risk
CUST00337,2024-12-11,2024-10-28,44.0,67.4,At Risk
CUST00337,2024-12-15,2024-12-11,4.0,67.4,At Risk
CUST00337,2024-12-29,2024-12-15,14.0,67.4,At Risk
CUST00337,2025-01-06,2024-12-29,8.0,67.4,At Risk
CUST00337,2025-05-04,2025-01-06,118.0,67.4,At Risk
CUST00337,2025-06-10,2025-05-04,37.0,67.4,At Risk
CUST00337,2026-04-06,2025-06-10,300.0,67.4,At Risk
CUST00337,2026-04-20,2026-04-06,14.0,67.4,At Risk
CUST00339,2026-05-02,,,,Single Order
CUST00340,2026-04-29,,,8.5,Healthy
CUST00340,2026-05-08,2026-04-29,9.0,8.5,Healthy
CUST00340,2026-05-08,2026-05-08,0.0,8.5,Healthy
CUST00340,2026-05-17,2026-05-08,9.0,8.5,Healthy
CUST00340,2026-06-07,2026-05-17,21.0,8.5,Healthy
CUST00340,2026-06-10,2026-06-07,3.0,8.5,Healthy
CUST00340,2026-06-13,2026-06-10,3.0,8.5,Healthy
CUST00340,2026-07-04,2026-06-13,21.0,8.5,Healthy
CUST00340,2026-07-18,2026-07-04,14.0,8.5,Healthy
CUST00340,2026-07-29,2026-07-18,11.0,8.5,Healthy
CUST00340,2026-07-30,2026-07-29,1.0,8.5,Healthy
CUST00340,2026-08-01,2026-07-30,2.0,8.5,Healthy
CUST00341,2026-03-20,,,18.3,Healthy
CUST00341,2026-04-07,2026-03-20,18.0,18.3,Healthy
CUST00341,2026-04-08,2026-04-07,1.0,18.3,Healthy
CUST00341,2026-04-08,2026-04-08,0.0,18.3,Healthy
CUST00341,2026-04-17,2026-04-08,9.0,18.3,Healthy
CUST00341,2026-07-05,2026-04-17,79.0,18.3,Healthy
CUST00341,2026-07-08,2026-07-05,3.0,18.3,Healthy
CUST00342,2025-10-21,,,31.6,At Risk
CUST00342,2025-12-10,2025-10-21,50.0,31.6,At Risk
CUST00342,2026-01-17,2025-12-10,38.0,31.6,At Risk
CUST00342,2026-02-07,2026-01-17,21.0,31.6,At Risk
CUST00342,2026-02-24,2026-02-07,17.0,31.6,At Risk
CUST00342,2026-03-06,2026-02-24,10.0,31.6,At Risk
CUST00342,2026-03-24,2026-03-06,18.0,31.6,At Risk
CUST00342,2026-03-31,2026-03-24,7.0,31.6,At Risk
CUST00342,2026-07-15,2026-03-31,106.0,31.6,At Risk
CUST00342,2026-08-01,2026-07-15,17.0,31.6,At Risk
CUST00343,2026-04-22,,,17.6,Healthy
CUST00343,2026-05-18,2026-04-22,26.0,17.6,Healthy
CUST00343,2026-06-07,2026-05-18,20.0,17.6,Healthy
CUST00343,2026-06-12,2026-06-07,5.0,17.6,Healthy
CUST00343,2026-07-16,2026-06-12,34.0,17.6,Healthy
CUST00343,2026-07-19,2026-07-16,3.0,17.6,Healthy
CUST00344,2026-02-27,,,25.0,Healthy
CUST00344,2026-03-11,2026-02-27,12.0,25.0,Healthy
CUST00344,2026-03-13,2026-03-11,2.0,25.0,Healthy
CUST00344,2026-04-30,2026-03-13,48.0,25.0,Healthy
CUST00344,2026-05-03,2026-04-30,3.0,25.0,Healthy
CUST00344,2026-05-09,2026-05-03,6.0,25.0,Healthy
CUST00344,2026-07-27,2026-05-09,79.0,25.0,Healthy
CUST00345,2025-12-03,,,27.4,Healthy
CUST00345,2025-12-14,2025-12-03,11.0,27.4,Healthy
CUST00345,2026-03-22,2025-12-14,98.0,27.4,Healthy
CUST00345,2026-03-22,2026-03-22,0.0,27.4,Healthy
CUST00345,2026-05-21,2026-03-22,60.0,27.4,Healthy
CUST00345,2026-05-22,2026-05-21,1.0,27.4,Healthy
CUST00345,2026-05-23,2026-05-22,1.0,27.4,Healthy
CUST00345,2026-06-13,2026-05-23,21.0,27.4,Healthy
CUST00346,2025-03-28,,,73.4,At Risk
CUST00346,2025-05-23,2025-03-28,56.0,73.4,At Risk
CUST00346,2025-07-14,2025-05-23,52.0,73.4,At Risk
CUST00346,2025-10-05,2025-07-14,83.0,73.4,At Risk
CUST00346,2026-02-17,2025-10-05,135.0,73.4,At Risk
CUST00346,2026-03-30,2026-02-17,41.0,73.4,At Risk
CUST00347,2025-07-23,,,60.0,At Risk
CUST00347,2026-01-01,2025-07-23,162.0,60.0,At Risk
CUST00347,2026-02-19,2026-01-01,49.0,60.0,At Risk
CUST00347,2026-05-16,2026-02-19,86.0,60.0,At Risk
CUST00347,2026-05-18,2026-05-16,2.0,60.0,At Risk
CUST00347,2026-07-08,2026-05-18,51.0,60.0,At Risk
CUST00347,2026-07-18,2026-07-08,10.0,60.0,At Risk
CUST00348,2025-12-10,,,31.8,At Risk
CUST00348,2025-12-30,2025-12-10,20.0,31.8,At Risk
CUST00348,2026-04-08,2025-12-30,99.0,31.8,At Risk
CUST00348,2026-04-30,2026-04-08,22.0,31.8,At Risk
CUST00348,2026-06-16,2026-04-30,47.0,31.8,At Risk
CUST00348,2026-06-16,2026-06-16,0.0,31.8,At Risk
CUST00348,2026-06-19,2026-06-16,3.0,31.8,At Risk
CUST00350,2025-01-14,,,135.0,At Risk
CUST00350,2025-10-22,2025-01-14,281.0,135.0,At Risk
CUST00350,2026-05-31,2025-10-22,221.0,135.0,At Risk
CUST00350,2026-07-07,2026-05-31,37.0,135.0,At Risk
CUST00350,2026-07-08,2026-07-07,1.0,135.0,At Risk
CUST00351,2025-12-07,,,31.9,At Risk
CUST00351,2025-12-29,2025-12-07,22.0,31.9,At Risk
CUST00351,2026-01-17,2025-12-29,19.0,31.9,At Risk
CUST00351,2026-04-02,2026-01-17,75.0,31.9,At Risk
CUST00351,2026-05-02,2026-04-02,30.0,31.9,At Risk
CUST00351,2026-05-29,2026-05-02,27.0,31.9,At Risk
CUST00351,2026-07-08,2026-05-29,40.0,31.9,At Risk
CUST00351,2026-07-18,2026-07-08,10.0,31.9,At Risk
CUST00352,2025-06-17,,,122.3,At Risk
CUST00352,2025-06-23,2025-06-17,6.0,122.3,At Risk
CUST00352,2026-06-09,2025-06-23,351.0,122.3,At Risk
CUST00352,2026-06-19,2026-06-09,10.0,122.3,At Risk
CUST00353,2025-05-12,,,73.5,At Risk
CUST00353,2025-08-03,2025-05-12,83.0,73.5,At Risk
CUST00353,2025-08-16,2025-08-03,13.0,73.5,At Risk
CUST00353,2025-09-08,2025-08-16,23.0,73.5,At Risk
CUST00353,2026-06-30,2025-09-08,295.0,73.5,At Risk
CUST00353,2026-07-25,2026-06-30,25.0,73.5,At Risk
CUST00353,2026-07-27,2026-07-25,2.0,73.5,At Risk
CUST00354,2025-11-10,,,86.3,At Risk
CUST00354,2026-04-10,2025-11-10,151.0,86.3,At Risk
CUST00354,2026-07-11,2026-04-10,92.0,86.3,At Risk
CUST00354,2026-07-27,2026-07-11,16.0,86.3,At Risk
CUST00355,2026-03-13,,,13.8,Healthy
CUST00355,2026-03-14,2026-03-13,1.0,13.8,Healthy
CUST00355,2026-03-17,2026-03-14,3.0,13.8,Healthy
CUST00355,2026-06-03,2026-03-17,78.0,13.8,Healthy
CUST00355,2026-07-06,2026-06-03,33.0,13.8,Healthy
CUST00355,2026-07-06,2026-07-06,0.0,13.8,Healthy
CUST00355,2026-07-19,2026-07-06,13.0,13.8,Healthy
CUST00355,2026-07-21,2026-07-19,2.0,13.8,Healthy
CUST00355,2026-07-21,2026-07-21,0.0,13.8,Healthy
CUST00355,2026-07-27,2026-07-21,6.0,13.8,Healthy
CUST00355,2026-07-29,2026-07-27,2.0,13.8,Healthy
CUST00356,2025-04-04,,,115.0,At Risk
CUST00356,2025-05-01,2025-04-04,27.0,115.0,At Risk
CUST00356,2025-11-20,2025-05-01,203.0,115.0,At Risk
CUST00357,2026-03-11,,,18.2,Healthy
CUST00357,2026-03-16,2026-03-11,5.0,18.2,Healthy
CUST00357,2026-04-07,2026-03-16,22.0,18.2,Healthy
CUST00357,2026-04-21,2026-04-07,14.0,18.2,Healthy
CUST00357,2026-05-13,2026-04-21,22.0,18.2,Healthy
CUST00357,2026-06-01,2026-05-13,19.0,18.2,Healthy
CUST00357,2026-06-28,2026-06-01,27.0,18.2,Healthy
CUST00358,2025-03-11,,,37.4,At Risk
CUST00358,2025-03-14,2025-03-11,3.0,37.4,At Risk
CUST00358,2025-03-19,2025-03-14,5.0,37.4,At Risk
CUST00358,2025-04-19,2025-03-19,31.0,37.4,At Risk
CUST00358,2025-04-30,2025-04-19,11.0,37.4,At Risk
CUST00358,2025-05-15,2025-04-30,15.0,37.4,At Risk
CUST00358,2025-07-31,2025-05-15,77.0,37.4,At Risk
CUST00358,2025-10-09,2025-07-31,70.0,37.4,At Risk
CUST00358,2026-02-01,2025-10-09,115.0,37.4,At Risk
CUST00358,2026-03-07,2026-02-01,34.0,37.4,At Risk
CUST00358,2026-03-14,2026-03-07,7.0,37.4,At Risk
CUST00358,2026-04-23,2026-03-14,40.0,37.4,At Risk
CUST00358,2026-06-07,2026-04-23,45.0,37.4,At Risk
CUST00358,2026-07-10,2026-06-07,33.0,37.4,At Risk
CUST00359,2025-04-08,,,150.3,At Risk
CUST00359,2025-09-24,2025-04-08,169.0,150.3,At Risk
CUST00359,2026-05-11,2025-09-24,229.0,150.3,At Risk
CUST00359,2026-07-03,2026-05-11,53.0,150.3,At Risk
CUST00361,2025-12-05,,,32.3,At Risk
CUST00361,2026-02-01,2025-12-05,58.0,32.3,At Risk
CUST00361,2026-02-10,2026-02-01,9.0,32.3,At Risk
CUST00361,2026-03-14,2026-02-10,32.0,32.3,At Risk
CUST00361,2026-03-14,2026-03-14,0.0,32.3,At Risk
CUST00361,2026-03-16,2026-03-14,2.0,32.3,At Risk
CUST00361,2026-06-17,2026-03-16,93.0,32.3,At Risk
CUST00362,2026-01-07,,,23.1,Healthy
CUST00362,2026-02-15,2026-01-07,39.0,23.1,Healthy
CUST00362,2026-03-06,2026-02-15,19.0,23.1,Healthy
CUST00362,2026-03-10,2026-03-06,4.0,23.1,Healthy
CUST00362,2026-04-12,2026-03-10,33.0,23.1,Healthy
CUST00362,2026-06-08,2026-04-12,57.0,23.1,Healthy
CUST00362,2026-06-18,2026-06-08,10.0,23.1,Healthy
CUST00362,2026-06-18,2026-06-18,0.0,23.1,Healthy
CUST00363,2025-06-29,,,45.7,At Risk
CUST00363,2025-07-20,2025-06-29,21.0,45.7,At Risk
CUST00363,2025-10-05,2025-07-20,77.0,45.7,At Risk
CUST00363,2025-11-05,2025-10-05,31.0,45.7,At Risk
CUST00363,2026-01-27,2025-11-05,83.0,45.7,At Risk
CUST00363,2026-03-12,2026-01-27,44.0,45.7,At Risk
CUST00363,2026-03-30,2026-03-12,18.0,45.7,At Risk
CUST00364,2026-02-07,,,23.4,Healthy
CUST00364,2026-02-11,2026-02-07,4.0,23.4,Healthy
CUST00364,2026-02-13,2026-02-11,2.0,23.4,Healthy
CUST00364,2026-02-21,2026-02-13,8.0,23.4,Healthy
CUST00364,2026-03-09,2026-02-21,16.0,23.4,Healthy
CUST00364,2026-04-30,2026-03-09,52.0,23.4,Healthy
CUST00364,2026-06-21,2026-04-30,52.0,23.4,Healthy
CUST00364,2026-07-21,2026-06-21,30.0,23.4,Healthy
CUST00365,2025-02-28,,,31.3,At Risk
CUST00365,2025-03-18,2025-02-28,18.0,31.3,At Risk
CUST00365,2025-04-07,2025-03-18,20.0,31.3,At Risk
CUST00365,2025-06-10,2025-04-07,64.0,31.3,At Risk
CUST00365,2025-07-08,2025-06-10,28.0,31.3,At Risk
CUST00365,2025-07-11,2025-07-08,3.0,31.3,At Risk
CUST00365,2025-07-21,2025-07-11,10.0,31.3,At Risk
CUST00365,2025-08-14,2025-07-21,24.0,31.3,At Risk
CUST00365,2025-09-09,2025-08-14,26.0,31.3,At Risk
CUST00365,2025-09-21,2025-09-09,12.0,31.3,At Risk
CUST00365,2025-09-22,2025-09-21,1.0,31.3,At Risk
CUST00365,2025-10-30,2025-09-22,38.0,31.3,At Risk
CUST00365,2026-01-02,2025-10-30,64.0,31.3,At Risk
CUST00365,2026-04-21,2026-01-02,109.0,31.3,At Risk
CUST00365,2026-04-22,2026-04-21,1.0,31.3,At Risk
CUST00365,2026-06-25,2026-04-22,64.0,31.3,At Risk
CUST00365,2026-07-13,2026-06-25,18.0,31.3,At Risk
CUST00366,2025-12-29,,,35.0,At Risk
CUST00366,2026-01-05,2025-12-29,7.0,35.0,At Risk
CUST00366,2026-03-01,2026-01-05,55.0,35.0,At Risk
CUST00366,2026-04-03,2026-03-01,33.0,35.0,At Risk
CUST00366,2026-04-15,2026-04-03,12.0,35.0,At Risk
CUST00366,2026-05-12,2026-04-15,27.0,35.0,At Risk
CUST00366,2026-07-27,2026-05-12,76.0,35.0,At Risk
CUST00367,2026-04-04,,,19.3,Healthy
CUST00367,2026-04-23,2026-04-04,19.0,19.3,Healthy
CUST00367,2026-04-24,2026-04-23,1.0,19.3,Healthy
CUST00367,2026-04-30,2026-04-24,6.0,19.3,Healthy
CUST00367,2026-05-11,2026-04-30,11.0,19.3,Healthy
CUST00367,2026-06-25,2026-05-11,45.0,19.3,Healthy
CUST00367,2026-07-29,2026-06-25,34.0,19.3,Healthy
CUST00368,2024-11-22,,,106.0,At Risk
CUST00368,2025-03-01,2024-11-22,99.0,106.0,At Risk
CUST00368,2025-05-26,2025-03-01,86.0,106.0,At Risk
CUST00368,2026-03-21,2025-05-26,299.0,106.0,At Risk
CUST00368,2026-04-27,2026-03-21,37.0,106.0,At Risk
CUST00368,2026-05-06,2026-04-27,9.0,106.0,At Risk
CUST00369,2026-01-18,,,62.7,At Risk
CUST00369,2026-03-11,2026-01-18,52.0,62.7,At Risk
CUST00369,2026-03-12,2026-03-11,1.0,62.7,At Risk
CUST00369,2026-07-25,2026-03-12,135.0,62.7,At Risk
CUST00370,2026-05-01,,,5.1,Healthy
CUST00370,2026-05-03,2026-05-01,2.0,5.1,Healthy
CUST00370,2026-05-16,2026-05-03,13.0,5.1,Healthy
CUST00370,2026-05-17,2026-05-16,1.0,5.1,Healthy
CUST00370,2026-05-20,2026-05-17,3.0,5.1,Healthy
CUST00370,2026-05-27,2026-05-20,7.0,5.1,Healthy
CUST00370,2026-06-01,2026-05-27,5.0,5.1,Healthy
CUST00370,2026-06-08,2026-06-01,7.0,5.1,Healthy
CUST00370,2026-06-12,2026-06-08,4.0,5.1,Healthy
CUST00370,2026-06-16,2026-06-12,4.0,5.1,Healthy
CUST00371,2026-03-08,,,60.5,At Risk
CUST00371,2026-06-04,2026-03-08,88.0,60.5,At Risk
CUST00371,2026-07-07,2026-06-04,33.0,60.5,At Risk
CUST00372,2026-03-06,,,18.4,Healthy
CUST00372,2026-05-10,2026-03-06,65.0,18.4,Healthy
CUST00372,2026-05-22,2026-05-10,12.0,18.4,Healthy
CUST00372,2026-05-29,2026-05-22,7.0,18.4,Healthy
CUST00372,2026-06-17,2026-05-29,19.0,18.4,Healthy
CUST00372,2026-06-28,2026-06-17,11.0,18.4,Healthy
CUST00372,2026-07-09,2026-06-28,11.0,18.4,Healthy
CUST00372,2026-07-13,2026-07-09,4.0,18.4,Healthy
CUST00372,2026-07-31,2026-07-13,18.0,18.4,Healthy
CUST00373,2026-02-14,,,13.0,Healthy
CUST00373,2026-02-27,2026-02-14,13.0,13.0,Healthy
CUST00374,2025-01-18,,,123.5,At Risk
CUST00374,2025-04-02,2025-01-18,74.0,123.5,At Risk
CUST00374,2025-06-30,2025-04-02,89.0,123.5,At Risk
CUST00374,2026-02-12,2025-06-30,227.0,123.5,At Risk
CUST00374,2026-05-27,2026-02-12,104.0,123.5,At Risk
CUST00375,2025-09-04,,,149.5,At Risk
CUST00375,2026-01-22,2025-09-04,140.0,149.5,At Risk
CUST00375,2026-06-30,2026-01-22,159.0,149.5,At Risk
CUST00376,2025-12-15,,,26.0,Healthy
CUST00376,2026-01-26,2025-12-15,42.0,26.0,Healthy
CUST00376,2026-03-19,2026-01-26,52.0,26.0,Healthy
CUST00376,2026-04-08,2026-03-19,20.0,26.0,Healthy
CUST00376,2026-04-13,2026-04-08,5.0,26.0,Healthy
CUST00376,2026-04-16,2026-04-13,3.0,26.0,Healthy
CUST00376,2026-05-19,2026-04-16,33.0,26.0,Healthy
CUST00376,2026-05-27,2026-05-19,8.0,26.0,Healthy
CUST00376,2026-07-11,2026-05-27,45.0,26.0,Healthy
CUST00377,2026-03-29,,,110.0,At Risk
CUST00377,2026-07-17,2026-03-29,110.0,110.0,At Risk
CUST00379,2026-03-24,,,,Single Order
CUST00380,2025-06-20,,,53.9,At Risk
CUST00380,2025-07-28,2025-06-20,38.0,53.9,At Risk
CUST00380,2025-11-27,2025-07-28,122.0,53.9,At Risk
CUST00380,2026-01-27,2025-11-27,61.0,53.9,At Risk
CUST00380,2026-01-29,2026-01-27,2.0,53.9,At Risk
CUST00380,2026-03-01,2026-01-29,31.0,53.9,At Risk
CUST00380,2026-03-19,2026-03-01,18.0,53.9,At Risk
CUST00380,2026-07-02,2026-03-19,105.0,53.9,At Risk
CUST00381,2025-09-07,,,,Single Order
CUST00382,2025-09-21,,,37.8,At Risk
CUST00382,2025-11-23,2025-09-21,63.0,37.8,At Risk
CUST00382,2025-12-23,2025-11-23,30.0,37.8,At Risk
CUST00382,2025-12-28,2025-12-23,5.0,37.8,At Risk
CUST00382,2026-02-22,2025-12-28,56.0,37.8,At Risk
CUST00382,2026-03-29,2026-02-22,35.0,37.8,At Risk
CUST00383,2025-09-03,,,28.9,Healthy
CUST00383,2025-09-30,2025-09-03,27.0,28.9,Healthy
CUST00383,2025-10-17,2025-09-30,17.0,28.9,Healthy
CUST00383,2025-10-24,2025-10-17,7.0,28.9,Healthy
CUST00383,2025-11-16,2025-10-24,23.0,28.9,Healthy
CUST00383,2025-12-22,2025-11-16,36.0,28.9,Healthy
CUST00383,2026-01-09,2025-12-22,18.0,28.9,Healthy
CUST00383,2026-01-19,2026-01-09,10.0,28.9,Healthy
CUST00383,2026-03-07,2026-01-19,47.0,28.9,Healthy
CUST00383,2026-05-26,2026-03-07,80.0,28.9,Healthy
CUST00383,2026-06-10,2026-05-26,15.0,28.9,Healthy
CUST00383,2026-07-18,2026-06-10,38.0,28.9,Healthy
CUST00384,2024-12-19,,,88.5,At Risk
CUST00384,2025-01-29,2024-12-19,41.0,88.5,At Risk
CUST00384,2025-06-14,2025-01-29,136.0,88.5,At Risk
CUST00385,2025-12-21,,,36.5,At Risk
CUST00385,2026-01-17,2025-12-21,27.0,36.5,At Risk
CUST00385,2026-03-07,2026-01-17,49.0,36.5,At Risk
CUST00385,2026-03-08,2026-03-07,1.0,36.5,At Risk
CUST00385,2026-05-10,2026-03-08,63.0,36.5,At Risk
CUST00385,2026-05-24,2026-05-10,14.0,36.5,At Risk
CUST00385,2026-07-28,2026-05-24,65.0,36.5,At Risk
CUST00386,2026-04-17,,,19.0,Healthy
CUST00386,2026-05-06,2026-04-17,19.0,19.0,Healthy
CUST00387,2026-04-13,,,50.0,At Risk
CUST00387,2026-04-20,2026-04-13,7.0,50.0,At Risk
CUST00387,2026-07-22,2026-04-20,93.0,50.0,At Risk
CUST00389,2024-09-17,,,84.6,At Risk
CUST00389,2025-02-22,2024-09-17,158.0,84.6,At Risk
CUST00389,2025-04-26,2025-02-22,63.0,84.6,At Risk
CUST00389,2025-06-11,2025-04-26,46.0,84.6,At Risk
CUST00389,2025-09-06,2025-06-11,87.0,84.6,At Risk
CUST00389,2025-10-08,2025-09-06,32.0,84.6,At Risk
CUST00389,2026-01-18,2025-10-08,102.0,84.6,At Risk
CUST00389,2026-05-02,2026-01-18,104.0,84.6,At Risk
CUST00390,2025-01-23,,,138.5,At Risk
CUST00390,2025-02-07,2025-01-23,15.0,138.5,At Risk
CUST00390,2025-06-28,2025-02-07,141.0,138.5,At Risk
CUST00390,2025-11-02,2025-06-28,127.0,138.5,At Risk
CUST00390,2026-07-31,2025-11-02,271.0,138.5,At Risk
CUST00391,2026-03-16,,,34.5,At Risk
CUST00391,2026-05-16,2026-03-16,61.0,34.5,At Risk
CUST00391,2026-06-21,2026-05-16,36.0,34.5,At Risk
CUST00391,2026-07-09,2026-06-21,18.0,34.5,At Risk
CUST00391,2026-08-01,2026-07-09,23.0,34.5,At Risk
CUST00393,2025-02-02,,,87.8,At Risk
CUST00393,2025-02-04,2025-02-02,2.0,87.8,At Risk
CUST00393,2025-02-21,2025-02-04,17.0,87.8,At Risk
CUST00393,2025-05-24,2025-02-21,92.0,87.8,At Risk
CUST00393,2025-09-30,2025-05-24,129.0,87.8,At Risk
CUST00393,2025-12-12,2025-09-30,73.0,87.8,At Risk
CUST00393,2026-07-14,2025-12-12,214.0,87.8,At Risk
CUST00395,2025-12-01,,,37.7,At Risk
CUST00395,2026-01-13,2025-12-01,43.0,37.7,At Risk
CUST00395,2026-03-20,2026-01-13,66.0,37.7,At Risk
CUST00395,2026-03-24,2026-03-20,4.0,37.7,At Risk
CUST00397,2025-11-15,,,30.7,At Risk
CUST00397,2026-01-15,2025-11-15,61.0,30.7,At Risk
CUST00397,2026-03-19,2026-01-15,63.0,30.7,At Risk
CUST00397,2026-05-25,2026-03-19,67.0,30.7,At Risk
CUST00397,2026-05-29,2026-05-25,4.0,30.7,At Risk
CUST00397,2026-06-14,2026-05-29,16.0,30.7,At Risk
CUST00397,2026-06-14,2026-06-14,0.0,30.7,At Risk
CUST00397,2026-06-18,2026-06-14,4.0,30.7,At Risk
CUST00398,2025-07-23,,,37.6,At Risk
CUST00398,2025-08-26,2025-07-23,34.0,37.6,At Risk
CUST00398,2025-09-22,2025-08-26,27.0,37.6,At Risk
CUST00398,2025-11-24,2025-09-22,63.0,37.6,At Risk
CUST00398,2026-01-05,2025-11-24,42.0,37.6,At Risk
CUST00398,2026-02-14,2026-01-05,40.0,37.6,At Risk
CUST00398,2026-03-30,2026-02-14,44.0,37.6,At Risk
CUST00398,2026-05-21,2026-03-30,52.0,37.6,At Risk
CUST00398,2026-06-14,2026-05-21,24.0,37.6,At Risk
CUST00398,2026-06-26,2026-06-14,12.0,37.6,At Risk
CUST00399,2026-03-22,,,56.0,At Risk
CUST00399,2026-05-17,2026-03-22,56.0,56.0,At Risk
CUST00400,2024-11-06,,,86.0,At Risk
CUST00400,2024-11-12,2024-11-06,6.0,86.0,At Risk
CUST00400,2024-12-28,2024-11-12,46.0,86.0,At Risk
CUST00400,2025-03-25,2024-12-28,87.0,86.0,At Risk
CUST00400,2025-07-23,2025-03-25,120.0,86.0,At Risk
CUST00400,2026-01-24,2025-07-23,185.0,86.0,At Risk
CUST00400,2026-05-18,2026-01-24,114.0,86.0,At Risk
CUST00400,2026-07-01,2026-05-18,44.0,86.0,At Risk
CUST00401,2024-09-25,,,30.0,Healthy
CUST00401,2024-09-26,2024-09-25,1.0,30.0,Healthy
CUST00401,2024-10-12,2024-09-26,16.0,30.0,Healthy
CUST00401,2024-10-16,2024-10-12,4.0,30.0,Healthy
CUST00401,2024-11-10,2024-10-16,25.0,30.0,Healthy
CUST00401,2024-11-10,2024-11-10,0.0,30.0,Healthy
CUST00401,2024-11-27,2024-11-10,17.0,30.0,Healthy
CUST00401,2024-12-14,2024-11-27,17.0,30.0,Healthy
CUST00401,2024-12-26,2024-12-14,12.0,30.0,Healthy
CUST00401,2024-12-31,2024-12-26,5.0,30.0,Healthy
CUST00401,2025-02-23,2024-12-31,54.0,30.0,Healthy
CUST00401,2025-02-25,2025-02-23,2.0,30.0,Healthy
CUST00401,2025-03-29,2025-02-25,32.0,30.0,Healthy
CUST00401,2025-04-14,2025-03-29,16.0,30.0,Healthy
CUST00401,2025-05-03,2025-04-14,19.0,30.0,Healthy
CUST00401,2025-06-21,2025-05-03,49.0,30.0,Healthy
CUST00401,2025-09-20,2025-06-21,91.0,30.0,Healthy
CUST00401,2025-10-10,2025-09-20,20.0,30.0,Healthy
CUST00401,2025-10-17,2025-10-10,7.0,30.0,Healthy
CUST00401,2026-05-10,2025-10-17,205.0,30.0,Healthy
CUST00401,2026-06-01,2026-05-10,22.0,30.0,Healthy
CUST00401,2026-06-17,2026-06-01,16.0,30.0,Healthy
CUST00403,2026-01-19,,,154.0,At Risk
CUST00403,2026-06-22,2026-01-19,154.0,154.0,At Risk
CUST00404,2025-08-25,,,84.8,At Risk
CUST00404,2025-09-10,2025-08-25,16.0,84.8,At Risk
CUST00404,2026-01-05,2025-09-10,117.0,84.8,At Risk
CUST00404,2026-07-27,2026-01-05,203.0,84.8,At Risk
CUST00404,2026-07-30,2026-07-27,3.0,84.8,At Risk
CUST00405,2025-09-26,,,32.5,At Risk
CUST00405,2025-10-28,2025-09-26,32.0,32.5,At Risk
CUST00405,2025-12-14,2025-10-28,47.0,32.5,At Risk
CUST00405,2026-01-04,2025-12-14,21.0,32.5,At Risk
CUST00405,2026-01-31,2026-01-04,27.0,32.5,At Risk
CUST00405,2026-03-22,2026-01-31,50.0,32.5,At Risk
CUST00405,2026-04-09,2026-03-22,18.0,32.5,At Risk
CUST00406,2025-02-19,,,219.0,At Risk
CUST00406,2025-09-26,2025-02-19,219.0,219.0,At Risk
CUST00407,2025-10-30,,,51.4,At Risk
CUST00407,2025-11-30,2025-10-30,31.0,51.4,At Risk
CUST00407,2025-12-02,2025-11-30,2.0,51.4,At Risk
CUST00407,2026-05-24,2025-12-02,173.0,51.4,At Risk
CUST00407,2026-06-30,2026-05-24,37.0,51.4,At Risk
CUST00407,2026-07-14,2026-06-30,14.0,51.4,At Risk
CUST00408,2026-03-19,,,49.0,At Risk
CUST00408,2026-05-14,2026-03-19,56.0,49.0,At Risk
CUST00408,2026-06-25,2026-05-14,42.0,49.0,At Risk
CUST00409,2026-01-11,,,43.8,At Risk
CUST00409,2026-03-18,2026-01-11,66.0,43.8,At Risk
CUST00409,2026-06-06,2026-03-18,80.0,43.8,At Risk
CUST00409,2026-06-27,2026-06-06,21.0,43.8,At Risk
CUST00409,2026-07-05,2026-06-27,8.0,43.8,At Risk
CUST00411,2026-01-25,,,18.0,Healthy
CUST00411,2026-02-10,2026-01-25,16.0,18.0,Healthy
CUST00411,2026-02-19,2026-02-10,9.0,18.0,Healthy
CUST00411,2026-02-27,2026-02-19,8.0,18.0,Healthy
CUST00411,2026-03-14,2026-02-27,15.0,18.0,Healthy
CUST00411,2026-03-15,2026-03-14,1.0,18.0,Healthy
CUST00411,2026-05-23,2026-03-15,69.0,18.0,Healthy
CUST00411,2026-06-22,2026-05-23,30.0,18.0,Healthy
CUST00411,2026-06-25,2026-06-22,3.0,18.0,Healthy
CUST00411,2026-07-07,2026-06-25,12.0,18.0,Healthy
CUST00411,2026-07-24,2026-07-07,17.0,18.0,Healthy
CUST00412,2026-01-02,,,40.3,At Risk
CUST00412,2026-01-18,2026-01-02,16.0,40.3,At Risk
CUST00412,2026-02-21,2026-01-18,34.0,40.3,At Risk
CUST00412,2026-05-03,2026-02-21,71.0,40.3,At Risk
CUST00415,2024-09-01,,,192.0,At Risk
CUST00415,2025-01-27,2024-09-01,148.0,192.0,At Risk
CUST00415,2025-09-20,2025-01-27,236.0,192.0,At Risk
CUST00416,2026-01-30,,,29.6,Healthy
CUST00416,2026-02-02,2026-01-30,3.0,29.6,Healthy
CUST00416,2026-04-10,2026-02-02,67.0,29.6,Healthy
CUST00416,2026-05-03,2026-04-10,23.0,29.6,Healthy
CUST00416,2026-05-19,2026-05-03,16.0,29.6,Healthy
CUST00416,2026-06-27,2026-05-19,39.0,29.6,Healthy
CUST00417,2024-12-27,,,132.3,At Risk
CUST00417,2025-05-13,2024-12-27,137.0,132.3,At Risk
CUST00417,2025-05-14,2025-05-13,1.0,132.3,At Risk
CUST00417,2025-07-24,2025-05-14,71.0,132.3,At Risk
CUST00417,2026-06-09,2025-07-24,320.0,132.3,At Risk
CUST00418,2025-05-20,,,72.4,At Risk
CUST00418,2025-08-14,2025-05-20,86.0,72.4,At Risk
CUST00418,2025-09-28,2025-08-14,45.0,72.4,At Risk
CUST00418,2025-11-05,2025-09-28,38.0,72.4,At Risk
CUST00418,2026-01-27,2025-11-05,83.0,72.4,At Risk
CUST00418,2026-05-17,2026-01-27,110.0,72.4,At Risk
CUST00419,2025-10-22,,,21.9,Healthy
CUST00419,2025-10-24,2025-10-22,2.0,21.9,Healthy
CUST00419,2025-10-29,2025-10-24,5.0,21.9,Healthy
CUST00419,2025-12-15,2025-10-29,47.0,21.9,Healthy
CUST00419,2026-02-24,2025-12-15,71.0,21.9,Healthy
CUST00419,2026-03-24,2026-02-24,28.0,21.9,Healthy
CUST00419,2026-04-27,2026-03-24,34.0,21.9,Healthy
CUST00419,2026-04-28,2026-04-27,1.0,21.9,Healthy
CUST00419,2026-05-08,2026-04-28,10.0,21.9,Healthy
CUST00419,2026-05-22,2026-05-08,14.0,21.9,Healthy
CUST00419,2026-06-01,2026-05-22,10.0,21.9,Healthy
CUST00419,2026-07-09,2026-06-01,38.0,21.9,Healthy
CUST00419,2026-07-12,2026-07-09,3.0,21.9,Healthy
CUST00420,2024-11-28,,,130.0,At Risk
CUST00420,2025-04-08,2024-11-28,131.0,130.0,At Risk
CUST00420,2025-05-22,2025-04-08,44.0,130.0,At Risk
CUST00420,2025-11-24,2025-05-22,186.0,130.0,At Risk
CUST00420,2026-05-02,2025-11-24,159.0,130.0,At Risk
CUST00421,2026-02-23,,,28.4,Healthy
CUST00421,2026-02-28,2026-02-23,5.0,28.4,Healthy
CUST00421,2026-03-18,2026-02-28,18.0,28.4,Healthy
CUST00421,2026-04-30,2026-03-18,43.0,28.4,Healthy
CUST00421,2026-05-07,2026-04-30,7.0,28.4,Healthy
CUST00421,2026-07-15,2026-05-07,69.0,28.4,Healthy
CUST00422,2026-01-29,,,,Single Order
CUST00423,2024-11-26,,,28.8,Healthy
CUST00423,2025-01-03,2024-11-26,38.0,28.8,Healthy
CUST00423,2025-03-22,2025-01-03,78.0,28.8,Healthy
CUST00423,2025-04-12,2025-03-22,21.0,28.8,Healthy
CUST00423,2025-05-19,2025-04-12,37.0,28.8,Healthy
CUST00423,2025-06-03,2025-05-19,15.0,28.8,Healthy
CUST00423,2025-06-28,2025-06-03,25.0,28.8,Healthy
CUST00423,2025-07-09,2025-06-28,11.0,28.8,Healthy
CUST00423,2025-07-26,2025-07-09,17.0,28.8,Healthy
CUST00423,2025-08-17,2025-07-26,22.0,28.8,Healthy
CUST00423,2025-09-09,2025-08-17,23.0,28.8,Healthy
CUST00423,2025-10-07,2025-09-09,28.0,28.8,Healthy
CUST00423,2025-10-12,2025-10-07,5.0,28.8,Healthy
CUST00423,2025-10-28,2025-10-12,16.0,28.8,Healthy
CUST00423,2025-12-18,2025-10-28,51.0,28.8,Healthy
CUST00423,2026-04-19,2025-12-18,122.0,28.8,Healthy
CUST00423,2026-04-19,2026-04-19,0.0,28.8,Healthy
CUST00423,2026-05-08,2026-04-19,19.0,28.8,Healthy
CUST00423,2026-05-13,2026-05-08,5.0,28.8,Healthy
CUST00423,2026-06-03,2026-05-13,21.0,28.8,Healthy
CUST00423,2026-06-25,2026-06-03,22.0,28.8,Healthy
CUST00424,2025-07-09,,,37.1,At Risk
CUST00424,2025-07-11,2025-07-09,2.0,37.1,At Risk
CUST00424,2025-07-18,2025-07-11,7.0,37.1,At Risk
CUST00424,2025-07-24,2025-07-18,6.0,37.1,At Risk
CUST00424,2025-12-19,2025-07-24,148.0,37.1,At Risk
CUST00424,2026-01-05,2025-12-19,17.0,37.1,At Risk
CUST00424,2026-01-27,2026-01-05,22.0,37.1,At Risk
CUST00424,2026-02-23,2026-01-27,27.0,37.1,At Risk
CUST00424,2026-05-28,2026-02-23,94.0,37.1,At Risk
CUST00424,2026-06-10,2026-05-28,13.0,37.1,At Risk
CUST00424,2026-07-15,2026-06-10,35.0,37.1,At Risk
CUST00426,2025-04-25,,,71.2,At Risk
CUST00426,2025-05-20,2025-04-25,25.0,71.2,At Risk
CUST00426,2026-02-28,2025-05-20,284.0,71.2,At Risk
CUST00426,2026-03-26,2026-02-28,26.0,71.2,At Risk
CUST00426,2026-04-06,2026-03-26,11.0,71.2,At Risk
CUST00426,2026-06-16,2026-04-06,71.0,71.2,At Risk
CUST00426,2026-06-26,2026-06-16,10.0,71.2,At Risk
CUST00427,2025-06-20,,,101.8,At Risk
CUST00427,2025-06-27,2025-06-20,7.0,101.8,At Risk
CUST00427,2025-07-16,2025-06-27,19.0,101.8,At Risk
CUST00427,2025-09-07,2025-07-16,53.0,101.8,At Risk
CUST00427,2026-08-01,2025-09-07,328.0,101.8,At Risk
CUST00428,2025-07-22,,,92.3,At Risk
CUST00428,2026-06-06,2025-07-22,319.0,92.3,At Risk
CUST00428,2026-07-03,2026-06-06,27.0,92.3,At Risk
CUST00428,2026-07-06,2026-07-03,3.0,92.3,At Risk
CUST00428,2026-07-26,2026-07-06,20.0,92.3,At Risk
CUST00429,2025-07-25,,,52.7,At Risk
CUST00429,2025-10-12,2025-07-25,79.0,52.7,At Risk
CUST00429,2025-10-31,2025-10-12,19.0,52.7,At Risk
CUST00429,2025-12-14,2025-10-31,44.0,52.7,At Risk
CUST00429,2025-12-22,2025-12-14,8.0,52.7,At Risk
CUST00429,2026-02-22,2025-12-22,62.0,52.7,At Risk
CUST00429,2026-04-21,2026-02-22,58.0,52.7,At Risk
CUST00429,2026-07-29,2026-04-21,99.0,52.7,At Risk
CUST00430,2026-04-13,,,9.2,Healthy
CUST00430,2026-04-19,2026-04-13,6.0,9.2,Healthy
CUST00430,2026-04-20,2026-04-19,1.0,9.2,Healthy
CUST00430,2026-05-03,2026-04-20,13.0,9.2,Healthy
CUST00430,2026-06-05,2026-05-03,33.0,9.2,Healthy
CUST00430,2026-06-07,2026-06-05,2.0,9.2,Healthy
CUST00430,2026-06-10,2026-06-07,3.0,9.2,Healthy
CUST00430,2026-06-29,2026-06-10,19.0,9.2,Healthy
CUST00430,2026-07-15,2026-06-29,16.0,9.2,Healthy
CUST00430,2026-07-16,2026-07-15,1.0,9.2,Healthy
CUST00430,2026-07-22,2026-07-16,6.0,9.2,Healthy
CUST00430,2026-07-23,2026-07-22,1.0,9.2,Healthy
CUST00431,2025-10-03,,,150.0,At Risk
CUST00431,2026-02-10,2025-10-03,130.0,150.0,At Risk
CUST00431,2026-07-30,2026-02-10,170.0,150.0,At Risk
CUST00432,2025-11-18,,,49.0,At Risk
CUST00432,2026-01-18,2025-11-18,61.0,49.0,At Risk
CUST00432,2026-02-27,2026-01-18,40.0,49.0,At Risk
CUST00432,2026-04-10,2026-02-27,42.0,49.0,At Risk
CUST00432,2026-06-14,2026-04-10,65.0,49.0,At Risk
CUST00432,2026-07-21,2026-06-14,37.0,49.0,At Risk
CUST00433,2025-05-23,,,175.0,At Risk
CUST00433,2025-08-14,2025-05-23,83.0,175.0,At Risk
CUST00433,2026-05-08,2025-08-14,267.0,175.0,At Risk
CUST00434,2025-02-24,,,101.3,At Risk
CUST00434,2025-02-25,2025-02-24,1.0,101.3,At Risk
CUST00434,2025-08-23,2025-02-25,179.0,101.3,At Risk
CUST00434,2025-12-25,2025-08-23,124.0,101.3,At Risk
CUST00435,2024-11-26,,,145.8,At Risk
CUST00435,2025-05-29,2024-11-26,184.0,145.8,At Risk
CUST00435,2025-12-23,2025-05-29,208.0,145.8,At Risk
CUST00435,2026-02-27,2025-12-23,66.0,145.8,At Risk
CUST00435,2026-07-02,2026-02-27,125.0,145.8,At Risk
CUST00436,2024-12-15,,,197.7,At Risk
CUST00436,2025-01-01,2024-12-15,17.0,197.7,At Risk
CUST00436,2025-10-06,2025-01-01,278.0,197.7,At Risk
CUST00436,2026-07-31,2025-10-06,298.0,197.7,At Risk
CUST00437,2026-01-25,,,31.2,At Risk
CUST00437,2026-02-22,2026-01-25,28.0,31.2,At Risk
CUST00437,2026-05-02,2026-02-22,69.0,31.2,At Risk
CUST00437,2026-06-09,2026-05-02,38.0,31.2,At Risk
CUST00437,2026-06-13,2026-06-09,4.0,31.2,At Risk
CUST00437,2026-06-30,2026-06-13,17.0,31.2,At Risk
CUST00438,2025-04-10,,,43.8,At Risk
CUST00438,2025-04-10,2025-04-10,0.0,43.8,At Risk
CUST00438,2025-06-20,2025-04-10,71.0,43.8,At Risk
CUST00438,2025-08-10,2025-06-20,51.0,43.8,At Risk
CUST00438,2025-08-23,2025-08-10,13.0,43.8,At Risk
CUST00438,2025-09-03,2025-08-23,11.0,43.8,At Risk
CUST00438,2025-11-16,2025-09-03,74.0,43.8,At Risk
CUST00438,2025-12-29,2025-11-16,43.0,43.8,At Risk
CUST00438,2026-05-13,2025-12-29,135.0,43.8,At Risk
CUST00438,2026-05-22,2026-05-13,9.0,43.8,At Risk
CUST00438,2026-06-22,2026-05-22,31.0,43.8,At Risk
CUST00439,2025-10-02,,,24.9,Healthy
CUST00439,2025-10-19,2025-10-02,17.0,24.9,Healthy
CUST00439,2025-11-09,2025-10-19,21.0,24.9,Healthy
CUST00439,2025-11-24,2025-11-09,15.0,24.9,Healthy
CUST00439,2025-11-27,2025-11-24,3.0,24.9,Healthy
CUST00439,2025-12-25,2025-11-27,28.0,24.9,Healthy
CUST00439,2025-12-29,2025-12-25,4.0,24.9,Healthy
CUST00439,2026-03-03,2025-12-29,64.0,24.9,Healthy
CUST00439,2026-03-07,2026-03-03,4.0,24.9,Healthy
CUST00439,2026-04-21,2026-03-07,45.0,24.9,Healthy
CUST00439,2026-06-09,2026-04-21,49.0,24.9,Healthy
CUST00439,2026-07-03,2026-06-09,24.0,24.9,Healthy
CUST00440,2026-04-06,,,39.0,At Risk
CUST00440,2026-04-27,2026-04-06,21.0,39.0,At Risk
CUST00440,2026-05-20,2026-04-27,23.0,39.0,At Risk
CUST00440,2026-08-01,2026-05-20,73.0,39.0,At Risk
CUST00441,2025-05-13,,,43.3,At Risk
CUST00441,2025-05-13,2025-05-13,0.0,43.3,At Risk
CUST00441,2025-06-03,2025-05-13,21.0,43.3,At Risk
CUST00441,2025-06-21,2025-06-03,18.0,43.3,At Risk
CUST00441,2025-07-20,2025-06-21,29.0,43.3,At Risk
CUST00441,2025-07-24,2025-07-20,4.0,43.3,At Risk
CUST00441,2026-02-03,2025-07-24,194.0,43.3,At Risk
CUST00441,2026-03-12,2026-02-03,37.0,43.3,At Risk
CUST00442,2025-11-20,,,83.3,At Risk
CUST00442,2026-01-10,2025-11-20,51.0,83.3,At Risk
CUST00442,2026-01-11,2026-01-10,1.0,83.3,At Risk
CUST00442,2026-07-28,2026-01-11,198.0,83.3,At Risk
CUST00443,2025-06-12,,,131.0,At Risk
CUST00443,2025-11-09,2025-06-12,150.0,131.0,At Risk
CUST00443,2026-05-24,2025-11-09,196.0,131.0,At Risk
CUST00443,2026-07-10,2026-05-24,47.0,131.0,At Risk
CUST00444,2025-03-09,,,203.0,At Risk
CUST00444,2025-12-30,2025-03-09,296.0,203.0,At Risk
CUST00444,2026-04-19,2025-12-30,110.0,203.0,At Risk
CUST00445,2026-05-06,,,28.7,Healthy
CUST00445,2026-06-11,2026-05-06,36.0,28.7,Healthy
CUST00445,2026-06-28,2026-06-11,17.0,28.7,Healthy
CUST00445,2026-07-31,2026-06-28,33.0,28.7,Healthy
CUST00446,2025-06-07,,,165.5,At Risk
CUST00446,2025-08-08,2025-06-07,62.0,165.5,At Risk
CUST00446,2026-05-04,2025-08-08,269.0,165.5,At Risk
CUST00447,2025-09-14,,,19.5,Healthy
CUST00447,2025-09-30,2025-09-14,16.0,19.5,Healthy
CUST00447,2025-10-05,2025-09-30,5.0,19.5,Healthy
CUST00447,2025-11-22,2025-10-05,48.0,19.5,Healthy
CUST00447,2025-12-21,2025-11-22,29.0,19.5,Healthy
CUST00447,2026-01-19,2025-12-21,29.0,19.5,Healthy
CUST00447,2026-01-31,2026-01-19,12.0,19.5,Healthy
CUST00447,2026-02-05,2026-01-31,5.0,19.5,Healthy
CUST00447,2026-03-04,2026-02-05,27.0,19.5,Healthy
CUST00447,2026-03-27,2026-03-04,23.0,19.5,Healthy
CUST00447,2026-04-02,2026-03-27,6.0,19.5,Healthy
CUST00447,2026-04-11,2026-04-02,9.0,19.5,Healthy
CUST00447,2026-04-12,2026-04-11,1.0,19.5,Healthy
CUST00447,2026-04-22,2026-04-12,10.0,19.5,Healthy
CUST00447,2026-06-17,2026-04-22,56.0,19.5,Healthy
CUST00447,2026-07-04,2026-06-17,17.0,19.5,Healthy
CUST00448,2026-01-15,,,19.0,Healthy
CUST00448,2026-01-16,2026-01-15,1.0,19.0,Healthy
CUST00448,2026-03-03,2026-01-16,46.0,19.0,Healthy
CUST00448,2026-03-13,2026-03-03,10.0,19.0,Healthy
CUST00449,2026-04-03,,,23.5,Healthy
CUST00449,2026-05-10,2026-04-03,37.0,23.5,Healthy
CUST00449,2026-05-20,2026-05-10,10.0,23.5,Healthy
CUST00450,2026-02-21,,,36.3,At Risk
CUST00450,2026-03-25,2026-02-21,32.0,36.3,At Risk
CUST00450,2026-04-21,2026-03-25,27.0,36.3,At Risk
CUST00450,2026-05-12,2026-04-21,21.0,36.3,At Risk
CUST00450,2026-07-16,2026-05-12,65.0,36.3,At Risk
CUST00451,2026-02-20,,,38.8,At Risk
CUST00451,2026-03-25,2026-02-20,33.0,38.8,At Risk
CUST00451,2026-04-10,2026-03-25,16.0,38.8,At Risk
CUST00451,2026-07-09,2026-04-10,90.0,38.8,At Risk
CUST00451,2026-07-25,2026-07-09,16.0,38.8,At Risk
CUST00452,2025-06-15,,,33.8,At Risk
CUST00452,2025-06-25,2025-06-15,10.0,33.8,At Risk
CUST00452,2025-08-04,2025-06-25,40.0,33.8,At Risk
CUST00452,2025-09-01,2025-08-04,28.0,33.8,At Risk
CUST00452,2025-10-08,2025-09-01,37.0,33.8,At Risk
CUST00452,2025-10-26,2025-10-08,18.0,33.8,At Risk
CUST00452,2025-11-20,2025-10-26,25.0,33.8,At Risk
CUST00452,2026-02-14,2025-11-20,86.0,33.8,At Risk
CUST00452,2026-05-27,2026-02-14,102.0,33.8,At Risk
CUST00452,2026-06-01,2026-05-27,5.0,33.8,At Risk
CUST00452,2026-06-09,2026-06-01,8.0,33.8,At Risk
CUST00452,2026-06-27,2026-06-09,18.0,33.8,At Risk
CUST00452,2026-07-26,2026-06-27,29.0,33.8,At Risk
CUST00453,2026-01-12,,,24.0,Healthy
CUST00453,2026-01-27,2026-01-12,15.0,24.0,Healthy
CUST00453,2026-01-29,2026-01-27,2.0,24.0,Healthy
CUST00453,2026-02-26,2026-01-29,28.0,24.0,Healthy
CUST00453,2026-04-18,2026-02-26,51.0,24.0,Healthy
CUST00455,2026-06-21,,,20.0,Healthy
CUST00455,2026-07-09,2026-06-21,18.0,20.0,Healthy
CUST00455,2026-07-31,2026-07-09,22.0,20.0,Healthy
CUST00456,2025-05-16,,,78.7,At Risk
CUST00456,2025-12-16,2025-05-16,214.0,78.7,At Risk
CUST00456,2026-01-07,2025-12-16,22.0,78.7,At Risk
CUST00456,2026-01-07,2026-01-07,0.0,78.7,At Risk
CUST00459,2026-06-26,,,,Single Order
CUST00460,2024-12-17,,,53.9,At Risk
CUST00460,2025-02-09,2024-12-17,54.0,53.9,At Risk
CUST00460,2025-05-23,2025-02-09,103.0,53.9,At Risk
CUST00460,2025-06-12,2025-05-23,20.0,53.9,At Risk
CUST00460,2025-09-14,2025-06-12,94.0,53.9,At Risk
CUST00460,2025-11-15,2025-09-14,62.0,53.9,At Risk
CUST00460,2026-02-07,2025-11-15,84.0,53.9,At Risk
CUST00460,2026-03-17,2026-02-07,38.0,53.9,At Risk
CUST00460,2026-04-25,2026-03-17,39.0,53.9,At Risk
CUST00460,2026-05-03,2026-04-25,8.0,53.9,At Risk
CUST00460,2026-06-09,2026-05-03,37.0,53.9,At Risk
CUST00461,2025-03-23,,,66.7,At Risk
CUST00461,2025-04-06,2025-03-23,14.0,66.7,At Risk
CUST00461,2025-06-08,2025-04-06,63.0,66.7,At Risk
CUST00461,2025-08-12,2025-06-08,65.0,66.7,At Risk
CUST00461,2025-11-06,2025-08-12,86.0,66.7,At Risk
CUST00461,2025-11-23,2025-11-06,17.0,66.7,At Risk
CUST00461,2026-04-27,2025-11-23,155.0,66.7,At Risk
CUST00462,2025-12-17,,,34.0,At Risk
CUST00462,2026-02-20,2025-12-17,65.0,34.0,At Risk
CUST00462,2026-04-09,2026-02-20,48.0,34.0,At Risk
CUST00462,2026-05-13,2026-04-09,34.0,34.0,At Risk
CUST00462,2026-05-18,2026-05-13,5.0,34.0,At Risk
CUST00462,2026-06-06,2026-05-18,19.0,34.0,At Risk
CUST00462,2026-07-09,2026-06-06,33.0,34.0,At Risk
CUST00463,2024-12-30,,,56.3,At Risk
CUST00463,2025-01-17,2024-12-30,18.0,56.3,At Risk
CUST00463,2025-01-29,2025-01-17,12.0,56.3,At Risk
CUST00463,2025-08-08,2025-01-29,191.0,56.3,At Risk
CUST00463,2025-10-22,2025-08-08,75.0,56.3,At Risk
CUST00463,2026-01-02,2025-10-22,72.0,56.3,At Risk
CUST00463,2026-01-19,2026-01-02,17.0,56.3,At Risk
CUST00463,2026-04-02,2026-01-19,73.0,56.3,At Risk
CUST00463,2026-04-14,2026-04-02,12.0,56.3,At Risk
CUST00463,2026-05-15,2026-04-14,31.0,56.3,At Risk
CUST00463,2026-07-16,2026-05-15,62.0,56.3,At Risk
CUST00464,2025-07-29,,,44.6,At Risk
CUST00464,2025-11-06,2025-07-29,100.0,44.6,At Risk
CUST00464,2025-11-20,2025-11-06,14.0,44.6,At Risk
CUST00464,2025-12-05,2025-11-20,15.0,44.6,At Risk
CUST00464,2026-02-03,2025-12-05,60.0,44.6,At Risk
CUST00464,2026-02-25,2026-02-03,22.0,44.6,At Risk
CUST00464,2026-03-02,2026-02-25,5.0,44.6,At Risk
CUST00464,2026-06-19,2026-03-02,109.0,44.6,At Risk
CUST00464,2026-07-21,2026-06-19,32.0,44.6,At Risk
CUST00465,2026-07-26,,,,Single Order
CUST00466,2026-01-14,,,196.0,At Risk
CUST00466,2026-07-29,2026-01-14,196.0,196.0,At Risk
CUST00467,2024-10-29,,,96.6,At Risk
CUST00467,2024-12-11,2024-10-29,43.0,96.6,At Risk
CUST00467,2025-07-31,2024-12-11,232.0,96.6,At Risk
CUST00467,2025-08-22,2025-07-31,22.0,96.6,At Risk
CUST00467,2025-12-15,2025-08-22,115.0,96.6,At Risk
CUST00467,2026-02-24,2025-12-15,71.0,96.6,At Risk
CUST00468,2025-04-13,,,156.7,At Risk
CUST00468,2025-10-19,2025-04-13,189.0,156.7,At Risk
CUST00468,2026-07-12,2025-10-19,266.0,156.7,At Risk
CUST00468,2026-07-27,2026-07-12,15.0,156.7,At Risk
CUST00469,2025-03-30,,,49.0,At Risk
CUST00469,2025-05-18,2025-03-30,49.0,49.0,At Risk
CUST00469,2025-07-23,2025-05-18,66.0,49.0,At Risk
CUST00469,2025-10-30,2025-07-23,99.0,49.0,At Risk
CUST00469,2025-11-03,2025-10-30,4.0,49.0,At Risk
CUST00469,2025-12-02,2025-11-03,29.0,49.0,At Risk
CUST00469,2026-01-18,2025-12-02,47.0,49.0,At Risk
CUST00470,2025-02-03,,,87.0,At Risk
CUST00470,2025-03-12,2025-02-03,37.0,87.0,At Risk
CUST00470,2025-04-01,2025-03-12,20.0,87.0,At Risk
CUST00470,2025-10-22,2025-04-01,204.0,87.0,At Risk
CUST00471,2026-05-21,,,,Single Order
CUST00472,2025-06-23,,,82.7,At Risk
CUST00472,2025-09-17,2025-06-23,86.0,82.7,At Risk
CUST00472,2025-10-13,2025-09-17,26.0,82.7,At Risk
CUST00472,2026-02-26,2025-10-13,136.0,82.7,At Risk
CUST00473,2026-01-18,,,,Single Order
CUST00474,2025-10-05,,,36.1,At Risk
CUST00474,2025-12-11,2025-10-05,67.0,36.1,At Risk
CUST00474,2026-01-01,2025-12-11,21.0,36.1,At Risk
CUST00474,2026-01-18,2026-01-01,17.0,36.1,At Risk
CUST00474,2026-01-18,2026-01-18,0.0,36.1,At Risk
CUST00474,2026-02-05,2026-01-18,18.0,36.1,At Risk
CUST00474,2026-04-22,2026-02-05,76.0,36.1,At Risk
CUST00474,2026-06-15,2026-04-22,54.0,36.1,At Risk
CUST00475,2025-12-14,,,92.5,At Risk
CUST00475,2026-04-06,2025-12-14,113.0,92.5,At Risk
CUST00475,2026-06-17,2026-04-06,72.0,92.5,At Risk
CUST00476,2025-01-19,,,46.6,At Risk
CUST00476,2025-01-31,2025-01-19,12.0,46.6,At Risk
CUST00476,2025-05-01,2025-01-31,90.0,46.6,At Risk
CUST00476,2025-05-18,2025-05-01,17.0,46.6,At Risk
CUST00476,2025-08-17,2025-05-18,91.0,46.6,At Risk
CUST00476,2025-08-24,2025-08-17,7.0,46.6,At Risk
CUST00476,2025-09-26,2025-08-24,33.0,46.6,At Risk
CUST00476,2025-10-04,2025-09-26,8.0,46.6,At Risk
CUST00476,2025-12-21,2025-10-04,78.0,46.6,At Risk
CUST00476,2026-01-25,2025-12-21,35.0,46.6,At Risk
CUST00476,2026-04-30,2026-01-25,95.0,46.6,At Risk
CUST00477,2025-08-28,,,61.0,At Risk
CUST00477,2025-09-12,2025-08-28,15.0,61.0,At Risk
CUST00477,2025-11-05,2025-09-12,54.0,61.0,At Risk
CUST00477,2026-02-14,2025-11-05,101.0,61.0,At Risk
CUST00477,2026-05-03,2026-02-14,78.0,61.0,At Risk
CUST00477,2026-06-29,2026-05-03,57.0,61.0,At Risk
CUST00478,2026-02-07,,,,Single Order
CUST00479,2025-11-04,,,31.3,At Risk
CUST00479,2025-11-13,2025-11-04,9.0,31.3,At Risk
CUST00479,2025-11-13,2025-11-13,0.0,31.3,At Risk
CUST00479,2025-12-13,2025-11-13,30.0,31.3,At Risk
CUST00479,2026-01-06,2025-12-13,24.0,31.3,At Risk
CUST00479,2026-01-24,2026-01-06,18.0,31.3,At Risk
CUST00479,2026-05-11,2026-01-24,107.0,31.3,At Risk
CUST00481,2026-01-07,,,43.5,At Risk
CUST00481,2026-01-12,2026-01-07,5.0,43.5,At Risk
CUST00481,2026-04-04,2026-01-12,82.0,43.5,At Risk
CUST00483,2026-03-04,,,18.7,Healthy
CUST00483,2026-03-19,2026-03-04,15.0,18.7,Healthy
CUST00483,2026-03-30,2026-03-19,11.0,18.7,Healthy
CUST00483,2026-04-29,2026-03-30,30.0,18.7,Healthy
CUST00484,2025-01-14,,,74.3,At Risk
CUST00484,2025-03-06,2025-01-14,51.0,74.3,At Risk
CUST00484,2025-07-07,2025-03-06,123.0,74.3,At Risk
CUST00484,2025-07-12,2025-07-07,5.0,74.3,At Risk
CUST00484,2025-11-07,2025-07-12,118.0,74.3,At Risk
CUST00485,2025-01-28,,,51.0,At Risk
CUST00485,2025-03-17,2025-01-28,48.0,51.0,At Risk
CUST00485,2026-02-12,2025-03-17,332.0,51.0,At Risk
CUST00485,2026-02-19,2026-02-12,7.0,51.0,At Risk
CUST00485,2026-03-11,2026-02-19,20.0,51.0,At Risk
CUST00485,2026-04-15,2026-03-11,35.0,51.0,At Risk
CUST00485,2026-05-09,2026-04-15,24.0,51.0,At Risk
CUST00485,2026-05-24,2026-05-09,15.0,51.0,At Risk
CUST00485,2026-06-01,2026-05-24,8.0,51.0,At Risk
CUST00485,2026-06-05,2026-06-01,4.0,51.0,At Risk
CUST00485,2026-06-22,2026-06-05,17.0,51.0,At Risk
CUST00486,2026-04-22,,,50.5,At Risk
CUST00486,2026-05-21,2026-04-22,29.0,50.5,At Risk
CUST00486,2026-08-01,2026-05-21,72.0,50.5,At Risk
CUST00487,2025-05-06,,,93.8,At Risk
CUST00487,2025-07-29,2025-05-06,84.0,93.8,At Risk
CUST00487,2025-09-29,2025-07-29,62.0,93.8,At Risk
CUST00487,2026-03-20,2025-09-29,172.0,93.8,At Risk
CUST00487,2026-05-16,2026-03-20,57.0,93.8,At Risk
CUST00488,2025-01-24,,,88.0,At Risk
CUST00488,2025-04-22,2025-01-24,88.0,88.0,At Risk
CUST00490,2025-01-28,,,68.8,At Risk
CUST00490,2025-02-03,2025-01-28,6.0,68.8,At Risk
CUST00490,2025-03-23,2025-02-03,48.0,68.8,At Risk
CUST00490,2025-05-05,2025-03-23,43.0,68.8,At Risk
CUST00490,2025-10-17,2025-05-05,165.0,68.8,At Risk
CUST00490,2026-05-25,2025-10-17,220.0,68.8,At Risk
CUST00490,2026-06-27,2026-05-25,33.0,68.8,At Risk
CUST00490,2026-07-18,2026-06-27,21.0,68.8,At Risk
CUST00490,2026-08-01,2026-07-18,14.0,68.8,At Risk
CUST00492,2026-03-14,,,105.0,At Risk
CUST00492,2026-06-27,2026-03-14,105.0,105.0,At Risk
CUST00493,2025-11-15,,,50.3,At Risk
CUST00493,2025-12-08,2025-11-15,23.0,50.3,At Risk
CUST00493,2026-03-17,2025-12-08,99.0,50.3,At Risk
CUST00493,2026-03-31,2026-03-17,14.0,50.3,At Risk
CUST00493,2026-06-04,2026-03-31,65.0,50.3,At Risk
CUST00495,2025-12-20,,,58.7,At Risk
CUST00495,2026-04-30,2025-12-20,131.0,58.7,At Risk
CUST00495,2026-05-04,2026-04-30,4.0,58.7,At Risk
CUST00495,2026-06-14,2026-05-04,41.0,58.7,At Risk
CUST00496,2026-03-28,,,14.7,Healthy
CUST00496,2026-04-01,2026-03-28,4.0,14.7,Healthy
CUST00496,2026-04-28,2026-04-01,27.0,14.7,Healthy
CUST00496,2026-05-12,2026-04-28,14.0,14.7,Healthy
CUST00496,2026-06-11,2026-05-12,30.0,14.7,Healthy
CUST00496,2026-06-24,2026-06-11,13.0,14.7,Healthy
CUST00496,2026-06-28,2026-06-24,4.0,14.7,Healthy
CUST00496,2026-07-09,2026-06-28,11.0,14.7,Healthy
CUST00497,2025-05-08,,,258.0,At Risk
CUST00497,2026-01-21,2025-05-08,258.0,258.0,At Risk
CUST00498,2025-11-16,,,69.7,At Risk
CUST00498,2026-03-05,2025-11-16,109.0,69.7,At Risk
CUST00498,2026-04-16,2026-03-05,42.0,69.7,At Risk
CUST00498,2026-06-13,2026-04-16,58.0,69.7,At Risk
CUST00499,2025-01-13,,,39.9,At Risk
CUST00499,2025-03-12,2025-01-13,58.0,39.9,At Risk
CUST00499,2025-05-01,2025-03-12,50.0,39.9,At Risk
CUST00499,2025-06-15,2025-05-01,45.0,39.9,At Risk
CUST00499,2025-10-15,2025-06-15,122.0,39.9,At Risk
CUST00499,2025-11-14,2025-10-15,30.0,39.9,At Risk
CUST00499,2025-11-22,2025-11-14,8.0,39.9,At Risk
CUST00499,2025-12-01,2025-11-22,9.0,39.9,At Risk
CUST00499,2026-02-10,2025-12-01,71.0,39.9,At Risk
CUST00499,2026-03-17,2026-02-10,35.0,39.9,At Risk
CUST00499,2026-04-07,2026-03-17,21.0,39.9,At Risk
CUST00499,2026-04-24,2026-04-07,17.0,39.9,At Risk
CUST00499,2026-05-09,2026-04-24,15.0,39.9,At Risk
CUST00499,2026-06-16,2026-05-09,38.0,39.9,At Risk
CUST00500,2025-10-11,,,37.5,At Risk
CUST00500,2025-12-23,2025-10-11,73.0,37.5,At Risk
CUST00500,2025-12-25,2025-12-23,2.0,37.5,At Risk
CUST00501,2025-11-16,,,48.2,At Risk
CUST00501,2025-11-28,2025-11-16,12.0,48.2,At Risk
CUST00501,2025-12-28,2025-11-28,30.0,48.2,At Risk
CUST00501,2026-02-10,2025-12-28,44.0,48.2,At Risk
CUST00501,2026-03-10,2026-02-10,28.0,48.2,At Risk
CUST00501,2026-07-15,2026-03-10,127.0,48.2,At Risk
CUST00502,2026-06-28,,,1.0,Healthy
CUST00502,2026-06-29,2026-06-28,1.0,1.0,Healthy
CUST00503,2024-09-09,,,137.0,At Risk
CUST00503,2024-10-03,2024-09-09,24.0,137.0,At Risk
CUST00503,2024-11-20,2024-10-03,48.0,137.0,At Risk
CUST00503,2026-02-01,2024-11-20,438.0,137.0,At Risk
CUST00503,2026-04-08,2026-02-01,66.0,137.0,At Risk
CUST00503,2026-07-26,2026-04-08,109.0,137.0,At Risk
CUST00504,2026-01-25,,,,Single Order
CUST00505,2025-07-10,,,278.0,At Risk
CUST00505,2026-04-14,2025-07-10,278.0,278.0,At Risk
CUST00506,2024-10-19,,,124.4,At Risk
CUST00506,2024-11-02,2024-10-19,14.0,124.4,At Risk
CUST00506,2025-01-18,2024-11-02,77.0,124.4,At Risk
CUST00506,2025-09-23,2025-01-18,248.0,124.4,At Risk
CUST00506,2026-01-30,2025-09-23,129.0,124.4,At Risk
CUST00506,2026-07-03,2026-01-30,154.0,124.4,At Risk
CUST00507,2025-07-27,,,45.6,At Risk
CUST00507,2025-08-23,2025-07-27,27.0,45.6,At Risk
CUST00507,2025-10-27,2025-08-23,65.0,45.6,At Risk
CUST00507,2025-11-04,2025-10-27,8.0,45.6,At Risk
CUST00507,2025-11-06,2025-11-04,2.0,45.6,At Risk
CUST00507,2026-02-07,2025-11-06,93.0,45.6,At Risk
CUST00507,2026-04-08,2026-02-07,60.0,45.6,At Risk
CUST00507,2026-06-06,2026-04-08,59.0,45.6,At Risk
CUST00507,2026-07-27,2026-06-06,51.0,45.6,At Risk
CUST00508,2026-05-08,,,20.7,Healthy
CUST00508,2026-05-20,2026-05-08,12.0,20.7,Healthy
CUST00508,2026-06-20,2026-05-20,31.0,20.7,Healthy
CUST00508,2026-07-09,2026-06-20,19.0,20.7,Healthy
CUST00509,2024-12-26,,,82.4,At Risk
CUST00509,2025-02-07,2024-12-26,43.0,82.4,At Risk
CUST00509,2025-04-16,2025-02-07,68.0,82.4,At Risk
CUST00509,2025-05-16,2025-04-16,30.0,82.4,At Risk
CUST00509,2025-09-12,2025-05-16,119.0,82.4,At Risk
CUST00509,2026-02-11,2025-09-12,152.0,82.4,At Risk
CUST00510,2026-02-03,,,105.0,At Risk
CUST00510,2026-05-19,2026-02-03,105.0,105.0,At Risk
CUST00511,2026-03-27,,,28.0,Healthy
CUST00511,2026-05-03,2026-03-27,37.0,28.0,Healthy
CUST00511,2026-05-22,2026-05-03,19.0,28.0,Healthy
CUST00512,2025-03-16,,,70.4,At Risk
CUST00512,2025-07-17,2025-03-16,123.0,70.4,At Risk
CUST00512,2025-10-23,2025-07-17,98.0,70.4,At Risk
CUST00512,2026-02-07,2025-10-23,107.0,70.4,At Risk
CUST00512,2026-03-15,2026-02-07,36.0,70.4,At Risk
CUST00512,2026-05-07,2026-03-15,53.0,70.4,At Risk
CUST00512,2026-07-16,2026-05-07,70.0,70.4,At Risk
CUST00512,2026-07-22,2026-07-16,6.0,70.4,At Risk
CUST00513,2025-05-25,,,75.8,At Risk
CUST00513,2025-06-20,2025-05-25,26.0,75.8,At Risk
CUST00513,2025-11-25,2025-06-20,158.0,75.8,At Risk
CUST00513,2025-11-26,2025-11-25,1.0,75.8,At Risk
CUST00513,2026-02-03,2025-11-26,69.0,75.8,At Risk
CUST00513,2026-06-08,2026-02-03,125.0,75.8,At Risk
CUST00514,2026-02-24,,,7.6,Healthy
CUST00514,2026-02-26,2026-02-24,2.0,7.6,Healthy
CUST00514,2026-03-01,2026-02-26,3.0,7.6,Healthy
CUST00514,2026-03-10,2026-03-01,9.0,7.6,Healthy
CUST00514,2026-03-11,2026-03-10,1.0,7.6,Healthy
CUST00514,2026-03-16,2026-03-11,5.0,7.6,Healthy
CUST00514,2026-03-16,2026-03-16,0.0,7.6,Healthy
CUST00514,2026-03-30,2026-03-16,14.0,7.6,Healthy
CUST00514,2026-04-09,2026-03-30,10.0,7.6,Healthy
CUST00514,2026-04-10,2026-04-09,1.0,7.6,Healthy
CUST00514,2026-04-14,2026-04-10,4.0,7.6,Healthy
CUST00514,2026-05-05,2026-04-14,21.0,7.6,Healthy
CUST00514,2026-05-26,2026-05-05,21.0,7.6,Healthy
CUST00516,2024-10-23,,,99.3,At Risk
CUST00516,2024-11-09,2024-10-23,17.0,99.3,At Risk
CUST00516,2025-09-14,2024-11-09,309.0,99.3,At Risk
CUST00516,2025-10-28,2025-09-14,44.0,99.3,At Risk
CUST00516,2025-12-09,2025-10-28,42.0,99.3,At Risk
CUST00516,2026-02-11,2025-12-09,64.0,99.3,At Risk
CUST00516,2026-06-11,2026-02-11,120.0,99.3,At Risk
CUST00517,2024-11-28,,,43.3,At Risk
CUST00517,2025-01-15,2024-11-28,48.0,43.3,At Risk
CUST00517,2025-02-28,2025-01-15,44.0,43.3,At Risk
CUST00517,2025-04-02,2025-02-28,33.0,43.3,At Risk
CUST00517,2025-04-03,2025-04-02,1.0,43.3,At Risk
CUST00517,2025-09-13,2025-04-03,163.0,43.3,At Risk
CUST00517,2025-10-16,2025-09-13,33.0,43.3,At Risk
CUST00517,2025-11-17,2025-10-16,32.0,43.3,At Risk
CUST00517,2026-01-19,2025-11-17,63.0,43.3,At Risk
CUST00517,2026-03-24,2026-01-19,64.0,43.3,At Risk
CUST00517,2026-05-06,2026-03-24,43.0,43.3,At Risk
CUST00517,2026-05-14,2026-05-06,8.0,43.3,At Risk
CUST00517,2026-05-24,2026-05-14,10.0,43.3,At Risk
CUST00517,2026-06-14,2026-05-24,21.0,43.3,At Risk
CUST00518,2025-10-13,,,27.6,Healthy
CUST00518,2025-10-20,2025-10-13,7.0,27.6,Healthy
CUST00518,2026-01-10,2025-10-20,82.0,27.6,Healthy
CUST00518,2026-01-15,2026-01-10,5.0,27.6,Healthy
CUST00518,2026-02-22,2026-01-15,38.0,27.6,Healthy
CUST00518,2026-02-28,2026-02-22,6.0,27.6,Healthy
CUST00519,2026-06-03,,,14.8,Healthy
CUST00519,2026-06-06,2026-06-03,3.0,14.8,Healthy
CUST00519,2026-07-01,2026-06-06,25.0,14.8,Healthy
CUST00519,2026-07-28,2026-07-01,27.0,14.8,Healthy
CUST00519,2026-08-01,2026-07-28,4.0,14.8,Healthy
CUST00520,2025-06-25,,,192.5,At Risk
CUST00520,2025-12-27,2025-06-25,185.0,192.5,At Risk
CUST00520,2026-07-15,2025-12-27,200.0,192.5,At Risk
CUST00521,2025-11-02,,,39.8,At Risk
CUST00521,2025-11-13,2025-11-02,11.0,39.8,At Risk
CUST00521,2026-01-15,2025-11-13,63.0,39.8,At Risk
CUST00521,2026-04-26,2026-01-15,101.0,39.8,At Risk
CUST00521,2026-06-01,2026-04-26,36.0,39.8,At Risk
CUST00521,2026-06-10,2026-06-01,9.0,39.8,At Risk
CUST00521,2026-06-29,2026-06-10,19.0,39.8,At Risk
CUST00523,2024-09-17,,,126.4,At Risk
CUST00523,2024-12-07,2024-09-17,81.0,126.4,At Risk
CUST00523,2025-02-26,2024-12-07,81.0,126.4,At Risk
CUST00523,2025-04-20,2025-02-26,53.0,126.4,At Risk
CUST00523,2026-05-09,2025-04-20,384.0,126.4,At Risk
CUST00523,2026-06-11,2026-05-09,33.0,126.4,At Risk
CUST00524,2025-11-24,,,27.3,Healthy
CUST00524,2025-12-14,2025-11-24,20.0,27.3,Healthy
CUST00524,2026-02-08,2025-12-14,56.0,27.3,Healthy
CUST00524,2026-02-14,2026-02-08,6.0,27.3,Healthy
CUST00525,2025-03-01,,,97.0,At Risk
CUST00525,2025-04-07,2025-03-01,37.0,97.0,At Risk
CUST00525,2025-04-15,2025-04-07,8.0,97.0,At Risk
CUST00525,2025-11-05,2025-04-15,204.0,97.0,At Risk
CUST00525,2026-04-21,2025-11-05,167.0,97.0,At Risk
CUST00525,2026-06-29,2026-04-21,69.0,97.0,At Risk
CUST00526,2026-02-04,,,26.8,Healthy
CUST00526,2026-03-06,2026-02-04,30.0,26.8,Healthy
CUST00526,2026-03-28,2026-03-06,22.0,26.8,Healthy
CUST00526,2026-04-16,2026-03-28,19.0,26.8,Healthy
CUST00526,2026-05-22,2026-04-16,36.0,26.8,Healthy
CUST00527,2026-01-31,,,23.9,Healthy
CUST00527,2026-03-12,2026-01-31,40.0,23.9,Healthy
CUST00527,2026-03-13,2026-03-12,1.0,23.9,Healthy
CUST00527,2026-03-16,2026-03-13,3.0,23.9,Healthy
CUST00527,2026-04-03,2026-03-16,18.0,23.9,Healthy
CUST00527,2026-06-19,2026-04-03,77.0,23.9,Healthy
CUST00527,2026-06-20,2026-06-19,1.0,23.9,Healthy
CUST00527,2026-07-17,2026-06-20,27.0,23.9,Healthy
CUST00528,2025-09-06,,,90.7,At Risk
CUST00528,2025-10-15,2025-09-06,39.0,90.7,At Risk
CUST00528,2026-04-05,2025-10-15,172.0,90.7,At Risk
CUST00528,2026-06-05,2026-04-05,61.0,90.7,At Risk
CUST00529,2025-11-24,,,43.0,At Risk
CUST00529,2026-03-15,2025-11-24,111.0,43.0,At Risk
CUST00529,2026-03-19,2026-03-15,4.0,43.0,At Risk
CUST00529,2026-04-02,2026-03-19,14.0,43.0,At Risk
CUST00530,2024-11-14,,,127.3,At Risk
CUST00530,2025-05-15,2024-11-14,182.0,127.3,At Risk
CUST00530,2025-07-10,2025-05-15,56.0,127.3,At Risk
CUST00530,2025-12-01,2025-07-10,144.0,127.3,At Risk
CUST00531,2025-07-29,,,42.6,At Risk
CUST00531,2025-07-31,2025-07-29,2.0,42.6,At Risk
CUST00531,2025-09-12,2025-07-31,43.0,42.6,At Risk
CUST00531,2025-10-18,2025-09-12,36.0,42.6,At Risk
CUST00531,2025-10-25,2025-10-18,7.0,42.6,At Risk
CUST00531,2026-02-27,2025-10-25,125.0,42.6,At Risk
CUST00532,2025-09-25,,,57.0,At Risk
CUST00532,2025-09-25,2025-09-25,0.0,57.0,At Risk
CUST00532,2026-01-17,2025-09-25,114.0,57.0,At Risk
CUST00533,2024-09-28,,,49.6,At Risk
CUST00533,2024-10-06,2024-09-28,8.0,49.6,At Risk
CUST00533,2024-11-02,2024-10-06,27.0,49.6,At Risk
CUST00533,2024-12-18,2024-11-02,46.0,49.6,At Risk
CUST00533,2025-03-15,2024-12-18,87.0,49.6,At Risk
CUST00533,2025-04-09,2025-03-15,25.0,49.6,At Risk
CUST00533,2025-06-07,2025-04-09,59.0,49.6,At Risk
CUST00533,2025-07-14,2025-06-07,37.0,49.6,At Risk
CUST00533,2025-09-08,2025-07-14,56.0,49.6,At Risk
CUST00533,2025-12-21,2025-09-08,104.0,49.6,At Risk
CUST00533,2026-01-10,2025-12-21,20.0,49.6,At Risk
CUST00533,2026-03-28,2026-01-10,77.0,49.6,At Risk
CUST00534,2024-11-17,,,40.9,At Risk
CUST00534,2025-02-04,2024-11-17,79.0,40.9,At Risk
CUST00534,2025-02-19,2025-02-04,15.0,40.9,At Risk
CUST00534,2025-05-02,2025-02-19,72.0,40.9,At Risk
CUST00534,2025-05-08,2025-05-02,6.0,40.9,At Risk
CUST00534,2025-07-26,2025-05-08,79.0,40.9,At Risk
CUST00534,2025-07-31,2025-07-26,5.0,40.9,At Risk
CUST00534,2025-10-07,2025-07-31,68.0,40.9,At Risk
CUST00534,2025-12-12,2025-10-07,66.0,40.9,At Risk
CUST00534,2025-12-19,2025-12-12,7.0,40.9,At Risk
CUST00534,2026-01-28,2025-12-19,40.0,40.9,At Risk
CUST00534,2026-02-10,2026-01-28,13.0,40.9,At Risk
CUST00535,2025-02-07,,,172.0,At Risk
CUST00535,2025-05-03,2025-02-07,85.0,172.0,At Risk
CUST00535,2026-03-18,2025-05-03,319.0,172.0,At Risk
CUST00535,2026-07-08,2026-03-18,112.0,172.0,At Risk
CUST00536,2026-03-03,,,35.7,At Risk
CUST00536,2026-03-20,2026-03-03,17.0,35.7,At Risk
CUST00536,2026-06-08,2026-03-20,80.0,35.7,At Risk
CUST00536,2026-06-18,2026-06-08,10.0,35.7,At Risk
CUST00537,2025-12-01,,,,Single Order
CUST00538,2025-08-16,,,79.0,At Risk
CUST00538,2025-12-08,2025-08-16,114.0,79.0,At Risk
CUST00538,2026-02-24,2025-12-08,78.0,79.0,At Risk
CUST00538,2026-04-10,2026-02-24,45.0,79.0,At Risk
CUST00539,2024-09-05,,,67.8,At Risk
CUST00539,2024-09-22,2024-09-05,17.0,67.8,At Risk
CUST00539,2024-11-06,2024-09-22,45.0,67.8,At Risk
CUST00539,2025-03-15,2024-11-06,129.0,67.8,At Risk
CUST00539,2025-07-27,2025-03-15,134.0,67.8,At Risk
CUST00539,2025-08-21,2025-07-27,25.0,67.8,At Risk
CUST00539,2025-09-19,2025-08-21,29.0,67.8,At Risk
CUST00539,2025-11-23,2025-09-19,65.0,67.8,At Risk
CUST00539,2026-01-15,2025-11-23,53.0,67.8,At Risk
CUST00539,2026-01-19,2026-01-15,4.0,67.8,At Risk
CUST00539,2026-07-15,2026-01-19,177.0,67.8,At Risk
CUST00541,2025-06-01,,,21.1,Healthy
CUST00541,2025-06-06,2025-06-01,5.0,21.1,Healthy
CUST00541,2025-08-26,2025-06-06,81.0,21.1,Healthy
CUST00541,2025-10-04,2025-08-26,39.0,21.1,Healthy
CUST00541,2025-10-15,2025-10-04,11.0,21.1,Healthy
CUST00541,2025-12-04,2025-10-15,50.0,21.1,Healthy
CUST00541,2025-12-07,2025-12-04,3.0,21.1,Healthy
CUST00541,2025-12-10,2025-12-07,3.0,21.1,Healthy
CUST00541,2025-12-10,2025-12-10,0.0,21.1,Healthy
CUST00541,2025-12-17,2025-12-10,7.0,21.1,Healthy
CUST00541,2025-12-31,2025-12-17,14.0,21.1,Healthy
CUST00541,2026-01-02,2025-12-31,2.0,21.1,Healthy
CUST00541,2026-01-16,2026-01-02,14.0,21.1,Healthy
CUST00541,2026-01-26,2026-01-16,10.0,21.1,Healthy
CUST00541,2026-02-18,2026-01-26,23.0,21.1,Healthy
CUST00541,2026-04-05,2026-02-18,46.0,21.1,Healthy
CUST00541,2026-05-04,2026-04-05,29.0,21.1,Healthy
CUST00542,2025-11-08,,,38.2,At Risk
CUST00542,2025-11-20,2025-11-08,12.0,38.2,At Risk
CUST00542,2026-03-19,2025-11-20,119.0,38.2,At Risk
CUST00542,2026-04-16,2026-03-19,28.0,38.2,At Risk
CUST00542,2026-05-04,2026-04-16,18.0,38.2,At Risk
CUST00542,2026-05-18,2026-05-04,14.0,38.2,At Risk
CUST00543,2026-02-12,,,77.0,At Risk
CUST00543,2026-04-30,2026-02-12,77.0,77.0,At Risk
CUST00544,2025-07-12,,,18.4,Healthy
CUST00544,2025-07-22,2025-07-12,10.0,18.4,Healthy
CUST00544,2025-07-23,2025-07-22,1.0,18.4,Healthy
CUST00544,2025-09-07,2025-07-23,46.0,18.4,Healthy
CUST00544,2025-10-26,2025-09-07,49.0,18.4,Healthy
CUST00544,2025-12-06,2025-10-26,41.0,18.4,Healthy
CUST00544,2025-12-17,2025-12-06,11.0,18.4,Healthy
CUST00544,2025-12-23,2025-12-17,6.0,18.4,Healthy
CUST00544,2026-02-12,2025-12-23,51.0,18.4,Healthy
CUST00544,2026-02-24,2026-02-12,12.0,18.4,Healthy
CUST00544,2026-02-25,2026-02-24,1.0,18.4,Healthy
CUST00544,2026-03-03,2026-02-25,6.0,18.4,Healthy
CUST00544,2026-04-01,2026-03-03,29.0,18.4,Healthy
CUST00544,2026-04-18,2026-04-01,17.0,18.4,Healthy
CUST00544,2026-04-18,2026-04-18,0.0,18.4,Healthy
CUST00544,2026-04-24,2026-04-18,6.0,18.4,Healthy
CUST00544,2026-05-08,2026-04-24,14.0,18.4,Healthy
CUST00544,2026-05-08,2026-05-08,0.0,18.4,Healthy
CUST00544,2026-05-31,2026-05-08,23.0,18.4,Healthy
CUST00544,2026-06-16,2026-05-31,16.0,18.4,Healthy
CUST00544,2026-07-15,2026-06-16,29.0,18.4,Healthy
CUST00545,2025-06-30,,,54.1,At Risk
CUST00545,2025-08-06,2025-06-30,37.0,54.1,At Risk
CUST00545,2025-09-05,2025-08-06,30.0,54.1,At Risk
CUST00545,2026-01-05,2025-09-05,122.0,54.1,At Risk
CUST00545,2026-01-08,2026-01-05,3.0,54.1,At Risk
CUST00545,2026-04-07,2026-01-08,89.0,54.1,At Risk
CUST00545,2026-04-21,2026-04-07,14.0,54.1,At Risk
CUST00545,2026-07-14,2026-04-21,84.0,54.1,At Risk
CUST00546,2026-05-02,,,20.8,Healthy
CUST00546,2026-05-08,2026-05-02,6.0,20.8,Healthy
CUST00546,2026-05-29,2026-05-08,21.0,20.8,Healthy
CUST00546,2026-06-05,2026-05-29,7.0,20.8,Healthy
CUST00546,2026-07-24,2026-06-05,49.0,20.8,Healthy
CUST00549,2025-06-08,,,41.6,At Risk
CUST00549,2025-06-29,2025-06-08,21.0,41.6,At Risk
CUST00549,2025-07-08,2025-06-29,9.0,41.6,At Risk
CUST00549,2025-10-16,2025-07-08,100.0,41.6,At Risk
CUST00549,2025-11-17,2025-10-16,32.0,41.6,At Risk
CUST00549,2025-12-11,2025-11-17,24.0,41.6,At Risk
CUST00549,2026-01-19,2025-12-11,39.0,41.6,At Risk
CUST00549,2026-03-26,2026-01-19,66.0,41.6,At Risk
CUST00550,2025-03-13,,,37.4,At Risk
CUST00550,2025-04-29,2025-03-13,47.0,37.4,At Risk
CUST00550,2025-05-14,2025-04-29,15.0,37.4,At Risk
CUST00550,2025-05-23,2025-05-14,9.0,37.4,At Risk
CUST00550,2025-08-12,2025-05-23,81.0,37.4,At Risk
CUST00550,2025-12-19,2025-08-12,129.0,37.4,At Risk
CUST00550,2026-02-09,2025-12-19,52.0,37.4,At Risk
CUST00550,2026-04-08,2026-02-09,58.0,37.4,At Risk
CUST00550,2026-04-23,2026-04-08,15.0,37.4,At Risk
CUST00550,2026-04-27,2026-04-23,4.0,37.4,At Risk
CUST00550,2026-06-08,2026-04-27,42.0,37.4,At Risk
CUST00550,2026-06-20,2026-06-08,12.0,37.4,At Risk
CUST00550,2026-07-10,2026-06-20,20.0,37.4,At Risk
CUST00550,2026-07-12,2026-07-10,2.0,37.4,At Risk
CUST00551,2025-01-27,,,99.2,At Risk
CUST00551,2025-04-02,2025-01-27,65.0,99.2,At Risk
CUST00551,2025-05-30,2025-04-02,58.0,99.2,At Risk
CUST00551,2025-11-03,2025-05-30,157.0,99.2,At Risk
CUST00551,2026-03-09,2025-11-03,126.0,99.2,At Risk
CUST00551,2026-06-07,2026-03-09,90.0,99.2,At Risk
CUST00552,2026-02-11,,,11.0,Healthy
CUST00552,2026-02-22,2026-02-11,11.0,11.0,Healthy
CUST00553,2024-12-14,,,64.1,At Risk
CUST00553,2025-01-06,2024-12-14,23.0,64.1,At Risk
CUST00553,2025-04-16,2025-01-06,100.0,64.1,At Risk
CUST00553,2025-05-15,2025-04-16,29.0,64.1,At Risk
CUST00553,2026-01-17,2025-05-15,247.0,64.1,At Risk
CUST00553,2026-02-21,2026-01-17,35.0,64.1,At Risk
CUST00553,2026-05-18,2026-02-21,86.0,64.1,At Risk
CUST00553,2026-06-12,2026-05-18,25.0,64.1,At Risk
CUST00553,2026-07-09,2026-06-12,27.0,64.1,At Risk
CUST00553,2026-07-14,2026-07-09,5.0,64.1,At Risk
CUST00554,2025-05-02,,,53.6,At Risk
CUST00554,2025-08-21,2025-05-02,111.0,53.6,At Risk
CUST00554,2025-10-07,2025-08-21,47.0,53.6,At Risk
CUST00554,2025-12-13,2025-10-07,67.0,53.6,At Risk
CUST00554,2025-12-30,2025-12-13,17.0,53.6,At Risk
CUST00554,2026-01-08,2025-12-30,9.0,53.6,At Risk
CUST00554,2026-01-26,2026-01-08,18.0,53.6,At Risk
CUST00554,2026-02-12,2026-01-26,17.0,53.6,At Risk
CUST00554,2026-07-05,2026-02-12,143.0,53.6,At Risk
CUST00555,2026-04-09,,,36.7,At Risk
CUST00555,2026-05-10,2026-04-09,31.0,36.7,At Risk
CUST00555,2026-07-08,2026-05-10,59.0,36.7,At Risk
CUST00555,2026-07-28,2026-07-08,20.0,36.7,At Risk
CUST00556,2025-12-04,,,23.4,Healthy
CUST00556,2025-12-05,2025-12-04,1.0,23.4,Healthy
CUST00556,2025-12-16,2025-12-05,11.0,23.4,Healthy
CUST00556,2026-01-22,2025-12-16,37.0,23.4,Healthy
CUST00556,2026-04-24,2026-01-22,92.0,23.4,Healthy
CUST00556,2026-04-27,2026-04-24,3.0,23.4,Healthy
CUST00556,2026-04-29,2026-04-27,2.0,23.4,Healthy
CUST00556,2026-05-17,2026-04-29,18.0,23.4,Healthy
CUST00557,2024-10-04,,,91.0,At Risk
CUST00557,2024-10-23,2024-10-04,19.0,91.0,At Risk
CUST00557,2025-04-15,2024-10-23,174.0,91.0,At Risk
CUST00557,2026-01-10,2025-04-15,270.0,91.0,At Risk
CUST00557,2026-03-19,2026-01-10,68.0,91.0,At Risk
CUST00557,2026-03-26,2026-03-19,7.0,91.0,At Risk
CUST00557,2026-04-03,2026-03-26,8.0,91.0,At Risk
CUST00558,2025-10-25,,,52.2,At Risk
CUST00558,2026-04-10,2025-10-25,167.0,52.2,At Risk
CUST00558,2026-05-06,2026-04-10,26.0,52.2,At Risk
CUST00558,2026-05-16,2026-05-06,10.0,52.2,At Risk
CUST00558,2026-05-26,2026-05-16,10.0,52.2,At Risk
CUST00558,2026-07-13,2026-05-26,48.0,52.2,At Risk
CUST00559,2025-08-19,,,150.5,At Risk
CUST00559,2026-06-08,2025-08-19,293.0,150.5,At Risk
CUST00559,2026-06-16,2026-06-08,8.0,150.5,At Risk
CUST00561,2026-03-27,,,13.3,Healthy
CUST00561,2026-04-17,2026-03-27,21.0,13.3,Healthy
CUST00561,2026-05-12,2026-04-17,25.0,13.3,Healthy
CUST00561,2026-05-19,2026-05-12,7.0,13.3,Healthy
CUST00561,2026-05-22,2026-05-19,3.0,13.3,Healthy
CUST00561,2026-05-29,2026-05-22,7.0,13.3,Healthy
CUST00561,2026-06-15,2026-05-29,17.0,13.3,Healthy
CUST00562,2025-10-05,,,32.4,At Risk
CUST00562,2025-11-05,2025-10-05,31.0,32.4,At Risk
CUST00562,2025-11-10,2025-11-05,5.0,32.4,At Risk
CUST00562,2025-12-13,2025-11-10,33.0,32.4,At Risk
CUST00562,2026-01-04,2025-12-13,22.0,32.4,At Risk
CUST00562,2026-04-20,2026-01-04,106.0,32.4,At Risk
CUST00562,2026-05-14,2026-04-20,24.0,32.4,At Risk
CUST00562,2026-06-09,2026-05-14,26.0,32.4,At Risk
CUST00562,2026-06-09,2026-06-09,0.0,32.4,At Risk
CUST00562,2026-07-24,2026-06-09,45.0,32.4,At Risk
CUST00563,2025-09-01,,,47.7,At Risk
CUST00563,2025-10-23,2025-09-01,52.0,47.7,At Risk
CUST00563,2025-11-08,2025-10-23,16.0,47.7,At Risk
CUST00563,2025-11-15,2025-11-08,7.0,47.7,At Risk
CUST00563,2025-11-19,2025-11-15,4.0,47.7,At Risk
CUST00563,2026-01-10,2025-11-19,52.0,47.7,At Risk
CUST00563,2026-06-14,2026-01-10,155.0,47.7,At Risk
CUST00565,2025-07-15,,,50.0,At Risk
CUST00565,2025-11-09,2025-07-15,117.0,50.0,At Risk
CUST00565,2025-11-16,2025-11-09,7.0,50.0,At Risk
CUST00565,2025-12-08,2025-11-16,22.0,50.0,At Risk
CUST00565,2025-12-18,2025-12-08,10.0,50.0,At Risk
CUST00565,2026-03-02,2025-12-18,74.0,50.0,At Risk
CUST00565,2026-05-11,2026-03-02,70.0,50.0,At Risk
CUST00566,2025-11-29,,,30.4,At Risk
CUST00566,2026-01-26,2025-11-29,58.0,30.4,At Risk
CUST00566,2026-02-25,2026-01-26,30.0,30.4,At Risk
CUST00566,2026-03-08,2026-02-25,11.0,30.4,At Risk
CUST00566,2026-03-14,2026-03-08,6.0,30.4,At Risk
CUST00566,2026-04-02,2026-03-14,19.0,30.4,At Risk
CUST00566,2026-06-18,2026-04-02,77.0,30.4,At Risk
CUST00566,2026-06-30,2026-06-18,12.0,30.4,At Risk
CUST00568,2026-03-26,,,16.6,Healthy
CUST00568,2026-03-30,2026-03-26,4.0,16.6,Healthy
CUST00568,2026-04-05,2026-03-30,6.0,16.6,Healthy
CUST00568,2026-04-15,2026-04-05,10.0,16.6,Healthy
CUST00568,2026-06-04,2026-04-15,50.0,16.6,Healthy
CUST00568,2026-06-17,2026-06-04,13.0,16.6,Healthy
CUST00570,2024-09-04,,,29.8,Healthy
CUST00570,2024-09-07,2024-09-04,3.0,29.8,Healthy
CUST00570,2024-09-24,2024-09-07,17.0,29.8,Healthy
CUST00570,2024-10-18,2024-09-24,24.0,29.8,Healthy
CUST00570,2024-10-23,2024-10-18,5.0,29.8,Healthy
CUST00570,2024-11-18,2024-10-23,26.0,29.8,Healthy
CUST00570,2025-01-02,2024-11-18,45.0,29.8,Healthy
CUST00570,2025-01-12,2025-01-02,10.0,29.8,Healthy
CUST00570,2025-01-20,2025-01-12,8.0,29.8,Healthy
CUST00570,2025-02-08,2025-01-20,19.0,29.8,Healthy
CUST00570,2025-03-11,2025-02-08,31.0,29.8,Healthy
CUST00570,2025-05-20,2025-03-11,70.0,29.8,Healthy
CUST00570,2025-06-10,2025-05-20,21.0,29.8,Healthy
CUST00570,2025-10-08,2025-06-10,120.0,29.8,Healthy
CUST00570,2025-10-17,2025-10-08,9.0,29.8,Healthy
CUST00570,2025-10-17,2025-10-17,0.0,29.8,Healthy
CUST00570,2025-12-27,2025-10-17,71.0,29.8,Healthy
CUST00570,2026-01-01,2025-12-27,5.0,29.8,Healthy
CUST00570,2026-02-24,2026-01-01,54.0,29.8,Healthy
CUST00570,2026-04-10,2026-02-24,45.0,29.8,Healthy
CUST00570,2026-05-12,2026-04-10,32.0,29.8,Healthy
CUST00570,2026-05-22,2026-05-12,10.0,29.8,Healthy
CUST00571,2026-03-17,,,24.0,Healthy
CUST00571,2026-04-16,2026-03-17,30.0,24.0,Healthy
CUST00571,2026-05-26,2026-04-16,40.0,24.0,Healthy
CUST00571,2026-06-08,2026-05-26,13.0,24.0,Healthy
CUST00571,2026-06-21,2026-06-08,13.0,24.0,Healthy
CUST00572,2024-12-03,,,78.9,At Risk
CUST00572,2025-07-09,2024-12-03,218.0,78.9,At Risk
CUST00572,2025-09-30,2025-07-09,83.0,78.9,At Risk
CUST00572,2025-10-20,2025-09-30,20.0,78.9,At Risk
CUST00572,2025-11-06,2025-10-20,17.0,78.9,At Risk
CUST00572,2025-12-05,2025-11-06,29.0,78.9,At Risk
CUST00572,2025-12-12,2025-12-05,7.0,78.9,At Risk
CUST00572,2026-06-08,2025-12-12,178.0,78.9,At Risk
CUST00574,2024-12-16,,,29.3,Healthy
CUST00574,2025-01-16,2024-12-16,31.0,29.3,Healthy
CUST00574,2025-02-22,2025-01-16,37.0,29.3,Healthy
CUST00574,2025-02-26,2025-02-22,4.0,29.3,Healthy
CUST00574,2025-03-01,2025-02-26,3.0,29.3,Healthy
CUST00574,2025-05-24,2025-03-01,84.0,29.3,Healthy
CUST00574,2025-05-28,2025-05-24,4.0,29.3,Healthy
CUST00574,2025-06-25,2025-05-28,28.0,29.3,Healthy
CUST00574,2025-07-22,2025-06-25,27.0,29.3,Healthy
CUST00574,2025-09-01,2025-07-22,41.0,29.3,Healthy
CUST00574,2025-10-03,2025-09-01,32.0,29.3,Healthy
CUST00574,2025-10-11,2025-10-03,8.0,29.3,Healthy
CUST00574,2025-10-29,2025-10-11,18.0,29.3,Healthy
CUST00574,2025-12-22,2025-10-29,54.0,29.3,Healthy
CUST00574,2025-12-27,2025-12-22,5.0,29.3,Healthy
CUST00574,2026-01-29,2025-12-27,33.0,29.3,Healthy
CUST00574,2026-04-22,2026-01-29,83.0,29.3,Healthy
CUST00574,2026-04-23,2026-04-22,1.0,29.3,Healthy
CUST00574,2026-06-08,2026-04-23,46.0,29.3,Healthy
CUST00574,2026-06-26,2026-06-08,18.0,29.3,Healthy
CUST00575,2024-10-27,,,74.9,At Risk
CUST00575,2024-11-09,2024-10-27,13.0,74.9,At Risk
CUST00575,2025-01-01,2024-11-09,53.0,74.9,At Risk
CUST00575,2025-06-16,2025-01-01,166.0,74.9,At Risk
CUST00575,2025-10-04,2025-06-16,110.0,74.9,At Risk
CUST00575,2025-12-30,2025-10-04,87.0,74.9,At Risk
CUST00575,2026-04-03,2025-12-30,94.0,74.9,At Risk
CUST00575,2026-04-04,2026-04-03,1.0,74.9,At Risk
CUST00576,2025-01-23,,,71.8,At Risk
CUST00576,2025-02-13,2025-01-23,21.0,71.8,At Risk
CUST00576,2025-03-07,2025-02-13,22.0,71.8,At Risk
CUST00576,2025-04-29,2025-03-07,53.0,71.8,At Risk
CUST00576,2026-01-11,2025-04-29,257.0,71.8,At Risk
CUST00576,2026-01-17,2026-01-11,6.0,71.8,At Risk
CUST00577,2025-09-02,,,33.4,At Risk
CUST00577,2025-10-08,2025-09-02,36.0,33.4,At Risk
CUST00577,2025-11-14,2025-10-08,37.0,33.4,At Risk
CUST00577,2025-12-09,2025-11-14,25.0,33.4,At Risk
CUST00577,2025-12-16,2025-12-09,7.0,33.4,At Risk
CUST00577,2025-12-24,2025-12-16,8.0,33.4,At Risk
CUST00577,2026-01-08,2025-12-24,15.0,33.4,At Risk
CUST00577,2026-04-24,2026-01-08,106.0,33.4,At Risk
CUST00578,2025-10-07,,,70.0,At Risk
CUST00578,2025-11-30,2025-10-07,54.0,70.0,At Risk
CUST00578,2026-02-07,2025-11-30,69.0,70.0,At Risk
CUST00578,2026-05-05,2026-02-07,87.0,70.0,At Risk
CUST00579,2026-05-26,,,,Single Order
CUST00580,2025-12-22,,,113.0,At Risk
CUST00580,2026-04-14,2025-12-22,113.0,113.0,At Risk
CUST00581,2026-03-06,,,20.9,Healthy
CUST00581,2026-03-31,2026-03-06,25.0,20.9,Healthy
CUST00581,2026-04-06,2026-03-31,6.0,20.9,Healthy
CUST00581,2026-04-29,2026-04-06,23.0,20.9,Healthy
CUST00581,2026-05-18,2026-04-29,19.0,20.9,Healthy
CUST00581,2026-06-01,2026-05-18,14.0,20.9,Healthy
CUST00581,2026-06-21,2026-06-01,20.0,20.9,Healthy
CUST00581,2026-07-30,2026-06-21,39.0,20.9,Healthy
CUST00582,2025-07-30,,,58.3,At Risk
CUST00582,2025-09-06,2025-07-30,38.0,58.3,At Risk
CUST00582,2025-10-01,2025-09-06,25.0,58.3,At Risk
CUST00582,2026-01-25,2025-10-01,116.0,58.3,At Risk
CUST00582,2026-03-20,2026-01-25,54.0,58.3,At Risk
CUST00583,2026-01-06,,,67.0,At Risk
CUST00583,2026-05-22,2026-01-06,136.0,67.0,At Risk
CUST00583,2026-06-08,2026-05-22,17.0,67.0,At Risk
CUST00583,2026-07-26,2026-06-08,48.0,67.0,At Risk
CUST00584,2025-04-21,,,83.8,At Risk
CUST00584,2025-06-06,2025-04-21,46.0,83.8,At Risk
CUST00584,2025-07-13,2025-06-06,37.0,83.8,At Risk
CUST00584,2026-01-09,2025-07-13,180.0,83.8,At Risk
CUST00584,2026-03-22,2026-01-09,72.0,83.8,At Risk
CUST00585,2025-02-10,,,48.9,At Risk
CUST00585,2025-02-23,2025-02-10,13.0,48.9,At Risk
CUST00585,2025-03-31,2025-02-23,36.0,48.9,At Risk
CUST00585,2025-07-12,2025-03-31,103.0,48.9,At Risk
CUST00585,2025-12-07,2025-07-12,148.0,48.9,At Risk
CUST00585,2026-01-23,2025-12-07,47.0,48.9,At Risk
CUST00585,2026-04-21,2026-01-23,88.0,48.9,At Risk
CUST00585,2026-04-24,2026-04-21,3.0,48.9,At Risk
CUST00585,2026-05-04,2026-04-24,10.0,48.9,At Risk
CUST00585,2026-05-10,2026-05-04,6.0,48.9,At Risk
CUST00585,2026-06-14,2026-05-10,35.0,48.9,At Risk
CUST00586,2025-09-28,,,28.4,Healthy
CUST00586,2025-10-17,2025-09-28,19.0,28.4,Healthy
CUST00586,2025-11-05,2025-10-17,19.0,28.4,Healthy
CUST00586,2025-11-07,2025-11-05,2.0,28.4,Healthy
CUST00586,2025-11-13,2025-11-07,6.0,28.4,Healthy
CUST00586,2026-04-13,2025-11-13,151.0,28.4,Healthy
CUST00586,2026-04-29,2026-04-13,16.0,28.4,Healthy
CUST00586,2026-05-08,2026-04-29,9.0,28.4,Healthy
CUST00586,2026-05-28,2026-05-08,20.0,28.4,Healthy
CUST00586,2026-07-05,2026-05-28,38.0,28.4,Healthy
CUST00586,2026-07-09,2026-07-05,4.0,28.4,Healthy
CUST00587,2025-04-24,,,150.7,At Risk
CUST00587,2025-08-26,2025-04-24,124.0,150.7,At Risk
CUST00587,2026-05-29,2025-08-26,276.0,150.7,At Risk
CUST00587,2026-07-20,2026-05-29,52.0,150.7,At Risk
CUST00588,2024-09-23,,,55.3,At Risk
CUST00588,2024-10-07,2024-09-23,14.0,55.3,At Risk
CUST00588,2024-12-02,2024-10-07,56.0,55.3,At Risk
CUST00588,2025-04-01,2024-12-02,120.0,55.3,At Risk
CUST00588,2025-04-07,2025-04-01,6.0,55.3,At Risk
CUST00588,2025-04-08,2025-04-07,1.0,55.3,At Risk
CUST00588,2025-05-28,2025-04-08,50.0,55.3,At Risk
CUST00588,2025-07-22,2025-05-28,55.0,55.3,At Risk
CUST00588,2025-09-01,2025-07-22,41.0,55.3,At Risk
CUST00588,2025-11-11,2025-09-01,71.0,55.3,At Risk
CUST00588,2025-11-20,2025-11-11,9.0,55.3,At Risk
CUST00588,2026-05-15,2025-11-20,176.0,55.3,At Risk
CUST00588,2026-07-19,2026-05-15,65.0,55.3,At Risk
CUST00591,2026-07-19,,,12.0,Healthy
CUST00591,2026-07-31,2026-07-19,12.0,12.0,Healthy
CUST00592,2025-04-28,,,44.2,At Risk
CUST00592,2025-06-28,2025-04-28,61.0,44.2,At Risk
CUST00592,2025-07-06,2025-06-28,8.0,44.2,At Risk
CUST00592,2025-07-11,2025-07-06,5.0,44.2,At Risk
CUST00592,2025-10-06,2025-07-11,87.0,44.2,At Risk
CUST00592,2025-11-11,2025-10-06,36.0,44.2,At Risk
CUST00592,2025-12-13,2025-11-11,32.0,44.2,At Risk
CUST00592,2026-05-18,2025-12-13,156.0,44.2,At Risk
CUST00592,2026-06-10,2026-05-18,23.0,44.2,At Risk
CUST00592,2026-07-06,2026-06-10,26.0,44.2,At Risk
CUST00592,2026-07-14,2026-07-06,8.0,44.2,At Risk
CUST00593,2025-03-26,,,,Single Order
CUST00594,2025-05-15,,,159.0,At Risk
CUST00594,2025-10-11,2025-05-15,149.0,159.0,At Risk
CUST00594,2026-03-29,2025-10-11,169.0,159.0,At Risk
CUST00595,2025-06-18,,,95.3,At Risk
CUST00595,2025-12-16,2025-06-18,181.0,95.3,At Risk
CUST00595,2026-02-21,2025-12-16,67.0,95.3,At Risk
CUST00595,2026-03-26,2026-02-21,33.0,95.3,At Risk
CUST00595,2026-07-04,2026-03-26,100.0,95.3,At Risk
CUST00596,2026-01-25,,,35.7,At Risk
CUST00596,2026-03-30,2026-01-25,64.0,35.7,At Risk
CUST00596,2026-04-08,2026-03-30,9.0,35.7,At Risk
CUST00596,2026-05-12,2026-04-08,34.0,35.7,At Risk
CUST00597,2025-07-03,,,109.7,At Risk
CUST00597,2025-11-22,2025-07-03,142.0,109.7,At Risk
CUST00597,2026-04-19,2025-11-22,148.0,109.7,At Risk
CUST00597,2026-05-28,2026-04-19,39.0,109.7,At Risk
CUST00599,2025-07-04,,,46.1,At Risk
CUST00599,2025-08-04,2025-07-04,31.0,46.1,At Risk
CUST00599,2025-08-27,2025-08-04,23.0,46.1,At Risk
CUST00599,2025-10-17,2025-08-27,51.0,46.1,At Risk
CUST00599,2025-10-21,2025-10-17,4.0,46.1,At Risk
CUST00599,2025-11-10,2025-10-21,20.0,46.1,At Risk
CUST00599,2026-05-09,2025-11-10,180.0,46.1,At Risk
CUST00599,2026-05-23,2026-05-09,14.0,46.1,At Risk
CUST00600,2025-09-18,,,34.0,At Risk
CUST00600,2025-11-21,2025-09-18,64.0,34.0,At Risk
CUST00600,2026-01-02,2025-11-21,42.0,34.0,At Risk
CUST00600,2026-01-27,2026-01-02,25.0,34.0,At Risk
CUST00600,2026-01-30,2026-01-27,3.0,34.0,At Risk
CUST00600,2026-02-06,2026-01-30,7.0,34.0,At Risk
CUST00600,2026-03-26,2026-02-06,48.0,34.0,At Risk
CUST00600,2026-05-14,2026-03-26,49.0,34.0,At Risk
CUST00601,2026-04-20,,,8.8,Healthy
CUST00601,2026-04-28,2026-04-20,8.0,8.8,Healthy
CUST00601,2026-04-29,2026-04-28,1.0,8.8,Healthy
CUST00601,2026-05-05,2026-04-29,6.0,8.8,Healthy
CUST00601,2026-05-16,2026-05-05,11.0,8.8,Healthy
CUST00601,2026-06-10,2026-05-16,25.0,8.8,Healthy
CUST00601,2026-06-21,2026-06-10,11.0,8.8,Healthy
CUST00601,2026-07-05,2026-06-21,14.0,8.8,Healthy
CUST00601,2026-07-08,2026-07-05,3.0,8.8,Healthy
CUST00601,2026-07-08,2026-07-08,0.0,8.8,Healthy
CUST00603,2024-11-09,,,88.7,At Risk
CUST00603,2025-11-22,2024-11-09,378.0,88.7,At Risk
CUST00603,2025-11-24,2025-11-22,2.0,88.7,At Risk
CUST00603,2026-02-25,2025-11-24,93.0,88.7,At Risk
CUST00603,2026-02-28,2026-02-25,3.0,88.7,At Risk
CUST00603,2026-03-07,2026-02-28,7.0,88.7,At Risk
CUST00603,2026-04-25,2026-03-07,49.0,88.7,At Risk
CUST00604,2025-01-21,,,73.1,At Risk
CUST00604,2025-02-22,2025-01-21,32.0,73.1,At Risk
CUST00604,2025-04-08,2025-02-22,45.0,73.1,At Risk
CUST00604,2025-08-09,2025-04-08,123.0,73.1,At Risk
CUST00604,2025-10-15,2025-08-09,67.0,73.1,At Risk
CUST00604,2025-12-23,2025-10-15,69.0,73.1,At Risk
CUST00604,2026-03-10,2025-12-23,77.0,73.1,At Risk
CUST00604,2026-06-17,2026-03-10,99.0,73.1,At Risk
CUST00605,2025-11-08,,,21.2,Healthy
CUST00605,2025-11-12,2025-11-08,4.0,21.2,Healthy
CUST00605,2025-12-07,2025-11-12,25.0,21.2,Healthy
CUST00605,2025-12-18,2025-12-07,11.0,21.2,Healthy
CUST00605,2025-12-25,2025-12-18,7.0,21.2,Healthy
CUST00605,2025-12-30,2025-12-25,5.0,21.2,Healthy
CUST00605,2026-02-13,2025-12-30,45.0,21.2,Healthy
CUST00605,2026-04-01,2026-02-13,47.0,21.2,Healthy
CUST00605,2026-04-05,2026-04-01,4.0,21.2,Healthy
CUST00605,2026-05-13,2026-04-05,38.0,21.2,Healthy
CUST00605,2026-05-17,2026-05-13,4.0,21.2,Healthy
CUST00605,2026-07-12,2026-05-17,56.0,21.2,Healthy
CUST00605,2026-07-20,2026-07-12,8.0,21.2,Healthy
CUST00606,2024-10-13,,,296.0,At Risk
CUST00606,2025-04-23,2024-10-13,192.0,296.0,At Risk
CUST00606,2026-05-28,2025-04-23,400.0,296.0,At Risk
CUST00607,2025-07-30,,,34.6,At Risk
CUST00607,2025-08-08,2025-07-30,9.0,34.6,At Risk
CUST00607,2025-08-30,2025-08-08,22.0,34.6,At Risk
CUST00607,2025-09-25,2025-08-30,26.0,34.6,At Risk
CUST00607,2025-10-10,2025-09-25,15.0,34.6,At Risk
CUST00607,2025-11-22,2025-10-10,43.0,34.6,At Risk
CUST00607,2025-11-25,2025-11-22,3.0,34.6,At Risk
CUST00607,2026-04-02,2025-11-25,128.0,34.6,At Risk
CUST00607,2026-04-16,2026-04-02,14.0,34.6,At Risk
CUST00607,2026-04-27,2026-04-16,11.0,34.6,At Risk
CUST00607,2026-07-11,2026-04-27,75.0,34.6,At Risk
CUST00608,2026-02-25,,,30.6,At Risk
CUST00608,2026-03-09,2026-02-25,12.0,30.6,At Risk
CUST00608,2026-03-28,2026-03-09,19.0,30.6,At Risk
CUST00608,2026-07-01,2026-03-28,95.0,30.6,At Risk
CUST00608,2026-07-18,2026-07-01,17.0,30.6,At Risk
CUST00608,2026-07-28,2026-07-18,10.0,30.6,At Risk
CUST00609,2026-03-30,,,10.3,Healthy
CUST00609,2026-04-01,2026-03-30,2.0,10.3,Healthy
CUST00609,2026-04-14,2026-04-01,13.0,10.3,Healthy
CUST00609,2026-04-19,2026-04-14,5.0,10.3,Healthy
CUST00609,2026-05-02,2026-04-19,13.0,10.3,Healthy
CUST00609,2026-05-07,2026-05-02,5.0,10.3,Healthy
CUST00609,2026-05-15,2026-05-07,8.0,10.3,Healthy
CUST00609,2026-05-15,2026-05-15,0.0,10.3,Healthy
CUST00609,2026-05-18,2026-05-15,3.0,10.3,Healthy
CUST00609,2026-07-05,2026-05-18,48.0,10.3,Healthy
CUST00609,2026-07-24,2026-07-05,19.0,10.3,Healthy
CUST00609,2026-07-31,2026-07-24,7.0,10.3,Healthy
CUST00609,2026-08-01,2026-07-31,1.0,10.3,Healthy
CUST00610,2025-06-29,,,33.8,At Risk
CUST00610,2025-07-04,2025-06-29,5.0,33.8,At Risk
CUST00610,2025-07-14,2025-07-04,10.0,33.8,At Risk
CUST00610,2025-09-15,2025-07-14,63.0,33.8,At Risk
CUST00610,2025-11-15,2025-09-15,61.0,33.8,At Risk
CUST00610,2025-12-08,2025-11-15,23.0,33.8,At Risk
CUST00610,2026-03-15,2025-12-08,97.0,33.8,At Risk
CUST00610,2026-03-23,2026-03-15,8.0,33.8,At Risk
CUST00610,2026-05-04,2026-03-23,42.0,33.8,At Risk
CUST00610,2026-05-14,2026-05-04,10.0,33.8,At Risk
CUST00610,2026-06-21,2026-05-14,38.0,33.8,At Risk
CUST00610,2026-07-06,2026-06-21,15.0,33.8,At Risk
CUST00611,2026-05-13,,,19.3,Healthy
CUST00611,2026-06-04,2026-05-13,22.0,19.3,Healthy
CUST00611,2026-06-15,2026-06-04,11.0,19.3,Healthy
CUST00611,2026-07-10,2026-06-15,25.0,19.3,Healthy
CUST00613,2024-09-24,,,31.7,At Risk
CUST00613,2024-10-06,2024-09-24,12.0,31.7,At Risk
CUST00613,2024-10-15,2024-10-06,9.0,31.7,At Risk
CUST00613,2024-12-02,2024-10-15,48.0,31.7,At Risk
CUST00613,2024-12-10,2024-12-02,8.0,31.7,At Risk
CUST00613,2024-12-17,2024-12-10,7.0,31.7,At Risk
CUST00613,2024-12-29,2024-12-17,12.0,31.7,At Risk
CUST00613,2025-03-04,2024-12-29,65.0,31.7,At Risk
CUST00613,2025-04-13,2025-03-04,40.0,31.7,At Risk
CUST00613,2025-04-22,2025-04-13,9.0,31.7,At Risk
CUST00613,2025-04-26,2025-04-22,4.0,31.7,At Risk
CUST00613,2025-07-26,2025-04-26,91.0,31.7,At Risk
CUST00613,2025-10-13,2025-07-26,79.0,31.7,At Risk
CUST00613,2026-01-22,2025-10-13,101.0,31.7,At Risk
CUST00613,2026-01-29,2026-01-22,7.0,31.7,At Risk
CUST00613,2026-02-04,2026-01-29,6.0,31.7,At Risk
CUST00613,2026-03-20,2026-02-04,44.0,31.7,At Risk
CUST00613,2026-03-31,2026-03-20,11.0,31.7,At Risk
CUST00613,2026-05-18,2026-03-31,48.0,31.7,At Risk
CUST00613,2026-05-29,2026-05-18,11.0,31.7,At Risk
CUST00613,2026-07-04,2026-05-29,36.0,31.7,At Risk
CUST00613,2026-07-22,2026-07-04,18.0,31.7,At Risk
CUST00614,2025-08-19,,,48.4,At Risk
CUST00614,2025-12-04,2025-08-19,107.0,48.4,At Risk
CUST00614,2025-12-24,2025-12-04,20.0,48.4,At Risk
CUST00614,2025-12-30,2025-12-24,6.0,48.4,At Risk
CUST00614,2026-02-18,2025-12-30,50.0,48.4,At Risk
CUST00614,2026-04-18,2026-02-18,59.0,48.4,At Risk
CUST00615,2025-03-25,,,25.6,Healthy
CUST00615,2025-04-06,2025-03-25,12.0,25.6,Healthy
CUST00615,2025-05-05,2025-04-06,29.0,25.6,Healthy
CUST00615,2025-05-17,2025-05-05,12.0,25.6,Healthy
CUST00615,2025-06-01,2025-05-17,15.0,25.6,Healthy
CUST00615,2025-06-04,2025-06-01,3.0,25.6,Healthy
CUST00615,2025-07-06,2025-06-04,32.0,25.6,Healthy
CUST00615,2025-08-13,2025-07-06,38.0,25.6,Healthy
CUST00615,2025-08-19,2025-08-13,6.0,25.6,Healthy
CUST00615,2025-09-12,2025-08-19,24.0,25.6,Healthy
CUST00615,2025-12-16,2025-09-12,95.0,25.6,Healthy
CUST00615,2025-12-24,2025-12-16,8.0,25.6,Healthy
CUST00615,2026-01-14,2025-12-24,21.0,25.6,Healthy
CUST00615,2026-02-19,2026-01-14,36.0,25.6,Healthy
CUST00615,2026-04-29,2026-02-19,69.0,25.6,Healthy
CUST00615,2026-05-07,2026-04-29,8.0,25.6,Healthy
CUST00615,2026-05-25,2026-05-07,18.0,25.6,Healthy
CUST00615,2026-06-12,2026-05-25,18.0,25.6,Healthy
CUST00615,2026-06-13,2026-06-12,1.0,25.6,Healthy
CUST00615,2026-07-24,2026-06-13,41.0,25.6,Healthy
CUST00616,2026-02-01,,,,Single Order
CUST00617,2025-11-11,,,25.3,Healthy
CUST00617,2025-12-03,2025-11-11,22.0,25.3,Healthy
CUST00617,2025-12-18,2025-12-03,15.0,25.3,Healthy
CUST00617,2025-12-30,2025-12-18,12.0,25.3,Healthy
CUST00617,2026-01-02,2025-12-30,3.0,25.3,Healthy
CUST00617,2026-03-13,2026-01-02,70.0,25.3,Healthy
CUST00617,2026-03-24,2026-03-13,11.0,25.3,Healthy
CUST00617,2026-04-13,2026-03-24,20.0,25.3,Healthy
CUST00617,2026-06-10,2026-04-13,58.0,25.3,Healthy
CUST00617,2026-07-04,2026-06-10,24.0,25.3,Healthy
CUST00617,2026-07-22,2026-07-04,18.0,25.3,Healthy
CUST00618,2025-10-26,,,62.3,At Risk
CUST00618,2026-01-20,2025-10-26,86.0,62.3,At Risk
CUST00618,2026-03-03,2026-01-20,42.0,62.3,At Risk
CUST00618,2026-04-22,2026-03-03,50.0,62.3,At Risk
CUST00618,2026-07-02,2026-04-22,71.0,62.3,At Risk
CUST00619,2025-05-15,,,306.0,At Risk
CUST00619,2026-03-17,2025-05-15,306.0,306.0,At Risk
CUST00620,2025-09-23,,,,Single Order
CUST00621,2025-07-25,,,139.5,At Risk
CUST00621,2026-02-26,2025-07-25,216.0,139.5,At Risk
CUST00621,2026-04-30,2026-02-26,63.0,139.5,At Risk
CUST00622,2025-04-15,,,64.3,At Risk
CUST00622,2025-07-28,2025-04-15,104.0,64.3,At Risk
CUST00622,2025-09-03,2025-07-28,37.0,64.3,At Risk
CUST00622,2025-10-26,2025-09-03,53.0,64.3,At Risk
CUST00622,2026-02-14,2025-10-26,111.0,64.3,At Risk
CUST00622,2026-04-27,2026-02-14,72.0,64.3,At Risk
CUST00622,2026-06-19,2026-04-27,53.0,64.3,At Risk
CUST00622,2026-07-09,2026-06-19,20.0,64.3,At Risk
CUST00624,2026-02-05,,,59.0,At Risk
CUST00624,2026-05-17,2026-02-05,101.0,59.0,At Risk
CUST00624,2026-06-03,2026-05-17,17.0,59.0,At Risk
CUST00625,2025-03-25,,,44.9,At Risk
CUST00625,2025-06-06,2025-03-25,73.0,44.9,At Risk
CUST00625,2025-06-12,2025-06-06,6.0,44.9,At Risk
CUST00625,2025-06-17,2025-06-12,5.0,44.9,At Risk
CUST00625,2025-07-06,2025-06-17,19.0,44.9,At Risk
CUST00625,2025-08-06,2025-07-06,31.0,44.9,At Risk
CUST00625,2025-09-04,2025-08-06,29.0,44.9,At Risk
CUST00625,2025-10-27,2025-09-04,53.0,44.9,At Risk
CUST00625,2026-04-09,2025-10-27,164.0,44.9,At Risk
CUST00625,2026-05-03,2026-04-09,24.0,44.9,At Risk
CUST00626,2026-03-26,,,,Single Order
CUST00627,2026-04-13,,,20.5,Healthy
CUST00627,2026-05-01,2026-04-13,18.0,20.5,Healthy
CUST00627,2026-05-06,2026-05-01,5.0,20.5,Healthy
CUST00627,2026-06-24,2026-05-06,49.0,20.5,Healthy
CUST00627,2026-07-04,2026-06-24,10.0,20.5,Healthy
CUST00629,2025-08-19,,,96.0,At Risk
CUST00629,2025-12-14,2025-08-19,117.0,96.0,At Risk
CUST00629,2026-04-11,2025-12-14,118.0,96.0,At Risk
CUST00629,2026-06-03,2026-04-11,53.0,96.0,At Risk
CUST00630,2026-04-06,,,33.0,At Risk
CUST00630,2026-05-09,2026-04-06,33.0,33.0,At Risk
CUST00631,2024-12-21,,,80.7,At Risk
CUST00631,2025-02-03,2024-12-21,44.0,80.7,At Risk
CUST00631,2025-05-15,2025-02-03,101.0,80.7,At Risk
CUST00631,2025-07-26,2025-05-15,72.0,80.7,At Risk
CUST00631,2025-09-18,2025-07-26,54.0,80.7,At Risk
CUST00631,2026-01-10,2025-09-18,114.0,80.7,At Risk
CUST00631,2026-06-26,2026-01-10,167.0,80.7,At Risk
CUST00631,2026-07-09,2026-06-26,13.0,80.7,At Risk
CUST00632,2025-08-05,,,356.0,At Risk
CUST00632,2026-07-27,2025-08-05,356.0,356.0,At Risk
CUST00633,2026-04-16,,,10.7,Healthy
CUST00633,2026-04-25,2026-04-16,9.0,10.7,Healthy
CUST00633,2026-04-26,2026-04-25,1.0,10.7,Healthy
CUST00633,2026-05-08,2026-04-26,12.0,10.7,Healthy
CUST00633,2026-05-31,2026-05-08,23.0,10.7,Healthy
CUST00633,2026-06-02,2026-05-31,2.0,10.7,Healthy
CUST00633,2026-06-10,2026-06-02,8.0,10.7,Healthy
CUST00633,2026-06-25,2026-06-10,15.0,10.7,Healthy
CUST00633,2026-07-03,2026-06-25,8.0,10.7,Healthy
CUST00633,2026-07-08,2026-07-03,5.0,10.7,Healthy
CUST00633,2026-08-01,2026-07-08,24.0,10.7,Healthy
CUST00634,2025-07-17,,,123.0,At Risk
CUST00634,2025-07-21,2025-07-17,4.0,123.0,At Risk
CUST00634,2026-02-08,2025-07-21,202.0,123.0,At Risk
CUST00634,2026-07-21,2026-02-08,163.0,123.0,At Risk
CUST00635,2026-05-11,,,6.3,Healthy
CUST00635,2026-05-19,2026-05-11,8.0,6.3,Healthy
CUST00635,2026-05-21,2026-05-19,2.0,6.3,Healthy
CUST00635,2026-05-28,2026-05-21,7.0,6.3,Healthy
CUST00635,2026-06-11,2026-05-28,14.0,6.3,Healthy
CUST00635,2026-06-21,2026-06-11,10.0,6.3,Healthy
CUST00635,2026-06-22,2026-06-21,1.0,6.3,Healthy
CUST00635,2026-06-26,2026-06-22,4.0,6.3,Healthy
CUST00635,2026-06-30,2026-06-26,4.0,6.3,Healthy
CUST00636,2025-12-06,,,28.3,Healthy
CUST00636,2026-01-02,2025-12-06,27.0,28.3,Healthy
CUST00636,2026-01-06,2026-01-02,4.0,28.3,Healthy
CUST00636,2026-01-15,2026-01-06,9.0,28.3,Healthy
CUST00636,2026-02-22,2026-01-15,38.0,28.3,Healthy
CUST00636,2026-04-27,2026-02-22,64.0,28.3,Healthy
CUST00636,2026-05-25,2026-04-27,28.0,28.3,Healthy
CUST00637,2025-02-08,,,234.0,At Risk
CUST00637,2025-07-02,2025-02-08,144.0,234.0,At Risk
CUST00637,2026-05-22,2025-07-02,324.0,234.0,At Risk
CUST00638,2025-02-28,,,56.4,At Risk
CUST00638,2025-03-26,2025-02-28,26.0,56.4,At Risk
CUST00638,2025-05-10,2025-03-26,45.0,56.4,At Risk
CUST00638,2025-06-25,2025-05-10,46.0,56.4,At Risk
CUST00638,2025-07-01,2025-06-25,6.0,56.4,At Risk
CUST00638,2025-07-13,2025-07-01,12.0,56.4,At Risk
CUST00638,2025-11-07,2025-07-13,117.0,56.4,At Risk
CUST00638,2026-03-20,2025-11-07,133.0,56.4,At Risk
CUST00638,2026-03-27,2026-03-20,7.0,56.4,At Risk
CUST00638,2026-07-21,2026-03-27,116.0,56.4,At Risk
CUST00639,2025-06-29,,,120.5,At Risk
CUST00639,2025-10-01,2025-06-29,94.0,120.5,At Risk
CUST00639,2026-02-25,2025-10-01,147.0,120.5,At Risk
CUST00640,2025-07-29,,,42.8,At Risk
CUST00640,2025-09-14,2025-07-29,47.0,42.8,At Risk
CUST00640,2025-11-05,2025-09-14,52.0,42.8,At Risk
CUST00640,2026-01-04,2025-11-05,60.0,42.8,At Risk
CUST00640,2026-02-24,2026-01-04,51.0,42.8,At Risk
CUST00640,2026-02-28,2026-02-24,4.0,42.8,At Risk
CUST00641,2025-01-12,,,243.0,At Risk
CUST00641,2025-09-12,2025-01-12,243.0,243.0,At Risk
CUST00642,2025-07-10,,,,Single Order
CUST00643,2025-08-12,,,78.0,At Risk
CUST00643,2025-09-06,2025-08-12,25.0,78.0,At Risk
CUST00643,2025-09-20,2025-09-06,14.0,78.0,At Risk
CUST00643,2025-12-16,2025-09-20,87.0,78.0,At Risk
CUST00643,2026-06-20,2025-12-16,186.0,78.0,At Risk
CUST00646,2025-04-23,,,74.3,At Risk
CUST00646,2025-05-05,2025-04-23,12.0,74.3,At Risk
CUST00646,2026-02-22,2025-05-05,293.0,74.3,At Risk
CUST00646,2026-05-08,2026-02-22,75.0,74.3,At Risk
CUST00646,2026-06-02,2026-05-08,25.0,74.3,At Risk
CUST00646,2026-07-02,2026-06-02,30.0,74.3,At Risk
CUST00646,2026-07-13,2026-07-02,11.0,74.3,At Risk
CUST00647,2026-04-27,,,13.1,Healthy
CUST00647,2026-05-17,2026-04-27,20.0,13.1,Healthy
CUST00647,2026-05-22,2026-05-17,5.0,13.1,Healthy
CUST00647,2026-06-10,2026-05-22,19.0,13.1,Healthy
CUST00647,2026-06-29,2026-06-10,19.0,13.1,Healthy
CUST00647,2026-06-30,2026-06-29,1.0,13.1,Healthy
CUST00647,2026-07-21,2026-06-30,21.0,13.1,Healthy
CUST00647,2026-07-28,2026-07-21,7.0,13.1,Healthy
CUST00648,2024-10-06,,,72.8,At Risk
CUST00648,2025-01-13,2024-10-06,99.0,72.8,At Risk
CUST00648,2025-02-28,2025-01-13,46.0,72.8,At Risk
CUST00648,2025-04-23,2025-02-28,54.0,72.8,At Risk
CUST00648,2025-06-08,2025-04-23,46.0,72.8,At Risk
CUST00648,2025-07-09,2025-06-08,31.0,72.8,At Risk
CUST00648,2025-09-02,2025-07-09,55.0,72.8,At Risk
CUST00648,2025-11-26,2025-09-02,85.0,72.8,At Risk
CUST00648,2026-02-17,2025-11-26,83.0,72.8,At Risk
CUST00648,2026-07-23,2026-02-17,156.0,72.8,At Risk
CUST00649,2026-02-24,,,38.8,At Risk
CUST00649,2026-03-24,2026-02-24,28.0,38.8,At Risk
CUST00649,2026-04-17,2026-03-24,24.0,38.8,At Risk
CUST00649,2026-05-29,2026-04-17,42.0,38.8,At Risk
CUST00649,2026-07-29,2026-05-29,61.0,38.8,At Risk
CUST00650,2026-05-23,,,,Single Order
CUST00652,2025-12-06,,,101.0,At Risk
CUST00652,2026-02-17,2025-12-06,73.0,101.0,At Risk
CUST00652,2026-06-26,2026-02-17,129.0,101.0,At Risk
CUST00653,2026-03-18,,,,Single Order
CUST00654,2025-03-30,,,94.2,At Risk
CUST00654,2025-05-06,2025-03-30,37.0,94.2,At Risk
CUST00654,2025-08-20,2025-05-06,106.0,94.2,At Risk
CUST00654,2025-10-02,2025-08-20,43.0,94.2,At Risk
CUST00654,2026-02-04,2025-10-02,125.0,94.2,At Risk
CUST00654,2026-07-14,2026-02-04,160.0,94.2,At Risk
CUST00655,2026-01-04,,,25.4,Healthy
CUST00655,2026-01-08,2026-01-04,4.0,25.4,Healthy
CUST00655,2026-03-26,2026-01-08,77.0,25.4,Healthy
CUST00655,2026-04-16,2026-03-26,21.0,25.4,Healthy
CUST00655,2026-05-08,2026-04-16,22.0,25.4,Healthy
CUST00655,2026-06-11,2026-05-08,34.0,25.4,Healthy
CUST00655,2026-06-29,2026-06-11,18.0,25.4,Healthy
CUST00655,2026-07-01,2026-06-29,2.0,25.4,Healthy
CUST00656,2025-06-03,,,103.3,At Risk
CUST00656,2025-11-03,2025-06-03,153.0,103.3,At Risk
CUST00656,2025-12-16,2025-11-03,43.0,103.3,At Risk
CUST00656,2026-01-03,2025-12-16,18.0,103.3,At Risk
CUST00656,2026-07-21,2026-01-03,199.0,103.3,At Risk
CUST00657,2025-08-29,,,133.0,At Risk
CUST00657,2026-01-09,2025-08-29,133.0,133.0,At Risk
CUST00658,2026-02-12,,,16.8,Healthy
CUST00658,2026-02-21,2026-02-12,9.0,16.8,Healthy
CUST00658,2026-03-06,2026-02-21,13.0,16.8,Healthy
CUST00658,2026-03-26,2026-03-06,20.0,16.8,Healthy
CUST00658,2026-04-13,2026-03-26,18.0,16.8,Healthy
CUST00658,2026-04-24,2026-04-13,11.0,16.8,Healthy
CUST00658,2026-05-04,2026-04-24,10.0,16.8,Healthy
CUST00658,2026-05-25,2026-05-04,21.0,16.8,Healthy
CUST00658,2026-05-30,2026-05-25,5.0,16.8,Healthy
CUST00658,2026-07-27,2026-05-30,58.0,16.8,Healthy
CUST00658,2026-07-30,2026-07-27,3.0,16.8,Healthy
CUST00660,2025-12-30,,,,Single Order
CUST00661,2025-02-23,,,46.6,At Risk
CUST00661,2025-04-11,2025-02-23,47.0,46.6,At Risk
CUST00661,2025-04-29,2025-04-11,18.0,46.6,At Risk
CUST00661,2025-05-15,2025-04-29,16.0,46.6,At Risk
CUST00661,2025-05-21,2025-05-15,6.0,46.6,At Risk
CUST00661,2025-08-13,2025-05-21,84.0,46.6,At Risk
CUST00661,2025-08-23,2025-08-13,10.0,46.6,At Risk
CUST00661,2025-09-25,2025-08-23,33.0,46.6,At Risk
CUST00661,2026-04-23,2025-09-25,210.0,46.6,At Risk
CUST00661,2026-05-09,2026-04-23,16.0,46.6,At Risk
CUST00661,2026-06-04,2026-05-09,26.0,46.6,At Risk
CUST00662,2026-05-14,,,56.0,At Risk
CUST00662,2026-07-09,2026-05-14,56.0,56.0,At Risk
CUST00664,2024-11-25,,,75.7,At Risk
CUST00664,2025-04-14,2024-11-25,140.0,75.7,At Risk
CUST00664,2025-05-07,2025-04-14,23.0,75.7,At Risk
CUST00664,2025-12-11,2025-05-07,218.0,75.7,At Risk
CUST00664,2026-01-16,2025-12-11,36.0,75.7,At Risk
CUST00664,2026-03-05,2026-01-16,48.0,75.7,At Risk
CUST00664,2026-04-11,2026-03-05,37.0,75.7,At Risk
CUST00664,2026-05-09,2026-04-11,28.0,75.7,At Risk
CUST00665,2024-12-26,,,28.3,Healthy
CUST00665,2025-03-18,2024-12-26,82.0,28.3,Healthy
CUST00665,2025-04-26,2025-03-18,39.0,28.3,Healthy
CUST00665,2025-04-27,2025-04-26,1.0,28.3,Healthy
CUST00665,2025-07-11,2025-04-27,75.0,28.3,Healthy
CUST00665,2025-08-09,2025-07-11,29.0,28.3,Healthy
CUST00665,2025-08-27,2025-08-09,18.0,28.3,Healthy
CUST00665,2025-09-05,2025-08-27,9.0,28.3,Healthy
CUST00665,2025-09-06,2025-09-05,1.0,28.3,Healthy
CUST00665,2025-10-11,2025-09-06,35.0,28.3,Healthy
CUST00665,2025-10-20,2025-10-11,9.0,28.3,Healthy
CUST00665,2025-11-16,2025-10-20,27.0,28.3,Healthy
CUST00665,2025-11-20,2025-11-16,4.0,28.3,Healthy
CUST00665,2026-01-16,2025-11-20,57.0,28.3,Healthy
CUST00665,2026-02-02,2026-01-16,17.0,28.3,Healthy
CUST00665,2026-04-14,2026-02-02,71.0,28.3,Healthy
CUST00665,2026-05-24,2026-04-14,40.0,28.3,Healthy
CUST00665,2026-06-23,2026-05-24,30.0,28.3,Healthy
CUST00665,2026-06-25,2026-06-23,2.0,28.3,Healthy
CUST00665,2026-07-01,2026-06-25,6.0,28.3,Healthy
CUST00665,2026-07-15,2026-07-01,14.0,28.3,Healthy
CUST00666,2025-06-10,,,134.0,At Risk
CUST00666,2025-12-14,2025-06-10,187.0,134.0,At Risk
CUST00666,2026-07-10,2025-12-14,208.0,134.0,At Risk
CUST00666,2026-07-17,2026-07-10,7.0,134.0,At Risk
CUST00667,2025-11-10,,,19.5,Healthy
CUST00667,2025-11-26,2025-11-10,16.0,19.5,Healthy
CUST00667,2025-12-19,2025-11-26,23.0,19.5,Healthy
CUST00668,2024-10-18,,,58.2,At Risk
CUST00668,2025-04-25,2024-10-18,189.0,58.2,At Risk
CUST00668,2025-05-08,2025-04-25,13.0,58.2,At Risk
CUST00668,2025-08-02,2025-05-08,86.0,58.2,At Risk
CUST00668,2025-08-08,2025-08-02,6.0,58.2,At Risk
CUST00668,2025-11-18,2025-08-08,102.0,58.2,At Risk
CUST00668,2025-11-29,2025-11-18,11.0,58.2,At Risk
CUST00668,2025-11-30,2025-11-29,1.0,58.2,At Risk
CUST00668,2025-12-31,2025-11-30,31.0,58.2,At Risk
CUST00668,2026-02-18,2025-12-31,49.0,58.2,At Risk
CUST00668,2026-07-14,2026-02-18,146.0,58.2,At Risk
CUST00668,2026-07-20,2026-07-14,6.0,58.2,At Risk
CUST00669,2025-08-21,,,41.5,At Risk
CUST00669,2025-11-10,2025-08-21,81.0,41.5,At Risk
CUST00669,2025-11-10,2025-11-10,0.0,41.5,At Risk
CUST00669,2026-01-02,2025-11-10,53.0,41.5,At Risk
CUST00669,2026-03-05,2026-01-02,62.0,41.5,At Risk
CUST00669,2026-03-27,2026-03-05,22.0,41.5,At Risk
CUST00669,2026-04-09,2026-03-27,13.0,41.5,At Risk
CUST00669,2026-06-23,2026-04-09,75.0,41.5,At Risk
CUST00669,2026-07-19,2026-06-23,26.0,41.5,At Risk
CUST00670,2025-11-13,,,62.0,At Risk
CUST00670,2026-01-02,2025-11-13,50.0,62.0,At Risk
CUST00670,2026-01-08,2026-01-02,6.0,62.0,At Risk
CUST00670,2026-05-18,2026-01-08,130.0,62.0,At Risk
CUST00671,2025-11-23,,,50.2,At Risk
CUST00671,2025-12-01,2025-11-23,8.0,50.2,At Risk
CUST00671,2026-01-12,2025-12-01,42.0,50.2,At Risk
CUST00671,2026-02-25,2026-01-12,44.0,50.2,At Risk
CUST00671,2026-05-25,2026-02-25,89.0,50.2,At Risk
CUST00671,2026-08-01,2026-05-25,68.0,50.2,At Risk
CUST00672,2025-03-21,,,47.1,At Risk
CUST00672,2025-06-02,2025-03-21,73.0,47.1,At Risk
CUST00672,2025-07-27,2025-06-02,55.0,47.1,At Risk
CUST00672,2025-08-08,2025-07-27,12.0,47.1,At Risk
CUST00672,2025-10-21,2025-08-08,74.0,47.1,At Risk
CUST00672,2025-11-04,2025-10-21,14.0,47.1,At Risk
CUST00672,2026-02-12,2025-11-04,100.0,47.1,At Risk
CUST00672,2026-02-14,2026-02-12,2.0,47.1,At Risk
CUST00673,2025-10-31,,,27.2,Healthy
CUST00673,2025-12-28,2025-10-31,58.0,27.2,Healthy
CUST00673,2026-02-01,2025-12-28,35.0,27.2,Healthy
CUST00673,2026-02-09,2026-02-01,8.0,27.2,Healthy
CUST00673,2026-03-22,2026-02-09,41.0,27.2,Healthy
CUST00673,2026-03-26,2026-03-22,4.0,27.2,Healthy
CUST00673,2026-04-19,2026-03-26,24.0,27.2,Healthy
CUST00673,2026-05-03,2026-04-19,14.0,27.2,Healthy
CUST00673,2026-05-06,2026-05-03,3.0,27.2,Healthy
CUST00673,2026-06-29,2026-05-06,54.0,27.2,Healthy
CUST00673,2026-07-30,2026-06-29,31.0,27.2,Healthy
CUST00674,2026-04-26,,,17.4,Healthy
CUST00674,2026-05-01,2026-04-26,5.0,17.4,Healthy
CUST00674,2026-06-04,2026-05-01,34.0,17.4,Healthy
CUST00674,2026-07-04,2026-06-04,30.0,17.4,Healthy
CUST00674,2026-07-13,2026-07-04,9.0,17.4,Healthy
CUST00674,2026-07-22,2026-07-13,9.0,17.4,Healthy
CUST00675,2026-01-22,,,40.8,At Risk
CUST00675,2026-02-14,2026-01-22,23.0,40.8,At Risk
CUST00675,2026-06-04,2026-02-14,110.0,40.8,At Risk
CUST00675,2026-06-05,2026-06-04,1.0,40.8,At Risk
CUST00675,2026-07-04,2026-06-05,29.0,40.8,At Risk
CUST00676,2025-07-26,,,48.0,At Risk
CUST00676,2025-08-27,2025-07-26,32.0,48.0,At Risk
CUST00676,2025-09-06,2025-08-27,10.0,48.0,At Risk
CUST00676,2026-01-22,2025-09-06,138.0,48.0,At Risk
CUST00676,2026-01-26,2026-01-22,4.0,48.0,At Risk
CUST00676,2026-01-30,2026-01-26,4.0,48.0,At Risk
CUST00676,2026-02-04,2026-01-30,5.0,48.0,At Risk
CUST00676,2026-06-27,2026-02-04,143.0,48.0,At Risk
CUST00677,2026-02-01,,,36.0,At Risk
CUST00677,2026-03-04,2026-02-01,31.0,36.0,At Risk
CUST00677,2026-03-09,2026-03-04,5.0,36.0,At Risk
CUST00677,2026-03-13,2026-03-09,4.0,36.0,At Risk
CUST00677,2026-05-31,2026-03-13,79.0,36.0,At Risk
CUST00677,2026-07-31,2026-05-31,61.0,36.0,At Risk
CUST00678,2025-08-28,,,38.0,At Risk
CUST00678,2025-11-20,2025-08-28,84.0,38.0,At Risk
CUST00678,2025-12-07,2025-11-20,17.0,38.0,At Risk
CUST00678,2025-12-20,2025-12-07,13.0,38.0,At Risk
CUST00680,2025-06-18,,,24.5,Healthy
CUST00680,2025-07-09,2025-06-18,21.0,24.5,Healthy
CUST00680,2025-08-06,2025-07-09,28.0,24.5,Healthy
CUST00681,2024-11-03,,,57.7,At Risk
CUST00681,2024-12-18,2024-11-03,45.0,57.7,At Risk
CUST00681,2025-01-01,2024-12-18,14.0,57.7,At Risk
CUST00681,2025-01-15,2025-01-01,14.0,57.7,At Risk
CUST00681,2025-05-06,2025-01-15,111.0,57.7,At Risk
CUST00681,2025-07-31,2025-05-06,86.0,57.7,At Risk
CUST00681,2025-10-15,2025-07-31,76.0,57.7,At Risk
CUST00682,2025-05-09,,,68.5,At Risk
CUST00682,2025-05-21,2025-05-09,12.0,68.5,At Risk
CUST00682,2025-08-08,2025-05-21,79.0,68.5,At Risk
CUST00682,2026-01-30,2025-08-08,175.0,68.5,At Risk
CUST00682,2026-02-07,2026-01-30,8.0,68.5,At Risk
CUST00683,2025-02-16,,,71.3,At Risk
CUST00683,2025-03-23,2025-02-16,35.0,71.3,At Risk
CUST00683,2025-04-17,2025-03-23,25.0,71.3,At Risk
CUST00683,2025-05-30,2025-04-17,43.0,71.3,At Risk
CUST00683,2025-08-21,2025-05-30,83.0,71.3,At Risk
CUST00683,2026-01-24,2025-08-21,156.0,71.3,At Risk
CUST00683,2026-04-20,2026-01-24,86.0,71.3,At Risk
CUST00684,2025-03-07,,,393.0,At Risk
CUST00684,2026-04-04,2025-03-07,393.0,393.0,At Risk
CUST00685,2025-09-18,,,87.0,At Risk
CUST00685,2026-01-01,2025-09-18,105.0,87.0,At Risk
CUST00685,2026-03-11,2026-01-01,69.0,87.0,At Risk
CUST00686,2025-11-25,,,81.0,At Risk
CUST00686,2026-03-07,2025-11-25,102.0,81.0,At Risk
CUST00686,2026-05-06,2026-03-07,60.0,81.0,At Risk
CUST00687,2025-11-18,,,67.7,At Risk
CUST00687,2025-12-21,2025-11-18,33.0,67.7,At Risk
CUST00687,2026-04-28,2025-12-21,128.0,67.7,At Risk
CUST00687,2026-06-09,2026-04-28,42.0,67.7,At Risk
CUST00688,2025-04-01,,,58.0,At Risk
CUST00688,2025-04-01,2025-04-01,0.0,58.0,At Risk
CUST00688,2025-09-12,2025-04-01,164.0,58.0,At Risk
CUST00688,2025-10-14,2025-09-12,32.0,58.0,At Risk
CUST00688,2025-11-03,2025-10-14,20.0,58.0,At Risk
CUST00688,2026-02-25,2025-11-03,114.0,58.0,At Risk
CUST00688,2026-03-31,2026-02-25,34.0,58.0,At Risk
CUST00688,2026-05-12,2026-03-31,42.0,58.0,At Risk
CUST00689,2026-03-10,,,11.4,Healthy
CUST00689,2026-03-13,2026-03-10,3.0,11.4,Healthy
CUST00689,2026-04-04,2026-03-13,22.0,11.4,Healthy
CUST00689,2026-04-06,2026-04-04,2.0,11.4,Healthy
CUST00689,2026-04-08,2026-04-06,2.0,11.4,Healthy
CUST00689,2026-05-03,2026-04-08,25.0,11.4,Healthy
CUST00689,2026-05-16,2026-05-03,13.0,11.4,Healthy
CUST00689,2026-05-29,2026-05-16,13.0,11.4,Healthy
CUST00689,2026-06-18,2026-05-29,20.0,11.4,Healthy
CUST00689,2026-06-18,2026-06-18,0.0,11.4,Healthy
CUST00689,2026-06-27,2026-06-18,9.0,11.4,Healthy
CUST00689,2026-07-13,2026-06-27,16.0,11.4,Healthy
CUST00690,2025-12-27,,,111.0,At Risk
CUST00690,2026-04-17,2025-12-27,111.0,111.0,At Risk
CUST00691,2025-07-26,,,36.6,At Risk
CUST00691,2025-08-16,2025-07-26,21.0,36.6,At Risk
CUST00691,2025-09-20,2025-08-16,35.0,36.6,At Risk
CUST00691,2025-10-07,2025-09-20,17.0,36.6,At Risk
CUST00691,2026-01-15,2025-10-07,100.0,36.6,At Risk
CUST00691,2026-01-25,2026-01-15,10.0,36.6,At Risk
CUST00692,2025-02-27,,,152.0,At Risk
CUST00692,2025-05-30,2025-02-27,92.0,152.0,At Risk
CUST00692,2025-12-28,2025-05-30,212.0,152.0,At Risk
CUST00693,2025-11-10,,,15.7,Healthy
CUST00693,2025-11-12,2025-11-10,2.0,15.7,Healthy
CUST00693,2025-11-28,2025-11-12,16.0,15.7,Healthy
CUST00693,2025-12-23,2025-11-28,25.0,15.7,Healthy
CUST00693,2026-01-13,2025-12-23,21.0,15.7,Healthy
CUST00693,2026-01-31,2026-01-13,18.0,15.7,Healthy
CUST00693,2026-02-03,2026-01-31,3.0,15.7,Healthy
CUST00693,2026-02-09,2026-02-03,6.0,15.7,Healthy
CUST00693,2026-03-02,2026-02-09,21.0,15.7,Healthy
CUST00693,2026-03-10,2026-03-02,8.0,15.7,Healthy
CUST00693,2026-03-27,2026-03-10,17.0,15.7,Healthy
CUST00693,2026-05-09,2026-03-27,43.0,15.7,Healthy
CUST00693,2026-05-23,2026-05-09,14.0,15.7,Healthy
CUST00693,2026-05-29,2026-05-23,6.0,15.7,Healthy
CUST00693,2026-07-03,2026-05-29,35.0,15.7,Healthy
CUST00693,2026-07-03,2026-07-03,0.0,15.7,Healthy
CUST00694,2024-12-21,,,130.5,At Risk
CUST00694,2025-02-25,2024-12-21,66.0,130.5,At Risk
CUST00694,2025-07-02,2025-02-25,127.0,130.5,At Risk
CUST00694,2025-07-19,2025-07-02,17.0,130.5,At Risk
CUST00694,2026-05-27,2025-07-19,312.0,130.5,At Risk
CUST00696,2026-07-11,,,,Single Order
CUST00697,2026-05-03,,,7.0,Healthy
CUST00697,2026-05-10,2026-05-03,7.0,7.0,Healthy
CUST00698,2025-12-13,,,80.5,At Risk
CUST00698,2026-03-23,2025-12-13,100.0,80.5,At Risk
CUST00698,2026-05-23,2026-03-23,61.0,80.5,At Risk
CUST00700,2025-07-31,,,16.7,Healthy
CUST00700,2025-09-05,2025-07-31,36.0,16.7,Healthy
CUST00700,2025-10-25,2025-09-05,50.0,16.7,Healthy
CUST00700,2025-10-26,2025-10-25,1.0,16.7,Healthy
CUST00700,2025-11-15,2025-10-26,20.0,16.7,Healthy
CUST00700,2025-11-16,2025-11-15,1.0,16.7,Healthy
CUST00700,2026-01-01,2025-11-16,46.0,16.7,Healthy
CUST00700,2026-01-11,2026-01-01,10.0,16.7,Healthy
CUST00700,2026-01-21,2026-01-11,10.0,16.7,Healthy
CUST00700,2026-01-25,2026-01-21,4.0,16.7,Healthy
CUST00700,2026-01-27,2026-01-25,2.0,16.7,Healthy
CUST00700,2026-01-31,2026-01-27,4.0,16.7,Healthy
CUST00700,2026-02-21,2026-01-31,21.0,16.7,Healthy
CUST00700,2026-05-02,2026-02-21,70.0,16.7,Healthy
CUST00700,2026-05-03,2026-05-02,1.0,16.7,Healthy
CUST00700,2026-05-25,2026-05-03,22.0,16.7,Healthy
CUST00700,2026-05-25,2026-05-25,0.0,16.7,Healthy
CUST00700,2026-05-29,2026-05-25,4.0,16.7,Healthy
CUST00700,2026-06-08,2026-05-29,10.0,16.7,Healthy
CUST00700,2026-06-08,2026-06-08,0.0,16.7,Healthy
CUST00700,2026-06-29,2026-06-08,21.0,16.7,Healthy
CUST00701,2026-03-06,,,15.5,Healthy
CUST00701,2026-03-10,2026-03-06,4.0,15.5,Healthy
CUST00701,2026-04-03,2026-03-10,24.0,15.5,Healthy
CUST00701,2026-04-20,2026-04-03,17.0,15.5,Healthy
CUST00701,2026-05-14,2026-04-20,24.0,15.5,Healthy
CUST00701,2026-05-30,2026-05-14,16.0,15.5,Healthy
CUST00701,2026-06-17,2026-05-30,18.0,15.5,Healthy
CUST00701,2026-06-24,2026-06-17,7.0,15.5,Healthy
CUST00701,2026-07-08,2026-06-24,14.0,15.5,Healthy
CUST00702,2026-03-01,,,50.0,At Risk
CUST00702,2026-06-09,2026-03-01,100.0,50.0,At Risk
CUST00702,2026-06-09,2026-06-09,0.0,50.0,At Risk
CUST00703,2026-01-21,,,29.0,Healthy
CUST00703,2026-02-01,2026-01-21,11.0,29.0,Healthy
CUST00703,2026-02-26,2026-02-01,25.0,29.0,Healthy
CUST00703,2026-05-04,2026-02-26,67.0,29.0,Healthy
CUST00703,2026-05-17,2026-05-04,13.0,29.0,Healthy
CUST00704,2025-05-31,,,88.8,At Risk
CUST00704,2025-07-31,2025-05-31,61.0,88.8,At Risk
CUST00704,2025-12-09,2025-07-31,131.0,88.8,At Risk
CUST00704,2026-04-24,2025-12-09,136.0,88.8,At Risk
CUST00704,2026-05-21,2026-04-24,27.0,88.8,At Risk
CUST00705,2025-08-21,,,28.5,Healthy
CUST00705,2025-08-24,2025-08-21,3.0,28.5,Healthy
CUST00705,2025-10-10,2025-08-24,47.0,28.5,Healthy
CUST00705,2025-11-10,2025-10-10,31.0,28.5,Healthy
CUST00705,2025-11-12,2025-11-10,2.0,28.5,Healthy
CUST00705,2026-02-01,2025-11-12,81.0,28.5,Healthy
CUST00705,2026-02-03,2026-02-01,2.0,28.5,Healthy
CUST00705,2026-02-20,2026-02-03,17.0,28.5,Healthy
CUST00705,2026-05-07,2026-02-20,76.0,28.5,Healthy
CUST00705,2026-05-13,2026-05-07,6.0,28.5,Healthy
CUST00705,2026-07-02,2026-05-13,50.0,28.5,Healthy
CUST00705,2026-07-20,2026-07-02,18.0,28.5,Healthy
CUST00705,2026-07-29,2026-07-20,9.0,28.5,Healthy
CUST00706,2026-02-18,,,20.4,Healthy
CUST00706,2026-03-04,2026-02-18,14.0,20.4,Healthy
CUST00706,2026-04-09,2026-03-04,36.0,20.4,Healthy
CUST00706,2026-05-11,2026-04-09,32.0,20.4,Healthy
CUST00706,2026-05-26,2026-05-11,15.0,20.4,Healthy
CUST00706,2026-05-31,2026-05-26,5.0,20.4,Healthy
CUST00708,2025-09-01,,,17.3,Healthy
CUST00708,2025-09-18,2025-09-01,17.0,17.3,Healthy
CUST00708,2025-10-31,2025-09-18,43.0,17.3,Healthy
CUST00708,2025-12-26,2025-10-31,56.0,17.3,Healthy
CUST00708,2025-12-27,2025-12-26,1.0,17.3,Healthy
CUST00708,2026-01-02,2025-12-27,6.0,17.3,Healthy
CUST00708,2026-01-17,2026-01-02,15.0,17.3,Healthy
CUST00708,2026-01-19,2026-01-17,2.0,17.3,Healthy
CUST00708,2026-01-30,2026-01-19,11.0,17.3,Healthy
CUST00708,2026-02-23,2026-01-30,24.0,17.3,Healthy
CUST00708,2026-03-29,2026-02-23,34.0,17.3,Healthy
CUST00708,2026-03-30,2026-03-29,1.0,17.3,Healthy
CUST00708,2026-04-10,2026-03-30,11.0,17.3,Healthy
CUST00708,2026-04-24,2026-04-10,14.0,17.3,Healthy
CUST00708,2026-05-06,2026-04-24,12.0,17.3,Healthy
CUST00708,2026-05-21,2026-05-06,15.0,17.3,Healthy
CUST00708,2026-06-14,2026-05-21,24.0,17.3,Healthy
CUST00708,2026-07-05,2026-06-14,21.0,17.3,Healthy
CUST00708,2026-07-10,2026-07-05,5.0,17.3,Healthy
CUST00709,2025-07-05,,,63.3,At Risk
CUST00709,2025-08-12,2025-07-05,38.0,63.3,At Risk
CUST00709,2025-08-16,2025-08-12,4.0,63.3,At Risk
CUST00709,2025-10-22,2025-08-16,67.0,63.3,At Risk
CUST00709,2026-01-10,2025-10-22,80.0,63.3,At Risk
CUST00709,2026-01-19,2026-01-10,9.0,63.3,At Risk
CUST00709,2026-07-20,2026-01-19,182.0,63.3,At Risk
CUST00710,2025-09-09,,,35.0,At Risk
CUST00710,2025-11-15,2025-09-09,67.0,35.0,At Risk
CUST00710,2025-12-09,2025-11-15,24.0,35.0,At Risk
CUST00710,2026-01-20,2025-12-09,42.0,35.0,At Risk
CUST00710,2026-02-26,2026-01-20,37.0,35.0,At Risk
CUST00710,2026-03-06,2026-02-26,8.0,35.0,At Risk
CUST00710,2026-05-08,2026-03-06,63.0,35.0,At Risk
CUST00710,2026-05-12,2026-05-08,4.0,35.0,At Risk
CUST00711,2026-03-12,,,4.0,Healthy
CUST00711,2026-03-16,2026-03-12,4.0,4.0,Healthy
CUST00713,2025-03-27,,,96.3,At Risk
CUST00713,2025-05-31,2025-03-27,65.0,96.3,At Risk
CUST00713,2025-07-31,2025-05-31,61.0,96.3,At Risk
CUST00713,2026-02-01,2025-07-31,185.0,96.3,At Risk
CUST00713,2026-04-16,2026-02-01,74.0,96.3,At Risk
CUST00714,2024-09-18,,,140.0,At Risk
CUST00714,2025-04-13,2024-09-18,207.0,140.0,At Risk
CUST00714,2025-09-18,2025-04-13,158.0,140.0,At Risk
CUST00714,2025-11-12,2025-09-18,55.0,140.0,At Risk
CUST00715,2026-07-11,,,,Single Order
CUST00716,2025-09-06,,,80.3,At Risk
CUST00716,2025-12-04,2025-09-06,89.0,80.3,At Risk
CUST00716,2026-04-08,2025-12-04,125.0,80.3,At Risk
CUST00716,2026-07-09,2026-04-08,92.0,80.3,At Risk
CUST00716,2026-07-24,2026-07-09,15.0,80.3,At Risk
CUST00717,2026-03-20,,,32.0,At Risk
CUST00717,2026-04-15,2026-03-20,26.0,32.0,At Risk
CUST00717,2026-06-06,2026-04-15,52.0,32.0,At Risk
CUST00717,2026-06-24,2026-06-06,18.0,32.0,At Risk
CUST00718,2025-08-07,,,59.5,At Risk
CUST00718,2025-08-20,2025-08-07,13.0,59.5,At Risk
CUST00718,2025-12-04,2025-08-20,106.0,59.5,At Risk
CUST00719,2026-07-31,,,,Single Order
CUST00720,2025-11-20,,,45.4,At Risk
CUST00720,2025-11-23,2025-11-20,3.0,45.4,At Risk
CUST00720,2026-02-12,2025-11-23,81.0,45.4,At Risk
CUST00720,2026-04-22,2026-02-12,69.0,45.4,At Risk
CUST00720,2026-05-09,2026-04-22,17.0,45.4,At Risk
CUST00720,2026-07-05,2026-05-09,57.0,45.4,At Risk
CUST00721,2024-12-12,,,174.0,At Risk
CUST00721,2025-03-10,2024-12-12,88.0,174.0,At Risk
CUST00721,2025-12-21,2025-03-10,286.0,174.0,At Risk
CUST00721,2026-05-18,2025-12-21,148.0,174.0,At Risk
CUST00722,2026-02-19,,,23.8,Healthy
CUST00722,2026-03-02,2026-02-19,11.0,23.8,Healthy
CUST00722,2026-03-11,2026-03-02,9.0,23.8,Healthy
CUST00722,2026-05-29,2026-03-11,79.0,23.8,Healthy
CUST00722,2026-06-19,2026-05-29,21.0,23.8,Healthy
CUST00722,2026-06-24,2026-06-19,5.0,23.8,Healthy
CUST00722,2026-07-12,2026-06-24,18.0,23.8,Healthy
CUST00723,2025-12-23,,,18.8,Healthy
CUST00723,2026-01-03,2025-12-23,11.0,18.8,Healthy
CUST00723,2026-01-14,2026-01-03,11.0,18.8,Healthy
CUST00723,2026-01-29,2026-01-14,15.0,18.8,Healthy
CUST00723,2026-03-08,2026-01-29,38.0,18.8,Healthy
CUST00723,2026-04-23,2026-03-08,46.0,18.8,Healthy
CUST00723,2026-05-02,2026-04-23,9.0,18.8,Healthy
CUST00723,2026-05-25,2026-05-02,23.0,18.8,Healthy
CUST00723,2026-05-26,2026-05-25,1.0,18.8,Healthy
CUST00723,2026-06-10,2026-05-26,15.0,18.8,Healthy
CUST00724,2026-03-26,,,22.0,Healthy
CUST00724,2026-04-03,2026-03-26,8.0,22.0,Healthy
CUST00724,2026-04-21,2026-04-03,18.0,22.0,Healthy
CUST00724,2026-06-06,2026-04-21,46.0,22.0,Healthy
CUST00724,2026-07-04,2026-06-06,28.0,22.0,Healthy
CUST00724,2026-07-14,2026-07-04,10.0,22.0,Healthy
CUST00725,2024-09-30,,,83.6,At Risk
CUST00725,2024-10-28,2024-09-30,28.0,83.6,At Risk
CUST00725,2025-02-22,2024-10-28,117.0,83.6,At Risk
CUST00725,2025-09-02,2025-02-22,192.0,83.6,At Risk
CUST00725,2026-02-02,2025-09-02,153.0,83.6,At Risk
CUST00725,2026-04-03,2026-02-02,60.0,83.6,At Risk
CUST00725,2026-04-05,2026-04-03,2.0,83.6,At Risk
CUST00725,2026-05-08,2026-04-05,33.0,83.6,At Risk
CUST00727,2024-11-08,,,100.2,At Risk
CUST00727,2025-01-03,2024-11-08,56.0,100.2,At Risk
CUST00727,2025-05-03,2025-01-03,120.0,100.2,At Risk
CUST00727,2025-07-30,2025-05-03,88.0,100.2,At Risk
CUST00727,2025-10-17,2025-07-30,79.0,100.2,At Risk
CUST00727,2026-03-24,2025-10-17,158.0,100.2,At Risk
CUST00728,2025-07-01,,,98.8,At Risk
CUST00728,2025-07-17,2025-07-01,16.0,98.8,At Risk
CUST00728,2026-03-29,2025-07-17,255.0,98.8,At Risk
CUST00728,2026-07-06,2026-03-29,99.0,98.8,At Risk
CUST00728,2026-07-31,2026-07-06,25.0,98.8,At Risk
CUST00729,2025-10-01,,,68.3,At Risk
CUST00729,2026-01-25,2025-10-01,116.0,68.3,At Risk
CUST00729,2026-04-26,2026-01-25,91.0,68.3,At Risk
CUST00729,2026-06-12,2026-04-26,47.0,68.3,At Risk
CUST00729,2026-07-01,2026-06-12,19.0,68.3,At Risk
CUST00730,2024-11-09,,,83.4,At Risk
CUST00730,2025-01-25,2024-11-09,77.0,83.4,At Risk
CUST00730,2025-05-28,2025-01-25,123.0,83.4,At Risk
CUST00730,2025-06-12,2025-05-28,15.0,83.4,At Risk
CUST00730,2025-07-21,2025-06-12,39.0,83.4,At Risk
CUST00730,2025-07-26,2025-07-21,5.0,83.4,At Risk
CUST00730,2026-05-17,2025-07-26,295.0,83.4,At Risk
CUST00730,2026-06-16,2026-05-17,30.0,83.4,At Risk
CUST00731,2026-04-04,,,24.8,Healthy
CUST00731,2026-05-09,2026-04-04,35.0,24.8,Healthy
CUST00731,2026-07-05,2026-05-09,57.0,24.8,Healthy
CUST00731,2026-07-10,2026-07-05,5.0,24.8,Healthy
CUST00731,2026-07-12,2026-07-10,2.0,24.8,Healthy
CUST00732,2025-06-18,,,76.0,At Risk
CUST00732,2025-08-17,2025-06-18,60.0,76.0,At Risk
CUST00732,2025-10-14,2025-08-17,58.0,76.0,At Risk
CUST00732,2026-03-14,2025-10-14,151.0,76.0,At Risk
CUST00732,2026-04-10,2026-03-14,27.0,76.0,At Risk
CUST00732,2026-07-03,2026-04-10,84.0,76.0,At Risk
CUST00733,2025-12-08,,,,Single Order
CUST00734,2025-12-06,,,24.0,Healthy
CUST00734,2026-01-30,2025-12-06,55.0,24.0,Healthy
CUST00734,2026-02-03,2026-01-30,4.0,24.0,Healthy
CUST00734,2026-03-10,2026-02-03,35.0,24.0,Healthy
CUST00734,2026-03-12,2026-03-10,2.0,24.0,Healthy
CUST00735,2025-01-17,,,35.8,At Risk
CUST00735,2025-03-23,2025-01-17,65.0,35.8,At Risk
CUST00735,2025-05-31,2025-03-23,69.0,35.8,At Risk
CUST00735,2025-06-01,2025-05-31,1.0,35.8,At Risk
CUST00735,2025-06-06,2025-06-01,5.0,35.8,At Risk
CUST00735,2025-06-13,2025-06-06,7.0,35.8,At Risk
CUST00735,2025-09-02,2025-06-13,81.0,35.8,At Risk
CUST00735,2025-10-04,2025-09-02,32.0,35.8,At Risk
CUST00735,2025-10-05,2025-10-04,1.0,35.8,At Risk
CUST00735,2025-10-28,2025-10-05,23.0,35.8,At Risk
CUST00735,2025-11-17,2025-10-28,20.0,35.8,At Risk
CUST00735,2026-04-04,2025-11-17,138.0,35.8,At Risk
CUST00735,2026-04-07,2026-04-04,3.0,35.8,At Risk
CUST00735,2026-04-27,2026-04-07,20.0,35.8,At Risk
CUST00736,2026-04-14,,,24.0,Healthy
CUST00736,2026-06-05,2026-04-14,52.0,24.0,Healthy
CUST00736,2026-06-10,2026-06-05,5.0,24.0,Healthy
CUST00736,2026-06-24,2026-06-10,14.0,24.0,Healthy
CUST00736,2026-07-19,2026-06-24,25.0,24.0,Healthy
CUST00737,2026-03-02,,,30.8,At Risk
CUST00737,2026-04-10,2026-03-02,39.0,30.8,At Risk
CUST00737,2026-04-10,2026-04-10,0.0,30.8,At Risk
CUST00737,2026-05-06,2026-04-10,26.0,30.8,At Risk
CUST00737,2026-07-03,2026-05-06,58.0,30.8,At Risk
CUST00738,2026-01-26,,,42.7,At Risk
CUST00738,2026-03-24,2026-01-26,57.0,42.7,At Risk
CUST00738,2026-04-06,2026-03-24,13.0,42.7,At Risk
CUST00738,2026-06-03,2026-04-06,58.0,42.7,At Risk
CUST00739,2025-05-24,,,38.2,At Risk
CUST00739,2025-08-05,2025-05-24,73.0,38.2,At Risk
CUST00739,2025-10-24,2025-08-05,80.0,38.2,At Risk
CUST00739,2025-10-30,2025-10-24,6.0,38.2,At Risk
CUST00739,2025-11-10,2025-10-30,11.0,38.2,At Risk
CUST00739,2025-12-21,2025-11-10,41.0,38.2,At Risk
CUST00739,2026-01-08,2025-12-21,18.0,38.2,At Risk
CUST00740,2026-02-21,,,29.0,Healthy
CUST00740,2026-02-23,2026-02-21,2.0,29.0,Healthy
CUST00740,2026-04-24,2026-02-23,60.0,29.0,Healthy
CUST00740,2026-05-24,2026-04-24,30.0,29.0,Healthy
CUST00740,2026-05-28,2026-05-24,4.0,29.0,Healthy
CUST00740,2026-07-16,2026-05-28,49.0,29.0,Healthy
CUST00742,2026-03-04,,,43.0,At Risk
CUST00742,2026-04-16,2026-03-04,43.0,43.0,At Risk
CUST00743,2025-12-22,,,32.2,At Risk
CUST00743,2026-01-30,2025-12-22,39.0,32.2,At Risk
CUST00743,2026-02-08,2026-01-30,9.0,32.2,At Risk
CUST00743,2026-04-27,2026-02-08,78.0,32.2,At Risk
CUST00743,2026-05-16,2026-04-27,19.0,32.2,At Risk
CUST00743,2026-06-01,2026-05-16,16.0,32.2,At Risk
CUST00744,2025-01-15,,,164.3,At Risk
CUST00744,2025-08-22,2025-01-15,219.0,164.3,At Risk
CUST00744,2026-03-03,2025-08-22,193.0,164.3,At Risk
CUST00744,2026-05-23,2026-03-03,81.0,164.3,At Risk
CUST00745,2024-08-30,,,55.3,At Risk
CUST00745,2024-10-21,2024-08-30,52.0,55.3,At Risk
CUST00745,2024-12-27,2024-10-21,67.0,55.3,At Risk
CUST00745,2025-01-02,2024-12-27,6.0,55.3,At Risk
CUST00745,2025-01-14,2025-01-02,12.0,55.3,At Risk
CUST00745,2025-05-02,2025-01-14,108.0,55.3,At Risk
CUST00745,2025-09-12,2025-05-02,133.0,55.3,At Risk
CUST00745,2025-10-18,2025-09-12,36.0,55.3,At Risk
CUST00745,2025-10-26,2025-10-18,8.0,55.3,At Risk
CUST00745,2025-12-18,2025-10-26,53.0,55.3,At Risk
CUST00745,2026-04-02,2025-12-18,105.0,55.3,At Risk
CUST00745,2026-06-21,2026-04-02,80.0,55.3,At Risk
CUST00745,2026-06-24,2026-06-21,3.0,55.3,At Risk
CUST00746,2025-08-13,,,48.9,At Risk
CUST00746,2025-09-24,2025-08-13,42.0,48.9,At Risk
CUST00746,2025-09-29,2025-09-24,5.0,48.9,At Risk
CUST00746,2025-11-21,2025-09-29,53.0,48.9,At Risk
CUST00746,2026-03-19,2025-11-21,118.0,48.9,At Risk
CUST00746,2026-07-01,2026-03-19,104.0,48.9,At Risk
CUST00746,2026-07-10,2026-07-01,9.0,48.9,At Risk
CUST00746,2026-07-21,2026-07-10,11.0,48.9,At Risk
CUST00747,2025-09-02,,,52.2,At Risk
CUST00747,2026-03-06,2025-09-02,185.0,52.2,At Risk
CUST00747,2026-03-30,2026-03-06,24.0,52.2,At Risk
CUST00747,2026-04-20,2026-03-30,21.0,52.2,At Risk
CUST00747,2026-04-27,2026-04-20,7.0,52.2,At Risk
CUST00747,2026-05-07,2026-04-27,10.0,52.2,At Risk
CUST00747,2026-07-12,2026-05-07,66.0,52.2,At Risk
CUST00748,2025-07-27,,,43.8,At Risk
CUST00748,2025-08-17,2025-07-27,21.0,43.8,At Risk
CUST00748,2025-09-05,2025-08-17,19.0,43.8,At Risk
CUST00748,2025-11-29,2025-09-05,85.0,43.8,At Risk
CUST00748,2026-02-18,2025-11-29,81.0,43.8,At Risk
CUST00748,2026-04-14,2026-02-18,55.0,43.8,At Risk
CUST00748,2026-04-16,2026-04-14,2.0,43.8,At Risk
CUST00749,2024-10-13,,,71.6,At Risk
CUST00749,2025-01-12,2024-10-13,91.0,71.6,At Risk
CUST00749,2025-02-15,2025-01-12,34.0,71.6,At Risk
CUST00749,2025-06-21,2025-02-15,126.0,71.6,At Risk
CUST00749,2025-07-16,2025-06-21,25.0,71.6,At Risk
CUST00749,2025-12-31,2025-07-16,168.0,71.6,At Risk
CUST00749,2026-03-15,2025-12-31,74.0,71.6,At Risk
CUST00749,2026-03-25,2026-03-15,10.0,71.6,At Risk
CUST00749,2026-06-28,2026-03-25,95.0,71.6,At Risk
CUST00749,2026-07-19,2026-06-28,21.0,71.6,At Risk
CUST00750,2026-04-14,,,41.0,At Risk
CUST00750,2026-07-02,2026-04-14,79.0,41.0,At Risk
CUST00750,2026-07-05,2026-07-02,3.0,41.0,At Risk
CUST00751,2026-01-02,,,,Single Order
CUST00752,2025-09-24,,,132.5,At Risk
CUST00752,2026-04-08,2025-09-24,196.0,132.5,At Risk
CUST00752,2026-06-16,2026-04-08,69.0,132.5,At Risk
CUST00753,2025-08-21,,,93.0,At Risk
CUST00753,2025-09-22,2025-08-21,32.0,93.0,At Risk
CUST00753,2026-04-11,2025-09-22,201.0,93.0,At Risk
CUST00753,2026-05-27,2026-04-11,46.0,93.0,At Risk
CUST00754,2026-02-03,,,24.0,Healthy
CUST00754,2026-02-11,2026-02-03,8.0,24.0,Healthy
CUST00754,2026-03-03,2026-02-11,20.0,24.0,Healthy
CUST00754,2026-03-09,2026-03-03,6.0,24.0,Healthy
CUST00754,2026-04-03,2026-03-09,25.0,24.0,Healthy
CUST00754,2026-05-04,2026-04-03,31.0,24.0,Healthy
CUST00754,2026-07-07,2026-05-04,64.0,24.0,Healthy
CUST00754,2026-07-21,2026-07-07,14.0,24.0,Healthy
CUST00755,2025-01-06,,,76.0,At Risk
CUST00755,2025-03-19,2025-01-06,72.0,76.0,At Risk
CUST00755,2025-08-18,2025-03-19,152.0,76.0,At Risk
CUST00755,2025-09-24,2025-08-18,37.0,76.0,At Risk
CUST00755,2025-11-02,2025-09-24,39.0,76.0,At Risk
CUST00755,2026-04-04,2025-11-02,153.0,76.0,At Risk
CUST00755,2026-04-07,2026-04-04,3.0,76.0,At Risk
CUST00756,2026-03-15,,,42.3,At Risk
CUST00756,2026-04-08,2026-03-15,24.0,42.3,At Risk
CUST00756,2026-07-16,2026-04-08,99.0,42.3,At Risk
CUST00756,2026-07-20,2026-07-16,4.0,42.3,At Risk
CUST00757,2025-06-18,,,350.0,At Risk
CUST00757,2026-06-03,2025-06-18,350.0,350.0,At Risk
CUST00758,2025-01-23,,,88.3,At Risk
CUST00758,2025-02-12,2025-01-23,20.0,88.3,At Risk
CUST00758,2025-11-28,2025-02-12,289.0,88.3,At Risk
CUST00758,2026-02-11,2025-11-28,75.0,88.3,At Risk
CUST00758,2026-04-26,2026-02-11,74.0,88.3,At Risk
CUST00758,2026-06-11,2026-04-26,46.0,88.3,At Risk
CUST00758,2026-07-07,2026-06-11,26.0,88.3,At Risk
CUST00759,2025-12-07,,,46.6,At Risk
CUST00759,2025-12-10,2025-12-07,3.0,46.6,At Risk
CUST00759,2025-12-22,2025-12-10,12.0,46.6,At Risk
CUST00759,2025-12-22,2025-12-22,0.0,46.6,At Risk
CUST00759,2026-02-26,2025-12-22,66.0,46.6,At Risk
CUST00759,2026-07-28,2026-02-26,152.0,46.6,At Risk
CUST00760,2026-04-01,,,14.8,Healthy
CUST00760,2026-05-15,2026-04-01,44.0,14.8,Healthy
CUST00760,2026-05-22,2026-05-15,7.0,14.8,Healthy
CUST00760,2026-05-25,2026-05-22,3.0,14.8,Healthy
CUST00760,2026-05-30,2026-05-25,5.0,14.8,Healthy
CUST00761,2026-02-15,,,21.4,Healthy
CUST00761,2026-03-14,2026-02-15,27.0,21.4,Healthy
CUST00761,2026-04-08,2026-03-14,25.0,21.4,Healthy
CUST00761,2026-04-08,2026-04-08,0.0,21.4,Healthy
CUST00761,2026-04-18,2026-04-08,10.0,21.4,Healthy
CUST00761,2026-06-02,2026-04-18,45.0,21.4,Healthy
CUST00762,2026-02-10,,,,Single Order
CUST00763,2025-02-14,,,92.8,At Risk
CUST00763,2025-05-30,2025-02-14,105.0,92.8,At Risk
CUST00763,2025-06-01,2025-05-30,2.0,92.8,At Risk
CUST00763,2025-09-27,2025-06-01,118.0,92.8,At Risk
CUST00763,2026-03-27,2025-09-27,181.0,92.8,At Risk
CUST00763,2026-05-24,2026-03-27,58.0,92.8,At Risk
CUST00764,2025-03-20,,,69.5,At Risk
CUST00764,2025-04-28,2025-03-20,39.0,69.5,At Risk
CUST00764,2025-05-15,2025-04-28,17.0,69.5,At Risk
CUST00764,2026-01-06,2025-05-15,236.0,69.5,At Risk
CUST00764,2026-03-01,2026-01-06,54.0,69.5,At Risk
CUST00764,2026-05-01,2026-03-01,61.0,69.5,At Risk
CUST00764,2026-05-11,2026-05-01,10.0,69.5,At Risk
CUST00765,2026-05-28,,,,Single Order
CUST00766,2025-05-12,,,71.8,At Risk
CUST00766,2025-06-12,2025-05-12,31.0,71.8,At Risk
CUST00766,2025-07-16,2025-06-12,34.0,71.8,At Risk
CUST00766,2025-08-14,2025-07-16,29.0,71.8,At Risk
CUST00766,2025-12-11,2025-08-14,119.0,71.8,At Risk
CUST00766,2026-02-13,2025-12-11,64.0,71.8,At Risk
CUST00766,2026-07-17,2026-02-13,154.0,71.8,At Risk
CUST00767,2025-12-09,,,88.0,At Risk
CUST00767,2026-01-09,2025-12-09,31.0,88.0,At Risk
CUST00767,2026-06-03,2026-01-09,145.0,88.0,At Risk
CUST00768,2026-01-29,,,23.9,Healthy
CUST00768,2026-02-12,2026-01-29,14.0,23.9,Healthy
CUST00768,2026-02-15,2026-02-12,3.0,23.9,Healthy
CUST00768,2026-05-10,2026-02-15,84.0,23.9,Healthy
CUST00768,2026-05-23,2026-05-10,13.0,23.9,Healthy
CUST00768,2026-06-14,2026-05-23,22.0,23.9,Healthy
CUST00768,2026-07-10,2026-06-14,26.0,23.9,Healthy
CUST00768,2026-07-15,2026-07-10,5.0,23.9,Healthy
CUST00770,2025-05-01,,,45.7,At Risk
CUST00770,2025-05-28,2025-05-01,27.0,45.7,At Risk
CUST00770,2025-06-02,2025-05-28,5.0,45.7,At Risk
CUST00770,2025-07-04,2025-06-02,32.0,45.7,At Risk
CUST00770,2025-08-22,2025-07-04,49.0,45.7,At Risk
CUST00770,2025-11-09,2025-08-22,79.0,45.7,At Risk
CUST00770,2025-12-22,2025-11-09,43.0,45.7,At Risk
CUST00770,2026-04-24,2025-12-22,123.0,45.7,At Risk
CUST00770,2026-05-09,2026-04-24,15.0,45.7,At Risk
CUST00770,2026-05-09,2026-05-09,0.0,45.7,At Risk
CUST00770,2026-08-01,2026-05-09,84.0,45.7,At Risk
CUST00771,2025-10-30,,,38.9,At Risk
CUST00771,2025-11-20,2025-10-30,21.0,38.9,At Risk
CUST00771,2026-02-04,2025-11-20,76.0,38.9,At Risk
CUST00771,2026-03-19,2026-02-04,43.0,38.9,At Risk
CUST00771,2026-05-05,2026-03-19,47.0,38.9,At Risk
CUST00771,2026-05-23,2026-05-05,18.0,38.9,At Risk
CUST00771,2026-06-05,2026-05-23,13.0,38.9,At Risk
CUST00771,2026-07-29,2026-06-05,54.0,38.9,At Risk
CUST00772,2025-10-26,,,44.8,At Risk
CUST00772,2025-11-28,2025-10-26,33.0,44.8,At Risk
CUST00772,2026-02-12,2025-11-28,76.0,44.8,At Risk
CUST00772,2026-03-22,2026-02-12,38.0,44.8,At Risk
CUST00772,2026-06-14,2026-03-22,84.0,44.8,At Risk
CUST00772,2026-06-29,2026-06-14,15.0,44.8,At Risk
CUST00772,2026-07-22,2026-06-29,23.0,44.8,At Risk
CUST00773,2025-01-04,,,168.0,At Risk
CUST00773,2025-10-19,2025-01-04,288.0,168.0,At Risk
CUST00773,2025-12-06,2025-10-19,48.0,168.0,At Risk
CUST00774,2025-03-16,,,42.5,At Risk
CUST00774,2025-05-02,2025-03-16,47.0,42.5,At Risk
CUST00774,2025-06-20,2025-05-02,49.0,42.5,At Risk
CUST00774,2025-08-10,2025-06-20,51.0,42.5,At Risk
CUST00774,2025-10-10,2025-08-10,61.0,42.5,At Risk
CUST00774,2025-11-30,2025-10-10,51.0,42.5,At Risk
CUST00774,2026-01-08,2025-11-30,39.0,42.5,At Risk
CUST00774,2026-01-26,2026-01-08,18.0,42.5,At Risk
CUST00774,2026-01-30,2026-01-26,4.0,42.5,At Risk
CUST00774,2026-04-12,2026-01-30,72.0,42.5,At Risk
CUST00774,2026-04-27,2026-04-12,15.0,42.5,At Risk
CUST00774,2026-06-27,2026-04-27,61.0,42.5,At Risk
CUST00775,2025-03-08,,,42.4,At Risk
CUST00775,2025-08-04,2025-03-08,149.0,42.4,At Risk
CUST00775,2025-09-16,2025-08-04,43.0,42.4,At Risk
CUST00775,2025-10-10,2025-09-16,24.0,42.4,At Risk
CUST00775,2025-11-15,2025-10-10,36.0,42.4,At Risk
CUST00775,2025-12-03,2025-11-15,18.0,42.4,At Risk
CUST00775,2025-12-27,2025-12-03,24.0,42.4,At Risk
CUST00775,2026-03-14,2025-12-27,77.0,42.4,At Risk
CUST00775,2026-04-17,2026-03-14,34.0,42.4,At Risk
CUST00775,2026-05-08,2026-04-17,21.0,42.4,At Risk
CUST00775,2026-05-24,2026-05-08,16.0,42.4,At Risk
CUST00775,2026-06-17,2026-05-24,24.0,42.4,At Risk
CUST00776,2024-12-21,,,61.0,At Risk
CUST00776,2025-02-28,2024-12-21,69.0,61.0,At Risk
CUST00776,2025-04-13,2025-02-28,44.0,61.0,At Risk
CUST00776,2025-05-31,2025-04-13,48.0,61.0,At Risk
CUST00776,2025-06-30,2025-05-31,30.0,61.0,At Risk
CUST00776,2025-07-25,2025-06-30,25.0,61.0,At Risk
CUST00776,2025-10-26,2025-07-25,93.0,61.0,At Risk
CUST00776,2026-03-13,2025-10-26,138.0,61.0,At Risk
CUST00776,2026-04-23,2026-03-13,41.0,61.0,At Risk
CUST00777,2025-03-28,,,93.4,At Risk
CUST00777,2025-07-21,2025-03-28,115.0,93.4,At Risk
CUST00777,2025-08-17,2025-07-21,27.0,93.4,At Risk
CUST00777,2025-09-08,2025-08-17,22.0,93.4,At Risk
CUST00777,2026-01-13,2025-09-08,127.0,93.4,At Risk
CUST00777,2026-07-08,2026-01-13,176.0,93.4,At Risk
CUST00779,2026-01-11,,,84.0,At Risk
CUST00779,2026-04-05,2026-01-11,84.0,84.0,At Risk
CUST00780,2025-05-27,,,141.0,At Risk
CUST00780,2025-08-16,2025-05-27,81.0,141.0,At Risk
CUST00780,2026-03-05,2025-08-16,201.0,141.0,At Risk
CUST00781,2025-05-19,,,77.2,At Risk
CUST00781,2025-09-29,2025-05-19,133.0,77.2,At Risk
CUST00781,2025-11-30,2025-09-29,62.0,77.2,At Risk
CUST00781,2025-12-12,2025-11-30,12.0,77.2,At Risk
CUST00781,2026-04-10,2025-12-12,119.0,77.2,At Risk
CUST00781,2026-06-09,2026-04-10,60.0,77.2,At Risk
CUST00783,2025-10-15,,,27.0,Healthy
CUST00783,2025-11-11,2025-10-15,27.0,27.0,Healthy
CUST00784,2026-07-27,,,,Single Order
CUST00785,2025-09-11,,,50.8,At Risk
CUST00785,2025-12-02,2025-09-11,82.0,50.8,At Risk
CUST00785,2026-05-14,2025-12-02,163.0,50.8,At Risk
CUST00785,2026-05-29,2026-05-14,15.0,50.8,At Risk
CUST00785,2026-06-08,2026-05-29,10.0,50.8,At Risk
CUST00785,2026-07-10,2026-06-08,32.0,50.8,At Risk
CUST00785,2026-07-13,2026-07-10,3.0,50.8,At Risk
CUST00786,2025-03-01,,,71.1,At Risk
CUST00786,2025-07-08,2025-03-01,129.0,71.1,At Risk
CUST00786,2025-08-28,2025-07-08,51.0,71.1,At Risk
CUST00786,2025-11-16,2025-08-28,80.0,71.1,At Risk
CUST00786,2026-02-15,2025-11-16,91.0,71.1,At Risk
CUST00786,2026-04-30,2026-02-15,74.0,71.1,At Risk
CUST00786,2026-06-07,2026-04-30,38.0,71.1,At Risk
CUST00786,2026-07-12,2026-06-07,35.0,71.1,At Risk
CUST00787,2025-08-31,,,99.7,At Risk
CUST00787,2025-12-21,2025-08-31,112.0,99.7,At Risk
CUST00787,2026-06-04,2025-12-21,165.0,99.7,At Risk
CUST00787,2026-06-26,2026-06-04,22.0,99.7,At Risk
CUST00790,2025-04-07,,,65.2,At Risk
CUST00790,2025-06-09,2025-04-07,63.0,65.2,At Risk
CUST00790,2025-09-21,2025-06-09,104.0,65.2,At Risk
CUST00790,2025-10-20,2025-09-21,29.0,65.2,At Risk
CUST00790,2025-12-01,2025-10-20,42.0,65.2,At Risk
CUST00790,2026-04-29,2025-12-01,149.0,65.2,At Risk
CUST00790,2026-05-03,2026-04-29,4.0,65.2,At Risk
CUST00791,2026-04-25,,,23.5,Healthy
CUST00791,2026-05-01,2026-04-25,6.0,23.5,Healthy
CUST00791,2026-06-11,2026-05-01,41.0,23.5,Healthy
CUST00792,2025-05-30,,,26.7,Healthy
CUST00792,2025-06-25,2025-05-30,26.0,26.7,Healthy
CUST00792,2025-07-09,2025-06-25,14.0,26.7,Healthy
CUST00792,2025-07-25,2025-07-09,16.0,26.7,Healthy
CUST00792,2025-10-02,2025-07-25,69.0,26.7,Healthy
CUST00792,2025-10-06,2025-10-02,4.0,26.7,Healthy
CUST00792,2025-10-14,2025-10-06,8.0,26.7,Healthy
CUST00792,2025-10-28,2025-10-14,14.0,26.7,Healthy
CUST00792,2026-01-30,2025-10-28,94.0,26.7,Healthy
CUST00792,2026-03-07,2026-01-30,36.0,26.7,Healthy
CUST00792,2026-04-23,2026-03-07,47.0,26.7,Healthy
CUST00792,2026-06-20,2026-04-23,58.0,26.7,Healthy
CUST00792,2026-06-20,2026-06-20,0.0,26.7,Healthy
CUST00792,2026-06-23,2026-06-20,3.0,26.7,Healthy
CUST00792,2026-07-03,2026-06-23,10.0,26.7,Healthy
CUST00792,2026-07-05,2026-07-03,2.0,26.7,Healthy
CUST00792,2026-07-31,2026-07-05,26.0,26.7,Healthy
CUST00793,2026-02-21,,,16.2,Healthy
CUST00793,2026-03-05,2026-02-21,12.0,16.2,Healthy
CUST00793,2026-03-14,2026-03-05,9.0,16.2,Healthy
CUST00793,2026-03-17,2026-03-14,3.0,16.2,Healthy
CUST00793,2026-05-07,2026-03-17,51.0,16.2,Healthy
CUST00793,2026-05-13,2026-05-07,6.0,16.2,Healthy
CUST00794,2025-07-22,,,,Single Order
CUST00795,2025-06-04,,,42.5,At Risk
CUST00795,2025-08-23,2025-06-04,80.0,42.5,At Risk
CUST00795,2025-08-28,2025-08-23,5.0,42.5,At Risk
CUST00795,2025-10-15,2025-08-28,48.0,42.5,At Risk
CUST00795,2025-12-06,2025-10-15,52.0,42.5,At Risk
CUST00795,2026-02-05,2025-12-06,61.0,42.5,At Risk
CUST00795,2026-02-11,2026-02-05,6.0,42.5,At Risk
CUST00795,2026-03-04,2026-02-11,21.0,42.5,At Risk
CUST00795,2026-05-10,2026-03-04,67.0,42.5,At Risk
CUST00796,2026-01-10,,,,Single Order
CUST00797,2024-10-10,,,41.0,At Risk
CUST00797,2024-10-21,2024-10-10,11.0,41.0,At Risk
CUST00797,2024-12-03,2024-10-21,43.0,41.0,At Risk
CUST00797,2025-02-03,2024-12-03,62.0,41.0,At Risk
CUST00797,2025-05-11,2025-02-03,97.0,41.0,At Risk
CUST00797,2025-05-21,2025-05-11,10.0,41.0,At Risk
CUST00797,2025-06-19,2025-05-21,29.0,41.0,At Risk
CUST00797,2025-07-01,2025-06-19,12.0,41.0,At Risk
CUST00797,2025-07-17,2025-07-01,16.0,41.0,At Risk
CUST00797,2025-09-15,2025-07-17,60.0,41.0,At Risk
CUST00797,2025-11-19,2025-09-15,65.0,41.0,At Risk
CUST00797,2025-11-28,2025-11-19,9.0,41.0,At Risk
CUST00797,2026-02-04,2025-11-28,68.0,41.0,At Risk
CUST00797,2026-03-25,2026-02-04,49.0,41.0,At Risk
CUST00797,2026-05-07,2026-03-25,43.0,41.0,At Risk
CUST00798,2026-03-18,,,38.0,At Risk
CUST00798,2026-03-20,2026-03-18,2.0,38.0,At Risk
CUST00798,2026-05-08,2026-03-20,49.0,38.0,At Risk
CUST00798,2026-07-10,2026-05-08,63.0,38.0,At Risk
CUST00799,2026-04-17,,,7.8,Healthy
CUST00799,2026-04-22,2026-04-17,5.0,7.8,Healthy
CUST00799,2026-04-26,2026-04-22,4.0,7.8,Healthy
CUST00799,2026-05-04,2026-04-26,8.0,7.8,Healthy
CUST00799,2026-05-18,2026-05-04,14.0,7.8,Healthy
CUST00799,2026-05-21,2026-05-18,3.0,7.8,Healthy
CUST00799,2026-05-22,2026-05-21,1.0,7.8,Healthy
CUST00799,2026-05-26,2026-05-22,4.0,7.8,Healthy
CUST00799,2026-06-18,2026-05-26,23.0,7.8,Healthy
CUST00799,2026-06-23,2026-06-18,5.0,7.8,Healthy
CUST00799,2026-07-19,2026-06-23,26.0,7.8,Healthy
CUST00799,2026-07-24,2026-07-19,5.0,7.8,Healthy
CUST00799,2026-07-25,2026-07-24,1.0,7.8,Healthy
CUST00799,2026-07-28,2026-07-25,3.0,7.8,Healthy
CUST00800,2025-08-12,,,92.7,At Risk
CUST00800,2026-02-17,2025-08-12,189.0,92.7,At Risk
CUST00800,2026-05-02,2026-02-17,74.0,92.7,At Risk
CUST00800,2026-05-17,2026-05-02,15.0,92.7,At Risk
