item_id,order_id,product_id,quantity,unit_price,discount_percent,is_return
ITEM000001,ORD004435,PROD0006,2,5.23,0,0
ITEM000002,ORD004435,PROD0073,1,118.58,10,0
ITEM000003,ORD001400,PROD0135,1,156.82,10,0
ITEM000004,ORD001400,PROD0315,1,10.71,30,0
ITEM000005,ORD002492,PROD0084,1,1559.58,20,0
ITEM000006,ORD002492,PROD0161,2,36.57,0,0
ITEM000007,ORD001404,PROD0458,1,924.42,0,0
ITEM000008,ORD003390,PROD0106,4,533.03,5,0
ITEM000009,ORD003390,PROD0137,2,220.75,10,0
ITEM000010,ORD003390,PROD0183,3,267.76,25,0
ITEM000011,ORD003390,PROD0223,2,145.04,40,0
ITEM000012,ORD003390,PROD0238,1,47.88,40,0
ITEM000013,ORD003186,PROD0232,3,23.86,0,0
ITEM000014,ORD003404,PROD0117,1,380.26,20,0
ITEM000015,ORD002971,PROD0482,1,534.18,30,0
ITEM000016,ORD002971,PROD0030,1,411.78,20,0
ITEM000017,ORD002971,PROD0418,3,1540.4,0,0
ITEM000018,ORD002367,PROD0130,2,336.28,40,0
ITEM000019,ORD002367,PROD0014,1,320.88,10,0
ITEM000020,ORD002367,PROD0418,1,1525.52,10,0
ITEM000021,ORD003087,PROD0467,4,759.83,25,0
ITEM000022,ORD003087,PROD0208,3,472.6,0,0
ITEM000023,ORD004271,PROD0195,1,62.59,10,0
ITEM000024,ORD001405,PROD0232,3,24.43,15,0
ITEM000025,ORD001405,PROD0219,2,975.46,40,0
ITEM000026,ORD001401,PROD0236,1,857.55,10,0
ITEM000027,ORD001401,PROD0199,1,19.3,10,0
ITEM000028,ORD003177,PROD0181,2,67.15,50,0
ITEM000029,ORD003177,PROD0258,4,196.8,0,0
ITEM000030,ORD003177,PROD0055,2,63.34,15,0
ITEM000031,ORD003177,PROD0270,1,41.39,40,0
ITEM000032,ORD003177,PROD0497,4,53.69,30,0
ITEM000033,ORD000375,PROD0111,2,165.68,10,0
ITEM000034,ORD003530,PROD0379,2,14.65,0,0
ITEM000035,ORD003530,PROD0205,4,507.36,15,0
ITEM000036,ORD003530,PROD0108,1,278.32,5,0
ITEM000037,ORD003530,PROD0331,3,82.23,20,0
ITEM000038,ORD003688,PROD0272,1,98.1,5,0
ITEM000039,ORD000887,PROD0469,1,114.73,10,0
ITEM000040,ORD000887,PROD0366,1,856.32,20,0
ITEM000041,ORD003391,PROD0192,1,218.41,40,0
ITEM000042,ORD003391,PROD0232,1,24.24,10,0
ITEM000043,ORD003391,PROD0460,1,29.26,0,0
ITEM000044,ORD003391,PROD0330,1,28.08,25,0
ITEM000045,ORD003391,PROD0457,2,107.23,0,0
ITEM000046,ORD002434,PROD0258,-2,192.43,15,1
ITEM000047,ORD003319,PROD0437,3,30.93,15,0
ITEM000048,ORD003319,PROD0149,1,1221.6,10,0
ITEM000049,ORD002422,PROD0181,1,68.24,40,0
ITEM000050,ORD002422,PROD0432,1,297.76,0,0
ITEM000051,ORD002422,PROD0469,3,116.63,25,0
ITEM000052,ORD003147,PROD0258,4,195.1,30,0
ITEM000053,ORD003147,PROD0459,3,40.2,10,0
ITEM000054,ORD003147,PROD0136,1,17.24,0,0
ITEM000055,ORD004326,PROD0494,2,186.76,0,0
ITEM000056,ORD004326,PROD0193,2,945.22,20,0
ITEM000057,ORD004326,PROD0015,1,485.45,0,0
ITEM000058,ORD004326,PROD0073,1,113.97,0,0
ITEM000059,ORD004326,PROD0108,1,283.45,15,0
ITEM000060,ORD000389,PROD0062,3,329.47,15,0
ITEM000061,ORD000389,PROD0190,1,477.82,50,0
ITEM000062,ORD002974,PROD0203,4,352.12,0,0
ITEM000063,ORD002974,PROD0230,1,6.61,20,0
ITEM000064,ORD002974,PROD0346,1,46.99,10,0
ITEM000065,ORD003325,PROD0135,1,155.17,25,0
ITEM000066,ORD003325,PROD0315,1,10.84,40,0
ITEM000067,ORD003882,PROD0358,1,29.18,15,0
ITEM000068,ORD003882,PROD0487,1,241.86,0,0
ITEM000069,ORD003882,PROD0282,3,31.14,20,0
ITEM000070,ORD003139,PROD0015,1,479.62,50,0
ITEM000071,ORD003139,PROD0114,2,226.56,0,0
ITEM000072,ORD003687,PROD0186,1,36.94,20,0
ITEM000073,ORD003687,PROD0469,3,110.54,50,0
ITEM000074,ORD003687,PROD0300,1,20.4,50,0
ITEM000075,ORD003523,PROD0146,1,237.46,20,0
ITEM000076,ORD003523,PROD0457,3,110.39,40,0
ITEM000077,ORD003523,PROD0228,1,118.68,15,0
ITEM000078,ORD003523,PROD0336,1,1659.5,0,0
ITEM000079,ORD003523,PROD0316,1,33.83,40,0
ITEM000080,ORD000393,PROD0086,1,228.9,10,0
ITEM000081,ORD000393,PROD0467,1,738.3,10,0
ITEM000082,ORD000393,PROD0287,1,1388.2,10,0
ITEM000083,ORD003184,PROD0349,2,657.24,50,0
ITEM000084,ORD003184,PROD0095,1,535.51,10,0
ITEM000085,ORD003184,PROD0328,1,15.9,50,0
ITEM000086,ORD004728,PROD0086,1,225.73,40,0
ITEM000087,ORD004728,PROD0467,2,780.74,30,0
ITEM000088,ORD002420,PROD0121,1,1167.26,10,0
ITEM000089,ORD002420,PROD0075,1,14.25,50,0
ITEM000090,ORD002420,PROD0120,1,189.44,5,0
ITEM000091,ORD002420,PROD0211,1,85.83,0,0
ITEM000092,ORD004475,PROD0217,3,41.64,25,0
ITEM000093,ORD003622,PROD0238,1,48.44,25,0
ITEM000094,ORD003674,PROD0105,4,173.09,5,0
ITEM000095,ORD003674,PROD0227,1,54.55,5,0
ITEM000096,ORD003674,PROD0303,1,48.54,0,0
ITEM000097,ORD000087,PROD0077,1,947.37,30,0
ITEM000098,ORD000087,PROD0366,1,886.32,20,0
ITEM000099,ORD000087,PROD0030,2,404.46,10,0
ITEM000100,ORD002424,PROD0250,1,115.31,10,0
ITEM000101,ORD002424,PROD0270,1,41.88,50,0
ITEM000102,ORD000328,PROD0469,1,112.44,10,0
ITEM000103,ORD000328,PROD0366,3,904.06,10,0
ITEM000104,ORD000328,PROD0281,3,1583.39,30,0
ITEM000105,ORD000841,PROD0482,1,535.02,10,0
ITEM000106,ORD000841,PROD0030,1,412.96,20,0
ITEM000107,ORD003996,PROD0287,2,1320.7,0,0
ITEM000108,ORD003996,PROD0219,2,987.53,0,0
ITEM000109,ORD003996,PROD0372,1,627.21,20,0
ITEM000110,ORD003996,PROD0032,1,227.53,0,0
ITEM000111,ORD001396,PROD0208,2,457.27,40,0
ITEM000112,ORD001396,PROD0181,1,67.31,10,0
ITEM000113,ORD003388,PROD0135,2,154.79,0,0
ITEM000114,ORD003388,PROD0315,1,11.17,40,0
ITEM000115,ORD002983,PROD0121,-2,1180.01,10,1
ITEM000116,ORD002983,PROD0464,-3,345.38,50,1
ITEM000117,ORD004441,PROD0499,3,42.62,30,0
ITEM000118,ORD004441,PROD0188,1,219.78,50,0
ITEM000119,ORD004441,PROD0130,1,337.92,0,0
ITEM000120,ORD004735,PROD0077,1,958.08,50,0
ITEM000121,ORD004735,PROD0205,1,523.14,20,0
ITEM000122,ORD003323,PROD0202,2,6.99,0,0
ITEM000123,ORD003323,PROD0444,1,9.42,0,0
ITEM000124,ORD003381,PROD0479,1,39.16,50,0
ITEM000125,ORD003381,PROD0374,4,104.54,25,0
ITEM000126,ORD003047,PROD0092,1,147.44,20,0
ITEM000127,ORD003047,PROD0266,1,20.13,0,0
ITEM000128,ORD003047,PROD0307,1,35.57,0,0
ITEM000129,ORD001259,PROD0181,2,67.3,50,0
ITEM000130,ORD001259,PROD0258,2,197.83,5,0
ITEM000131,ORD003440,PROD0086,1,223.97,30,0
ITEM000132,ORD003440,PROD0467,1,765.33,25,0
ITEM000133,ORD002037,PROD0030,1,409.98,0,0
ITEM000134,ORD002037,PROD0166,1,1042.44,0,0
ITEM000135,ORD004330,PROD0015,1,475.65,25,0
ITEM000136,ORD004330,PROD0073,2,117.72,0,0
ITEM000137,ORD004330,PROD0301,1,228.3,15,0
ITEM000138,ORD002808,PROD0211,2,86.05,20,0
ITEM000139,ORD002808,PROD0495,1,80.26,5,0
ITEM000140,ORD002808,PROD0486,2,27.15,0,0
ITEM000141,ORD002808,PROD0328,2,16.3,20,0
ITEM000142,ORD003143,PROD0429,1,147.84,0,0
ITEM000143,ORD002254,PROD0111,4,167.23,10,0
ITEM000144,ORD002985,PROD0033,1,108.6,0,0
ITEM000145,ORD002985,PROD0444,3,9.47,10,0
ITEM000146,ORD002260,PROD0469,1,111.93,15,0
ITEM000147,ORD002260,PROD0366,2,864.56,15,0
ITEM000148,ORD002260,PROD0426,1,105.7,20,0
ITEM000149,ORD004073,PROD0033,1,111.87,20,0
ITEM000150,ORD004073,PROD0294,4,16.28,5,0
ITEM000151,ORD004073,PROD0418,2,1542.73,15,0
ITEM000152,ORD004073,PROD0347,3,17.99,15,0
ITEM000153,ORD004073,PROD0366,1,877.91,0,0
ITEM000154,ORD001897,PROD0176,3,749.16,40,0
ITEM000155,ORD001897,PROD0264,2,33.51,0,0
ITEM000156,ORD003178,PROD0150,-1,444.24,50,1
ITEM000157,ORD003178,PROD0332,-2,1294.2,0,1
ITEM000158,ORD002414,PROD0429,1,143.26,0,0
ITEM000159,ORD002414,PROD0027,1,76.24,0,0
ITEM000160,ORD002414,PROD0297,2,15.04,25,0
ITEM000161,ORD001398,PROD0192,2,220.23,30,0
ITEM000162,ORD001398,PROD0232,3,24.06,20,0
ITEM000163,ORD001398,PROD0315,1,11.17,30,0
ITEM000164,ORD001882,PROD0086,3,236.12,50,0
ITEM000165,ORD001882,PROD0467,1,754.9,10,0
ITEM000166,ORD004332,PROD0500,1,1310.92,15,0
ITEM000167,ORD004332,PROD0054,2,6.36,10,0
ITEM000168,ORD004332,PROD0275,1,109.64,5,0
ITEM000169,ORD003592,PROD0457,1,106.61,30,0
ITEM000170,ORD003592,PROD0237,3,710.1,5,0
ITEM000171,ORD003403,PROD0469,1,112.13,10,0
ITEM000172,ORD003403,PROD0366,1,875.35,10,0
ITEM000173,ORD003044,PROD0475,1,84.47,0,0
ITEM000174,ORD003044,PROD0117,1,367.67,0,0
ITEM000175,ORD004348,PROD0078,1,1597.43,10,0
ITEM000176,ORD004348,PROD0190,1,451.57,0,0
ITEM000177,ORD003444,PROD0114,1,229.61,25,0
ITEM000178,ORD002423,PROD0098,1,61.75,15,0
ITEM000179,ORD002437,PROD0030,1,391.17,5,0
ITEM000180,ORD002437,PROD0177,3,95.8,25,0
ITEM000181,ORD002417,PROD0349,1,683.09,10,0
ITEM000182,ORD002417,PROD0374,1,105.1,10,0
ITEM000183,ORD000579,PROD0485,1,56.98,5,0
ITEM000184,ORD003125,PROD0006,2,5.28,40,0
ITEM000185,ORD003125,PROD0073,1,117.65,10,0
ITEM000186,ORD003148,PROD0153,3,55.51,15,0
ITEM000187,ORD003148,PROD0179,2,377.38,20,0
ITEM000188,ORD003148,PROD0183,2,276.55,25,0
ITEM000189,ORD003148,PROD0006,1,5.41,10,0
ITEM000190,ORD003148,PROD0496,2,7.14,40,0
ITEM000191,ORD000856,PROD0192,1,217.8,0,0
ITEM000192,ORD000856,PROD0430,4,172.67,40,0
ITEM000193,ORD000856,PROD0095,2,518.76,30,0
ITEM000194,ORD000856,PROD0382,1,1490.68,50,0
ITEM000195,ORD003382,PROD0106,3,534.3,25,0
ITEM000196,ORD003382,PROD0137,1,222.28,50,0
ITEM000197,ORD000373,PROD0358,2,29.87,25,0
ITEM000198,ORD000373,PROD0477,1,214.06,20,0
ITEM000199,ORD000373,PROD0106,2,523.73,50,0
ITEM000200,ORD001898,PROD0469,2,112.68,50,0
ITEM000201,ORD001898,PROD0141,1,20.23,30,0
ITEM000202,ORD001394,PROD0097,1,523.01,50,0
ITEM000203,ORD001394,PROD0379,2,14.71,50,0
ITEM000204,ORD001394,PROD0349,2,668.7,15,0
ITEM000205,ORD001394,PROD0184,1,27.18,25,0
ITEM000206,ORD001394,PROD0141,1,19.28,15,0
ITEM000207,ORD002973,PROD0497,1,52.04,40,0
ITEM000208,ORD002973,PROD0469,2,115.15,10,0
ITEM000209,ORD002973,PROD0429,2,143.57,40,0
ITEM000210,ORD002973,PROD0289,1,283.34,5,0
ITEM000211,ORD002973,PROD0192,1,223.8,15,0
ITEM000212,ORD001243,PROD0267,2,51.02,40,0
ITEM000213,ORD002256,PROD0467,4,743.57,50,0
ITEM000214,ORD002256,PROD0208,2,471.31,10,0
ITEM000215,ORD002256,PROD0006,1,5.53,50,0
ITEM000216,ORD002256,PROD0242,2,4.57,10,0
ITEM000217,ORD003948,PROD0472,3,285.45,50,0
ITEM000218,ORD003948,PROD0132,3,67.73,5,0
ITEM000219,ORD003948,PROD0124,1,1210.27,0,0
ITEM000220,ORD003948,PROD0315,2,11.28,25,0
ITEM000221,ORD000230,PROD0006,2,5.48,50,0
ITEM000222,ORD000230,PROD0389,1,144.06,20,0
ITEM000223,ORD002624,PROD0297,1,15.48,15,0
ITEM000224,ORD002624,PROD0018,1,1109.47,50,0
ITEM000225,ORD002554,PROD0148,3,38.07,0,0
ITEM000226,ORD002554,PROD0244,3,253.07,20,0
ITEM000227,ORD002433,PROD0228,2,118.8,15,0
ITEM000228,ORD002433,PROD0263,1,65.11,15,0
ITEM000229,ORD002433,PROD0031,1,306.45,40,0
ITEM000230,ORD002433,PROD0334,1,24.23,30,0
ITEM000231,ORD002433,PROD0001,3,277.99,30,0
ITEM000232,ORD001848,PROD0078,3,1633.49,50,0
ITEM000233,ORD001848,PROD0366,2,888.93,25,0
ITEM000234,ORD002523,PROD0485,1,55.43,40,0
ITEM000235,ORD002523,PROD0086,3,233.56,20,0
ITEM000236,ORD002523,PROD0215,1,15.74,25,0
ITEM000237,ORD002523,PROD0335,3,147.27,10,0
ITEM000238,ORD003057,PROD0045,1,199.47,25,0
ITEM000239,ORD001787,PROD0075,1,14.53,15,0
ITEM000240,ORD001787,PROD0077,1,926.67,25,0
ITEM000241,ORD001787,PROD0208,1,479.01,5,0
ITEM000242,ORD001787,PROD0485,1,55.17,30,0
ITEM000243,ORD001470,PROD0026,2,246.92,0,0
ITEM000244,ORD001470,PROD0134,2,17.57,0,0
ITEM000245,ORD001470,PROD0360,1,489.95,20,0
ITEM000246,ORD000884,PROD0263,4,65.69,5,0
ITEM000247,ORD003694,PROD0230,2,6.58,50,0
ITEM000248,ORD003694,PROD0223,2,151.29,30,0
ITEM000249,ORD003527,PROD0208,3,474.57,0,0
ITEM000250,ORD003527,PROD0181,1,68.38,25,0
ITEM000251,ORD003416,PROD0263,2,66.66,20,0
ITEM000252,ORD004731,PROD0300,-3,20.3,15,1
ITEM000253,ORD004731,PROD0454,-1,16.35,10,1
ITEM000254,ORD001279,PROD0482,1,521.63,15,0
ITEM000255,ORD001279,PROD0030,1,397.09,30,0
ITEM000256,ORD001279,PROD0174,1,110.94,20,0
ITEM000257,ORD001263,PROD0237,1,715.09,0,0
ITEM000258,ORD001263,PROD0136,2,16.79,15,0
ITEM000259,ORD001263,PROD0254,4,7.58,5,0
ITEM000260,ORD001263,PROD0002,1,1490.18,50,0
ITEM000261,ORD001263,PROD0465,1,183.43,10,0
ITEM000262,ORD000390,PROD0160,1,181.07,50,0
ITEM000263,ORD000390,PROD0192,2,226.11,20,0
ITEM000264,ORD003091,PROD0429,-1,144.86,10,1
ITEM000265,ORD003091,PROD0405,-1,1752.59,0,1
ITEM000266,ORD000377,PROD0132,1,64.86,50,0
ITEM000267,ORD000377,PROD0227,1,55.22,40,0
ITEM000268,ORD000377,PROD0347,1,18.84,0,0
ITEM000269,ORD003684,PROD0413,2,389.11,5,0
ITEM000270,ORD003684,PROD0097,1,536.14,5,0
ITEM000271,ORD003684,PROD0335,1,143.99,0,0
ITEM000272,ORD001276,PROD0175,2,513.64,0,0
ITEM000273,ORD001276,PROD0371,3,610.67,5,0
ITEM000274,ORD002039,PROD0482,2,514.74,0,0
ITEM000275,ORD002039,PROD0030,1,395.97,20,0
ITEM000276,ORD002809,PROD0330,1,28.3,0,0
ITEM000277,ORD002809,PROD0022,1,120.54,10,0
ITEM000278,ORD002809,PROD0236,1,854.42,5,0
ITEM000279,ORD002809,PROD0258,2,199.37,25,0
ITEM000280,ORD001388,PROD0232,1,24.75,25,0
ITEM000281,ORD001388,PROD0159,2,49.75,20,0
ITEM000282,ORD001388,PROD0282,1,29.77,25,0
ITEM000283,ORD001388,PROD0485,2,56.61,10,0
ITEM000284,ORD004298,PROD0055,1,59.84,40,0
ITEM000285,ORD004298,PROD0478,2,1473.24,50,0
ITEM000286,ORD004298,PROD0252,1,22.5,50,0
ITEM000287,ORD002430,PROD0299,1,1928.11,30,0
ITEM000288,ORD003288,PROD0014,3,310.8,30,0
ITEM000289,ORD003288,PROD0094,1,13.02,30,0
ITEM000290,ORD003288,PROD0069,1,447.62,0,0
ITEM000291,ORD002035,PROD0282,1,30.42,30,0
ITEM000292,ORD002035,PROD0253,1,90.63,40,0
ITEM000293,ORD002629,PROD0297,1,15.01,5,0
ITEM000294,ORD002629,PROD0179,1,387.94,10,0
ITEM000295,ORD000589,PROD0182,1,835.85,0,0
ITEM000296,ORD000589,PROD0149,1,1196.31,15,0
ITEM000297,ORD000589,PROD0156,1,194.52,40,0
ITEM000298,ORD003436,PROD0366,1,905.82,20,0
ITEM000299,ORD003436,PROD0176,1,735.44,10,0
ITEM000300,ORD001998,PROD0232,2,25.12,0,0
ITEM000301,ORD001998,PROD0111,1,167.96,10,0
ITEM000302,ORD001998,PROD0244,1,247.19,0,0
ITEM000303,ORD001998,PROD0154,1,119.01,30,0
ITEM000304,ORD002761,PROD0106,1,544.51,15,0
ITEM000305,ORD002761,PROD0137,1,227.92,30,0
ITEM000306,ORD002761,PROD0190,1,468.09,0,0
ITEM000307,ORD003685,PROD0137,2,225.35,15,0
ITEM000308,ORD003144,PROD0090,1,1141.19,50,0
ITEM000309,ORD003144,PROD0202,3,6.73,0,0
ITEM000310,ORD003144,PROD0225,2,197.69,5,0
ITEM000311,ORD004070,PROD0220,-2,103.09,10,1
ITEM000312,ORD001527,PROD0199,1,19.13,10,0
ITEM000313,ORD001527,PROD0331,3,84.21,30,0
ITEM000314,ORD001527,PROD0403,1,313.42,15,0
ITEM000315,ORD002346,PROD0219,1,946.61,25,0
ITEM000316,ORD002346,PROD0186,1,36.6,50,0
ITEM000317,ORD002346,PROD0255,1,65.78,50,0
ITEM000318,ORD000379,PROD0467,1,772.93,30,0
ITEM000319,ORD004157,PROD0237,2,729.1,10,0
ITEM000320,ORD004157,PROD0136,1,17.75,0,0
ITEM000321,ORD004157,PROD0225,2,193.89,0,0
ITEM000322,ORD003786,PROD0465,3,180.81,40,0
ITEM000323,ORD003786,PROD0130,1,345.97,0,0
ITEM000324,ORD001393,PROD0211,1,87.12,15,0
ITEM000325,ORD004627,PROD0114,1,231.13,0,0
ITEM000326,ORD004627,PROD0213,2,12.53,50,0
ITEM000327,ORD004627,PROD0097,1,536.42,30,0
ITEM000328,ORD004627,PROD0482,1,518.63,15,0
ITEM000329,ORD004627,PROD0105,1,179.59,25,0
ITEM000330,ORD000882,PROD0444,2,9.44,30,0
ITEM000331,ORD001671,PROD0219,1,993.71,10,0
ITEM000332,ORD001671,PROD0486,1,27.02,25,0
ITEM000333,ORD000917,PROD0105,1,177.07,0,0
ITEM000334,ORD000917,PROD0219,1,948.64,30,0
ITEM000335,ORD000392,PROD0172,2,759.8,5,0
ITEM000336,ORD000392,PROD0173,1,42.95,10,0
ITEM000337,ORD000392,PROD0268,1,149.8,10,0
ITEM000338,ORD000188,PROD0232,1,24.33,0,0
ITEM000339,ORD000188,PROD0219,3,975.52,0,0
ITEM000340,ORD003004,PROD0097,3,533.79,10,0
ITEM000341,ORD001402,PROD0030,2,391.84,20,0
ITEM000342,ORD001402,PROD0177,1,97.95,20,0
ITEM000343,ORD001840,PROD0059,1,32.66,0,0
ITEM000344,ORD001840,PROD0346,1,47.31,5,0
ITEM000345,ORD002429,PROD0177,2,99.54,50,0
ITEM000346,ORD002429,PROD0135,3,154.11,30,0
ITEM000347,ORD002429,PROD0150,3,432.27,10,0
ITEM000348,ORD003961,PROD0282,-1,29.98,0,1
ITEM000349,ORD002503,PROD0330,1,29.24,0,0
ITEM000350,ORD002503,PROD0176,1,746.53,20,0
ITEM000351,ORD002503,PROD0048,1,73.34,0,0
ITEM000352,ORD002503,PROD0101,4,389.88,0,0
ITEM000353,ORD004438,PROD0137,3,221.0,25,0
ITEM000354,ORD004438,PROD0389,1,143.79,0,0
ITEM000355,ORD001103,PROD0389,2,147.23,0,0
ITEM000356,ORD001103,PROD0264,1,32.61,50,0
ITEM000357,ORD002415,PROD0143,2,1510.01,30,0
ITEM000358,ORD002415,PROD0254,1,7.83,15,0
ITEM000359,ORD002041,PROD0275,2,111.84,20,0
ITEM000360,ORD002041,PROD0086,1,223.66,10,0
ITEM000361,ORD001845,PROD0086,1,225.75,25,0
ITEM000362,ORD001845,PROD0467,3,781.39,10,0
ITEM000363,ORD003686,PROD0321,2,277.33,30,0
ITEM000364,ORD002790,PROD0032,1,231.41,0,0
ITEM000365,ORD001389,PROD0086,2,236.54,5,0
ITEM000366,ORD001389,PROD0467,1,768.7,20,0
ITEM000367,ORD001389,PROD0473,1,22.49,10,0
ITEM000368,ORD001389,PROD0370,1,51.33,10,0
ITEM000369,ORD001389,PROD0117,1,367.41,0,0
ITEM000370,ORD002439,PROD0464,-4,343.19,15,1
ITEM000371,ORD001846,PROD0333,4,24.9,10,0
ITEM000372,ORD001846,PROD0293,4,481.36,20,0
ITEM000373,ORD001846,PROD0465,2,175.03,0,0
ITEM000374,ORD003441,PROD0186,1,35.91,0,0
ITEM000375,ORD003441,PROD0469,2,111.29,40,0
ITEM000376,ORD002631,PROD0432,1,292.72,10,0
ITEM000377,ORD002631,PROD0274,1,73.21,25,0
ITEM000378,ORD002631,PROD0269,2,1171.18,0,0
ITEM000379,ORD001530,PROD0101,2,388.32,10,0
ITEM000380,ORD004074,PROD0308,4,20.57,0,0
ITEM000381,ORD004074,PROD0316,3,34.07,40,0
ITEM000382,ORD003385,PROD0427,1,478.2,0,0
ITEM000383,ORD004444,PROD0202,2,7.07,15,0
ITEM000384,ORD004444,PROD0444,1,9.26,10,0
ITEM000385,ORD002547,PROD0442,2,12.07,0,0
ITEM000386,ORD002547,PROD0366,3,890.57,50,0
ITEM000387,ORD002547,PROD0114,2,236.08,10,0
ITEM000388,ORD004334,PROD0414,1,167.38,10,0
ITEM000389,ORD001660,PROD0014,1,318.25,50,0
ITEM000390,ORD004598,PROD0219,1,953.71,20,0
ITEM000391,ORD001828,PROD0263,1,66.37,25,0
ITEM000392,ORD004499,PROD0295,1,248.26,30,0
ITEM000393,ORD004499,PROD0210,2,120.08,10,0
ITEM000394,ORD004499,PROD0067,1,96.83,40,0
ITEM000395,ORD004499,PROD0489,1,37.24,10,0
ITEM000396,ORD002040,PROD0279,1,382.02,10,0
ITEM000397,ORD002040,PROD0128,1,30.48,10,0
ITEM000398,ORD002040,PROD0177,1,98.44,40,0
ITEM000399,ORD002040,PROD0172,1,769.25,10,0
ITEM000400,ORD001020,PROD0227,4,56.81,15,0
ITEM000401,ORD001020,PROD0258,1,201.44,15,0
ITEM000402,ORD001020,PROD0007,1,17.19,15,0
ITEM000403,ORD003293,PROD0175,1,512.35,30,0
ITEM000404,ORD001830,PROD0132,3,66.73,40,0
ITEM000405,ORD001830,PROD0227,4,55.86,20,0
ITEM000406,ORD000582,PROD0137,3,229.85,40,0
ITEM000407,ORD000582,PROD0389,1,141.91,10,0
ITEM000408,ORD000582,PROD0165,3,6.5,0,0
ITEM000409,ORD000388,PROD0072,1,710.6,5,0
ITEM000410,ORD000586,PROD0347,1,18.11,25,0
ITEM000411,ORD000586,PROD0407,3,209.85,15,0
ITEM000412,ORD001957,PROD0053,1,33.25,50,0
ITEM000413,ORD001957,PROD0479,3,39.23,0,0
ITEM000414,ORD001957,PROD0022,1,118.17,10,0
ITEM000415,ORD001957,PROD0371,1,595.61,10,0
ITEM000416,ORD000187,PROD0103,1,20.23,50,0
ITEM000417,ORD000187,PROD0299,2,1902.72,0,0
ITEM000418,ORD000229,PROD0254,1,7.77,50,0
ITEM000419,ORD000229,PROD0465,2,174.04,0,0
ITEM000420,ORD000229,PROD0442,2,11.88,20,0
ITEM000421,ORD000229,PROD0102,1,20.44,5,0
ITEM000422,ORD003395,PROD0432,1,307.41,0,0
ITEM000423,ORD003395,PROD0208,2,456.18,0,0
ITEM000424,ORD003395,PROD0364,1,1846.27,5,0
ITEM000425,ORD004477,PROD0473,3,23.0,25,0
ITEM000426,ORD003852,PROD0181,4,68.04,30,0
ITEM000427,ORD003852,PROD0258,1,202.09,0,0
ITEM000428,ORD002949,PROD0200,1,761.78,20,0
ITEM000429,ORD002949,PROD0371,4,608.64,10,0
ITEM000430,ORD002949,PROD0358,3,29.49,50,0
ITEM000431,ORD002949,PROD0186,1,36.88,25,0
ITEM000432,ORD002949,PROD0100,1,1344.75,20,0
ITEM000433,ORD003879,PROD0030,2,395.32,0,0
ITEM000434,ORD003879,PROD0177,1,98.1,25,0
ITEM000435,ORD003879,PROD0131,2,32.6,25,0
ITEM000436,ORD003879,PROD0086,1,224.13,5,0
ITEM000437,ORD000929,PROD0238,1,47.36,20,0
ITEM000438,ORD002883,PROD0190,1,462.04,15,0
ITEM000439,ORD004442,PROD0234,2,23.4,20,0
ITEM000440,ORD004442,PROD0485,1,56.69,0,0
ITEM000441,ORD004442,PROD0131,2,31.74,0,0
ITEM000442,ORD002122,PROD0330,1,28.59,50,0
ITEM000443,ORD002122,PROD0172,1,753.48,40,0
ITEM000444,ORD002122,PROD0155,2,1102.01,10,0
ITEM000445,ORD004075,PROD0114,2,225.22,15,0
ITEM000446,ORD004075,PROD0479,1,40.63,10,0
ITEM000447,ORD004075,PROD0100,1,1347.89,30,0
ITEM000448,ORD001385,PROD0326,3,64.73,30,0
ITEM000449,ORD001385,PROD0135,2,161.51,0,0
ITEM000450,ORD004433,PROD0156,1,190.75,20,0
ITEM000451,ORD004433,PROD0102,1,20.65,30,0
ITEM000452,ORD004433,PROD0108,1,277.64,0,0
ITEM000453,ORD003060,PROD0132,1,67.3,25,0
ITEM000454,ORD003060,PROD0131,2,32.7,50,0
ITEM000455,ORD003060,PROD0266,1,19.71,25,0
ITEM000456,ORD003428,PROD0432,1,298.93,50,0
ITEM000457,ORD003428,PROD0034,4,6.78,0,0
ITEM000458,ORD002792,PROD0073,2,114.38,15,0
ITEM000459,ORD004382,PROD0202,4,6.81,0,0
ITEM000460,ORD004382,PROD0444,1,9.29,30,0
ITEM000461,ORD004382,PROD0211,1,88.63,20,0
ITEM000462,ORD004382,PROD0129,1,359.33,40,0
ITEM000463,ORD004382,PROD0429,1,144.26,50,0
ITEM000464,ORD001110,PROD0382,3,1511.53,20,0
ITEM000465,ORD001110,PROD0239,1,1409.0,15,0
ITEM000466,ORD001110,PROD0134,3,18.63,10,0
ITEM000467,ORD001110,PROD0203,1,337.13,20,0
ITEM000468,ORD001108,PROD0075,3,14.28,0,0
ITEM000469,ORD001108,PROD0496,2,7.12,0,0
ITEM000470,ORD002981,PROD0432,-1,307.1,15,1
ITEM000471,ORD002297,PROD0207,1,44.34,30,0
ITEM000472,ORD002297,PROD0379,1,15.04,10,0
ITEM000473,ORD002297,PROD0364,2,1827.39,30,0
ITEM000474,ORD002297,PROD0064,4,833.98,0,0
ITEM000475,ORD002856,PROD0132,4,64.49,10,0
ITEM000476,ORD002856,PROD0227,1,56.9,0,0
ITEM000477,ORD002856,PROD0175,1,514.31,10,0
ITEM000478,ORD001278,PROD0389,1,148.17,25,0
ITEM000479,ORD003399,PROD0297,4,15.4,10,0
ITEM000480,ORD002647,PROD0083,1,40.55,5,0
ITEM000481,ORD003602,PROD0204,1,1429.66,5,0
ITEM000482,ORD003602,PROD0326,2,64.88,25,0
ITEM000483,ORD004633,PROD0336,1,1695.99,50,0
ITEM000484,ORD001525,PROD0279,1,385.53,0,0
ITEM000485,ORD001525,PROD0160,1,183.67,5,0
ITEM000486,ORD001525,PROD0470,3,21.92,30,0
ITEM000487,ORD001525,PROD0077,1,953.54,20,0
ITEM000488,ORD001525,PROD0277,1,895.82,20,0
ITEM000489,ORD003452,PROD0208,1,455.48,10,0
ITEM000490,ORD003452,PROD0181,1,65.85,30,0
ITEM000491,ORD002374,PROD0372,4,594.73,25,0
ITEM000492,ORD004518,PROD0082,1,555.73,0,0
ITEM000493,ORD004518,PROD0377,2,223.28,15,0
ITEM000494,ORD004518,PROD0420,1,15.14,0,0
ITEM000495,ORD002905,PROD0097,1,530.2,0,0
ITEM000496,ORD002905,PROD0379,1,14.45,5,0
ITEM000497,ORD001893,PROD0097,1,522.69,30,0
ITEM000498,ORD001893,PROD0379,2,14.37,50,0
ITEM000499,ORD004353,PROD0382,2,1563.76,20,0
ITEM000500,ORD004353,PROD0170,2,25.57,40,0
ITEM000501,ORD000368,PROD0252,3,22.61,30,0
ITEM000502,ORD000368,PROD0041,3,95.47,40,0
ITEM000503,ORD000368,PROD0489,1,37.28,0,0
ITEM000504,ORD000368,PROD0208,2,464.53,0,0
ITEM000505,ORD000368,PROD0230,2,6.52,20,0
ITEM000506,ORD001104,PROD0303,1,48.69,15,0
ITEM000507,ORD003280,PROD0075,1,15.03,0,0
ITEM000508,ORD003280,PROD0118,2,34.24,10,0
ITEM000509,ORD002491,PROD0275,3,111.67,0,0
ITEM000510,ORD002491,PROD0074,1,32.3,40,0
ITEM000511,ORD002910,PROD0202,2,6.8,15,0
ITEM000512,ORD002910,PROD0217,1,43.12,15,0
ITEM000513,ORD002891,PROD0238,2,47.47,0,0
ITEM000514,ORD002891,PROD0233,1,835.15,10,0
ITEM000515,ORD002347,PROD0473,1,22.9,30,0
ITEM000516,ORD002347,PROD0219,1,958.44,50,0
ITEM000517,ORD002347,PROD0491,3,27.75,15,0
ITEM000518,ORD001805,PROD0462,-1,100.95,0,1
ITEM000519,ORD002786,PROD0297,2,14.99,15,0
ITEM000520,ORD002786,PROD0440,2,210.03,50,0
ITEM000521,ORD000183,PROD0346,1,47.08,30,0
ITEM000522,ORD002848,PROD0347,2,18.02,20,0
ITEM000523,ORD002848,PROD0149,3,1259.3,40,0
ITEM000525,ORD001366,PROD0191,1,92.39,25,0
ITEM000526,ORD000174,PROD0349,1,679.63,10,0
ITEM000527,ORD000174,PROD0270,3,40.86,10,0
ITEM000528,ORD000174,PROD0135,1,161.67,0,0
ITEM000529,ORD002387,PROD0253,-1,86.91,50,1
ITEM000530,ORD002387,PROD0006,-1,5.52,30,1
ITEM000531,ORD002913,PROD0058,1,759.94,50,0
ITEM000532,ORD004734,PROD0120,1,184.98,0,0
ITEM000533,ORD004734,PROD0374,4,108.44,0,0
ITEM000534,ORD003788,PROD0170,4,25.95,0,0
ITEM000535,ORD003788,PROD0081,1,58.6,50,0
ITEM000536,ORD002824,PROD0227,1,56.58,15,0
ITEM000537,ORD002824,PROD0430,1,176.05,10,0
ITEM000538,ORD002824,PROD0193,2,971.09,15,0
ITEM000539,ORD002824,PROD0257,3,19.93,5,0
ITEM000540,ORD003155,PROD0065,1,263.43,30,0
ITEM000541,ORD002623,PROD0482,2,532.8,50,0
ITEM000542,ORD002623,PROD0030,4,404.32,0,0
ITEM000543,ORD001415,PROD0006,2,5.36,20,0
ITEM000544,ORD001415,PROD0389,2,141.49,30,0
ITEM000545,ORD002383,PROD0487,1,240.83,20,0
ITEM000546,ORD001698,PROD0227,3,53.69,0,0
ITEM000547,ORD001698,PROD0497,1,51.27,10,0
ITEM000548,ORD002375,PROD0118,1,33.14,10,0
ITEM000549,ORD002375,PROD0477,1,213.27,10,0
ITEM000550,ORD000422,PROD0307,1,36.51,25,0
ITEM000551,ORD000422,PROD0179,1,384.21,20,0
ITEM000552,ORD000422,PROD0086,1,224.68,50,0
ITEM000553,ORD003163,PROD0464,-4,351.97,5,1
ITEM000554,ORD003005,PROD0045,1,196.08,40,0
ITEM000555,ORD003005,PROD0100,2,1361.96,40,0
ITEM000556,ORD003005,PROD0054,1,6.28,5,0
ITEM000557,ORD003005,PROD0086,3,226.93,15,0
ITEM000558,ORD003398,PROD0142,1,30.68,40,0
ITEM000559,ORD003398,PROD0313,2,46.26,40,0
ITEM000560,ORD003398,PROD0372,1,626.43,15,0
ITEM000561,ORD003398,PROD0006,1,5.38,20,0
ITEM000562,ORD003830,PROD0304,1,111.91,5,0
ITEM000563,ORD003830,PROD0132,2,65.27,25,0
ITEM000564,ORD001829,PROD0097,2,548.22,10,0
ITEM000565,ORD001829,PROD0469,2,113.66,25,0
ITEM000566,ORD001829,PROD0141,1,19.28,0,0
ITEM000567,ORD001829,PROD0127,3,20.53,25,0
ITEM000568,ORD002762,PROD0172,4,758.9,0,0
ITEM000569,ORD001908,PROD0138,3,163.73,10,0
ITEM000570,ORD001908,PROD0278,3,27.47,40,0
ITEM000571,ORD000883,PROD0347,1,17.97,40,0
ITEM000572,ORD000883,PROD0099,1,13.23,10,0
ITEM000573,ORD003496,PROD0402,2,8.29,0,0
ITEM000574,ORD003496,PROD0073,2,113.97,40,0
ITEM000575,ORD004512,PROD0097,2,533.23,5,0
ITEM000576,ORD004512,PROD0379,1,15.14,0,0
ITEM000577,ORD003450,PROD0483,1,29.37,30,0
ITEM000578,ORD003450,PROD0150,1,440.51,0,0
ITEM000579,ORD003450,PROD0485,2,56.75,5,0
ITEM000580,ORD003450,PROD0487,3,228.75,0,0
ITEM000581,ORD000593,PROD0154,1,117.59,0,0
ITEM000582,ORD000593,PROD0043,2,37.82,50,0
ITEM000583,ORD000593,PROD0486,1,27.3,15,0
ITEM000584,ORD000593,PROD0141,3,19.41,0,0
ITEM000585,ORD004541,PROD0374,1,104.38,0,0
ITEM000586,ORD001914,PROD0230,1,6.55,30,0
ITEM000587,ORD001914,PROD0327,1,503.18,25,0
ITEM000588,ORD001914,PROD0100,4,1297.16,50,0
ITEM000589,ORD001914,PROD0227,1,55.88,5,0
ITEM000590,ORD001837,PROD0086,1,225.67,0,0
ITEM000591,ORD001837,PROD0467,3,746.41,25,0
ITEM000592,ORD004478,PROD0120,1,181.93,10,0
ITEM000593,ORD004478,PROD0063,1,17.22,15,0
ITEM000594,ORD004478,PROD0153,2,57.87,40,0
ITEM000595,ORD004478,PROD0479,2,39.24,10,0
ITEM000596,ORD004083,PROD0432,1,302.03,50,0
ITEM000597,ORD004083,PROD0034,2,6.79,10,0
ITEM000598,ORD001821,PROD0181,2,64.88,50,0
ITEM000599,ORD001821,PROD0432,2,300.9,10,0
ITEM000600,ORD001821,PROD0195,2,61.02,50,0
ITEM000601,ORD001821,PROD0051,3,151.12,25,0
ITEM000602,ORD000707,PROD0129,1,369.43,0,0
ITEM000603,ORD000707,PROD0328,1,16.27,30,0
ITEM000604,ORD000147,PROD0150,3,444.64,0,0
ITEM000605,ORD000147,PROD0315,3,11.03,50,0
ITEM000606,ORD000147,PROD0371,1,586.23,20,0
ITEM000607,ORD000147,PROD0097,2,529.94,20,0
ITEM000608,ORD003150,PROD0119,1,16.57,0,0
ITEM000609,ORD003150,PROD0254,1,7.61,10,0
ITEM000610,ORD003150,PROD0082,2,562.5,5,0
ITEM000611,ORD001956,PROD0016,2,413.54,10,0
ITEM000612,ORD001956,PROD0213,2,12.16,10,0
ITEM000613,ORD002457,PROD0199,2,19.31,15,0
ITEM000614,ORD002457,PROD0117,1,363.17,30,0
ITEM000615,ORD003519,PROD0415,1,1510.67,10,0
ITEM000616,ORD003519,PROD0057,3,55.79,20,0
ITEM000617,ORD001912,PROD0135,2,157.01,0,0
ITEM000618,ORD001912,PROD0315,2,11.29,0,0
ITEM000619,ORD002385,PROD0174,1,109.49,10,0
ITEM000620,ORD002385,PROD0090,4,1186.21,5,0
ITEM000621,ORD003605,PROD0469,2,110.77,10,0
ITEM000622,ORD003423,PROD0106,1,536.7,0,0
ITEM000623,ORD003423,PROD0130,4,335.34,25,0
ITEM000624,ORD003423,PROD0153,4,57.46,5,0
ITEM000625,ORD003423,PROD0482,1,538.7,40,0
ITEM000626,ORD003423,PROD0441,1,747.7,15,0
ITEM000627,ORD002368,PROD0232,2,24.33,0,0
ITEM000628,ORD002368,PROD0219,1,993.02,30,0
ITEM000629,ORD004328,PROD0362,1,301.2,20,0
ITEM000630,ORD001892,PROD0304,1,115.29,0,0
ITEM000631,ORD002000,PROD0258,3,201.1,30,0
ITEM000632,ORD002000,PROD0101,2,375.2,0,0
ITEM000633,ORD002000,PROD0242,2,4.68,25,0
ITEM000634,ORD003500,PROD0473,-1,22.47,10,1
ITEM000635,ORD003938,PROD0130,1,342.19,5,0
ITEM000636,ORD003938,PROD0014,2,308.8,10,0
ITEM000637,ORD003938,PROD0015,3,469.35,0,0
ITEM000638,ORD002440,PROD0097,2,542.37,50,0
ITEM000639,ORD002440,PROD0379,1,14.48,30,0
ITEM000640,ORD002621,PROD0017,2,61.79,25,0
ITEM000641,ORD002621,PROD0458,1,905.18,0,0
ITEM000642,ORD004154,PROD0026,1,246.4,15,0
ITEM000643,ORD004154,PROD0232,2,24.44,5,0
ITEM000644,ORD004154,PROD0097,2,529.07,0,0
ITEM000645,ORD004154,PROD0131,2,32.18,10,0
ITEM000646,ORD004154,PROD0478,1,1455.06,10,0
ITEM000647,ORD002620,PROD0186,1,36.05,15,0
ITEM000648,ORD002427,PROD0115,2,32.76,40,0
ITEM000649,ORD003088,PROD0398,-1,757.11,30,1
ITEM000650,ORD003088,PROD0318,-2,487.8,0,1
ITEM000651,ORD003434,PROD0192,1,217.05,25,0
ITEM000652,ORD003434,PROD0420,1,14.44,10,0
ITEM000653,ORD003434,PROD0119,1,16.48,30,0
ITEM000654,ORD001670,PROD0042,2,537.63,40,0
ITEM000655,ORD001670,PROD0141,1,20.0,0,0
ITEM000656,ORD004136,PROD0380,1,49.99,30,0
ITEM000657,ORD004136,PROD0258,1,196.83,25,0
ITEM000658,ORD004136,PROD0006,1,5.51,40,0
ITEM000659,ORD004136,PROD0239,4,1390.23,0,0
ITEM000660,ORD004136,PROD0249,1,8.08,5,0
ITEM000661,ORD000888,PROD0486,1,25.93,0,0
ITEM000662,ORD000888,PROD0287,1,1329.76,20,0
ITEM000663,ORD000888,PROD0117,2,375.95,0,0
ITEM000664,ORD003878,PROD0026,1,249.85,25,0
ITEM000665,ORD003878,PROD0225,1,197.5,10,0
ITEM000666,ORD003878,PROD0211,1,87.72,10,0
ITEM000667,ORD003878,PROD0132,2,66.15,15,0
ITEM000668,ORD003878,PROD0440,2,208.39,10,0
ITEM000669,ORD003832,PROD0170,1,26.7,15,0
ITEM000670,ORD003832,PROD0303,2,48.6,15,0
ITEM000671,ORD003832,PROD0022,1,119.16,30,0
ITEM000672,ORD003832,PROD0150,1,456.9,5,0
ITEM000673,ORD000990,PROD0275,1,114.99,10,0
ITEM000674,ORD000990,PROD0086,1,226.97,10,0
ITEM000675,ORD004631,PROD0202,1,7.01,15,0
ITEM000676,ORD004631,PROD0444,1,9.44,0,0
ITEM000677,ORD003054,PROD0432,1,309.17,10,0
ITEM000678,ORD003054,PROD0193,2,951.83,10,0
ITEM000679,ORD003054,PROD0139,1,1482.63,5,0
ITEM000680,ORD003054,PROD0281,1,1613.68,25,0
ITEM000681,ORD001275,PROD0279,4,389.13,0,0
ITEM000682,ORD002233,PROD0469,4,111.66,20,0
ITEM000683,ORD002233,PROD0445,2,1569.7,0,0
ITEM000684,ORD002233,PROD0179,2,377.18,5,0
ITEM000685,ORD002257,PROD0105,3,177.04,25,0
ITEM000686,ORD002257,PROD0219,2,950.53,20,0
ITEM000687,ORD003098,PROD0062,1,325.25,20,0
ITEM000688,ORD003427,PROD0408,2,22.38,0,0
ITEM000689,ORD003427,PROD0131,1,32.49,10,0
ITEM000690,ORD003427,PROD0407,2,211.38,0,0
ITEM000691,ORD003427,PROD0177,2,96.62,25,0
ITEM000692,ORD000353,PROD0030,-1,402.11,50,1
ITEM000693,ORD000353,PROD0464,-3,354.49,0,1
ITEM000694,ORD004664,PROD0006,2,5.51,0,0
ITEM000695,ORD000280,PROD0195,1,64.09,20,0
ITEM000696,ORD000821,PROD0106,3,524.05,5,0
ITEM000697,ORD000881,PROD0030,1,392.53,15,0
ITEM000698,ORD000881,PROD0177,1,97.42,0,0
ITEM000699,ORD003675,PROD0130,3,346.34,10,0
ITEM000700,ORD003675,PROD0014,1,314.98,0,0
ITEM000701,ORD000525,PROD0147,1,640.55,0,0
ITEM000702,ORD000480,PROD0238,-3,48.03,0,1
ITEM000703,ORD001442,PROD0006,1,5.46,40,0
ITEM000704,ORD001442,PROD0442,3,11.89,0,0
ITEM000705,ORD002881,PROD0467,4,773.1,0,0
ITEM000706,ORD002881,PROD0208,1,468.12,15,0
ITEM000707,ORD000557,PROD0092,1,153.06,5,0
ITEM000708,ORD000557,PROD0082,1,543.2,50,0
ITEM000709,ORD001843,PROD0086,2,233.19,0,0
ITEM000710,ORD001843,PROD0467,3,756.95,20,0
ITEM000711,ORD001843,PROD0160,2,184.14,30,0
ITEM000712,ORD001843,PROD0230,1,6.28,0,0
ITEM000713,ORD004090,PROD0202,1,6.83,50,0
ITEM000714,ORD004090,PROD0444,1,9.38,40,0
ITEM000715,ORD004090,PROD0119,1,15.99,0,0
ITEM000716,ORD000910,PROD0130,3,339.96,0,0
ITEM000717,ORD000910,PROD0014,1,312.82,25,0
ITEM000718,ORD003451,PROD0019,1,260.34,10,0
ITEM000719,ORD004612,PROD0275,1,110.65,50,0
ITEM000720,ORD004612,PROD0086,2,233.17,5,0
ITEM000721,ORD004612,PROD0092,1,153.7,0,0
ITEM000722,ORD001329,PROD0124,4,1201.68,20,0
ITEM000723,ORD001329,PROD0177,1,99.17,0,0
ITEM000724,ORD002685,PROD0135,1,161.22,10,0
ITEM000725,ORD002685,PROD0315,2,11.27,0,0
ITEM000726,ORD002685,PROD0118,1,34.09,5,0
ITEM000731,ORD004296,PROD0106,1,549.32,0,0
ITEM000732,ORD004296,PROD0364,2,1854.63,25,0
ITEM000733,ORD004296,PROD0030,1,407.75,0,0
ITEM000734,ORD004296,PROD0022,1,118.84,15,0
ITEM000735,ORD004296,PROD0149,1,1232.39,25,0
ITEM000736,ORD001665,PROD0335,1,148.02,40,0
ITEM000737,ORD001665,PROD0017,1,62.17,10,0
ITEM000738,ORD000250,PROD0142,2,30.85,15,0
ITEM000739,ORD000250,PROD0092,3,145.91,10,0
ITEM000740,ORD000250,PROD0414,1,170.44,20,0
ITEM000741,ORD000250,PROD0202,1,6.99,15,0
ITEM000742,ORD001264,PROD0084,1,1608.94,0,0
ITEM000743,ORD002176,PROD0487,2,239.51,0,0
ITEM000744,ORD002176,PROD0407,1,211.47,0,0
ITEM000745,ORD003392,PROD0097,2,534.32,0,0
ITEM000746,ORD003392,PROD0379,2,14.35,10,0
ITEM000747,ORD003392,PROD0441,3,705.51,25,0
ITEM000748,ORD001532,PROD0018,1,1088.08,50,0
ITEM000749,ORD002825,PROD0119,-1,16.79,40,1
ITEM000750,ORD002955,PROD0200,1,751.43,30,0
ITEM000751,ORD002955,PROD0211,1,89.38,25,0
ITEM000752,ORD002955,PROD0215,1,16.2,0,0
ITEM000753,ORD003269,PROD0297,3,14.95,0,0
ITEM000754,ORD003269,PROD0344,4,2232.26,40,0
ITEM000755,ORD001803,PROD0172,2,779.25,30,0
ITEM000756,ORD002187,PROD0137,3,221.35,5,0
ITEM000757,ORD002187,PROD0389,1,142.62,50,0
ITEM000758,ORD002187,PROD0429,3,149.7,40,0
ITEM000759,ORD001675,PROD0181,2,67.26,10,0
ITEM000760,ORD001675,PROD0432,1,300.6,0,0
ITEM000761,ORD001249,PROD0434,1,43.5,10,0
ITEM000762,ORD001249,PROD0335,1,146.56,50,0
ITEM000763,ORD003176,PROD0116,1,24.38,20,0
ITEM000764,ORD003137,PROD0086,4,236.33,40,0
ITEM000765,ORD003137,PROD0467,2,753.04,25,0
ITEM000766,ORD000840,PROD0160,2,180.83,0,0
ITEM000767,ORD001859,PROD0105,3,175.66,0,0
ITEM000768,ORD001859,PROD0219,2,998.2,15,0
ITEM000769,ORD000454,PROD0132,1,64.71,15,0
ITEM000770,ORD000454,PROD0227,4,55.53,5,0
ITEM000771,ORD000454,PROD0389,1,146.43,5,0
ITEM000772,ORD004609,PROD0105,1,172.62,15,0
ITEM000773,ORD004609,PROD0227,1,55.33,50,0
ITEM000774,ORD004609,PROD0205,2,509.44,5,0
ITEM000775,ORD003014,PROD0081,2,58.63,30,0
ITEM000776,ORD002886,PROD0405,-4,1725.13,25,1
ITEM000777,ORD003291,PROD0006,1,5.49,30,0
ITEM000778,ORD003291,PROD0389,1,147.02,0,0
ITEM000779,ORD001677,PROD0077,1,930.29,40,0
ITEM000780,ORD001677,PROD0062,1,328.5,0,0
ITEM000781,ORD003970,PROD0120,1,188.31,40,0
ITEM000782,ORD003970,PROD0333,1,24.5,20,0
ITEM000783,ORD003970,PROD0415,2,1502.44,20,0
ITEM000784,ORD002228,PROD0196,2,45.8,40,0
ITEM000785,ORD002228,PROD0094,1,12.88,25,0
ITEM000786,ORD002228,PROD0463,3,2710.15,50,0
ITEM000787,ORD002184,PROD0420,1,15.23,0,0
ITEM000788,ORD004501,PROD0105,2,171.22,30,0
ITEM000789,ORD004501,PROD0219,2,967.84,40,0
ITEM000790,ORD000523,PROD0437,1,30.5,25,0
ITEM000791,ORD000523,PROD0114,1,234.97,20,0
ITEM000792,ORD004547,PROD0233,3,829.58,10,0
ITEM000793,ORD004547,PROD0137,1,221.16,50,0
ITEM000794,ORD004547,PROD0175,1,515.8,20,0
ITEM000795,ORD004547,PROD0361,2,897.95,10,0
ITEM000796,ORD004547,PROD0102,2,20.54,30,0
ITEM000797,ORD000922,PROD0001,3,287.46,25,0
ITEM000798,ORD004022,PROD0181,2,65.27,0,0
ITEM000799,ORD004022,PROD0444,2,9.68,30,0
ITEM000800,ORD001426,PROD0479,1,39.17,25,0
ITEM000801,ORD002543,PROD0130,3,332.83,10,0
ITEM000802,ORD002543,PROD0014,1,319.25,15,0
ITEM000803,ORD002543,PROD0137,1,232.4,40,0
ITEM000804,ORD002543,PROD0218,1,533.55,10,0
ITEM000805,ORD000772,PROD0006,1,5.29,50,0
ITEM000806,ORD000772,PROD0389,1,143.92,50,0
ITEM000807,ORD000772,PROD0002,2,1491.92,5,0
ITEM000808,ORD000772,PROD0081,1,58.45,0,0
ITEM000809,ORD000386,PROD0030,1,412.48,30,0
ITEM000810,ORD000386,PROD0177,3,100.27,10,0
ITEM000811,ORD000386,PROD0102,1,20.17,40,0
ITEM000812,ORD002915,PROD0208,1,469.47,0,0
ITEM000813,ORD002915,PROD0181,1,67.13,10,0
ITEM000814,ORD002772,PROD0202,1,6.99,50,0
ITEM000815,ORD002772,PROD0444,1,9.29,0,0
ITEM000816,ORD004082,PROD0211,1,87.71,0,0
ITEM000817,ORD004376,PROD0114,1,225.22,5,0
ITEM000818,ORD004376,PROD0407,2,211.45,10,0
ITEM000819,ORD004376,PROD0230,2,6.23,25,0
ITEM000820,ORD004376,PROD0479,1,40.68,0,0
ITEM000821,ORD001895,PROD0361,1,872.43,40,0
ITEM000822,ORD001028,PROD0336,1,1673.98,0,0
ITEM000823,ORD001028,PROD0237,2,714.94,0,0
ITEM000824,ORD000224,PROD0429,2,142.42,10,0
ITEM000825,ORD003720,PROD0267,1,49.81,10,0
ITEM000826,ORD002416,PROD0232,1,24.34,50,0
ITEM000827,ORD002416,PROD0219,1,979.78,5,0
ITEM000828,ORD003768,PROD0006,1,5.27,0,0
ITEM000829,ORD003768,PROD0389,3,147.67,0,0
ITEM000830,ORD001305,PROD0017,1,61.84,40,0
ITEM000831,ORD001844,PROD0275,1,114.98,15,0
ITEM000832,ORD000926,PROD0236,1,851.99,30,0
ITEM000833,ORD000926,PROD0311,1,15.76,20,0
ITEM000834,ORD003547,PROD0267,2,50.68,10,0
ITEM000835,ORD003547,PROD0050,1,9.99,0,0
ITEM000836,ORD003547,PROD0181,1,64.92,0,0
ITEM000837,ORD003547,PROD0479,1,38.59,10,0
ITEM000838,ORD000038,PROD0137,2,231.77,5,0
ITEM000839,ORD000038,PROD0389,1,145.26,50,0
ITEM000840,ORD000038,PROD0176,4,764.1,0,0
ITEM000841,ORD000038,PROD0432,3,307.47,10,0
ITEM000842,ORD000014,PROD0205,1,518.71,0,0
ITEM000843,ORD000014,PROD0034,4,6.59,10,0
ITEM000844,ORD003841,PROD0190,1,463.95,15,0
ITEM000845,ORD004266,PROD0275,2,112.91,40,0
ITEM000846,ORD000387,PROD0354,2,287.89,10,0
ITEM000847,ORD000387,PROD0213,1,12.35,20,0
ITEM000848,ORD000387,PROD0326,1,64.41,0,0
ITEM000849,ORD000387,PROD0445,1,1536.76,10,0
ITEM000850,ORD000866,PROD0432,3,298.33,0,0
ITEM000851,ORD000866,PROD0193,1,952.73,30,0
ITEM000852,ORD000866,PROD0408,2,23.03,0,0
ITEM000853,ORD000866,PROD0315,1,10.99,0,0
ITEM000854,ORD001023,PROD0137,1,220.59,50,0
ITEM000855,ORD001023,PROD0389,2,149.13,30,0
ITEM000856,ORD001277,PROD0208,4,473.37,5,0
ITEM000857,ORD001277,PROD0415,2,1486.58,0,0
ITEM000858,ORD001277,PROD0356,1,24.6,25,0
ITEM000859,ORD002099,PROD0254,3,7.7,40,0
ITEM000860,ORD004636,PROD0197,1,974.98,0,0
ITEM000861,ORD004636,PROD0294,1,15.97,5,0
ITEM000862,ORD004636,PROD0227,1,56.65,40,0
ITEM000863,ORD002438,PROD0266,1,19.71,0,0
ITEM000864,ORD000769,PROD0262,1,707.61,20,0
ITEM000865,ORD000769,PROD0303,2,48.21,20,0
ITEM000866,ORD000769,PROD0294,4,16.3,0,0
ITEM000867,ORD003898,PROD0335,2,144.34,10,0
ITEM000868,ORD003898,PROD0238,2,47.64,15,0
ITEM000869,ORD000282,PROD0165,1,6.68,0,0
ITEM000870,ORD000817,PROD0432,1,302.09,0,0
ITEM000871,ORD000817,PROD0034,2,6.79,25,0
ITEM000872,ORD000817,PROD0006,1,5.33,50,0
ITEM000873,ORD002820,PROD0258,1,194.19,5,0
ITEM000874,ORD001099,PROD0270,1,41.91,10,0
ITEM000875,ORD001099,PROD0150,1,451.02,0,0
ITEM000876,ORD001099,PROD0045,1,196.63,10,0
ITEM000877,ORD001523,PROD0487,1,234.06,10,0
ITEM000878,ORD001523,PROD0389,2,140.62,10,0
ITEM000879,ORD003504,PROD0237,3,741.06,0,0
ITEM000880,ORD003504,PROD0136,1,16.86,50,0
ITEM000881,ORD003504,PROD0106,1,538.88,20,0
ITEM000882,ORD000331,PROD0496,1,7.2,0,0
ITEM000883,ORD000331,PROD0090,1,1143.06,0,0
ITEM000884,ORD000331,PROD0479,3,40.52,30,0
ITEM000885,ORD000331,PROD0304,2,113.96,5,0
ITEM000886,ORD002828,PROD0303,3,48.13,0,0
ITEM000887,ORD002828,PROD0346,4,46.68,0,0
ITEM000888,ORD000584,PROD0257,3,20.1,5,0
ITEM000889,ORD000584,PROD0109,1,1256.28,5,0
ITEM000890,ORD003528,PROD0445,4,1552.2,0,0
ITEM000891,ORD004109,PROD0275,3,113.05,0,0
ITEM000892,ORD004109,PROD0086,1,234.75,25,0
ITEM000893,ORD004109,PROD0342,1,600.72,5,0
ITEM000894,ORD004109,PROD0142,2,29.84,10,0
ITEM000895,ORD004109,PROD0485,2,56.73,0,0
ITEM000896,ORD001809,PROD0132,2,64.45,0,0
ITEM000897,ORD004103,PROD0006,4,5.24,40,0
ITEM000898,ORD004103,PROD0073,1,116.58,40,0
ITEM000899,ORD002294,PROD0184,1,27.56,0,0
ITEM000900,ORD002294,PROD0304,1,110.95,0,0
ITEM000901,ORD002294,PROD0026,1,254.65,40,0
ITEM000902,ORD003061,PROD0297,1,14.79,0,0
ITEM000903,ORD003061,PROD0179,1,375.73,0,0
ITEM000904,ORD001031,PROD0132,1,65.52,5,0
ITEM000905,ORD001031,PROD0227,1,54.74,10,0
ITEM000906,ORD001031,PROD0001,4,281.62,10,0
ITEM000907,ORD001302,PROD0364,4,1863.27,0,0
ITEM000908,ORD003279,PROD0154,1,121.4,20,0
ITEM000909,ORD003279,PROD0358,1,30.14,50,0
ITEM000910,ORD003279,PROD0497,1,52.99,25,0
ITEM000911,ORD003053,PROD0330,1,28.59,0,0
ITEM000912,ORD003053,PROD0453,1,24.22,40,0
ITEM000913,ORD003053,PROD0401,1,15.58,30,0
ITEM000914,ORD003053,PROD0211,1,88.51,30,0
ITEM000915,ORD003053,PROD0204,1,1408.15,40,0
ITEM000916,ORD001346,PROD0181,1,66.26,30,0
ITEM000917,ORD001346,PROD0432,1,297.81,25,0
ITEM000918,ORD001346,PROD0205,1,510.43,0,0
ITEM000919,ORD002162,PROD0406,1,80.85,20,0
ITEM000920,ORD002162,PROD0101,4,382.89,15,0
ITEM000921,ORD002162,PROD0055,2,62.47,0,0
ITEM000922,ORD003152,PROD0052,3,142.99,25,0
ITEM000923,ORD003706,PROD0130,1,346.67,40,0
ITEM000924,ORD003706,PROD0034,1,6.72,50,0
ITEM000925,ORD000580,PROD0121,1,1141.86,5,0
ITEM000926,ORD002770,PROD0303,1,48.4,25,0
ITEM000927,ORD002770,PROD0136,1,17.16,20,0
ITEM000928,ORD001330,PROD0346,4,46.55,10,0
ITEM000929,ORD000310,PROD0309,-1,1197.57,10,1
ITEM000930,ORD000628,PROD0331,2,83.27,0,0
ITEM000931,ORD000628,PROD0359,1,38.91,25,0
ITEM000932,ORD003521,PROD0195,1,64.23,30,0
ITEM000933,ORD003521,PROD0315,3,10.8,50,0
ITEM000934,ORD003521,PROD0219,3,953.93,0,0
ITEM000935,ORD004676,PROD0105,1,176.23,10,0
ITEM000936,ORD004676,PROD0219,1,990.25,10,0
ITEM000937,ORD004676,PROD0195,1,64.22,0,0
ITEM000938,ORD000530,PROD0219,1,974.78,50,0
ITEM000939,ORD000530,PROD0186,1,37.81,0,0
ITEM000940,ORD000530,PROD0308,4,19.61,50,0
ITEM000941,ORD002238,PROD0177,1,99.89,10,0
ITEM000942,ORD002238,PROD0034,3,6.84,0,0
ITEM000943,ORD002238,PROD0181,2,67.07,15,0
ITEM000944,ORD002238,PROD0478,1,1457.05,0,0
ITEM000945,ORD002238,PROD0072,4,724.63,20,0
ITEM000946,ORD003097,PROD0006,2,5.44,40,0
ITEM000947,ORD003097,PROD0389,1,147.36,0,0
ITEM000948,ORD003097,PROD0141,1,19.42,15,0
ITEM000949,ORD002189,PROD0405,-1,1762.95,20,1
ITEM000950,ORD002524,PROD0208,1,459.46,0,0
ITEM000951,ORD002524,PROD0181,1,68.67,25,0
ITEM000952,ORD002524,PROD0389,4,147.51,20,0
ITEM000953,ORD003599,PROD0218,1,546.15,10,0
ITEM000954,ORD003599,PROD0260,1,1249.29,25,0
ITEM000955,ORD003599,PROD0069,1,453.01,40,0
ITEM000956,ORD003525,PROD0275,2,110.47,0,0
ITEM000957,ORD003525,PROD0086,1,234.75,10,0
ITEM000958,ORD003142,PROD0047,1,112.95,20,0
ITEM000959,ORD003142,PROD0378,1,82.23,5,0
ITEM000960,ORD003142,PROD0077,3,951.91,5,0
ITEM000961,ORD001024,PROD0192,2,216.85,50,0
ITEM000962,ORD001024,PROD0232,1,24.36,10,0
ITEM000963,ORD001024,PROD0166,1,1031.7,0,0
ITEM000964,ORD002639,PROD0482,1,528.23,0,0
ITEM000965,ORD002639,PROD0030,2,412.65,0,0
ITEM000966,ORD002645,PROD0181,1,66.43,30,0
ITEM000967,ORD002645,PROD0258,1,201.17,10,0
ITEM000968,ORD002645,PROD0211,3,86.62,40,0
ITEM000969,ORD001072,PROD0117,-3,376.19,20,1
ITEM000970,ORD001046,PROD0349,1,659.89,15,0
ITEM000971,ORD001046,PROD0156,1,193.62,0,0
ITEM000972,ORD001046,PROD0092,4,148.67,30,0
ITEM000973,ORD003932,PROD0119,2,15.96,10,0
ITEM000974,ORD003932,PROD0067,3,93.82,5,0
ITEM000975,ORD000704,PROD0432,1,301.21,50,0
ITEM000976,ORD000704,PROD0232,2,24.35,25,0
ITEM000977,ORD002548,PROD0256,3,41.06,0,0
ITEM000978,ORD001902,PROD0297,1,15.01,5,0
ITEM000979,ORD001902,PROD0179,3,386.03,50,0
ITEM000980,ORD002814,PROD0470,1,22.25,25,0
ITEM000981,ORD003679,PROD0468,1,2712.59,40,0
ITEM000982,ORD003679,PROD0215,1,15.85,40,0
ITEM000983,ORD004630,PROD0155,1,1088.75,50,0
ITEM000984,ORD004630,PROD0379,1,14.72,10,0
ITEM000985,ORD004630,PROD0399,1,34.51,30,0
ITEM000986,ORD004630,PROD0459,1,40.66,5,0
ITEM000987,ORD000627,PROD0389,1,140.61,30,0
ITEM000988,ORD004273,PROD0064,1,860.58,40,0
ITEM000989,ORD004273,PROD0131,1,32.69,5,0
ITEM000990,ORD000508,PROD0376,1,163.44,10,0
ITEM000991,ORD000508,PROD0396,2,57.05,30,0
ITEM000992,ORD002441,PROD0192,3,213.27,0,0
ITEM000993,ORD002441,PROD0232,3,24.18,10,0
ITEM000994,ORD003949,PROD0017,3,60.79,5,0
ITEM000995,ORD003949,PROD0359,1,38.21,10,0
ITEM000996,ORD003949,PROD0025,1,16.62,0,0
ITEM000997,ORD000509,PROD0106,3,548.3,50,0
ITEM000998,ORD000509,PROD0137,1,222.45,40,0
ITEM000999,ORD001533,PROD0202,1,6.99,5,0
ITEM001000,ORD001533,PROD0444,2,9.74,30,0
ITEM001001,ORD003753,PROD0264,3,32.33,10,0
ITEM001002,ORD003322,PROD0253,2,88.42,10,0
ITEM001003,ORD003322,PROD0074,1,33.06,10,0
ITEM001004,ORD003322,PROD0467,3,751.82,50,0
ITEM001005,ORD003322,PROD0184,2,27.2,30,0
ITEM001006,ORD003100,PROD0222,1,9.09,0,0
ITEM001007,ORD003100,PROD0055,1,63.01,40,0
ITEM001008,ORD001287,PROD0069,1,432.23,40,0
ITEM001009,ORD001287,PROD0339,1,267.27,5,0
ITEM001010,ORD001287,PROD0230,2,6.31,40,0
ITEM001011,ORD000755,PROD0051,2,147.0,0,0
ITEM001012,ORD000755,PROD0177,1,100.79,10,0
ITEM001013,ORD000755,PROD0396,2,56.08,0,0
ITEM001014,ORD000755,PROD0328,1,15.67,0,0
ITEM001015,ORD003007,PROD0150,2,432.1,40,0
ITEM001016,ORD003007,PROD0472,1,293.53,30,0
ITEM001017,ORD003007,PROD0326,1,67.02,25,0
ITEM001018,ORD003007,PROD0384,4,1608.02,20,0
ITEM001019,ORD003007,PROD0232,2,25.13,20,0
ITEM001020,ORD003294,PROD0297,2,14.97,10,0
ITEM001021,ORD003294,PROD0179,1,391.6,40,0
ITEM001022,ORD004087,PROD0341,2,186.92,0,0
ITEM001023,ORD004087,PROD0063,3,17.09,0,0
ITEM001024,ORD004087,PROD0190,1,462.03,20,0
ITEM001025,ORD004087,PROD0482,1,513.39,10,0
ITEM001026,ORD004087,PROD0267,1,50.84,10,0
ITEM001027,ORD002178,PROD0170,3,25.88,20,0
ITEM001028,ORD002178,PROD0432,1,307.93,20,0
ITEM001029,ORD002178,PROD0299,1,2016.01,10,0
ITEM001030,ORD002178,PROD0168,1,482.45,25,0
ITEM001031,ORD002178,PROD0379,1,14.78,5,0
ITEM001032,ORD000506,PROD0492,1,83.89,5,0
ITEM001033,ORD003089,PROD0447,1,1117.39,5,0
ITEM001034,ORD003089,PROD0051,3,146.99,0,0
ITEM001035,ORD001819,PROD0021,2,358.81,10,0
ITEM001036,ORD001819,PROD0487,2,240.1,50,0
ITEM001037,ORD001819,PROD0075,1,14.3,25,0
ITEM001038,ORD003491,PROD0105,1,175.13,40,0
ITEM001039,ORD003491,PROD0219,1,996.99,0,0
ITEM001040,ORD003491,PROD0203,1,354.68,10,0
ITEM001041,ORD000268,PROD0186,2,36.99,0,0
ITEM001042,ORD000268,PROD0469,1,111.82,10,0
ITEM001043,ORD002906,PROD0444,1,9.45,20,0
ITEM001044,ORD002906,PROD0227,2,53.72,0,0
ITEM001045,ORD002906,PROD0200,1,776.18,25,0
ITEM001046,ORD003681,PROD0275,3,114.48,10,0
ITEM001047,ORD003681,PROD0086,3,229.92,0,0
ITEM001048,ORD000625,PROD0122,4,545.53,0,0
ITEM001049,ORD001673,PROD0183,1,273.72,10,0
ITEM001050,ORD001673,PROD0293,1,484.61,0,0
ITEM001051,ORD001019,PROD0047,1,118.16,20,0
ITEM001052,ORD001019,PROD0143,1,1466.1,15,0
ITEM001053,ORD003623,PROD0062,1,330.66,0,0
ITEM001054,ORD003623,PROD0081,1,60.93,0,0
ITEM001055,ORD003623,PROD0184,1,28.21,5,0
ITEM001056,ORD003881,PROD0106,4,531.02,15,0
ITEM001057,ORD003881,PROD0137,1,226.33,15,0
ITEM001058,ORD003881,PROD0018,1,1091.92,10,0
ITEM001059,ORD001301,PROD0130,3,328.93,50,0
ITEM001060,ORD001301,PROD0034,2,6.61,10,0
ITEM001061,ORD003862,PROD0444,3,9.72,10,0
ITEM001062,ORD003862,PROD0244,1,246.85,30,0
ITEM001063,ORD003862,PROD0432,1,305.21,0,0
ITEM001064,ORD003862,PROD0182,1,842.11,15,0
ITEM001065,ORD003862,PROD0223,1,145.92,15,0
ITEM001066,ORD001911,PROD0467,2,767.65,20,0
ITEM001067,ORD001911,PROD0208,1,478.51,5,0
ITEM001068,ORD003517,PROD0006,1,5.29,0,0
ITEM001069,ORD003517,PROD0389,1,142.85,40,0
ITEM001070,ORD001042,PROD0072,4,721.87,0,0
ITEM001071,ORD001042,PROD0444,1,9.19,0,0
ITEM001072,ORD001042,PROD0489,1,37.59,15,0
ITEM001073,ORD003989,PROD0413,2,379.32,15,0
ITEM001074,ORD003989,PROD0161,3,38.36,0,0
ITEM001075,ORD001284,PROD0371,4,606.8,20,0
ITEM001076,ORD001284,PROD0473,4,23.09,20,0
ITEM001077,ORD001284,PROD0101,1,377.99,20,0
ITEM001078,ORD002570,PROD0073,1,116.88,30,0
ITEM001079,ORD002570,PROD0111,1,166.93,50,0
ITEM001080,ORD002570,PROD0012,1,101.06,15,0
ITEM001081,ORD002570,PROD0374,1,102.91,25,0
ITEM001082,ORD002570,PROD0195,2,63.79,10,0
ITEM001083,ORD000630,PROD0097,1,549.31,10,0
ITEM001084,ORD000630,PROD0295,1,259.93,5,0
ITEM001085,ORD000630,PROD0018,3,1106.08,40,0
ITEM001086,ORD000630,PROD0479,1,39.84,10,0
ITEM001087,ORD000708,PROD0118,2,34.46,50,0
ITEM001088,ORD000708,PROD0442,2,12.07,0,0
ITEM001089,ORD002365,PROD0183,1,274.54,5,0
ITEM001090,ORD002365,PROD0011,1,966.05,0,0
ITEM001091,ORD002365,PROD0119,2,16.6,0,0
ITEM001092,ORD003957,PROD0495,1,78.28,40,0
ITEM001093,ORD003957,PROD0444,2,9.66,15,0
ITEM001094,ORD003957,PROD0127,1,20.96,20,0
ITEM001095,ORD003692,PROD0453,2,24.69,0,0
ITEM001096,ORD003692,PROD0444,2,9.33,10,0
ITEM001097,ORD000228,PROD0059,1,33.05,20,0
ITEM001098,ORD000228,PROD0073,1,119.02,40,0
ITEM001099,ORD000228,PROD0364,1,1799.6,50,0
ITEM001100,ORD000228,PROD0336,2,1653.81,0,0
ITEM001101,ORD003974,PROD0307,2,35.23,50,0
ITEM001102,ORD003974,PROD0078,1,1670.76,25,0
ITEM001103,ORD004550,PROD0075,2,14.28,0,0
ITEM001104,ORD004550,PROD0135,2,153.51,50,0
ITEM001105,ORD004550,PROD0376,1,159.69,10,0
ITEM001107,ORD001300,PROD0299,1,2013.77,40,0
ITEM001108,ORD003536,PROD0131,1,31.3,0,0
ITEM001109,ORD003536,PROD0181,1,68.1,10,0
ITEM001110,ORD003536,PROD0260,1,1277.42,20,0
ITEM001111,ORD003267,PROD0477,1,208.55,15,0
ITEM001112,ORD003267,PROD0354,3,280.65,15,0
ITEM001113,ORD003267,PROD0175,1,517.46,0,0
ITEM001114,ORD003267,PROD0160,1,182.42,10,0
ITEM001115,ORD003936,PROD0275,3,109.01,10,0
ITEM001116,ORD003936,PROD0086,1,231.42,25,0
ITEM001117,ORD003936,PROD0135,1,158.47,30,0
ITEM001118,ORD003936,PROD0435,1,160.15,0,0
ITEM001119,ORD001297,PROD0006,1,5.22,0,0
ITEM001120,ORD001297,PROD0073,2,116.73,50,0
ITEM001121,ORD003448,PROD0462,-1,103.66,20,1
ITEM001122,ORD001239,PROD0181,2,64.95,15,0
ITEM001123,ORD001239,PROD0432,2,294.17,15,0
ITEM001124,ORD001239,PROD0186,3,36.68,30,0
ITEM001125,ORD002183,PROD0116,-3,23.35,0,1
ITEM001126,ORD000706,PROD0088,1,91.52,5,0
ITEM001127,ORD001666,PROD0054,1,6.19,10,0
ITEM001128,ORD001666,PROD0430,1,174.48,10,0
ITEM001129,ORD001666,PROD0116,1,23.4,0,0
ITEM001130,ORD001666,PROD0009,1,16.92,0,0
ITEM001131,ORD004574,PROD0195,1,62.29,25,0
ITEM001132,ORD002847,PROD0467,4,777.99,5,0
ITEM001133,ORD002847,PROD0208,2,466.26,0,0
ITEM001134,ORD002164,PROD0485,1,57.4,40,0
ITEM001136,ORD002164,PROD0460,2,28.77,50,0
ITEM001137,ORD002956,PROD0299,1,1982.23,0,0
ITEM001138,ORD002956,PROD0030,2,404.92,50,0
ITEM001139,ORD002956,PROD0295,2,247.77,50,0
ITEM001140,ORD002956,PROD0467,1,749.88,15,0
ITEM001141,ORD001942,PROD0187,-2,137.3,5,1
ITEM001142,ORD001942,PROD0243,-1,9.15,25,1
ITEM001143,ORD001399,PROD0427,3,483.92,30,0
ITEM001144,ORD000790,PROD0249,3,7.72,0,0
ITEM001145,ORD000790,PROD0413,1,398.11,20,0
ITEM001146,ORD004603,PROD0024,3,8.59,0,0
ITEM001147,ORD004603,PROD0377,3,219.23,40,0
ITEM001148,ORD004603,PROD0275,1,109.21,0,0
ITEM001149,ORD003304,PROD0156,1,184.61,10,0
ITEM001150,ORD001257,PROD0168,1,471.56,0,0
ITEM001151,ORD001257,PROD0403,1,301.66,15,0
ITEM001152,ORD001257,PROD0396,1,58.47,30,0
ITEM001153,ORD001257,PROD0335,1,147.67,0,0
ITEM001154,ORD004446,PROD0135,1,154.66,5,0
ITEM001155,ORD004446,PROD0315,2,10.75,10,0
ITEM001156,ORD000277,PROD0237,1,742.74,30,0
ITEM001157,ORD000277,PROD0136,2,17.59,0,0
ITEM001158,ORD003157,PROD0025,1,17.13,0,0
ITEM001159,ORD003157,PROD0440,1,204.71,50,0
ITEM001160,ORD003157,PROD0230,2,6.51,5,0
ITEM001161,ORD003165,PROD0420,1,14.61,10,0
ITEM001162,ORD003165,PROD0285,3,42.76,0,0
ITEM001163,ORD003165,PROD0437,3,30.34,20,0
ITEM001164,ORD003165,PROD0268,1,151.17,5,0
ITEM001165,ORD003165,PROD0201,2,1439.52,5,0
ITEM001166,ORD002425,PROD0096,-1,875.96,20,1
ITEM001167,ORD002425,PROD0454,-1,15.86,20,1
ITEM001168,ORD001286,PROD0192,1,217.18,25,0
ITEM001169,ORD001286,PROD0204,3,1393.89,0,0
ITEM001170,ORD000505,PROD0184,1,27.74,30,0
ITEM001171,ORD004331,PROD0347,1,18.05,20,0
ITEM001172,ORD002034,PROD0482,1,536.01,5,0
ITEM001173,ORD002034,PROD0149,2,1237.55,15,0
ITEM001174,ORD002034,PROD0470,1,22.22,50,0
ITEM001175,ORD000598,PROD0440,3,210.2,20,0
ITEM001176,ORD000598,PROD0219,1,987.25,30,0
ITEM001177,ORD000308,PROD0086,2,224.1,20,0
ITEM001178,ORD000308,PROD0467,3,769.27,0,0
ITEM001179,ORD003865,PROD0266,1,20.58,10,0
ITEM001180,ORD003710,PROD0477,1,212.4,15,0
ITEM001181,ORD003710,PROD0383,4,1276.1,0,0
ITEM001182,ORD002908,PROD0172,2,778.66,30,0
ITEM001183,ORD001115,PROD0006,3,5.28,10,0
ITEM001184,ORD001115,PROD0073,3,115.6,10,0
ITEM001185,ORD001261,PROD0349,1,686.54,30,0
ITEM001186,ORD004069,PROD0469,2,116.69,0,0
ITEM001187,ORD004069,PROD0366,2,878.0,0,0
ITEM001188,ORD003902,PROD0190,2,458.11,0,0
ITEM001189,ORD001270,PROD0033,-2,111.96,20,1
ITEM001190,ORD002901,PROD0208,2,459.58,0,0
ITEM001191,ORD002901,PROD0022,1,117.62,0,0
ITEM001192,ORD002901,PROD0465,2,175.5,0,0
ITEM001193,ORD002901,PROD0086,1,233.6,15,0
ITEM001194,ORD003950,PROD0192,1,214.54,0,0
ITEM001195,ORD003950,PROD0141,1,19.63,20,0
ITEM001196,ORD003950,PROD0176,2,742.12,10,0
ITEM001197,ORD002937,PROD0100,1,1347.93,40,0
ITEM001198,ORD002937,PROD0328,1,16.28,10,0
ITEM001199,ORD002937,PROD0398,3,781.65,10,0
ITEM001200,ORD003987,PROD0092,1,148.67,5,0
ITEM001201,ORD003154,PROD0030,4,399.27,50,0
ITEM001202,ORD004078,PROD0251,3,14.78,15,0
ITEM001203,ORD004078,PROD0170,1,26.78,40,0
ITEM001204,ORD004078,PROD0323,3,222.62,5,0
ITEM001205,ORD004078,PROD0249,2,7.92,10,0
ITEM001206,ORD004077,PROD0174,1,109.31,0,0
ITEM001207,ORD003833,PROD0086,3,228.01,50,0
ITEM001208,ORD001227,PROD0465,2,182.22,5,0
ITEM001209,ORD000529,PROD0237,1,703.7,0,0
ITEM001210,ORD000529,PROD0136,1,17.69,10,0
ITEM001211,ORD004725,PROD0086,1,231.03,5,0
ITEM001212,ORD004725,PROD0467,2,744.93,30,0
ITEM001213,ORD001274,PROD0097,2,531.93,0,0
ITEM001214,ORD001274,PROD0379,1,15.15,5,0
ITEM001215,ORD004556,PROD0186,1,35.92,40,0
ITEM001216,ORD004556,PROD0469,2,116.77,30,0
ITEM001217,ORD000162,PROD0006,1,5.48,40,0
ITEM001218,ORD000162,PROD0073,2,116.99,10,0
ITEM001219,ORD001034,PROD0105,1,179.03,40,0
ITEM001220,ORD001034,PROD0227,4,54.6,20,0
ITEM001221,ORD002138,PROD0011,1,949.22,10,0
ITEM001222,ORD002138,PROD0478,1,1534.51,15,0
ITEM001223,ORD002671,PROD0101,2,385.21,30,0
ITEM001224,ORD002671,PROD0469,2,111.82,15,0
ITEM001225,ORD000684,PROD0347,1,18.12,30,0
ITEM001226,ORD000684,PROD0451,1,160.4,15,0
ITEM001227,ORD002672,PROD0086,1,233.88,0,0
ITEM001228,ORD002502,PROD0069,1,449.98,20,0
ITEM001229,ORD002501,PROD0331,3,86.59,50,0
ITEM001230,ORD000092,PROD0105,2,172.09,0,0
ITEM001231,ORD000092,PROD0219,1,985.32,5,0
ITEM001232,ORD000226,PROD0153,-3,56.66,15,1
ITEM001233,ORD003271,PROD0202,-3,6.85,50,1
ITEM001234,ORD000008,PROD0105,3,173.4,25,0
ITEM001235,ORD000008,PROD0219,2,968.6,50,0
ITEM001236,ORD000008,PROD0489,2,37.83,20,0
ITEM001237,ORD003741,PROD0078,2,1652.19,40,0
ITEM001238,ORD003741,PROD0485,2,56.54,0,0
ITEM001239,ORD003741,PROD0266,1,20.14,50,0
ITEM001240,ORD003741,PROD0491,1,27.44,5,0
ITEM001241,ORD003741,PROD0442,2,11.69,25,0
ITEM001242,ORD003085,PROD0186,1,36.6,50,0
ITEM001243,ORD003085,PROD0469,1,113.59,30,0
ITEM001244,ORD003085,PROD0105,1,170.67,5,0
ITEM001245,ORD003085,PROD0050,1,10.2,5,0
ITEM001246,ORD003085,PROD0111,2,170.76,0,0
ITEM001247,ORD003935,PROD0074,3,31.7,15,0
ITEM001248,ORD003784,PROD0267,-1,49.03,40,1
ITEM001249,ORD000383,PROD0156,1,194.71,5,0
ITEM001250,ORD003548,PROD0364,2,1853.2,0,0
ITEM001251,ORD003548,PROD0100,1,1323.77,0,0
ITEM001252,ORD003548,PROD0027,1,77.79,15,0
ITEM001253,ORD000778,PROD0219,1,966.35,0,0
ITEM001254,ORD000778,PROD0186,3,37.82,0,0
ITEM001255,ORD001825,PROD0282,2,29.6,0,0
ITEM001256,ORD001825,PROD0175,2,526.96,40,0
ITEM001257,ORD001825,PROD0254,4,7.74,20,0
ITEM001258,ORD001299,PROD0482,2,537.72,10,0
ITEM001259,ORD001299,PROD0097,1,528.57,5,0
ITEM001260,ORD000681,PROD0372,1,620.27,10,0
ITEM001261,ORD000681,PROD0055,1,60.21,20,0
ITEM001262,ORD000681,PROD0460,4,27.88,50,0
ITEM001263,ORD001372,PROD0063,3,17.61,0,0
ITEM001264,ORD001372,PROD0067,1,93.3,50,0
ITEM001265,ORD001372,PROD0484,2,16.5,25,0
ITEM001266,ORD001386,PROD0186,1,36.18,0,0
ITEM001267,ORD001386,PROD0469,1,115.04,0,0
ITEM001268,ORD001386,PROD0329,1,948.2,50,0
ITEM001269,ORD001386,PROD0285,1,42.93,0,0
ITEM001270,ORD004545,PROD0135,2,155.22,20,0
ITEM001271,ORD004545,PROD0315,1,10.93,40,0
ITEM001272,ORD003287,PROD0037,2,1232.92,50,0
ITEM001273,ORD003287,PROD0054,1,6.34,20,0
ITEM001274,ORD003287,PROD0188,2,218.78,0,0
ITEM001275,ORD003287,PROD0247,1,194.34,0,0
ITEM001276,ORD003123,PROD0488,-3,97.7,50,1
ITEM001277,ORD003123,PROD0243,-1,8.99,0,1
ITEM001278,ORD002179,PROD0222,3,9.4,15,0
ITEM001279,ORD003002,PROD0078,1,1593.69,40,0
ITEM001280,ORD003002,PROD0016,2,415.21,5,0
ITEM001281,ORD002753,PROD0106,2,525.14,25,0
ITEM001282,ORD002753,PROD0137,1,220.72,40,0
ITEM001283,ORD002753,PROD0006,1,5.36,10,0
ITEM001284,ORD000235,PROD0482,1,517.36,20,0
ITEM001285,ORD000235,PROD0030,1,396.04,20,0
ITEM001286,ORD003721,PROD0270,1,41.9,5,0
ITEM001287,ORD003721,PROD0019,4,266.13,15,0
ITEM001289,ORD000019,PROD0219,1,998.42,0,0
ITEM001290,ORD002855,PROD0117,-1,373.01,20,1
ITEM001291,ORD002821,PROD0237,1,706.86,50,0
ITEM001292,ORD001938,PROD0181,1,65.18,0,0
ITEM001293,ORD001938,PROD0258,1,194.16,0,0
ITEM001294,ORD004647,PROD0132,1,64.65,30,0
ITEM001295,ORD004647,PROD0227,2,54.83,0,0
ITEM001296,ORD002556,PROD0026,2,254.56,10,0
ITEM001297,ORD001049,PROD0033,1,112.2,20,0
ITEM001298,ORD001049,PROD0040,1,78.87,25,0
ITEM001299,ORD001049,PROD0019,1,258.93,40,0
ITEM001300,ORD001049,PROD0173,1,43.0,10,0
ITEM001301,ORD000524,PROD0297,1,14.9,40,0
ITEM001302,ORD000524,PROD0012,1,102.51,0,0
ITEM001303,ORD000524,PROD0282,1,30.96,10,0
ITEM001304,ORD000524,PROD0236,3,859.74,15,0
ITEM001305,ORD003397,PROD0200,1,778.07,0,0
ITEM001306,ORD003397,PROD0181,1,66.42,0,0
ITEM001307,ORD000344,PROD0026,-1,246.33,15,1
ITEM001308,ORD002504,PROD0192,1,225.44,0,0
ITEM001309,ORD002504,PROD0232,1,24.03,5,0
ITEM001310,ORD002575,PROD0137,4,223.86,25,0
ITEM001311,ORD002575,PROD0389,3,144.36,40,0
ITEM001312,ORD000791,PROD0339,1,282.02,40,0
ITEM001313,ORD003939,PROD0232,1,24.96,10,0
ITEM001314,ORD003939,PROD0229,2,1695.06,20,0
ITEM001315,ORD004076,PROD0432,2,291.94,50,0
ITEM001316,ORD004076,PROD0088,3,86.87,30,0
ITEM001317,ORD004076,PROD0279,1,379.8,40,0
ITEM001318,ORD004076,PROD0147,1,632.08,25,0
ITEM001319,ORD004076,PROD0203,1,345.06,25,0
ITEM001320,ORD004726,PROD0467,1,763.27,10,0
ITEM001321,ORD004726,PROD0208,2,464.49,40,0
ITEM001322,ORD000007,PROD0266,1,20.43,15,0
ITEM001323,ORD000007,PROD0238,1,48.67,20,0
ITEM001324,ORD000274,PROD0429,3,149.02,0,0
ITEM001325,ORD002529,PROD0022,2,118.15,50,0
ITEM001326,ORD002529,PROD0051,3,145.35,15,0
ITEM001327,ORD002529,PROD0183,2,265.23,50,0
ITEM001328,ORD002529,PROD0110,4,71.79,15,0
ITEM001329,ORD002618,PROD0086,1,229.3,5,0
ITEM001330,ORD002618,PROD0467,1,758.81,10,0
ITEM001331,ORD000394,PROD0382,1,1571.53,40,0
ITEM001332,ORD002767,PROD0086,1,227.16,30,0
ITEM001333,ORD002767,PROD0467,1,783.1,10,0
ITEM001334,ORD002767,PROD0130,1,332.61,0,0
ITEM001335,ORD002767,PROD0072,2,725.91,10,0
ITEM001336,ORD002767,PROD0033,1,110.14,10,0
ITEM001337,ORD001955,PROD0445,2,1516.74,15,0
ITEM001338,ORD001955,PROD0032,1,230.23,30,0
ITEM001339,ORD000623,PROD0132,1,66.69,25,0
ITEM001340,ORD000623,PROD0227,4,54.2,20,0
ITEM001341,ORD002096,PROD0294,1,16.08,30,0
ITEM001342,ORD002096,PROD0277,2,888.71,0,0
ITEM001343,ORD002096,PROD0230,1,6.35,0,0
ITEM001344,ORD003263,PROD0294,2,15.56,10,0
ITEM001345,ORD003420,PROD0465,1,183.5,25,0
ITEM001346,ORD003420,PROD0445,1,1535.48,5,0
ITEM001347,ORD002386,PROD0181,3,65.77,20,0
ITEM001348,ORD002386,PROD0432,1,303.93,15,0
ITEM001349,ORD002386,PROD0042,3,534.56,50,0
ITEM001350,ORD002386,PROD0113,1,46.55,0,0
ITEM001351,ORD002386,PROD0488,3,98.25,0,0
ITEM001352,ORD004412,PROD0260,1,1289.28,30,0
ITEM001353,ORD004412,PROD0055,2,60.68,20,0
ITEM001354,ORD003026,PROD0435,3,161.21,50,0
ITEM001355,ORD003026,PROD0072,2,719.57,0,0
ITEM001356,ORD003026,PROD0422,1,16.87,10,0
ITEM001357,ORD003026,PROD0026,1,250.2,0,0
ITEM001358,ORD000685,PROD0136,1,17.75,0,0
ITEM001359,ORD001909,PROD0006,2,5.28,20,0
ITEM001360,ORD001909,PROD0073,1,119.34,30,0
ITEM001361,ORD001910,PROD0482,1,512.4,0,0
ITEM001362,ORD001910,PROD0223,1,148.07,0,0
ITEM001363,ORD002258,PROD0237,1,703.34,20,0
ITEM001364,ORD001387,PROD0399,-2,34.32,20,1
ITEM001365,ORD000279,PROD0105,3,176.03,10,0
ITEM001366,ORD000279,PROD0219,1,995.05,0,0
ITEM001367,ORD004643,PROD0237,1,722.94,5,0
ITEM001368,ORD004643,PROD0136,2,17.27,15,0
ITEM001369,ORD004351,PROD0254,1,7.72,10,0
ITEM001370,ORD003437,PROD0266,1,20.15,20,0
ITEM001371,ORD003437,PROD0195,2,62.87,0,0
ITEM001372,ORD003437,PROD0137,2,220.1,10,0
ITEM001373,ORD000588,PROD0297,1,15.43,15,0
ITEM001374,ORD000588,PROD0266,1,19.64,10,0
ITEM001375,ORD004570,PROD0137,2,229.63,25,0
ITEM001376,ORD004570,PROD0389,1,140.57,10,0
ITEM001377,ORD004570,PROD0258,2,194.59,0,0
ITEM001378,ORD003532,PROD0389,2,145.91,15,0
ITEM001379,ORD003532,PROD0346,1,46.38,30,0
ITEM001380,ORD003532,PROD0432,1,298.09,40,0
ITEM001381,ORD003532,PROD0230,1,6.58,0,0
ITEM001382,ORD003532,PROD0366,3,870.78,0,0
ITEM001383,ORD001704,PROD0130,1,330.11,0,0
ITEM001384,ORD001704,PROD0014,1,322.96,10,0
ITEM001385,ORD001704,PROD0218,3,544.61,0,0
ITEM001386,ORD002627,PROD0130,1,334.97,5,0
ITEM001387,ORD002627,PROD0219,1,992.88,40,0
ITEM001388,ORD002627,PROD0489,1,38.0,50,0
ITEM001389,ORD002627,PROD0267,4,49.94,20,0
ITEM001390,ORD001225,PROD0305,1,665.82,10,0
ITEM001391,ORD001225,PROD0156,1,192.67,50,0
ITEM001392,ORD001225,PROD0371,1,613.81,0,0
ITEM001393,ORD000498,PROD0482,3,531.6,10,0
ITEM001394,ORD000498,PROD0030,1,409.58,40,0
ITEM001395,ORD003278,PROD0386,2,1002.2,20,0
ITEM001396,ORD004542,PROD0081,2,61.5,15,0
ITEM001397,ORD004542,PROD0119,1,16.04,30,0
ITEM001398,ORD004134,PROD0086,2,236.43,30,0
ITEM001399,ORD004134,PROD0467,1,740.59,5,0
ITEM001400,ORD004085,PROD0016,2,400.64,50,0
ITEM001401,ORD004085,PROD0001,1,276.09,0,0
ITEM001402,ORD004085,PROD0244,1,251.2,20,0
ITEM001403,ORD004688,PROD0469,4,115.0,30,0
ITEM001404,ORD004688,PROD0366,3,873.34,5,0
ITEM001405,ORD004688,PROD0236,1,874.31,15,0
ITEM001406,ORD004688,PROD0030,1,393.58,15,0
ITEM001407,ORD004626,PROD0105,1,173.42,5,0
ITEM001408,ORD004626,PROD0219,1,997.8,0,0
ITEM001409,ORD004626,PROD0223,1,149.92,25,0
ITEM001410,ORD001234,PROD0228,3,125.19,5,0
ITEM001411,ORD001234,PROD0294,2,16.01,0,0
ITEM001412,ORD004207,PROD0346,-2,47.72,15,1
ITEM001413,ORD004374,PROD0232,2,24.8,0,0
ITEM001414,ORD004374,PROD0219,1,967.87,10,0
ITEM001415,ORD004267,PROD0112,2,1958.8,0,0
ITEM001416,ORD003190,PROD0280,1,1088.62,0,0
ITEM001417,ORD003190,PROD0465,2,180.56,0,0
ITEM001418,ORD003190,PROD0037,1,1238.56,15,0
ITEM001419,ORD003722,PROD0470,1,22.01,5,0
ITEM001420,ORD003722,PROD0217,3,41.55,20,0
ITEM001421,ORD004539,PROD0131,1,31.62,25,0
ITEM001422,ORD004539,PROD0275,1,110.75,50,0
ITEM001423,ORD004375,PROD0346,1,48.92,0,0
ITEM001424,ORD004024,PROD0482,1,515.59,0,0
ITEM001425,ORD004024,PROD0030,1,408.09,0,0
ITEM001426,ORD001971,PROD0186,4,35.91,10,0
ITEM001427,ORD001971,PROD0469,2,117.1,10,0
ITEM001428,ORD004577,PROD0143,1,1515.42,15,0
ITEM001429,ORD004577,PROD0376,1,159.01,50,0
ITEM001430,ORD004577,PROD0200,1,767.64,0,0
ITEM001431,ORD004577,PROD0069,2,436.26,25,0
ITEM001432,ORD004577,PROD0112,1,1877.39,15,0
ITEM001433,ORD002673,PROD0109,3,1267.55,0,0
ITEM001434,ORD002673,PROD0493,1,44.43,15,0
ITEM001435,ORD002673,PROD0298,1,22.25,0,0
ITEM001436,ORD002673,PROD0194,1,68.64,0,0
ITEM001437,ORD002673,PROD0434,1,44.35,10,0
ITEM001438,ORD001262,PROD0467,2,745.18,25,0
ITEM001439,ORD001262,PROD0208,1,460.88,25,0
ITEM001440,ORD001228,PROD0106,3,545.86,10,0
ITEM001441,ORD001228,PROD0137,3,224.58,0,0
ITEM001442,ORD003912,PROD0279,2,381.64,10,0
ITEM001443,ORD003912,PROD0028,3,129.62,10,0
ITEM001444,ORD002540,PROD0366,4,862.5,0,0
ITEM001445,ORD002540,PROD0069,4,451.68,50,0
ITEM001446,ORD002540,PROD0402,1,8.15,10,0
ITEM001447,ORD002540,PROD0003,1,60.67,0,0
ITEM001448,ORD002540,PROD0115,2,33.37,20,0
ITEM001449,ORD001607,PROD0149,1,1228.83,0,0
ITEM001450,ORD001607,PROD0018,2,1120.13,5,0
ITEM001451,ORD001607,PROD0444,1,9.27,40,0
ITEM001452,ORD003709,PROD0347,2,18.27,50,0
ITEM001453,ORD003709,PROD0455,1,6.34,5,0
ITEM001454,ORD003709,PROD0315,1,11.25,0,0
ITEM001455,ORD003709,PROD0023,2,30.13,0,0
ITEM001456,ORD003709,PROD0311,1,15.42,50,0
ITEM001457,ORD004713,PROD0383,1,1282.44,20,0
ITEM001458,ORD004713,PROD0349,1,661.57,10,0
ITEM001459,ORD003763,PROD0181,2,67.49,5,0
ITEM001460,ORD003763,PROD0432,3,305.37,15,0
ITEM001461,ORD000255,PROD0147,1,607.3,15,0
ITEM001462,ORD000255,PROD0041,1,96.21,10,0
ITEM001463,ORD004379,PROD0312,1,1538.02,15,0
ITEM001464,ORD004379,PROD0156,1,195.36,10,0
ITEM001465,ORD003199,PROD0182,1,820.26,0,0
ITEM001466,ORD003199,PROD0349,2,659.1,0,0
ITEM001467,ORD003199,PROD0170,1,26.47,15,0
ITEM001468,ORD003199,PROD0177,4,96.46,10,0
ITEM001469,ORD003199,PROD0007,3,17.37,25,0
ITEM001471,ORD003493,PROD0184,2,28.06,30,0
ITEM001472,ORD003493,PROD0249,1,7.85,20,0
ITEM001473,ORD003493,PROD0415,1,1532.41,40,0
ITEM001474,ORD003493,PROD0444,2,9.42,5,0
ITEM001475,ORD003493,PROD0242,1,4.68,5,0
ITEM001476,ORD002691,PROD0186,1,37.29,15,0
ITEM001477,ORD002691,PROD0469,1,116.06,0,0
ITEM001478,ORD003136,PROD0247,1,191.37,5,0
ITEM001479,ORD003255,PROD0237,1,727.2,50,0
ITEM001480,ORD003255,PROD0136,2,16.84,15,0
ITEM001481,ORD003883,PROD0097,1,546.86,15,0
ITEM001482,ORD003883,PROD0379,1,15.17,40,0
ITEM001483,ORD002773,PROD0299,1,1947.62,15,0
ITEM001484,ORD004677,PROD0181,1,66.7,40,0
ITEM001485,ORD004677,PROD0258,2,197.69,10,0
ITEM001486,ORD004677,PROD0179,1,391.13,0,0
ITEM001487,ORD001304,PROD0382,1,1577.66,0,0
ITEM001488,ORD001304,PROD0001,1,286.52,20,0
ITEM001489,ORD001304,PROD0131,1,31.56,0,0
ITEM001490,ORD002033,PROD0327,1,518.25,15,0
ITEM001491,ORD003402,PROD0062,2,335.54,15,0
ITEM001492,ORD000519,PROD0311,1,16.05,25,0
ITEM001493,ORD002230,PROD0420,2,15.01,10,0
ITEM001496,ORD003851,PROD0076,2,884.72,30,0
ITEM001497,ORD003976,PROD0282,1,30.3,15,0
ITEM001498,ORD000144,PROD0132,1,66.01,10,0
ITEM001499,ORD000144,PROD0081,2,59.44,0,0
ITEM001500,ORD000144,PROD0032,1,236.95,20,0
ITEM001501,ORD002363,PROD0299,4,1905.57,5,0
ITEM001502,ORD002363,PROD0266,1,19.89,40,0
ITEM001503,ORD002760,PROD0052,2,137.27,50,0
ITEM001504,ORD002760,PROD0092,1,152.06,15,0
ITEM001505,ORD002760,PROD0328,1,15.55,40,0
ITEM001506,ORD004558,PROD0406,1,79.49,20,0
ITEM001507,ORD004558,PROD0341,1,185.55,0,0
ITEM001508,ORD001743,PROD0175,1,533.01,30,0
ITEM001509,ORD003762,PROD0030,1,409.73,30,0
ITEM001510,ORD002683,PROD0181,1,65.3,30,0
ITEM001511,ORD002683,PROD0432,1,300.61,10,0
ITEM001512,ORD002683,PROD0445,1,1528.2,50,0
ITEM001513,ORD002683,PROD0457,1,109.58,20,0
ITEM001514,ORD002683,PROD0455,1,6.23,25,0
ITEM001515,ORD004352,PROD0202,1,7.07,40,0
ITEM001516,ORD004352,PROD0444,1,9.34,30,0
ITEM001517,ORD004352,PROD0323,2,210.96,0,0
ITEM001518,ORD004352,PROD0384,1,1571.81,10,0
ITEM001519,ORD001106,PROD0106,3,548.96,50,0
ITEM001520,ORD001106,PROD0137,3,225.94,15,0
ITEM001521,ORD004386,PROD0192,3,217.48,10,0
ITEM001522,ORD004386,PROD0232,1,24.89,0,0
ITEM001523,ORD004386,PROD0106,2,541.47,0,0
ITEM001524,ORD004386,PROD0236,2,873.23,50,0
ITEM001525,ORD000673,PROD0086,1,232.5,50,0
ITEM001526,ORD000673,PROD0477,2,207.69,30,0
ITEM001527,ORD001524,PROD0227,-1,56.21,0,1
ITEM001528,ORD001524,PROD0011,-1,966.89,15,1
ITEM001529,ORD000151,PROD0141,1,19.9,25,0
ITEM001530,ORD000151,PROD0103,1,21.23,0,0
ITEM001531,ORD002348,PROD0192,3,215.9,40,0
ITEM001532,ORD002348,PROD0232,2,24.61,25,0
ITEM001533,ORD004129,PROD0052,-1,143.9,30,1
ITEM001534,ORD000352,PROD0184,1,26.65,40,0
ITEM001535,ORD000352,PROD0100,1,1308.68,10,0
ITEM001536,ORD002729,PROD0163,1,379.8,30,0
ITEM001537,ORD002729,PROD0182,2,802.0,15,0
ITEM001538,ORD002951,PROD0187,-2,142.94,5,1
ITEM001539,ORD003443,PROD0015,2,470.16,5,0
ITEM001540,ORD003443,PROD0115,1,32.87,30,0
ITEM001541,ORD003986,PROD0497,1,51.93,25,0
ITEM001542,ORD000249,PROD0263,-4,66.76,0,1
ITEM001543,ORD003769,PROD0219,1,958.43,0,0
ITEM001544,ORD003769,PROD0232,1,24.67,0,0
ITEM001545,ORD003769,PROD0024,1,8.66,0,0
ITEM001546,ORD002136,PROD0372,3,619.08,30,0
ITEM001547,ORD000329,PROD0181,3,67.94,15,0
ITEM001548,ORD000329,PROD0258,1,195.61,20,0
ITEM001549,ORD004066,PROD0181,1,65.04,0,0
ITEM001550,ORD004066,PROD0258,1,198.03,10,0
ITEM001551,ORD004066,PROD0030,1,401.08,50,0
ITEM001552,ORD004510,PROD0215,1,15.68,30,0
ITEM001553,ORD003555,PROD0485,1,55.38,5,0
ITEM001554,ORD001664,PROD0477,1,203.96,5,0
ITEM001555,ORD004365,PROD0181,1,65.32,40,0
ITEM001556,ORD004365,PROD0258,1,194.87,50,0
ITEM001557,ORD000886,PROD0051,4,149.74,0,0
ITEM001558,ORD004733,PROD0132,2,66.66,0,0
ITEM001559,ORD000358,PROD0232,1,24.72,50,0
ITEM001561,ORD000358,PROD0084,1,1619.46,5,0
ITEM001562,ORD004686,PROD0304,1,113.0,40,0
ITEM001563,ORD004686,PROD0491,1,26.41,50,0
ITEM001564,ORD003023,PROD0444,3,9.63,10,0
ITEM001565,ORD003023,PROD0413,1,380.11,30,0
ITEM001566,ORD002649,PROD0100,2,1300.67,25,0
ITEM001567,ORD002649,PROD0199,1,18.53,5,0
ITEM001568,ORD002649,PROD0130,1,342.06,40,0
ITEM001569,ORD004600,PROD0305,1,657.08,15,0
ITEM001570,ORD000992,PROD0006,1,5.33,10,0
ITEM001571,ORD000992,PROD0389,1,145.32,0,0
ITEM001572,ORD000992,PROD0432,1,306.53,0,0
ITEM001573,ORD002580,PROD0181,1,68.14,15,0
ITEM001574,ORD002315,PROD0262,1,720.24,0,0
ITEM001575,ORD002315,PROD0491,3,26.24,0,0
ITEM001576,ORD002315,PROD0374,1,109.12,20,0
ITEM001577,ORD002315,PROD0394,1,29.75,0,0
ITEM001578,ORD002675,PROD0456,3,58.42,0,0
ITEM001579,ORD002675,PROD0106,1,538.44,20,0
ITEM001580,ORD004469,PROD0078,2,1631.79,0,0
ITEM001581,ORD000424,PROD0435,3,158.17,15,0
ITEM001582,ORD000424,PROD0026,1,248.82,10,0
ITEM001583,ORD002428,PROD0136,1,17.51,10,0
ITEM001584,ORD001888,PROD0389,4,145.04,0,0
ITEM001585,ORD001888,PROD0304,4,112.28,50,0
ITEM001586,ORD001289,PROD0266,2,20.61,10,0
ITEM001587,ORD001289,PROD0484,4,17.27,0,0
ITEM001588,ORD000090,PROD0186,1,36.49,10,0
ITEM001589,ORD000090,PROD0444,1,9.35,15,0
ITEM001590,ORD000090,PROD0379,1,14.32,10,0
ITEM001591,ORD001107,PROD0429,4,141.6,30,0
ITEM001592,ORD001885,PROD0097,2,528.63,10,0
ITEM001593,ORD001885,PROD0029,2,6.5,20,0
ITEM001594,ORD001884,PROD0021,3,350.91,50,0
ITEM001595,ORD001071,PROD0308,1,20.34,10,0
ITEM001596,ORD001071,PROD0418,1,1560.79,20,0
ITEM001597,ORD001071,PROD0372,1,596.7,10,0
ITEM001598,ORD001071,PROD0254,2,7.79,40,0
ITEM001599,ORD000919,PROD0105,1,175.95,0,0
ITEM001600,ORD000919,PROD0227,4,56.92,50,0
ITEM001601,ORD002833,PROD0130,2,334.65,0,0
ITEM001602,ORD002833,PROD0014,2,320.1,40,0
ITEM001603,ORD002833,PROD0165,1,6.67,50,0
ITEM001604,ORD002833,PROD0299,1,1951.11,0,0
ITEM001605,ORD000994,PROD0281,1,1602.16,50,0
ITEM001606,ORD000994,PROD0011,1,970.79,30,0
ITEM001607,ORD000994,PROD0305,4,664.42,0,0
ITEM001608,ORD000994,PROD0149,2,1206.91,50,0
ITEM001609,ORD000994,PROD0496,1,6.97,50,0
ITEM001610,ORD002132,PROD0319,4,602.01,10,0
ITEM001611,ORD002132,PROD0067,1,95.24,50,0
ITEM001612,ORD002132,PROD0358,1,29.64,10,0
ITEM001613,ORD002132,PROD0001,1,278.62,25,0
ITEM001614,ORD002132,PROD0472,2,287.98,25,0
ITEM001615,ORD002738,PROD0036,1,94.95,0,0
ITEM001616,ORD002738,PROD0366,1,876.29,5,0
ITEM001617,ORD002738,PROD0021,1,350.99,30,0
ITEM001618,ORD002738,PROD0105,1,179.56,30,0
ITEM001619,ORD004700,PROD0166,2,1027.7,15,0
ITEM001620,ORD004700,PROD0191,2,89.34,0,0
ITEM001621,ORD004700,PROD0184,2,27.92,0,0
ITEM001622,ORD003421,PROD0105,1,174.87,15,0
ITEM001623,ORD003421,PROD0227,1,55.69,10,0
ITEM001624,ORD003076,PROD0106,1,550.87,25,0
ITEM001625,ORD003076,PROD0137,1,219.99,0,0
ITEM001626,ORD003840,PROD0081,1,61.6,5,0
ITEM001627,ORD003840,PROD0264,1,31.97,5,0
ITEM001628,ORD003840,PROD0294,1,16.16,10,0
ITEM001629,ORD003840,PROD0130,1,328.86,0,0
ITEM001630,ORD000236,PROD0073,1,119.08,10,0
ITEM001631,ORD000236,PROD0366,2,880.75,10,0
ITEM001632,ORD000236,PROD0105,2,176.24,10,0
ITEM001633,ORD000185,PROD0186,1,37.17,5,0
ITEM001634,ORD000185,PROD0499,3,42.35,5,0
ITEM001635,ORD001328,PROD0469,4,117.02,25,0
ITEM001636,ORD001328,PROD0366,1,897.73,10,0
ITEM001637,ORD001328,PROD0047,1,117.61,25,0
ITEM001638,ORD001328,PROD0179,2,384.7,15,0
ITEM001639,ORD001328,PROD0186,1,37.7,10,0
ITEM001640,ORD002578,PROD0282,1,30.55,0,0
ITEM001641,ORD001976,PROD0371,2,607.32,0,0
ITEM001642,ORD002551,PROD0004,1,840.6,0,0
ITEM001643,ORD003543,PROD0143,2,1453.41,50,0
ITEM001644,ORD003543,PROD0223,1,151.91,10,0
ITEM001645,ORD002371,PROD0181,2,67.0,10,0
ITEM001646,ORD002211,PROD0469,3,111.39,0,0
ITEM001647,ORD004065,PROD0006,3,5.31,5,0
ITEM001648,ORD004065,PROD0389,2,145.51,10,0
ITEM001649,ORD003257,PROD0232,1,23.92,0,0
ITEM001650,ORD003257,PROD0219,2,946.9,20,0
ITEM001651,ORD000201,PROD0163,1,373.14,50,0
ITEM001652,ORD000201,PROD0078,1,1627.23,20,0
ITEM001653,ORD000201,PROD0298,1,21.87,5,0
ITEM001654,ORD001987,PROD0372,2,606.97,50,0
ITEM001655,ORD001987,PROD0218,2,533.01,25,0
ITEM001656,ORD001987,PROD0034,2,6.58,30,0
ITEM001657,ORD001987,PROD0195,1,60.61,0,0
ITEM001658,ORD003660,PROD0237,2,703.81,30,0
ITEM001659,ORD003660,PROD0154,3,121.57,0,0
ITEM001660,ORD003843,PROD0173,1,43.2,0,0
ITEM001661,ORD004625,PROD0142,1,29.41,50,0
ITEM001662,ORD004625,PROD0018,1,1126.56,10,0
ITEM001663,ORD003245,PROD0105,1,179.35,0,0
ITEM001664,ORD003245,PROD0266,1,20.52,0,0
ITEM001665,ORD003245,PROD0106,1,542.04,0,0
ITEM001666,ORD001676,PROD0432,1,292.5,40,0
ITEM001667,ORD001676,PROD0193,3,941.9,15,0
ITEM001668,ORD001676,PROD0221,1,80.48,30,0
ITEM001669,ORD000189,PROD0135,1,156.83,25,0
ITEM001670,ORD000189,PROD0315,1,10.84,0,0
ITEM001671,ORD002296,PROD0398,1,757.4,0,0
ITEM001672,ORD002296,PROD0128,2,30.39,10,0
ITEM001673,ORD000781,PROD0187,-3,143.77,25,1
ITEM001674,ORD000781,PROD0042,-3,545.99,10,1
ITEM001675,ORD004721,PROD0057,1,54.35,0,0
ITEM001676,ORD004721,PROD0060,1,266.81,10,0
ITEM001677,ORD004339,PROD0311,1,15.79,20,0
ITEM001678,ORD003834,PROD0418,1,1508.36,10,0
ITEM001679,ORD004155,PROD0442,3,11.87,10,0
ITEM001680,ORD004155,PROD0308,2,20.17,5,0
ITEM001681,ORD000161,PROD0266,4,20.16,5,0
ITEM001682,ORD000161,PROD0177,1,99.65,10,0
ITEM001683,ORD003829,PROD0116,1,23.72,5,0
ITEM001684,ORD003829,PROD0072,1,709.49,0,0
ITEM001685,ORD003829,PROD0242,2,4.75,30,0
ITEM001686,ORD003829,PROD0236,2,842.52,5,0
ITEM001687,ORD001148,PROD0056,1,1375.28,10,0
ITEM001688,ORD001148,PROD0008,1,292.67,0,0
ITEM001689,ORD001316,PROD0244,1,251.21,15,0
ITEM001690,ORD001316,PROD0477,1,209.01,0,0
ITEM001691,ORD001316,PROD0470,1,21.6,40,0
ITEM001692,ORD000256,PROD0432,1,307.64,0,0
ITEM001693,ORD000256,PROD0193,2,964.38,25,0
ITEM001694,ORD003561,PROD0006,4,5.46,10,0
ITEM001695,ORD001041,PROD0346,3,47.48,25,0
ITEM001696,ORD000360,PROD0086,1,226.77,50,0
ITEM001697,ORD000360,PROD0266,3,19.74,10,0
ITEM001698,ORD000360,PROD0242,2,4.73,50,0
ITEM001699,ORD000621,PROD0483,-1,29.18,40,1
ITEM001700,ORD003662,PROD0200,1,757.81,25,0
ITEM001701,ORD003662,PROD0120,1,183.33,15,0
ITEM001702,ORD003662,PROD0259,4,1245.99,20,0
ITEM001703,ORD003662,PROD0275,4,110.1,15,0
ITEM001704,ORD003571,PROD0299,2,1931.44,10,0
ITEM001705,ORD004571,PROD0176,2,735.57,0,0
ITEM001706,ORD004571,PROD0447,1,1135.48,10,0
ITEM001707,ORD004251,PROD0215,2,16.14,0,0
ITEM001708,ORD004251,PROD0440,1,208.97,0,0
ITEM001709,ORD004251,PROD0184,2,28.1,25,0
ITEM001710,ORD000848,PROD0298,1,22.37,30,0
ITEM001711,ORD000848,PROD0383,1,1286.51,20,0
ITEM001712,ORD000848,PROD0304,1,112.87,10,0
ITEM001713,ORD003538,PROD0006,1,5.54,50,0
ITEM001714,ORD003538,PROD0073,1,119.37,0,0
ITEM001715,ORD003538,PROD0234,4,22.79,20,0
ITEM001716,ORD001917,PROD0027,2,75.78,20,0
ITEM001717,ORD001917,PROD0485,2,56.55,25,0
ITEM001718,ORD001917,PROD0414,1,170.86,0,0
ITEM001719,ORD003708,PROD0258,2,196.66,40,0
ITEM001720,ORD003766,PROD0469,1,117.21,10,0
ITEM001721,ORD003766,PROD0366,3,863.74,50,0
ITEM001722,ORD002884,PROD0121,1,1157.57,0,0
ITEM001723,ORD002226,PROD0176,1,736.78,30,0
ITEM001724,ORD002226,PROD0213,3,12.14,50,0
ITEM001725,ORD003254,PROD0135,2,156.02,20,0
ITEM001726,ORD003254,PROD0315,1,10.72,5,0
ITEM001727,ORD003254,PROD0134,2,18.65,0,0
ITEM001728,ORD003254,PROD0003,2,60.01,0,0
ITEM001729,ORD001751,PROD0208,1,457.99,50,0
ITEM001730,ORD001751,PROD0258,1,199.72,10,0
ITEM001731,ORD004662,PROD0195,4,63.25,30,0
ITEM001732,ORD004662,PROD0094,3,13.08,10,0
ITEM001733,ORD004662,PROD0118,1,34.44,30,0
ITEM001734,ORD001332,PROD0275,1,114.07,10,0
ITEM001735,ORD001332,PROD0086,4,229.65,10,0
ITEM001736,ORD000875,PROD0412,4,53.01,5,0
ITEM001737,ORD000875,PROD0321,4,284.16,0,0
ITEM001738,ORD004067,PROD0137,2,227.73,15,0
ITEM001739,ORD004067,PROD0486,2,26.5,0,0
ITEM001740,ORD004067,PROD0347,1,17.97,15,0
ITEM001741,ORD004067,PROD0069,1,445.22,20,0
ITEM001742,ORD004684,PROD0181,1,68.68,0,0
ITEM001743,ORD004684,PROD0258,1,203.19,0,0
ITEM001744,ORD003876,PROD0192,1,221.94,20,0
ITEM001745,ORD003876,PROD0232,1,24.02,0,0
ITEM001746,ORD002560,PROD0436,2,32.89,0,0
ITEM001747,ORD002560,PROD0254,1,7.5,10,0
ITEM001748,ORD003216,PROD0364,1,1864.56,0,0
ITEM001749,ORD003417,PROD0010,1,75.26,20,0
ITEM001750,ORD003417,PROD0131,3,31.92,15,0
ITEM001751,ORD002553,PROD0415,1,1470.78,10,0
ITEM001752,ORD002979,PROD0174,4,109.15,0,0
ITEM001753,ORD003126,PROD0182,3,808.13,15,0
ITEM001754,ORD003854,PROD0208,1,478.47,0,0
ITEM001755,ORD003854,PROD0181,4,65.0,5,0
ITEM001756,ORD001288,PROD0469,3,112.57,50,0
ITEM001757,ORD001288,PROD0366,1,888.54,0,0
ITEM001758,ORD000131,PROD0006,1,5.42,20,0
ITEM001759,ORD000131,PROD0073,1,118.9,0,0
ITEM001760,ORD000178,PROD0396,1,59.08,10,0
ITEM001761,ORD000178,PROD0328,2,15.76,50,0
ITEM001762,ORD000178,PROD0169,2,410.07,40,0
ITEM001763,ORD003966,PROD0086,1,225.8,25,0
ITEM001764,ORD003966,PROD0467,2,779.53,20,0
ITEM001765,ORD003966,PROD0179,1,374.48,25,0
ITEM001766,ORD003966,PROD0249,3,7.82,25,0
ITEM001767,ORD003966,PROD0101,1,377.27,5,0
ITEM001768,ORD003546,PROD0184,2,28.03,40,0
ITEM001769,ORD003546,PROD0304,1,112.1,10,0
ITEM001770,ORD002225,PROD0219,1,989.02,40,0
ITEM001771,ORD002225,PROD0186,1,36.82,10,0
ITEM001772,ORD002225,PROD0136,4,16.88,10,0
ITEM001774,ORD002568,PROD0130,3,338.63,50,0
ITEM001775,ORD002568,PROD0014,1,315.28,0,0
ITEM001776,ORD002568,PROD0062,3,326.26,15,0
ITEM001777,ORD002568,PROD0088,2,91.4,5,0
ITEM001778,ORD001880,PROD0132,2,65.69,10,0
ITEM001779,ORD001880,PROD0227,1,53.91,30,0
ITEM001780,ORD000762,PROD0478,1,1499.38,5,0
ITEM001781,ORD000762,PROD0033,1,112.46,20,0
ITEM001782,ORD000762,PROD0258,2,195.04,10,0
ITEM001783,ORD000762,PROD0204,2,1397.8,40,0
ITEM001784,ORD003430,PROD0237,1,708.67,5,0
ITEM001785,ORD003430,PROD0136,3,17.15,0,0
ITEM001786,ORD003499,PROD0033,2,112.05,10,0
ITEM001787,ORD003499,PROD0072,1,738.12,0,0
ITEM001788,ORD001691,PROD0447,1,1151.85,0,0
ITEM001789,ORD001691,PROD0371,1,605.57,0,0
ITEM001790,ORD001691,PROD0016,2,403.07,30,0
ITEM001791,ORD001691,PROD0303,1,48.0,25,0
ITEM001792,ORD003231,PROD0113,2,45.14,40,0
ITEM001793,ORD003231,PROD0192,2,224.34,50,0
ITEM001794,ORD000417,PROD0389,1,148.58,5,0
ITEM001795,ORD000417,PROD0444,1,9.19,0,0
ITEM001796,ORD000417,PROD0226,1,1665.57,30,0
ITEM001797,ORD002880,PROD0086,2,237.17,0,0
ITEM001798,ORD002880,PROD0467,1,750.06,5,0
ITEM001799,ORD003281,PROD0011,4,972.31,50,0
ITEM001800,ORD003489,PROD0018,1,1142.34,5,0
ITEM001801,ORD001178,PROD0333,2,24.9,0,0
ITEM001802,ORD001178,PROD0297,2,15.55,5,0
ITEM001803,ORD003835,PROD0469,1,114.73,0,0
ITEM001804,ORD003835,PROD0366,3,900.0,15,0
ITEM001805,ORD003835,PROD0181,4,68.14,10,0
ITEM001806,ORD003835,PROD0132,1,64.82,50,0
ITEM001807,ORD003835,PROD0009,2,17.57,30,0
ITEM001808,ORD001694,PROD0184,1,27.37,10,0
ITEM001809,ORD001694,PROD0304,2,115.68,10,0
ITEM001810,ORD003657,PROD0137,1,219.78,30,0
ITEM001811,ORD003657,PROD0032,1,226.82,0,0
ITEM001812,ORD000259,PROD0275,4,110.91,50,0
ITEM001813,ORD000259,PROD0086,3,225.16,15,0
ITEM001814,ORD000259,PROD0159,1,51.22,25,0
ITEM001815,ORD001784,PROD0030,2,410.94,10,0
ITEM001816,ORD001784,PROD0177,1,98.31,40,0
ITEM001817,ORD001784,PROD0488,2,96.26,0,0
ITEM001818,ORD003138,PROD0230,2,6.59,10,0
ITEM001819,ORD003138,PROD0069,1,451.91,0,0
ITEM001820,ORD002097,PROD0202,1,6.93,10,0
ITEM001821,ORD002097,PROD0444,1,9.29,0,0
ITEM001822,ORD002097,PROD0496,3,7.13,30,0
ITEM001823,ORD002097,PROD0487,1,240.25,10,0
ITEM001824,ORD000324,PROD0174,1,109.75,25,0
ITEM001825,ORD000324,PROD0219,1,960.36,0,0
ITEM001826,ORD003360,PROD0282,3,30.82,20,0
ITEM001827,ORD003360,PROD0467,1,753.95,25,0
ITEM001828,ORD000180,PROD0006,1,5.42,0,0
ITEM001829,ORD000180,PROD0389,1,148.49,15,0
ITEM001830,ORD000180,PROD0007,2,17.39,15,0
ITEM001831,ORD000180,PROD0270,2,40.61,15,0
ITEM001832,ORD001668,PROD0006,1,5.29,10,0
ITEM001833,ORD001668,PROD0389,1,142.32,50,0
ITEM001834,ORD001226,PROD0149,4,1257.19,50,0
ITEM001835,ORD001226,PROD0147,2,606.57,0,0
ITEM001836,ORD002577,PROD0086,4,229.31,30,0
ITEM001837,ORD002577,PROD0467,1,777.43,0,0
ITEM001838,ORD002577,PROD0195,1,62.03,30,0
ITEM001839,ORD002577,PROD0034,1,6.64,10,0
ITEM001840,ORD004470,PROD0192,1,216.2,0,0
ITEM001841,ORD004470,PROD0232,1,24.12,5,0
ITEM001842,ORD004470,PROD0413,2,378.05,25,0
ITEM001843,ORD000546,PROD0184,1,26.7,15,0
ITEM001844,ORD000546,PROD0202,1,6.92,50,0
ITEM001845,ORD004557,PROD0282,2,30.89,0,0
ITEM001846,ORD001345,PROD0131,1,32.12,5,0
ITEM001847,ORD003811,PROD0079,1,96.85,20,0
ITEM001848,ORD003811,PROD0008,2,298.17,40,0
ITEM001849,ORD003811,PROD0036,1,99.87,50,0
ITEM001850,ORD000758,PROD0482,2,512.41,0,0
ITEM001851,ORD000758,PROD0030,1,408.88,20,0
ITEM001852,ORD000758,PROD0097,1,526.13,20,0
ITEM001853,ORD000758,PROD0102,1,20.66,10,0
ITEM001854,ORD003018,PROD0297,1,15.47,0,0
ITEM001855,ORD001810,PROD0124,1,1257.51,5,0
ITEM001856,ORD004727,PROD0432,1,305.47,20,0
ITEM001857,ORD004727,PROD0193,1,943.24,10,0
ITEM001858,ORD004727,PROD0258,1,201.17,50,0
ITEM001859,ORD004341,PROD0482,2,536.0,25,0
ITEM001860,ORD004341,PROD0030,1,406.45,30,0
ITEM001861,ORD004341,PROD0446,1,208.66,0,0
ITEM001862,ORD002559,PROD0478,1,1458.47,40,0
ITEM001863,ORD002559,PROD0407,1,218.53,10,0
ITEM001864,ORD002559,PROD0305,1,660.04,15,0
ITEM001865,ORD002559,PROD0081,2,60.98,20,0
ITEM001866,ORD000002,PROD0135,4,159.56,25,0
ITEM001867,ORD000002,PROD0315,2,10.73,30,0
ITEM001868,ORD001414,PROD0331,1,83.06,30,0
ITEM001869,ORD001414,PROD0349,1,683.47,40,0
ITEM001870,ORD004153,PROD0064,4,818.09,25,0
ITEM001871,ORD000846,PROD0103,2,21.26,0,0
ITEM001872,ORD002209,PROD0297,1,15.19,0,0
ITEM001873,ORD002209,PROD0179,1,378.75,30,0
ITEM001874,ORD000865,PROD0130,4,344.52,40,0
ITEM001875,ORD000865,PROD0482,1,510.9,20,0
ITEM001876,ORD001373,PROD0389,1,145.32,40,0
ITEM001877,ORD001373,PROD0380,1,50.06,0,0
ITEM001878,ORD002668,PROD0232,1,23.89,0,0
ITEM001879,ORD002668,PROD0219,1,964.83,10,0
ITEM001880,ORD002668,PROD0177,2,95.99,30,0
ITEM001881,ORD001975,PROD0249,2,8.02,0,0
ITEM001882,ORD001975,PROD0174,2,107.65,50,0
ITEM001883,ORD001975,PROD0047,1,118.93,25,0
ITEM001884,ORD000587,PROD0119,2,16.51,50,0
ITEM001885,ORD000587,PROD0297,2,15.55,15,0
ITEM001886,ORD000587,PROD0208,1,471.96,30,0
ITEM001887,ORD002229,PROD0418,4,1521.72,20,0
ITEM001888,ORD003808,PROD0347,1,18.48,10,0
ITEM001889,ORD001951,PROD0141,4,19.82,40,0
ITEM001890,ORD004349,PROD0192,2,223.77,15,0
ITEM001891,ORD004349,PROD0112,2,1947.76,25,0
ITEM001892,ORD001155,PROD0094,1,12.68,0,0
ITEM001893,ORD001155,PROD0030,1,401.95,40,0
ITEM001894,ORD001155,PROD0132,3,66.86,25,0
ITEM001895,ORD001155,PROD0287,1,1376.92,0,0
ITEM001896,ORD004638,PROD0264,4,33.01,20,0
ITEM001897,ORD004638,PROD0208,3,461.12,0,0
ITEM001898,ORD004638,PROD0117,2,378.71,50,0
ITEM001899,ORD004638,PROD0173,1,41.05,0,0
ITEM001900,ORD004638,PROD0441,1,715.4,15,0
ITEM001901,ORD000594,PROD0109,1,1244.67,5,0
ITEM001902,ORD000594,PROD0493,1,46.34,30,0
ITEM001903,ORD004709,PROD0137,1,225.77,50,0
ITEM001904,ORD004709,PROD0389,3,144.79,10,0
ITEM001905,ORD003225,PROD0244,1,247.98,5,0
ITEM001906,ORD003225,PROD0044,2,17.02,20,0
ITEM001907,ORD003225,PROD0022,3,119.25,50,0
ITEM001908,ORD003524,PROD0472,1,286.96,50,0
ITEM001909,ORD003524,PROD0084,2,1603.77,40,0
ITEM001910,ORD002584,PROD0052,1,144.31,20,0
ITEM001911,ORD002584,PROD0253,1,89.47,10,0
ITEM001912,ORD000915,PROD0016,1,407.6,10,0
ITEM001913,ORD003425,PROD0100,2,1301.18,0,0
ITEM001914,ORD003425,PROD0007,2,16.54,0,0
ITEM001915,ORD002418,PROD0006,1,5.38,50,0
ITEM001916,ORD002418,PROD0073,4,118.51,40,0
ITEM001917,ORD000999,PROD0458,1,891.94,40,0
ITEM001918,ORD000757,PROD0454,-2,16.37,50,1
ITEM001919,ORD002819,PROD0496,1,6.92,40,0
ITEM001920,ORD002819,PROD0281,3,1602.92,30,0
ITEM001921,ORD002819,PROD0267,1,51.2,15,0
ITEM001922,ORD003232,PROD0243,-1,8.87,25,1
ITEM001923,ORD002105,PROD0347,-1,17.86,0,1
ITEM001924,ORD002406,PROD0169,1,420.69,0,0
ITEM001925,ORD002406,PROD0366,4,903.2,0,0
ITEM001926,ORD002406,PROD0469,1,111.26,5,0
ITEM001927,ORD002563,PROD0051,4,148.03,30,0
ITEM001928,ORD002670,PROD0182,1,814.27,25,0
ITEM001929,ORD001806,PROD0137,1,227.97,0,0
ITEM001930,ORD001806,PROD0389,1,142.04,40,0
ITEM001931,ORD001806,PROD0218,2,529.5,30,0
ITEM001932,ORD001806,PROD0035,1,6.88,0,0
ITEM001933,ORD002499,PROD0331,-3,83.62,30,1
ITEM001934,ORD001899,PROD0137,1,221.48,25,0
ITEM001935,ORD001899,PROD0389,1,144.8,0,0
ITEM001936,ORD003276,PROD0089,2,177.11,30,0
ITEM001937,ORD003276,PROD0374,3,107.94,10,0
ITEM001938,ORD003276,PROD0073,4,116.65,20,0
ITEM001939,ORD003276,PROD0072,1,724.45,10,0
ITEM001940,ORD002594,PROD0208,2,461.89,0,0
ITEM001941,ORD002594,PROD0181,1,67.48,50,0
ITEM001942,ORD002594,PROD0451,1,156.85,40,0
ITEM001943,ORD004694,PROD0106,1,539.44,0,0
ITEM001944,ORD004694,PROD0137,2,232.26,0,0
ITEM001945,ORD004624,PROD0336,1,1634.95,10,0
ITEM001946,ORD004624,PROD0019,2,267.66,10,0
ITEM001947,ORD004624,PROD0237,1,729.98,10,0
ITEM001948,ORD004624,PROD0470,1,21.54,25,0
ITEM001949,ORD004624,PROD0206,3,67.57,40,0
ITEM001950,ORD001662,PROD0211,2,88.05,50,0
ITEM001951,ORD001662,PROD0484,1,16.93,5,0
ITEM001952,ORD001662,PROD0114,3,234.4,10,0
ITEM001953,ORD001662,PROD0186,1,36.46,5,0
ITEM001954,ORD003747,PROD0191,2,91.08,5,0
ITEM001955,ORD002163,PROD0444,1,9.64,50,0
ITEM001956,ORD004347,PROD0219,1,946.03,5,0
ITEM001957,ORD004347,PROD0275,1,109.92,40,0
ITEM001958,ORD003680,PROD0181,-1,66.11,0,1
ITEM001959,ORD004126,PROD0482,3,508.33,20,0
ITEM001960,ORD004126,PROD0030,1,400.49,30,0
ITEM001961,ORD003156,PROD0247,1,192.59,30,0
ITEM001962,ORD003156,PROD0076,1,872.46,15,0
ITEM001963,ORD004051,PROD0354,2,282.78,0,0
ITEM001964,ORD004051,PROD0471,1,1064.91,50,0
ITEM001965,ORD003787,PROD0094,1,13.02,10,0
ITEM001966,ORD002538,PROD0221,2,83.88,10,0
ITEM001967,ORD002538,PROD0264,1,32.3,40,0
ITEM001968,ORD001271,PROD0006,1,5.47,30,0
ITEM001969,ORD001271,PROD0073,3,113.31,15,0
ITEM001970,ORD002986,PROD0083,1,40.76,20,0
ITEM001971,ORD004462,PROD0075,1,14.62,25,0
ITEM001972,ORD004019,PROD0446,3,207.03,25,0
ITEM001973,ORD004019,PROD0030,2,410.53,20,0
ITEM001974,ORD001605,PROD0430,1,179.46,0,0
ITEM001975,ORD003181,PROD0016,1,392.62,10,0
ITEM001976,ORD003181,PROD0373,1,270.32,5,0
ITEM001977,ORD003181,PROD0465,1,179.13,10,0
ITEM001978,ORD001923,PROD0027,1,76.64,0,0
ITEM001979,ORD002317,PROD0106,2,537.81,0,0
ITEM001980,ORD002317,PROD0137,1,222.9,0,0
ITEM001981,ORD002095,PROD0143,1,1507.69,30,0
ITEM001982,ORD002095,PROD0092,4,148.68,30,0
ITEM001983,ORD002095,PROD0432,2,292.01,15,0
ITEM001984,ORD003751,PROD0006,1,5.38,20,0
ITEM001985,ORD003751,PROD0389,2,143.36,20,0
ITEM001986,ORD003751,PROD0339,1,281.07,0,0
ITEM001987,ORD003751,PROD0058,2,778.63,5,0
ITEM001988,ORD003751,PROD0176,1,773.7,5,0
ITEM001989,ORD003850,PROD0195,2,63.63,50,0
ITEM001990,ORD000094,PROD0170,1,26.33,30,0
ITEM001991,ORD001292,PROD0140,2,35.87,10,0
ITEM001992,ORD001292,PROD0142,2,30.11,0,0
ITEM001993,ORD001292,PROD0006,2,5.27,30,0
ITEM001994,ORD001292,PROD0434,3,44.17,50,0
ITEM001995,ORD001292,PROD0022,1,117.89,20,0
ITEM001996,ORD003132,PROD0309,1,1226.62,0,0
ITEM001997,ORD003132,PROD0072,1,719.58,0,0
ITEM001998,ORD001865,PROD0033,1,109.32,0,0
ITEM001999,ORD002798,PROD0258,4,203.09,20,0
ITEM002000,ORD002798,PROD0413,1,393.78,10,0
ITEM002001,ORD002902,PROD0260,1,1278.77,25,0
ITEM002002,ORD002902,PROD0415,2,1485.24,20,0
ITEM002003,ORD000348,PROD0092,1,145.87,5,0
ITEM002004,ORD003634,PROD0192,-1,219.82,30,1
ITEM002005,ORD003634,PROD0320,-4,317.26,20,1
ITEM002006,ORD000527,PROD0150,1,442.16,0,0
ITEM002007,ORD000527,PROD0382,1,1499.81,0,0
ITEM002008,ORD000527,PROD0418,1,1540.35,25,0
ITEM002009,ORD003480,PROD0432,1,307.26,25,0
ITEM002010,ORD003480,PROD0034,3,6.55,30,0
ITEM002011,ORD004336,PROD0074,1,32.08,0,0
ITEM002012,ORD004336,PROD0129,1,349.64,15,0
ITEM002013,ORD004336,PROD0482,2,526.01,25,0
ITEM002014,ORD004336,PROD0253,1,86.91,15,0
ITEM002015,ORD002810,PROD0219,1,1000.62,25,0
ITEM002016,ORD002810,PROD0487,3,234.37,0,0
ITEM002017,ORD002185,PROD0143,1,1527.39,20,0
ITEM002018,ORD003158,PROD0150,2,450.69,10,0
ITEM002019,ORD003158,PROD0153,1,57.96,10,0
ITEM002020,ORD004179,PROD0394,-1,30.58,0,1
ITEM002021,ORD004179,PROD0332,-1,1254.57,0,1
ITEM002022,ORD004072,PROD0384,1,1576.78,25,0
ITEM002023,ORD003128,PROD0105,3,177.69,25,0
ITEM002024,ORD003128,PROD0227,1,54.32,20,0
ITEM002025,ORD001242,PROD0374,1,103.0,10,0
ITEM002026,ORD001242,PROD0279,4,368.71,10,0
ITEM002027,ORD004268,PROD0467,2,780.57,10,0
ITEM002028,ORD004268,PROD0208,1,456.75,15,0
ITEM002029,ORD004206,PROD0184,2,26.81,10,0
ITEM002030,ORD001266,PROD0485,1,55.37,40,0
ITEM002031,ORD001266,PROD0041,2,93.54,0,0
ITEM002032,ORD001266,PROD0287,3,1338.21,25,0
ITEM002033,ORD000767,PROD0238,1,47.69,0,0
ITEM002034,ORD001273,PROD0277,2,886.02,10,0
ITEM002035,ORD001273,PROD0016,2,400.38,40,0
ITEM002036,ORD003990,PROD0444,4,9.71,5,0
ITEM002037,ORD003990,PROD0402,2,8.1,25,0
ITEM002038,ORD000596,PROD0202,3,6.85,10,0
ITEM002039,ORD000596,PROD0444,2,9.71,0,0
ITEM002040,ORD000544,PROD0101,2,387.33,40,0
ITEM002041,ORD000544,PROD0150,2,438.04,40,0
ITEM002042,ORD001537,PROD0280,1,1092.15,0,0
ITEM002043,ORD001537,PROD0328,2,15.7,5,0
ITEM002044,ORD001537,PROD0176,2,774.09,25,0
ITEM002045,ORD001818,PROD0430,2,178.35,25,0
ITEM002046,ORD001283,PROD0281,1,1584.92,0,0
ITEM002047,ORD001283,PROD0414,2,162.25,30,0
ITEM002048,ORD001283,PROD0051,1,148.53,0,0
ITEM002049,ORD002023,PROD0130,1,329.11,15,0
ITEM002050,ORD002023,PROD0034,4,6.84,25,0
ITEM002051,ORD002141,PROD0103,2,20.43,30,0
ITEM002052,ORD001269,PROD0219,1,951.92,10,0
ITEM002053,ORD001269,PROD0186,1,37.77,15,0
ITEM002054,ORD001113,PROD0215,-1,15.63,15,1
ITEM002055,ORD001113,PROD0138,-1,158.88,30,1
ITEM002056,ORD000278,PROD0367,2,1226.0,10,0
ITEM002057,ORD000278,PROD0075,3,14.87,40,0
ITEM002058,ORD000777,PROD0123,1,35.11,25,0
ITEM002059,ORD000777,PROD0016,2,403.28,20,0
ITEM002060,ORD003570,PROD0041,1,94.88,15,0
ITEM002061,ORD003570,PROD0143,3,1517.8,10,0
ITEM002062,ORD003570,PROD0215,3,16.03,20,0
ITEM002063,ORD003570,PROD0470,1,21.95,0,0
ITEM002064,ORD004621,PROD0219,1,966.19,40,0
ITEM002065,ORD004621,PROD0186,1,37.12,30,0
ITEM002066,ORD004621,PROD0159,3,50.99,30,0
ITEM002067,ORD004621,PROD0184,1,28.24,10,0
ITEM002068,ORD002740,PROD0253,3,90.2,50,0
ITEM002069,ORD003792,PROD0114,1,231.87,25,0
ITEM002070,ORD003792,PROD0221,2,81.63,30,0
ITEM002071,ORD003792,PROD0406,1,79.12,0,0
ITEM002072,ORD004409,PROD0237,2,701.85,20,0
ITEM002073,ORD004409,PROD0136,1,17.42,10,0
ITEM002074,ORD000134,PROD0447,-3,1085.64,0,1
ITEM002075,ORD004377,PROD0137,1,221.82,10,0
ITEM002076,ORD004377,PROD0389,1,141.28,5,0
ITEM002077,ORD003241,PROD0331,3,82.97,10,0
ITEM002078,ORD001753,PROD0155,1,1078.95,40,0
ITEM002079,ORD001753,PROD0030,1,393.84,20,0
ITEM002080,ORD001753,PROD0006,1,5.34,25,0
ITEM002081,ORD001753,PROD0299,1,1909.2,10,0
ITEM002082,ORD004068,PROD0078,1,1623.86,5,0
ITEM002083,ORD004068,PROD0007,1,17.13,0,0
ITEM002084,ORD004068,PROD0074,2,32.06,25,0
ITEM002085,ORD000581,PROD0111,1,169.12,50,0
ITEM002086,ORD000581,PROD0177,1,97.07,30,0
ITEM002087,ORD000581,PROD0075,1,14.62,25,0
ITEM002088,ORD000581,PROD0073,3,116.91,10,0
ITEM002089,ORD003761,PROD0192,2,214.94,30,0
ITEM002090,ORD003761,PROD0326,1,66.28,5,0
ITEM002091,ORD003761,PROD0356,2,23.93,20,0
ITEM002092,ORD001229,PROD0074,2,33.37,15,0
ITEM002093,ORD001229,PROD0429,1,147.73,30,0
ITEM002094,ORD004285,PROD0106,1,538.85,0,0
ITEM002095,ORD004285,PROD0137,1,220.74,0,0
ITEM002096,ORD004285,PROD0141,3,20.11,5,0
ITEM002097,ORD004285,PROD0177,3,98.2,30,0
ITEM002098,ORD004285,PROD0183,1,265.03,0,0
ITEM002099,ORD001890,PROD0232,4,25.19,50,0
ITEM002100,ORD001890,PROD0086,1,223.72,15,0
ITEM002101,ORD001890,PROD0050,1,10.22,0,0
ITEM002102,ORD001890,PROD0136,1,17.16,25,0
ITEM002103,ORD001782,PROD0097,1,537.3,50,0
ITEM002104,ORD001782,PROD0379,2,14.83,10,0
ITEM002105,ORD000085,PROD0137,1,227.11,0,0
ITEM002106,ORD000085,PROD0389,1,142.67,0,0
ITEM002107,ORD000085,PROD0120,3,186.33,0,0
ITEM002108,ORD000085,PROD0440,1,204.81,15,0
ITEM002109,ORD000085,PROD0444,1,9.42,0,0
ITEM002110,ORD001896,PROD0025,1,17.13,15,0
ITEM002111,ORD001032,PROD0389,2,141.79,10,0
ITEM002112,ORD001032,PROD0135,1,160.86,50,0
ITEM002113,ORD001032,PROD0478,1,1532.52,15,0
ITEM002114,ORD001032,PROD0238,4,46.19,5,0
ITEM002115,ORD000520,PROD0060,1,270.71,0,0
ITEM002116,ORD000035,PROD0272,2,98.43,0,0
ITEM002117,ORD004017,PROD0440,1,207.71,40,0
ITEM002118,ORD004017,PROD0026,1,258.03,15,0
ITEM002119,ORD000640,PROD0161,1,37.57,15,0
ITEM002120,ORD000640,PROD0489,1,38.08,0,0
ITEM002121,ORD002693,PROD0432,1,295.19,25,0
ITEM002122,ORD002693,PROD0193,2,940.29,10,0
ITEM002123,ORD003626,PROD0089,1,179.21,10,0
ITEM002124,ORD003626,PROD0006,3,5.46,15,0
ITEM002125,ORD003626,PROD0444,1,9.64,20,0
ITEM002126,ORD002782,PROD0186,3,36.81,25,0
ITEM002127,ORD002782,PROD0469,3,116.48,20,0
ITEM002128,ORD003997,PROD0415,1,1478.41,0,0
ITEM002129,ORD003997,PROD0275,3,114.84,0,0
ITEM002130,ORD003997,PROD0026,2,257.41,0,0
ITEM002131,ORD004079,PROD0304,4,112.31,0,0
ITEM002132,ORD003959,PROD0418,1,1552.92,10,0
ITEM002133,ORD003603,PROD0130,1,334.9,10,0
ITEM002134,ORD003603,PROD0285,1,42.93,25,0
ITEM002135,ORD001368,PROD0279,3,372.3,10,0
ITEM002136,ORD003621,PROD0275,3,110.16,10,0
ITEM002137,ORD003621,PROD0086,1,232.33,10,0
ITEM002138,ORD003621,PROD0491,2,26.59,10,0
ITEM002139,ORD001961,PROD0155,2,1119.68,0,0
ITEM002140,ORD001961,PROD0007,2,16.48,5,0
ITEM002141,ORD001147,PROD0045,3,201.17,10,0
ITEM002142,ORD001160,PROD0002,1,1517.21,0,0
ITEM002143,ORD001160,PROD0089,1,170.5,15,0
ITEM002144,ORD001160,PROD0105,1,178.54,40,0
ITEM002145,ORD001160,PROD0388,1,62.59,5,0
ITEM002146,ORD001160,PROD0162,1,28.3,15,0
ITEM002147,ORD002650,PROD0132,1,66.62,0,0
ITEM002148,ORD002650,PROD0227,4,56.09,0,0
ITEM002149,ORD004610,PROD0471,1,1104.11,0,0
ITEM002150,ORD004610,PROD0103,1,20.08,20,0
ITEM002151,ORD004610,PROD0165,1,6.48,30,0
ITEM002152,ORD001950,PROD0467,1,742.87,40,0
ITEM002153,ORD001950,PROD0208,2,463.62,25,0
ITEM002154,ORD001950,PROD0112,1,1962.36,0,0
ITEM002155,ORD000438,PROD0394,1,29.75,5,0
ITEM002156,ORD001395,PROD0275,1,111.01,20,0
ITEM002157,ORD001395,PROD0086,2,226.8,0,0
ITEM002158,ORD001395,PROD0497,1,51.35,0,0
ITEM002159,ORD001847,PROD0432,4,305.78,15,0
ITEM002160,ORD001847,PROD0034,1,6.5,15,0
ITEM002161,ORD003859,PROD0009,1,17.01,20,0
ITEM002162,ORD003859,PROD0131,1,31.69,40,0
ITEM002163,ORD002769,PROD0237,1,716.38,0,0
ITEM002164,ORD002769,PROD0136,1,17.24,40,0
ITEM002165,ORD000200,PROD0410,1,200.73,0,0
ITEM002166,ORD000200,PROD0314,1,37.4,25,0
ITEM002167,ORD000200,PROD0304,2,116.27,25,0
ITEM002168,ORD004758,PROD0347,-1,18.56,5,1
ITEM002169,ORD003262,PROD0136,4,16.82,10,0
ITEM002170,ORD004249,PROD0006,1,5.48,10,0
ITEM002171,ORD004249,PROD0389,4,148.24,15,0
ITEM002172,ORD000030,PROD0106,3,536.98,50,0
ITEM002173,ORD000030,PROD0137,1,231.15,50,0
ITEM002174,ORD001317,PROD0309,-3,1243.88,15,1
ITEM002175,ORD000703,PROD0475,1,84.4,0,0
ITEM002176,ORD000703,PROD0295,1,246.19,0,0
ITEM002177,ORD000332,PROD0470,1,21.91,5,0
ITEM002178,ORD000332,PROD0176,2,732.87,0,0
ITEM002179,ORD000332,PROD0453,2,24.18,25,0
ITEM002180,ORD000845,PROD0181,2,67.42,20,0
ITEM002181,ORD000845,PROD0432,1,308.56,10,0
ITEM002182,ORD003705,PROD0225,-4,191.65,0,1
ITEM002183,ORD003934,PROD0299,3,2011.33,10,0
ITEM002184,ORD004451,PROD0132,2,67.18,20,0
ITEM002185,ORD004451,PROD0227,1,56.8,10,0
ITEM002186,ORD002506,PROD0123,1,35.38,10,0
ITEM002187,ORD002235,PROD0414,1,165.7,15,0
ITEM002188,ORD002235,PROD0411,1,59.08,25,0
ITEM002189,ORD002235,PROD0114,1,226.7,0,0
ITEM002190,ORD002235,PROD0499,2,42.89,10,0
ITEM002191,ORD002235,PROD0136,1,16.8,0,0
ITEM002192,ORD002616,PROD0175,2,535.9,10,0
ITEM002193,ORD002616,PROD0101,1,385.7,30,0
ITEM002194,ORD004553,PROD0469,1,112.56,0,0
ITEM002195,ORD004553,PROD0366,3,879.68,15,0
ITEM002196,ORD001153,PROD0432,1,308.73,10,0
ITEM002197,ORD001153,PROD0034,2,6.59,15,0
ITEM002198,ORD000555,PROD0398,1,777.95,5,0
ITEM002199,ORD000091,PROD0294,2,15.63,15,0
ITEM002200,ORD000091,PROD0470,2,22.44,40,0
ITEM002201,ORD003175,PROD0477,1,213.76,0,0
ITEM002202,ORD004132,PROD0254,2,7.43,25,0
ITEM002203,ORD004132,PROD0305,2,678.14,0,0
ITEM002204,ORD004132,PROD0137,1,229.17,10,0
ITEM002205,ORD004642,PROD0285,1,42.93,5,0
ITEM002206,ORD004642,PROD0211,1,89.15,40,0
ITEM002207,ORD004642,PROD0413,3,386.06,15,0
ITEM002208,ORD002143,PROD0044,1,17.7,5,0
ITEM002209,ORD002143,PROD0184,1,27.95,50,0
ITEM002210,ORD002143,PROD0370,1,51.77,0,0
ITEM002211,ORD004250,PROD0130,1,327.15,50,0
ITEM002212,ORD004250,PROD0034,1,6.59,15,0
ITEM002213,ORD001663,PROD0118,2,33.06,0,0
ITEM002214,ORD001663,PROD0008,1,298.78,10,0
ITEM002215,ORD000818,PROD0467,1,740.92,10,0
ITEM002216,ORD001331,PROD0132,1,65.94,5,0
ITEM002217,ORD001331,PROD0227,2,55.63,40,0
ITEM002218,ORD001746,PROD0275,2,114.32,0,0
ITEM002219,ORD001746,PROD0086,2,233.47,40,0
ITEM002220,ORD001746,PROD0472,3,296.2,0,0
ITEM002221,ORD001746,PROD0045,2,197.84,30,0
ITEM002222,ORD004363,PROD0497,2,50.76,25,0
ITEM002223,ORD002552,PROD0219,2,952.89,30,0
ITEM002224,ORD002552,PROD0186,1,36.03,25,0
ITEM002225,ORD002552,PROD0073,1,118.63,0,0
ITEM002226,ORD001379,PROD0469,-1,113.05,20,1
ITEM002227,ORD004635,PROD0469,2,111.85,10,0
ITEM002228,ORD004635,PROD0366,4,900.62,0,0
ITEM002229,ORD002849,PROD0315,1,10.81,0,0
ITEM002230,ORD002849,PROD0481,1,105.4,5,0
ITEM002231,ORD004464,PROD0211,2,90.25,0,0
ITEM002232,ORD004502,PROD0192,2,215.39,20,0
ITEM002233,ORD004502,PROD0232,2,25.12,10,0
ITEM002234,ORD004502,PROD0134,1,18.27,20,0
ITEM002235,ORD004502,PROD0073,1,117.81,10,0
ITEM002236,ORD001029,PROD0086,2,237.27,0,0
ITEM002237,ORD001029,PROD0467,2,776.49,10,0
ITEM002238,ORD000851,PROD0285,3,44.49,30,0
ITEM002239,ORD003702,PROD0346,1,48.63,50,0
ITEM002240,ORD003702,PROD0237,2,718.91,40,0
ITEM002241,ORD003781,PROD0199,1,19.01,15,0
ITEM002242,ORD003781,PROD0149,4,1253.49,0,0
ITEM002243,ORD003781,PROD0072,1,709.26,5,0
ITEM002244,ORD000400,PROD0192,2,216.11,5,0
ITEM002245,ORD000400,PROD0232,1,23.85,10,0
ITEM002246,ORD001407,PROD0303,1,47.96,30,0
ITEM002247,ORD001150,PROD0372,1,620.74,0,0
ITEM002248,ORD001727,PROD0135,1,155.61,0,0
ITEM002249,ORD001727,PROD0315,3,11.06,5,0
ITEM002250,ORD001063,PROD0324,1,305.69,50,0
ITEM002251,ORD001063,PROD0386,1,964.23,0,0
ITEM002252,ORD003713,PROD0181,4,67.07,20,0
ITEM002253,ORD003713,PROD0432,4,295.35,30,0
ITEM002254,ORD001073,PROD0219,1,1001.38,25,0
ITEM002255,ORD001073,PROD0186,1,36.56,0,0
ITEM002256,ORD003332,PROD0389,1,141.46,5,0
ITEM002257,ORD003332,PROD0096,1,865.85,25,0
ITEM002258,ORD003896,PROD0237,2,736.65,25,0
ITEM002259,ORD004287,PROD0121,2,1190.49,5,0
ITEM002260,ORD001658,PROD0073,-2,115.97,40,1
ITEM002261,ORD001963,PROD0006,1,5.34,10,0
ITEM002262,ORD001963,PROD0389,1,147.98,0,0
ITEM002263,ORD003180,PROD0465,1,183.34,25,0
ITEM002264,ORD004220,PROD0006,1,5.25,0,0
ITEM002265,ORD004220,PROD0073,2,113.05,25,0
ITEM002266,ORD000677,PROD0349,2,659.9,25,0
ITEM002267,ORD000677,PROD0227,1,55.22,25,0
ITEM002268,ORD000677,PROD0137,2,232.78,25,0
ITEM002269,ORD004088,PROD0200,1,752.22,10,0
ITEM002270,ORD004088,PROD0496,3,7.19,5,0
ITEM002271,ORD004005,PROD0184,1,27.29,40,0
ITEM002272,ORD004005,PROD0304,3,110.49,40,0
ITEM002273,ORD004487,PROD0192,1,223.34,0,0
ITEM002274,ORD004487,PROD0232,2,24.83,0,0
ITEM002275,ORD004487,PROD0105,4,175.44,10,0
ITEM002276,ORD003303,PROD0432,2,306.82,10,0
ITEM002277,ORD003303,PROD0193,2,927.68,20,0
ITEM002278,ORD003303,PROD0211,2,90.83,0,0
ITEM002279,ORD000031,PROD0130,1,335.15,25,0
ITEM002280,ORD000031,PROD0034,2,6.81,0,0
ITEM002281,ORD000031,PROD0281,1,1617.51,25,0
ITEM002282,ORD002807,PROD0388,1,62.25,20,0
ITEM002283,ORD004430,PROD0030,1,411.65,10,0
ITEM002284,ORD004430,PROD0177,1,97.86,10,0
ITEM002285,ORD004430,PROD0186,3,37.0,30,0
ITEM002286,ORD004430,PROD0119,1,16.58,5,0
ITEM002287,ORD004430,PROD0205,1,522.84,20,0
ITEM002288,ORD000391,PROD0181,4,68.45,50,0
ITEM002289,ORD000391,PROD0258,2,199.24,20,0
ITEM002290,ORD000391,PROD0394,1,30.15,30,0
ITEM002291,ORD004575,PROD0469,4,112.58,25,0
ITEM002292,ORD004575,PROD0366,1,885.45,15,0
ITEM002293,ORD004718,PROD0470,1,21.83,50,0
ITEM002294,ORD004718,PROD0116,1,24.41,50,0
ITEM002295,ORD002642,PROD0402,1,8.38,10,0
ITEM002296,ORD002642,PROD0192,1,225.57,10,0
ITEM002297,ORD002642,PROD0131,3,33.01,10,0
ITEM002298,ORD003931,PROD0182,1,807.69,15,0
ITEM002299,ORD003931,PROD0382,2,1561.51,30,0
ITEM002300,ORD003931,PROD0124,2,1234.38,0,0
ITEM002301,ORD003931,PROD0247,3,188.73,5,0
ITEM002302,ORD002622,PROD0033,1,110.17,0,0
ITEM002303,ORD002622,PROD0430,1,178.09,10,0
ITEM002304,ORD002622,PROD0150,4,440.67,25,0
ITEM002305,ORD002622,PROD0279,1,390.58,0,0
ITEM002306,ORD002987,PROD0181,1,66.47,10,0
ITEM002307,ORD002987,PROD0258,1,197.35,25,0
ITEM002308,ORD001088,PROD0184,-2,27.19,10,1
ITEM002309,ORD001088,PROD0477,-1,206.65,25,1
ITEM002310,ORD001919,PROD0030,1,393.67,20,0
ITEM002311,ORD001919,PROD0177,1,95.84,5,0
ITEM002312,ORD004221,PROD0266,1,20.24,0,0
ITEM002313,ORD004221,PROD0345,2,14.29,15,0
ITEM002314,ORD000453,PROD0160,1,180.57,30,0
ITEM002315,ORD000453,PROD0242,1,4.63,10,0
ITEM002316,ORD000678,PROD0413,2,386.34,20,0
ITEM002317,ORD000678,PROD0417,3,9.8,40,0
ITEM002318,ORD000678,PROD0372,1,600.79,0,0
ITEM002319,ORD000678,PROD0114,2,233.09,5,0
ITEM002320,ORD000678,PROD0281,2,1545.25,5,0
ITEM002321,ORD002853,PROD0203,1,343.46,15,0
ITEM002322,ORD002447,PROD0275,-3,110.4,30,1
ITEM002323,ORD000269,PROD0477,3,205.37,40,0
ITEM002324,ORD000269,PROD0220,1,102.91,25,0
ITEM002325,ORD001416,PROD0371,3,611.5,5,0
ITEM002326,ORD002409,PROD0119,3,16.46,50,0
ITEM002327,ORD002409,PROD0349,1,677.79,50,0
ITEM002328,ORD002409,PROD0304,2,116.74,0,0
ITEM002329,ORD002409,PROD0366,2,867.58,10,0
ITEM002330,ORD003200,PROD0254,1,7.81,5,0
ITEM002331,ORD003200,PROD0134,3,18.43,0,0
ITEM002332,ORD003200,PROD0442,2,11.7,50,0
ITEM002333,ORD003200,PROD0147,3,624.19,25,0
ITEM002334,ORD003200,PROD0364,1,1893.44,5,0
ITEM002335,ORD003520,PROD0303,2,49.69,20,0
ITEM002336,ORD003520,PROD0205,3,508.68,0,0
ITEM002337,ORD000436,PROD0202,1,6.96,25,0
ITEM002338,ORD000436,PROD0444,1,9.43,25,0
ITEM002339,ORD000600,PROD0186,1,37.83,0,0
ITEM002340,ORD000600,PROD0195,2,60.89,0,0
ITEM002341,ORD000273,PROD0076,1,890.58,40,0
ITEM002342,ORD000273,PROD0413,2,377.8,15,0
ITEM002343,ORD001831,PROD0469,3,112.56,0,0
ITEM002344,ORD001831,PROD0007,1,16.8,40,0
ITEM002345,ORD001831,PROD0380,1,50.06,50,0
ITEM002346,ORD001831,PROD0182,2,835.16,15,0
ITEM002347,ORD001653,PROD0420,1,14.79,0,0
ITEM002348,ORD001653,PROD0376,1,158.2,20,0
ITEM002349,ORD003964,PROD0467,1,741.74,10,0
ITEM002350,ORD003964,PROD0064,4,825.19,10,0
ITEM002351,ORD003964,PROD0156,1,193.6,30,0
ITEM002352,ORD003964,PROD0478,2,1525.34,10,0
ITEM002353,ORD002002,PROD0159,1,50.51,10,0
ITEM002354,ORD002002,PROD0496,3,7.08,10,0
ITEM002355,ORD004053,PROD0300,1,21.25,40,0
ITEM002356,ORD003567,PROD0482,2,538.74,0,0
ITEM002357,ORD003567,PROD0030,2,414.16,0,0
ITEM002358,ORD004717,PROD0478,1,1494.01,50,0
ITEM002359,ORD004717,PROD0373,2,270.81,15,0
ITEM002360,ORD004717,PROD0307,1,36.39,25,0
ITEM002361,ORD004717,PROD0075,1,15.0,25,0
ITEM002362,ORD004717,PROD0469,2,112.25,0,0
ITEM002363,ORD000859,PROD0183,3,274.2,25,0
ITEM002364,ORD000859,PROD0176,1,759.98,20,0
ITEM002365,ORD000859,PROD0105,1,178.42,10,0
ITEM002366,ORD001750,PROD0367,2,1182.8,50,0
ITEM002367,ORD001750,PROD0482,1,509.98,20,0
ITEM002368,ORD004667,PROD0051,1,152.31,20,0
ITEM002369,ORD004667,PROD0153,2,56.07,10,0
ITEM002370,ORD002863,PROD0129,2,358.01,40,0
ITEM002371,ORD002863,PROD0497,1,51.64,40,0
ITEM002372,ORD001166,PROD0097,1,521.45,15,0
ITEM002373,ORD001166,PROD0379,2,14.6,30,0
ITEM002374,ORD004064,PROD0097,1,526.99,20,0
ITEM002375,ORD004064,PROD0379,2,14.31,0,0
ITEM002376,ORD000043,PROD0349,3,677.84,0,0
ITEM002377,ORD003917,PROD0132,1,68.29,30,0
ITEM002378,ORD000044,PROD0184,1,26.77,15,0
ITEM002379,ORD000044,PROD0304,2,114.42,30,0
ITEM002380,ORD000044,PROD0121,2,1136.74,50,0
ITEM002381,ORD000044,PROD0124,1,1246.65,15,0
ITEM002382,ORD003633,PROD0130,1,346.85,0,0
ITEM002383,ORD003633,PROD0014,1,324.41,30,0
ITEM002384,ORD003633,PROD0495,1,80.82,40,0
ITEM002385,ORD003633,PROD0236,1,884.46,5,0
ITEM002386,ORD000756,PROD0489,2,37.13,15,0
ITEM002387,ORD000756,PROD0496,2,7.12,10,0
ITEM002388,ORD000325,PROD0469,3,114.19,5,0
ITEM002389,ORD000223,PROD0428,3,1768.33,10,0
ITEM002390,ORD000223,PROD0349,1,673.57,20,0
ITEM002391,ORD000223,PROD0497,1,52.56,40,0
ITEM002392,ORD000415,PROD0432,4,294.88,20,0
ITEM002393,ORD000415,PROD0193,1,922.37,0,0
ITEM002394,ORD000415,PROD0006,4,5.4,0,0
ITEM002395,ORD004670,PROD0477,1,208.44,30,0
ITEM002396,ORD004670,PROD0141,2,19.6,40,0
ITEM002397,ORD001887,PROD0321,1,285.43,20,0
ITEM002398,ORD001887,PROD0111,2,169.51,5,0
ITEM002399,ORD001887,PROD0202,2,7.09,25,0
ITEM002400,ORD000333,PROD0097,1,525.81,25,0
ITEM002401,ORD000333,PROD0379,4,14.68,25,0
ITEM002402,ORD004245,PROD0208,1,479.25,0,0
ITEM002403,ORD004245,PROD0181,1,64.89,15,0
ITEM002404,ORD003354,PROD0077,2,943.5,50,0
ITEM002405,ORD003354,PROD0165,1,6.6,20,0
ITEM002406,ORD003354,PROD0277,1,905.14,0,0
ITEM002407,ORD003432,PROD0006,1,5.51,20,0
ITEM002408,ORD003432,PROD0073,2,116.82,0,0
ITEM002409,ORD002732,PROD0112,1,1972.99,0,0
ITEM002410,ORD002732,PROD0308,1,20.11,0,0
ITEM002411,ORD003533,PROD0382,1,1495.25,5,0
ITEM002412,ORD003458,PROD0298,1,21.59,10,0
ITEM002413,ORD003458,PROD0014,1,315.45,5,0
ITEM002414,ORD004324,PROD0072,-1,704.82,50,1
ITEM002415,ORD004324,PROD0138,-2,164.1,50,1
ITEM002416,ORD003880,PROD0042,1,555.42,20,0
ITEM002417,ORD003880,PROD0478,4,1447.37,0,0
ITEM002418,ORD004388,PROD0497,1,53.2,20,0
ITEM002419,ORD004388,PROD0486,2,26.76,0,0
ITEM002420,ORD004388,PROD0097,3,548.44,0,0
ITEM002421,ORD000996,PROD0464,-1,348.07,0,1
ITEM002422,ORD004457,PROD0275,2,110.29,0,0
ITEM002423,ORD004457,PROD0075,1,14.35,15,0
ITEM002424,ORD004457,PROD0429,1,148.93,30,0
ITEM002425,ORD004457,PROD0478,1,1482.82,0,0
ITEM002426,ORD000641,PROD0036,1,96.41,20,0
ITEM002427,ORD000641,PROD0478,1,1521.05,50,0
ITEM002428,ORD000641,PROD0112,3,1973.62,0,0
ITEM002429,ORD000641,PROD0236,4,859.93,0,0
ITEM002430,ORD003755,PROD0467,4,778.65,40,0
ITEM002431,ORD003755,PROD0326,1,67.17,0,0
ITEM002432,ORD003755,PROD0253,1,88.95,5,0
ITEM002433,ORD003755,PROD0141,2,20.1,10,0
ITEM002434,ORD002344,PROD0215,1,15.61,25,0
ITEM002435,ORD002344,PROD0208,3,462.79,0,0
ITEM002436,ORD002344,PROD0188,1,222.12,10,0
ITEM002437,ORD002646,PROD0429,2,144.91,10,0
ITEM002438,ORD001136,PROD0181,1,68.23,0,0
ITEM002439,ORD001136,PROD0054,2,6.06,20,0
ITEM002440,ORD001136,PROD0339,1,268.79,25,0
ITEM002441,ORD001637,PROD0168,1,493.61,30,0
ITEM002442,ORD001637,PROD0159,1,52.13,10,0
ITEM002443,ORD003765,PROD0242,2,4.67,10,0
ITEM002444,ORD003765,PROD0176,3,743.08,50,0
ITEM002445,ORD001409,PROD0453,1,23.72,10,0
ITEM002446,ORD001371,PROD0213,1,12.21,0,0
ITEM002447,ORD001371,PROD0279,1,387.0,5,0
ITEM002448,ORD001371,PROD0230,1,6.42,15,0
ITEM002449,ORD002299,PROD0179,1,375.65,50,0
ITEM002450,ORD002299,PROD0114,1,230.52,10,0
ITEM002451,ORD002299,PROD0275,1,114.62,0,0
ITEM002452,ORD002299,PROD0496,1,7.01,25,0
ITEM002453,ORD002299,PROD0017,1,60.94,0,0
ITEM002454,ORD003958,PROD0006,1,5.33,20,0
ITEM002455,ORD003958,PROD0073,1,119.36,30,0
ITEM002456,ORD000602,PROD0172,1,753.16,20,0
ITEM002457,ORD000602,PROD0345,2,14.48,0,0
ITEM002458,ORD000602,PROD0305,2,674.3,0,0
ITEM002459,ORD004467,PROD0149,1,1195.89,20,0
ITEM002460,ORD004467,PROD0482,3,525.6,0,0
ITEM002461,ORD004467,PROD0328,1,16.38,10,0
ITEM002462,ORD003239,PROD0077,-2,978.28,20,1
ITEM002463,ORD000312,PROD0211,1,90.07,25,0
ITEM002464,ORD000312,PROD0308,2,19.95,0,0
ITEM002465,ORD000312,PROD0266,1,19.64,40,0
ITEM002466,ORD004167,PROD0137,1,232.65,50,0
ITEM002467,ORD004167,PROD0389,1,144.75,5,0
ITEM002468,ORD000656,PROD0200,4,774.63,0,0
ITEM002469,ORD003856,PROD0051,2,151.75,50,0
ITEM002470,ORD003856,PROD0308,1,20.65,15,0
ITEM002471,ORD003856,PROD0018,2,1135.56,25,0
ITEM002472,ORD003856,PROD0262,1,701.76,0,0
ITEM002473,ORD004050,PROD0062,1,334.67,25,0
ITEM002474,ORD004050,PROD0232,1,24.02,20,0
ITEM002475,ORD003478,PROD0025,-1,16.83,50,1
ITEM002476,ORD003478,PROD0055,-1,62.2,50,1
ITEM002477,ORD003116,PROD0192,1,217.39,10,0
ITEM002478,ORD003116,PROD0232,3,24.72,10,0
ITEM002479,ORD003954,PROD0165,1,6.58,0,0
ITEM002480,ORD004278,PROD0384,1,1611.74,0,0
ITEM002481,ORD004278,PROD0149,2,1213.45,15,0
ITEM002482,ORD004278,PROD0426,1,105.64,0,0
ITEM002483,ORD004278,PROD0467,2,766.08,0,0
ITEM002484,ORD004278,PROD0349,1,665.55,0,0
ITEM002485,ORD000961,PROD0460,2,28.74,20,0
ITEM002486,ORD000961,PROD0170,2,26.84,40,0
ITEM002487,ORD000961,PROD0118,3,33.73,0,0
ITEM002488,ORD002369,PROD0092,2,154.71,40,0
ITEM002489,ORD002369,PROD0441,1,722.35,25,0
ITEM002490,ORD002369,PROD0444,1,9.35,5,0
ITEM002491,ORD001318,PROD0379,1,14.49,10,0
ITEM002492,ORD001318,PROD0104,3,139.64,0,0
ITEM002493,ORD001318,PROD0012,2,102.71,40,0
ITEM002494,ORD001318,PROD0003,1,59.01,10,0
ITEM002495,ORD001858,PROD0109,2,1254.66,20,0
ITEM002496,ORD001858,PROD0160,3,185.01,40,0
ITEM002497,ORD003234,PROD0239,1,1419.8,0,0
ITEM002498,ORD003234,PROD0108,1,283.84,10,0
ITEM002499,ORD003234,PROD0116,1,24.41,0,0
ITEM002500,ORD003234,PROD0007,2,17.2,10,0
ITEM002501,ORD002576,PROD0445,1,1551.0,10,0
ITEM002502,ORD002576,PROD0058,1,783.96,25,0
ITEM002503,ORD002576,PROD0277,2,898.49,0,0
ITEM002504,ORD002576,PROD0469,1,110.55,0,0
ITEM002505,ORD002323,PROD0374,1,104.29,0,0
ITEM002506,ORD002323,PROD0192,1,214.8,25,0
ITEM002507,ORD001651,PROD0159,1,50.2,20,0
ITEM002508,ORD001651,PROD0022,1,123.11,25,0
ITEM002509,ORD000522,PROD0489,2,36.54,30,0
ITEM002510,ORD000522,PROD0149,2,1204.35,25,0
ITEM002511,ORD004634,PROD0181,1,65.98,0,0
ITEM002512,ORD004634,PROD0258,1,200.33,0,0
ITEM002513,ORD004634,PROD0155,1,1112.01,0,0
ITEM002514,ORD000782,PROD0161,2,36.67,15,0
ITEM002515,ORD000782,PROD0141,2,19.44,15,0
ITEM002516,ORD000782,PROD0256,1,42.51,30,0
ITEM002517,ORD000782,PROD0461,1,950.47,20,0
ITEM002518,ORD000782,PROD0097,3,526.82,30,0
ITEM002519,ORD002139,PROD0081,1,59.15,0,0
ITEM002520,ORD002139,PROD0094,1,12.73,0,0
ITEM002521,ORD002139,PROD0018,1,1092.7,10,0
ITEM002522,ORD002139,PROD0487,2,230.32,10,0
ITEM002523,ORD001798,PROD0249,1,7.84,5,0
ITEM002524,ORD001798,PROD0444,1,9.3,15,0
ITEM002525,ORD001945,PROD0035,2,6.84,30,0
ITEM002526,ORD001945,PROD0134,4,17.87,15,0
ITEM002527,ORD000281,PROD0105,2,175.37,0,0
ITEM002528,ORD000281,PROD0219,3,968.32,5,0
ITEM002529,ORD003141,PROD0052,1,139.67,5,0
ITEM002530,ORD003141,PROD0193,1,952.76,0,0
ITEM002531,ORD003141,PROD0238,1,45.93,0,0
ITEM002532,ORD001529,PROD0232,1,24.73,5,0
ITEM002533,ORD001529,PROD0219,1,979.36,0,0
ITEM002534,ORD001529,PROD0101,2,377.07,30,0
ITEM002535,ORD001522,PROD0324,-1,292.26,10,1
ITEM002536,ORD001522,PROD0264,-1,33.46,15,1
ITEM002537,ORD004262,PROD0132,1,65.0,10,0
ITEM002538,ORD004262,PROD0016,1,404.61,15,0
ITEM002539,ORD004262,PROD0218,4,534.05,25,0
ITEM002540,ORD004262,PROD0073,1,114.29,20,0
ITEM002541,ORD002541,PROD0105,2,179.47,0,0
ITEM002542,ORD002541,PROD0227,1,56.55,0,0
ITEM002543,ORD002234,PROD0097,2,538.98,0,0
ITEM002544,ORD002234,PROD0379,1,14.73,40,0
ITEM002545,ORD001285,PROD0208,-1,479.33,0,1
ITEM002546,ORD001376,PROD0297,3,15.27,15,0
ITEM002547,ORD002448,PROD0230,1,6.39,30,0
ITEM002548,ORD002448,PROD0491,1,26.16,15,0
ITEM002549,ORD002448,PROD0079,3,97.05,25,0
ITEM002550,ORD002448,PROD0292,1,15.55,20,0
ITEM002551,ORD000541,PROD0429,1,143.85,10,0
ITEM002552,ORD000541,PROD0159,1,49.78,25,0
ITEM002553,ORD001075,PROD0264,2,33.02,20,0
ITEM002554,ORD001075,PROD0074,4,32.51,5,0
ITEM002555,ORD001075,PROD0127,1,20.53,25,0
ITEM002556,ORD000093,PROD0002,1,1556.51,50,0
ITEM002557,ORD000864,PROD0491,1,26.21,10,0
ITEM002558,ORD000434,PROD0089,3,174.43,50,0
ITEM002559,ORD000434,PROD0181,2,66.37,0,0
ITEM002560,ORD000434,PROD0381,1,28.46,25,0
ITEM002561,ORD000434,PROD0234,2,22.84,15,0
ITEM002562,ORD001958,PROD0022,1,121.91,10,0
ITEM002563,ORD001958,PROD0467,1,738.95,20,0
ITEM002564,ORD001958,PROD0267,2,48.96,50,0
ITEM002565,ORD000852,PROD0467,2,753.1,5,0
ITEM002566,ORD004661,PROD0135,3,158.44,20,0
ITEM002567,ORD004661,PROD0315,1,11.35,0,0
ITEM002568,ORD000624,PROD0210,4,118.68,40,0
ITEM002569,ORD001984,PROD0130,1,346.39,20,0
ITEM002570,ORD001984,PROD0014,2,314.4,0,0
ITEM002571,ORD001984,PROD0127,1,20.58,10,0
ITEM002572,ORD001638,PROD0297,1,15.33,0,0
ITEM002573,ORD001638,PROD0179,1,394.2,20,0
ITEM002574,ORD001638,PROD0409,1,19.28,25,0
ITEM002575,ORD001638,PROD0215,1,15.31,20,0
ITEM002576,ORD001638,PROD0237,1,732.78,15,0
ITEM002577,ORD001783,PROD0219,1,972.28,15,0
ITEM002578,ORD001783,PROD0186,4,36.03,30,0
ITEM002579,ORD001044,PROD0298,1,21.33,10,0
ITEM002580,ORD001044,PROD0414,2,164.75,10,0
ITEM002581,ORD003131,PROD0176,1,739.29,30,0
ITEM002582,ORD003707,PROD0064,2,836.05,10,0
ITEM002583,ORD002339,PROD0047,4,114.2,5,0
ITEM002584,ORD004107,PROD0467,1,762.37,5,0
ITEM002585,ORD004107,PROD0105,4,175.71,5,0
ITEM002586,ORD003853,PROD0267,1,50.9,50,0
ITEM002587,ORD003853,PROD0172,1,773.57,15,0
ITEM002588,ORD003853,PROD0074,4,31.76,10,0
ITEM002589,ORD003853,PROD0287,1,1353.27,40,0
ITEM002590,ORD003006,PROD0135,3,160.15,30,0
ITEM002591,ORD003006,PROD0211,1,86.45,5,0
ITEM002592,ORD004445,PROD0132,2,64.95,15,0
ITEM002593,ORD004445,PROD0227,1,54.57,15,0
ITEM002594,ORD004445,PROD0014,2,307.72,15,0
ITEM002595,ORD002858,PROD0015,3,466.78,0,0
ITEM002596,ORD003049,PROD0153,3,56.25,10,0
ITEM002597,ORD003049,PROD0299,3,1931.19,0,0
ITEM002598,ORD000732,PROD0430,3,170.63,50,0
ITEM002599,ORD001756,PROD0428,3,1745.54,50,0
ITEM002600,ORD001756,PROD0294,1,15.99,25,0
ITEM002601,ORD001756,PROD0074,1,33.47,20,0
ITEM002602,ORD001756,PROD0399,2,34.34,0,0
ITEM002603,ORD000607,PROD0075,1,14.89,15,0
ITEM002604,ORD000607,PROD0179,1,376.65,50,0
ITEM002605,ORD000620,PROD0304,3,115.96,20,0
ITEM002606,ORD000620,PROD0177,1,99.3,10,0
ITEM002607,ORD002757,PROD0105,4,173.52,0,0
ITEM002608,ORD002757,PROD0219,1,972.82,15,0
ITEM002609,ORD003620,PROD0030,2,400.42,0,0
ITEM002610,ORD003620,PROD0177,3,99.32,10,0
ITEM002611,ORD003620,PROD0408,1,22.79,5,0
ITEM002612,ORD003620,PROD0287,1,1385.06,40,0
ITEM002613,ORD002701,PROD0275,2,114.42,5,0
ITEM002614,ORD002701,PROD0086,2,237.08,25,0
ITEM002615,ORD002701,PROD0007,1,16.93,10,0
ITEM002616,ORD002701,PROD0222,2,9.48,20,0
ITEM002617,ORD001468,PROD0346,3,46.81,25,0
ITEM002618,ORD001468,PROD0025,2,17.02,0,0
ITEM002619,ORD001468,PROD0335,2,142.16,0,0
ITEM002620,ORD001468,PROD0303,1,49.95,50,0
ITEM002621,ORD003046,PROD0462,-1,104.51,0,1
ITEM002622,ORD003849,PROD0324,2,295.93,50,0
ITEM002623,ORD003849,PROD0131,4,32.28,10,0
ITEM002624,ORD001728,PROD0184,1,27.68,10,0
ITEM002625,ORD001728,PROD0465,3,173.81,20,0
ITEM002631,ORD003668,PROD0130,1,338.48,5,0
ITEM002632,ORD003668,PROD0079,1,97.82,0,0
ITEM002633,ORD001706,PROD0183,1,276.62,20,0
ITEM002634,ORD004723,PROD0432,1,297.83,10,0
ITEM002635,ORD004723,PROD0034,1,6.69,0,0
ITEM002636,ORD004723,PROD0429,1,148.95,25,0
ITEM002637,ORD004723,PROD0082,2,543.17,40,0
ITEM002638,ORD004723,PROD0226,4,1700.5,10,0
ITEM002639,ORD000819,PROD0496,3,7.14,25,0
ITEM002640,ORD000819,PROD0101,2,379.13,40,0
ITEM002641,ORD000819,PROD0094,1,13.34,5,0
ITEM002642,ORD000819,PROD0117,2,372.33,10,0
ITEM002643,ORD000819,PROD0022,1,124.07,25,0
ITEM002644,ORD001109,PROD0118,1,34.74,50,0
ITEM002645,ORD001109,PROD0141,3,19.45,0,0
ITEM002646,ORD001109,PROD0008,1,286.67,0,0
ITEM002647,ORD004619,PROD0073,4,116.43,10,0
ITEM002648,ORD000682,PROD0486,1,26.06,20,0
ITEM002649,ORD000148,PROD0211,1,87.65,40,0
ITEM002650,ORD000148,PROD0159,2,51.68,0,0
ITEM002651,ORD000148,PROD0013,1,64.8,20,0
ITEM002652,ORD000760,PROD0329,3,925.69,15,0
ITEM002653,ORD000760,PROD0431,1,2150.03,100,0
ITEM002654,ORD001512,PROD0135,1,158.01,30,0
ITEM002655,ORD001512,PROD0315,4,11.18,40,0
ITEM002656,ORD000029,PROD0227,1,54.71,50,0
ITEM002657,ORD000258,PROD0130,1,328.97,25,0
ITEM002658,ORD000258,PROD0034,1,6.57,0,0
ITEM002659,ORD000258,PROD0277,3,912.71,25,0
ITEM002660,ORD000258,PROD0410,2,207.86,10,0
ITEM002661,ORD000258,PROD0089,1,177.16,30,0
ITEM002662,ORD002832,PROD0208,1,470.43,100,0
ITEM002663,ORD002832,PROD0181,1,68.5,0,0
ITEM002664,ORD001832,PROD0135,1,156.14,25,0
ITEM002665,ORD003791,PROD0481,4,101.42,40,0
ITEM002666,ORD003791,PROD0155,1,1132.46,5,0
ITEM002667,ORD003791,PROD0141,1,20.06,40,0
ITEM002668,ORD003791,PROD0101,1,380.98,15,0
ITEM002669,ORD000398,PROD0183,1,262.92,0,0
ITEM002670,ORD000398,PROD0045,2,201.08,0,0
ITEM002671,ORD000398,PROD0200,1,758.13,40,0
ITEM002672,ORD000398,PROD0155,2,1107.45,25,0
ITEM002673,ORD003574,PROD0432,1,293.91,10,0
ITEM002674,ORD003574,PROD0022,1,123.81,0,0
ITEM002675,ORD003574,PROD0003,3,61.73,5,0
ITEM002676,ORD002988,PROD0141,1,19.86,15,0
ITEM002677,ORD004094,PROD0135,2,160.17,20,0
ITEM002678,ORD004094,PROD0315,1,11.25,15,0
ITEM002679,ORD004094,PROD0242,2,4.61,25,0
ITEM002680,ORD004094,PROD0282,2,30.46,5,0
ITEM002681,ORD004094,PROD0455,1,6.38,10,0
ITEM002682,ORD004239,PROD0208,1,467.27,40,0
ITEM002683,ORD004239,PROD0181,1,66.12,30,0
ITEM002684,ORD004274,PROD0086,2,226.97,30,0
ITEM002685,ORD004274,PROD0467,1,773.58,0,0
ITEM002686,ORD000892,PROD0297,2,15.56,40,0
ITEM002687,ORD000892,PROD0136,1,17.38,40,0
ITEM002688,ORD003183,PROD0175,-4,536.1,50,1
ITEM002689,ORD000322,PROD0192,3,221.72,15,0
ITEM002690,ORD000322,PROD0299,1,1902.59,20,0
ITEM002691,ORD000322,PROD0415,1,1518.58,25,0
ITEM002692,ORD000322,PROD0193,1,919.66,0,0
ITEM002693,ORD004130,PROD0041,4,96.03,30,0
ITEM002694,ORD004130,PROD0232,1,24.21,50,0
ITEM002695,ORD004130,PROD0194,1,67.67,0,0
ITEM002696,ORD002490,PROD0339,2,282.87,50,0
ITEM002697,ORD002490,PROD0307,1,36.49,5,0
ITEM002698,ORD003855,PROD0130,1,330.52,40,0
ITEM002699,ORD003855,PROD0014,1,315.65,50,0
ITEM002700,ORD000234,PROD0415,3,1533.35,15,0
ITEM002701,ORD002426,PROD0089,2,174.66,10,0
ITEM002702,ORD002426,PROD0067,1,92.28,0,0
ITEM002703,ORD000437,PROD0009,2,17.06,0,0
ITEM002704,ORD000437,PROD0356,2,24.07,15,0
ITEM002705,ORD001535,PROD0030,2,411.29,0,0
ITEM002706,ORD001535,PROD0177,3,100.96,10,0
ITEM002707,ORD001535,PROD0321,1,290.19,20,0
ITEM002708,ORD002327,PROD0006,1,5.5,10,0
ITEM002709,ORD002236,PROD0478,2,1453.06,15,0
ITEM002710,ORD004679,PROD0138,-3,162.34,15,1
ITEM002711,ORD001672,PROD0205,3,496.37,15,0
ITEM002712,ORD002401,PROD0100,3,1321.75,10,0
ITEM002713,ORD002223,PROD0219,1,995.15,40,0
ITEM002714,ORD002223,PROD0186,3,36.76,30,0
ITEM002715,ORD001915,PROD0097,1,529.46,20,0
ITEM002716,ORD001915,PROD0379,1,15.11,15,0
ITEM002717,ORD004488,PROD0119,1,16.47,25,0
ITEM002718,ORD004488,PROD0182,1,827.33,20,0
ITEM002719,ORD004488,PROD0030,1,397.93,20,0
ITEM002720,ORD003760,PROD0222,1,9.1,10,0
ITEM002721,ORD003760,PROD0220,2,103.17,50,0
ITEM002722,ORD002984,PROD0497,1,52.17,50,0
ITEM002723,ORD002984,PROD0192,1,224.45,0,0
ITEM002724,ORD000645,PROD0445,2,1560.26,10,0
ITEM002725,ORD000645,PROD0115,1,34.0,5,0
ITEM002726,ORD000354,PROD0099,1,12.99,20,0
ITEM002727,ORD000354,PROD0193,2,944.17,0,0
ITEM002728,ORD000354,PROD0073,1,116.6,25,0
ITEM002729,ORD000354,PROD0297,1,14.94,15,0
ITEM002730,ORD001092,PROD0407,2,216.27,40,0
ITEM002731,ORD003743,PROD0062,-2,321.07,10,1
ITEM002732,ORD004454,PROD0208,2,463.95,30,0
ITEM002733,ORD004454,PROD0181,1,65.76,25,0
ITEM002734,ORD004454,PROD0374,1,104.29,40,0
ITEM002735,ORD002191,PROD0219,1,993.23,0,0
ITEM002736,ORD002191,PROD0186,1,37.72,30,0
ITEM002737,ORD002191,PROD0225,1,191.77,10,0
ITEM002738,ORD002191,PROD0032,1,227.06,10,0
ITEM002739,ORD001718,PROD0141,1,19.45,25,0
ITEM002740,ORD001718,PROD0267,1,49.22,50,0
ITEM002741,ORD001718,PROD0101,2,371.32,40,0
ITEM002742,ORD004485,PROD0232,1,24.72,15,0
ITEM002743,ORD004504,PROD0275,3,110.6,0,0
ITEM002744,ORD004504,PROD0086,1,232.33,50,0
ITEM002745,ORD004504,PROD0403,1,297.39,20,0
ITEM002746,ORD004504,PROD0228,2,124.02,10,0
ITEM002747,ORD004504,PROD0444,1,9.19,20,0
ITEM002748,ORD001026,PROD0148,1,38.63,25,0
ITEM002749,ORD003134,PROD0006,2,5.37,50,0
ITEM002750,ORD001659,PROD0137,1,222.85,5,0
ITEM002751,ORD001659,PROD0208,1,455.27,25,0
ITEM002752,ORD001659,PROD0127,3,19.96,10,0
ITEM002753,ORD003940,PROD0081,1,59.53,20,0
ITEM002754,ORD003940,PROD0073,1,117.36,0,0
ITEM002755,ORD003133,PROD0414,3,163.55,10,0
ITEM002756,ORD003133,PROD0429,1,146.54,0,0
ITEM002757,ORD003635,PROD0389,1,142.81,30,0
ITEM002758,ORD002852,PROD0191,1,92.0,40,0
ITEM002759,ORD002852,PROD0355,1,3123.99,5,0
ITEM002760,ORD002852,PROD0315,2,11.18,50,0
ITEM002761,ORD002852,PROD0204,1,1386.3,10,0
ITEM002762,ORD002456,PROD0041,1,93.3,0,0
ITEM002763,ORD000629,PROD0205,2,518.66,40,0
ITEM002764,ORD002449,PROD0051,4,145.93,5,0
ITEM002765,ORD002449,PROD0277,1,870.09,5,0
ITEM002766,ORD002449,PROD0364,2,1814.35,20,0
ITEM002767,ORD002449,PROD0156,1,186.04,10,0
ITEM002768,ORD002449,PROD0159,1,52.73,5,0
ITEM002769,ORD002827,PROD0141,-2,19.38,5,1
ITEM002770,ORD000313,PROD0208,1,479.92,0,0
ITEM002771,ORD000313,PROD0254,1,7.63,5,0
ITEM002772,ORD000323,PROD0469,1,115.1,10,0
ITEM002773,ORD000323,PROD0366,2,855.87,10,0
ITEM002774,ORD004538,PROD0120,-1,189.42,25,1
ITEM002775,ORD004538,PROD0462,-1,100.93,10,1
ITEM002776,ORD002508,PROD0349,2,655.32,15,0
ITEM002777,ORD002508,PROD0254,3,7.47,40,0
ITEM002778,ORD002508,PROD0429,1,145.96,20,0
ITEM002779,ORD001025,PROD0228,3,118.91,0,0
ITEM002780,ORD001025,PROD0159,2,52.59,40,0
ITEM002781,ORD001025,PROD0234,1,22.82,20,0
ITEM002782,ORD003625,PROD0130,1,343.96,40,0
ITEM002783,ORD003625,PROD0014,4,321.23,5,0
ITEM002784,ORD000610,PROD0407,3,215.55,50,0
ITEM002785,ORD000610,PROD0432,1,304.22,15,0
ITEM002786,ORD000610,PROD0471,1,1077.16,5,0
ITEM002787,ORD000610,PROD0192,4,225.96,30,0
ITEM002788,ORD003505,PROD0181,3,67.58,10,0
ITEM002789,ORD003505,PROD0258,1,194.05,30,0
ITEM002790,ORD002723,PROD0382,2,1559.46,40,0
ITEM002791,ORD002723,PROD0324,3,298.87,10,0
ITEM002792,ORD004645,PROD0415,1,1526.32,10,0
ITEM002793,ORD004645,PROD0362,2,303.61,0,0
ITEM002794,ORD000404,PROD0073,4,117.44,10,0
ITEM002795,ORD000404,PROD0078,2,1666.99,40,0
ITEM002796,ORD000404,PROD0006,1,5.54,30,0
ITEM002797,ORD001205,PROD0059,1,33.62,15,0
ITEM002798,ORD001205,PROD0227,1,56.04,30,0
ITEM002799,ORD004448,PROD0267,1,51.82,40,0
ITEM002800,ORD004448,PROD0116,3,23.27,50,0
ITEM002801,ORD001169,PROD0132,1,66.68,50,0
ITEM002802,ORD001169,PROD0227,1,54.64,0,0
ITEM002803,ORD002903,PROD0215,2,15.53,40,0
ITEM002804,ORD002903,PROD0382,1,1489.13,15,0
ITEM002805,ORD002345,PROD0294,1,15.95,40,0
ITEM002806,ORD002345,PROD0181,2,67.28,0,0
ITEM002807,ORD001974,PROD0237,1,727.03,0,0
ITEM002808,ORD000531,PROD0442,1,11.52,0,0
ITEM002809,ORD000531,PROD0363,1,822.66,20,0
ITEM002810,ORD000531,PROD0227,1,55.6,0,0
ITEM002811,ORD002382,PROD0132,1,64.48,40,0
ITEM002812,ORD002382,PROD0227,1,55.47,25,0
ITEM002813,ORD002382,PROD0012,1,103.77,10,0
ITEM002814,ORD002382,PROD0373,1,282.26,0,0
ITEM002815,ORD001142,PROD0079,1,97.01,15,0
ITEM002816,ORD001142,PROD0424,1,23.14,5,0
ITEM002817,ORD001142,PROD0329,2,918.36,30,0
ITEM002818,ORD003414,PROD0022,1,121.02,10,0
ITEM002819,ORD002710,PROD0130,1,336.64,15,0
ITEM002820,ORD002710,PROD0034,1,6.77,0,0
ITEM002821,ORD002710,PROD0489,1,36.54,0,0
ITEM002822,ORD000764,PROD0349,1,661.11,0,0
ITEM002823,ORD003479,PROD0102,1,20.97,10,0
ITEM002824,ORD003479,PROD0059,1,32.93,0,0
ITEM002825,ORD003479,PROD0483,2,28.51,0,0
ITEM002826,ORD004345,PROD0208,2,462.12,50,0
ITEM002827,ORD004345,PROD0181,1,65.38,10,0
ITEM002828,ORD003842,PROD0430,2,171.01,15,0
ITEM002829,ORD003842,PROD0232,1,25.07,0,0
ITEM002830,ORD004698,PROD0467,1,755.92,25,0
ITEM002831,ORD004698,PROD0208,3,456.35,30,0
ITEM002832,ORD002655,PROD0105,1,178.67,0,0
ITEM002833,ORD002655,PROD0219,1,984.55,0,0
ITEM002834,ORD000648,PROD0132,1,65.14,40,0
ITEM002835,ORD000648,PROD0227,1,54.34,20,0
ITEM002836,ORD000648,PROD0429,4,143.07,30,0
ITEM002837,ORD003900,PROD0415,1,1540.4,10,0
ITEM002838,ORD003900,PROD0408,1,22.88,50,0
ITEM002839,ORD003900,PROD0135,1,157.27,20,0
ITEM002840,ORD002607,PROD0074,1,31.74,50,0
ITEM002841,ORD002607,PROD0281,1,1582.66,15,0
ITEM002842,ORD003435,PROD0310,1,9.57,0,0
ITEM002843,ORD003435,PROD0441,1,722.91,0,0
ITEM002844,ORD003435,PROD0150,1,439.77,0,0
ITEM002845,ORD001879,PROD0254,1,7.46,5,0
ITEM002846,ORD000018,PROD0299,2,2013.42,0,0
ITEM002847,ORD002851,PROD0014,1,310.89,30,0
ITEM002848,ORD001839,PROD0073,3,115.22,40,0
ITEM002849,ORD001839,PROD0486,2,26.37,5,0
ITEM002850,ORD001839,PROD0205,1,496.35,15,0
ITEM002851,ORD001839,PROD0043,1,38.84,10,0
ITEM002852,ORD001131,PROD0097,1,530.59,25,0
ITEM002853,ORD001131,PROD0379,1,14.3,25,0
ITEM002854,ORD001410,PROD0305,1,658.52,50,0
ITEM002855,ORD004515,PROD0289,1,282.54,0,0
ITEM002856,ORD004387,PROD0186,3,36.54,10,0
ITEM002857,ORD004387,PROD0469,1,115.0,50,0
ITEM002858,ORD003439,PROD0347,3,17.78,5,0
ITEM002859,ORD003439,PROD0285,1,42.48,10,0
ITEM002860,ORD003439,PROD0024,1,8.48,30,0
ITEM002861,ORD003439,PROD0219,1,989.55,30,0
ITEM002862,ORD003439,PROD0364,1,1841.37,10,0
ITEM002863,ORD003196,PROD0058,4,769.06,0,0
ITEM002864,ORD000595,PROD0204,1,1403.47,15,0
ITEM002865,ORD000595,PROD0153,2,57.45,40,0
ITEM002866,ORD001321,PROD0477,2,207.45,25,0
ITEM002867,ORD001321,PROD0495,3,80.32,25,0
ITEM002868,ORD001321,PROD0343,3,65.57,0,0
ITEM002869,ORD002700,PROD0115,4,33.48,20,0
ITEM002870,ORD004385,PROD0432,1,303.8,5,0
ITEM002871,ORD004385,PROD0193,1,935.95,10,0
ITEM002872,ORD003347,PROD0202,2,7.02,50,0
ITEM002873,ORD003347,PROD0444,1,9.58,30,0
ITEM002874,ORD002100,PROD0145,1,131.51,0,0
ITEM002875,ORD002100,PROD0026,1,254.41,0,0
ITEM002876,ORD002100,PROD0131,4,32.52,10,0
ITEM002877,ORD002100,PROD0256,1,40.77,10,0
ITEM002878,ORD004432,PROD0064,1,825.1,15,0
ITEM002879,ORD004432,PROD0193,2,916.79,30,0
ITEM002880,ORD002842,PROD0075,1,14.74,0,0
ITEM002881,ORD001807,PROD0131,1,32.75,15,0
ITEM002882,ORD002210,PROD0237,1,720.32,0,0
ITEM002883,ORD002210,PROD0136,1,16.9,10,0
ITEM002884,ORD001163,PROD0106,1,536.25,0,0
ITEM002885,ORD001163,PROD0137,1,232.05,10,0
ITEM002886,ORD001163,PROD0034,1,6.49,10,0
ITEM002887,ORD001163,PROD0114,1,223.97,15,0
ITEM002888,ORD001206,PROD0273,1,4.6,25,0
ITEM002889,ORD002630,PROD0297,2,14.87,30,0
ITEM002890,ORD002630,PROD0179,2,388.51,0,0
ITEM002891,ORD001367,PROD0364,4,1805.66,30,0
ITEM002892,ORD004690,PROD0152,1,19.87,15,0
ITEM002893,ORD004690,PROD0478,1,1471.62,15,0
ITEM002894,ORD003541,PROD0163,1,366.4,10,0
ITEM002895,ORD003541,PROD0200,3,741.4,40,0
ITEM002896,ORD003541,PROD0396,1,58.73,10,0
ITEM002897,ORD003541,PROD0167,1,71.41,30,0
ITEM002898,ORD003151,PROD0467,3,778.03,30,0
ITEM002899,ORD003151,PROD0208,3,467.9,0,0
ITEM002900,ORD001159,PROD0279,2,370.78,5,0
ITEM002901,ORD002545,PROD0137,1,222.24,40,0
ITEM002902,ORD002545,PROD0142,3,30.29,15,0
ITEM002903,ORD000430,PROD0233,4,840.33,30,0
ITEM002904,ORD003466,PROD0373,2,281.25,0,0
ITEM002905,ORD003466,PROD0086,3,228.18,0,0
ITEM002906,ORD003466,PROD0420,4,14.8,0,0
ITEM002907,ORD001408,PROD0393,1,38.58,15,0
ITEM002908,ORD001408,PROD0102,2,20.69,15,0
ITEM002909,ORD001408,PROD0446,2,207.96,0,0
ITEM002910,ORD004128,PROD0344,3,2290.23,30,0
ITEM002911,ORD004128,PROD0141,1,19.98,20,0
ITEM002912,ORD003299,PROD0134,3,17.87,15,0
ITEM002913,ORD000608,PROD0056,1,1377.25,20,0
ITEM002914,ORD000608,PROD0134,1,18.27,5,0
ITEM002915,ORD001814,PROD0282,2,30.27,20,0
ITEM002916,ORD003462,PROD0463,1,2727.43,15,0
ITEM002917,ORD003462,PROD0279,1,384.65,5,0
ITEM002918,ORD002370,PROD0432,1,292.42,40,0
ITEM002919,ORD002370,PROD0193,3,949.48,30,0
ITEM002920,ORD000425,PROD0275,1,113.94,0,0
ITEM002921,ORD000425,PROD0086,3,227.17,40,0
ITEM002922,ORD000425,PROD0177,1,96.48,20,0
ITEM002923,ORD003387,PROD0103,2,20.62,50,0
ITEM002924,ORD003387,PROD0478,1,1504.12,50,0
ITEM002925,ORD002734,PROD0389,2,144.63,0,0
ITEM002926,ORD002734,PROD0279,1,374.44,5,0
ITEM002927,ORD000412,PROD0006,2,5.29,5,0
ITEM002928,ORD000412,PROD0073,1,113.33,0,0
ITEM002929,ORD000874,PROD0030,1,398.74,40,0
ITEM002930,ORD000874,PROD0177,1,96.05,15,0
ITEM002931,ORD002181,PROD0219,2,962.79,15,0
ITEM002932,ORD002181,PROD0186,3,36.1,20,0
ITEM002933,ORD002181,PROD0027,1,77.38,20,0
ITEM002934,ORD003632,PROD0383,-1,1283.41,10,1
ITEM002935,ORD003632,PROD0371,-3,609.25,15,1
ITEM002936,ORD001697,PROD0471,1,1066.77,0,0
ITEM002937,ORD001697,PROD0089,1,172.05,40,0
ITEM002938,ORD001697,PROD0294,2,15.37,40,0
ITEM002939,ORD001697,PROD0372,1,616.07,5,0
ITEM002940,ORD004604,PROD0030,1,399.26,25,0
ITEM002941,ORD004604,PROD0177,2,100.6,15,0
ITEM002942,ORD004212,PROD0227,3,56.25,10,0
ITEM002943,ORD004212,PROD0485,3,56.16,30,0
ITEM002944,ORD001669,PROD0062,1,327.92,50,0
ITEM002945,ORD002431,PROD0078,1,1605.61,50,0
ITEM002946,ORD004623,PROD0390,2,185.42,5,0
ITEM002947,ORD004623,PROD0195,1,62.7,50,0
ITEM002948,ORD003549,PROD0467,3,772.67,30,0
ITEM002949,ORD003549,PROD0208,2,468.05,0,0
ITEM002950,ORD002959,PROD0432,1,307.85,25,0
ITEM002951,ORD002959,PROD0193,2,927.65,30,0
ITEM002952,ORD003431,PROD0030,1,396.58,0,0
ITEM002953,ORD003431,PROD0177,2,96.52,50,0
ITEM002954,ORD003962,PROD0045,2,199.3,50,0
ITEM002955,ORD003962,PROD0432,2,293.51,0,0
ITEM002956,ORD003962,PROD0468,1,2777.87,40,0
ITEM002957,ORD003962,PROD0204,1,1400.41,25,0
ITEM002958,ORD003962,PROD0063,1,16.77,0,0
ITEM002959,ORD000334,PROD0026,1,248.51,25,0
ITEM002960,ORD002590,PROD0204,1,1403.68,0,0
ITEM002961,ORD002539,PROD0187,-4,139.86,15,1
ITEM002962,ORD003696,PROD0230,2,6.39,25,0
ITEM002963,ORD003696,PROD0030,1,403.25,40,0
ITEM002964,ORD003696,PROD0147,1,628.17,5,0
ITEM002965,ORD003696,PROD0014,2,317.29,40,0
ITEM002966,ORD001503,PROD0497,3,53.62,0,0
ITEM002967,ORD001503,PROD0372,2,617.6,25,0
ITEM002968,ORD001866,PROD0149,2,1213.57,100,0
ITEM002969,ORD002830,PROD0108,1,283.55,40,0
ITEM002970,ORD002830,PROD0484,1,17.01,0,0
ITEM002971,ORD003067,PROD0275,2,113.58,5,0
ITEM002972,ORD003067,PROD0086,4,234.8,15,0
ITEM002973,ORD003067,PROD0382,1,1490.68,40,0
ITEM002974,ORD003067,PROD0302,1,345.35,0,0
ITEM002975,ORD004695,PROD0130,1,335.62,0,0
ITEM002976,ORD004695,PROD0014,1,317.7,15,0
ITEM002977,ORD004695,PROD0416,1,77.88,10,0
ITEM002978,ORD004695,PROD0244,1,246.19,5,0
ITEM002979,ORD004695,PROD0497,2,52.3,25,0
ITEM002980,ORD004361,PROD0432,1,306.1,20,0
ITEM002981,ORD004361,PROD0034,1,6.62,50,0
ITEM002982,ORD004108,PROD0270,1,40.43,5,0
ITEM002983,ORD004108,PROD0294,1,15.9,30,0
ITEM002984,ORD000609,PROD0204,1,1404.46,25,0
ITEM002985,ORD000130,PROD0192,1,225.22,5,0
ITEM002986,ORD000130,PROD0232,2,24.5,10,0
ITEM002987,ORD001667,PROD0086,1,228.39,10,0
ITEM002988,ORD001667,PROD0467,1,759.82,20,0
ITEM002989,ORD004711,PROD0067,1,94.99,40,0
ITEM002990,ORD004711,PROD0269,3,1166.44,50,0
ITEM002991,ORD004711,PROD0483,1,28.83,25,0
ITEM002992,ORD004711,PROD0220,3,102.68,5,0
ITEM002993,ORD004651,PROD0165,1,6.38,15,0
ITEM002994,ORD004651,PROD0124,1,1189.14,0,0
ITEM002995,ORD004651,PROD0118,4,34.36,0,0
ITEM002996,ORD000397,PROD0259,1,1250.64,0,0
ITEM002997,ORD000397,PROD0237,2,743.53,20,0
ITEM002998,ORD003604,PROD0006,1,5.49,25,0
ITEM002999,ORD003604,PROD0389,4,146.85,0,0
ITEM003000,ORD003604,PROD0260,1,1265.11,0,0
ITEM003001,ORD001105,PROD0444,2,9.37,0,0
ITEM003002,ORD001105,PROD0237,1,719.68,0,0
ITEM003003,ORD001105,PROD0006,2,5.41,0,0
ITEM003004,ORD003118,PROD0349,1,679.58,0,0
ITEM003005,ORD003118,PROD0094,1,12.98,10,0
ITEM003006,ORD003118,PROD0379,2,14.45,0,0
ITEM003007,ORD003118,PROD0304,1,116.48,10,0
ITEM003008,ORD003204,PROD0204,1,1382.06,0,0
ITEM003009,ORD003204,PROD0228,4,122.92,40,0
ITEM003010,ORD004071,PROD0002,1,1560.08,10,0
ITEM003011,ORD004071,PROD0147,1,624.95,40,0
ITEM003012,ORD002958,PROD0055,1,61.38,15,0
ITEM003013,ORD002958,PROD0253,3,87.93,40,0
ITEM003014,ORD002958,PROD0005,3,674.66,5,0
ITEM003015,ORD000788,PROD0177,2,99.49,0,0
ITEM003016,ORD000788,PROD0384,1,1546.57,5,0
ITEM003017,ORD000788,PROD0077,2,976.86,15,0
ITEM003018,ORD000788,PROD0130,3,346.48,10,0
ITEM003019,ORD000788,PROD0162,1,29.77,10,0
ITEM003020,ORD003058,PROD0170,1,26.76,0,0
ITEM003021,ORD000237,PROD0105,1,175.85,30,0
ITEM003022,ORD000237,PROD0229,2,1741.21,30,0
ITEM003023,ORD003258,PROD0237,3,737.03,0,0
ITEM003024,ORD003258,PROD0374,1,107.69,25,0
ITEM003025,ORD001836,PROD0030,2,395.09,5,0
ITEM003026,ORD001836,PROD0177,3,98.46,10,0
ITEM003027,ORD003394,PROD0135,1,162.06,5,0
ITEM003028,ORD003394,PROD0315,3,11.09,0,0
ITEM003029,ORD003566,PROD0267,3,50.75,50,0
ITEM003030,ORD001378,PROD0130,2,328.49,5,0
ITEM003031,ORD001378,PROD0014,1,323.17,10,0
ITEM003032,ORD001980,PROD0270,1,40.37,0,0
ITEM003033,ORD004335,PROD0418,1,1576.38,0,0
ITEM003034,ORD004335,PROD0359,1,37.25,15,0
ITEM003035,ORD001027,PROD0486,1,26.8,0,0
ITEM003036,ORD001027,PROD0190,4,452.91,0,0
ITEM003037,ORD002461,PROD0208,1,467.11,10,0
ITEM003038,ORD002911,PROD0286,1,32.26,15,0
ITEM003039,ORD002911,PROD0347,1,18.27,30,0
ITEM003040,ORD002911,PROD0331,1,83.51,20,0
ITEM003041,ORD003384,PROD0202,1,6.97,10,0
ITEM003042,ORD003384,PROD0444,1,9.2,0,0
ITEM003043,ORD002342,PROD0308,1,20.71,25,0
ITEM003044,ORD002342,PROD0446,1,209.74,20,0
ITEM003045,ORD002421,PROD0219,1,968.74,20,0
ITEM003046,ORD002421,PROD0186,1,36.93,15,0
ITEM003047,ORD003514,PROD0258,1,194.62,0,0
ITEM003048,ORD003514,PROD0266,4,19.98,25,0
ITEM003049,ORD003514,PROD0006,2,5.32,0,0
ITEM003050,ORD003514,PROD0366,2,901.0,10,0
ITEM003051,ORD003065,PROD0379,1,14.69,20,0
ITEM003052,ORD003065,PROD0115,1,32.97,10,0
ITEM003053,ORD003130,PROD0179,1,389.22,25,0
ITEM003054,ORD003130,PROD0025,1,17.09,20,0
ITEM003055,ORD003130,PROD0142,1,29.47,30,0
ITEM003056,ORD000651,PROD0006,1,5.22,20,0
ITEM003057,ORD000651,PROD0073,1,119.71,0,0
ITEM003058,ORD001874,PROD0478,2,1457.07,0,0
ITEM003059,ORD004439,PROD0232,1,24.86,10,0
ITEM003060,ORD004439,PROD0206,1,66.09,40,0
ITEM003061,ORD000889,PROD0208,1,462.51,20,0
ITEM003062,ORD000889,PROD0181,3,68.55,20,0
ITEM003063,ORD000889,PROD0266,2,19.99,40,0
ITEM003064,ORD002816,PROD0042,1,537.63,15,0
ITEM003065,ORD002816,PROD0489,1,37.25,25,0
ITEM003066,ORD002816,PROD0372,1,608.69,5,0
ITEM003067,ORD004596,PROD0173,1,41.25,50,0
ITEM003068,ORD004596,PROD0379,2,14.4,40,0
ITEM003069,ORD004596,PROD0058,2,766.18,10,0
ITEM003070,ORD000088,PROD0132,1,67.64,30,0
ITEM003071,ORD000088,PROD0227,1,53.72,10,0
ITEM003072,ORD001079,PROD0208,1,460.67,30,0
ITEM003073,ORD001079,PROD0181,2,65.97,0,0
ITEM003074,ORD001291,PROD0078,3,1649.44,0,0
ITEM003075,ORD002658,PROD0275,1,108.59,0,0
ITEM003076,ORD002658,PROD0445,2,1560.15,0,0
ITEM003077,ORD002658,PROD0465,1,182.43,10,0
ITEM003078,ORD004680,PROD0175,1,519.53,0,0
ITEM003079,ORD003412,PROD0006,3,5.28,10,0
ITEM003080,ORD003412,PROD0389,1,143.15,10,0
ITEM003081,ORD003965,PROD0482,2,530.06,0,0
ITEM003082,ORD003965,PROD0030,1,402.92,0,0
ITEM003083,ORD003965,PROD0282,2,29.9,20,0
ITEM003084,ORD003965,PROD0141,2,20.13,30,0
ITEM003085,ORD003064,PROD0432,3,299.51,30,0
ITEM003086,ORD003064,PROD0193,1,923.39,0,0
ITEM003087,ORD003064,PROD0102,1,20.43,10,0
ITEM003088,ORD001441,PROD0035,2,7.1,30,0
ITEM003089,ORD001441,PROD0430,3,178.83,10,0
ITEM003090,ORD000293,PROD0027,1,77.72,0,0
ITEM003091,ORD002064,PROD0495,2,77.95,0,0
ITEM003092,ORD002064,PROD0441,1,733.04,15,0
ITEM003093,ORD002064,PROD0299,1,2007.02,10,0
ITEM003094,ORD004018,PROD0062,2,321.18,25,0
ITEM003095,ORD003572,PROD0195,1,61.56,40,0
ITEM003096,ORD000687,PROD0475,2,85.12,50,0
ITEM003097,ORD000299,PROD0055,2,62.83,10,0
ITEM003098,ORD000299,PROD0132,2,68.2,15,0
ITEM003099,ORD000299,PROD0097,1,552.0,40,0
ITEM003100,ORD000299,PROD0142,3,30.76,40,0
ITEM003101,ORD000299,PROD0432,1,304.16,25,0
ITEM003102,ORD001100,PROD0374,4,104.67,50,0
ITEM003103,ORD002511,PROD0031,1,300.18,40,0
ITEM003104,ORD002511,PROD0346,1,46.59,50,0
ITEM003105,ORD001036,PROD0432,3,294.15,10,0
ITEM003106,ORD004255,PROD0470,2,21.95,10,0
ITEM003107,ORD002826,PROD0097,1,540.48,15,0
ITEM003108,ORD002826,PROD0379,1,14.84,50,0
ITEM003109,ORD002120,PROD0100,1,1348.07,5,0
ITEM003110,ORD002120,PROD0189,1,78.83,15,0
ITEM003111,ORD002784,PROD0264,1,33.57,0,0
ITEM003112,ORD003013,PROD0114,2,225.82,50,0
ITEM003113,ORD003013,PROD0007,2,16.53,10,0
ITEM003114,ORD003359,PROD0033,-1,106.14,10,1
ITEM003115,ORD003359,PROD0243,-2,8.98,0,1
ITEM003116,ORD001076,PROD0135,2,155.43,0,0
ITEM003117,ORD001076,PROD0315,2,10.79,15,0
ITEM003118,ORD002513,PROD0304,2,112.58,10,0
ITEM003119,ORD002335,PROD0168,1,489.27,50,0
ITEM003120,ORD002335,PROD0072,3,726.56,5,0
ITEM003121,ORD002335,PROD0220,3,102.12,30,0
ITEM003122,ORD002335,PROD0267,1,50.69,10,0
ITEM003123,ORD004413,PROD0106,1,554.03,25,0
ITEM003124,ORD004413,PROD0137,1,230.07,25,0
ITEM003125,ORD004172,PROD0376,3,161.29,30,0
ITEM003126,ORD004172,PROD0230,1,6.3,25,0
ITEM003127,ORD001721,PROD0090,2,1142.43,30,0
ITEM003128,ORD001705,PROD0281,2,1579.93,15,0
ITEM003129,ORD001705,PROD0259,2,1268.54,50,0
ITEM003130,ORD001905,PROD0130,3,329.95,10,0
ITEM003131,ORD003129,PROD0202,1,7.11,40,0
ITEM003132,ORD003129,PROD0444,1,9.39,20,0
ITEM003133,ORD003129,PROD0459,3,38.88,30,0
ITEM003134,ORD001791,PROD0202,1,6.86,40,0
ITEM003135,ORD001791,PROD0444,3,9.21,15,0
ITEM003136,ORD003326,PROD0018,2,1121.24,10,0
ITEM003137,ORD003326,PROD0200,3,750.24,20,0
ITEM003138,ORD003326,PROD0128,1,30.62,0,0
ITEM003139,ORD002736,PROD0402,2,7.91,20,0
ITEM003140,ORD003739,PROD0076,-1,908.24,40,1
ITEM003141,ORD003750,PROD0058,2,764.92,0,0
ITEM003142,ORD003750,PROD0083,2,41.97,0,0
ITEM003143,ORD003750,PROD0360,2,479.25,40,0
ITEM003144,ORD004594,PROD0275,1,112.82,15,0
ITEM003145,ORD004594,PROD0086,1,229.31,20,0
ITEM003146,ORD001936,PROD0469,1,112.75,20,0
ITEM003147,ORD001936,PROD0366,1,872.89,50,0
ITEM003148,ORD004168,PROD0052,2,136.3,0,0
ITEM003149,ORD004168,PROD0305,1,672.43,40,0
ITEM003150,ORD004168,PROD0444,3,9.31,0,0
ITEM003151,ORD001796,PROD0470,1,22.66,10,0
ITEM003152,ORD001754,PROD0432,2,296.48,0,0
ITEM003153,ORD003238,PROD0030,1,411.13,5,0
ITEM003154,ORD003238,PROD0177,1,98.25,5,0
ITEM003155,ORD004434,PROD0167,2,71.41,20,0
ITEM003156,ORD004629,PROD0379,1,14.69,40,0
ITEM003157,ORD003770,PROD0462,-1,104.02,0,1
ITEM003158,ORD002994,PROD0219,1,972.87,30,0
ITEM003159,ORD002994,PROD0186,1,37.19,20,0
ITEM003160,ORD004133,PROD0232,1,23.89,10,0
ITEM003161,ORD004133,PROD0018,2,1097.12,40,0
ITEM003162,ORD004133,PROD0051,3,148.36,10,0
ITEM003163,ORD000295,PROD0360,1,468.03,50,0
ITEM003164,ORD000295,PROD0193,1,950.2,50,0
ITEM003165,ORD002455,PROD0338,1,54.82,30,0
ITEM003166,ORD000649,PROD0009,3,17.31,10,0
ITEM003167,ORD000649,PROD0258,1,201.99,10,0
ITEM003168,ORD000649,PROD0275,1,113.71,25,0
ITEM003169,ORD000649,PROD0413,1,382.51,5,0
ITEM003170,ORD000649,PROD0100,1,1354.93,0,0
ITEM003171,ORD004687,PROD0080,2,850.5,0,0
ITEM003172,ORD001644,PROD0232,-2,24.32,10,1
ITEM003173,ORD001799,PROD0469,2,113.35,10,0
ITEM003174,ORD001799,PROD0366,2,858.25,15,0
ITEM003175,ORD002537,PROD0130,1,344.03,0,0
ITEM003176,ORD002537,PROD0014,3,319.09,0,0
ITEM003177,ORD003980,PROD0222,1,9.43,0,0
ITEM003178,ORD000644,PROD0469,-3,114.1,0,1
ITEM003179,ORD000644,PROD0332,-2,1311.7,10,1
ITEM003180,ORD004373,PROD0394,1,30.56,25,0
ITEM003181,ORD004373,PROD0493,2,46.05,0,0
ITEM003182,ORD001349,PROD0219,1,987.09,5,0
ITEM003183,ORD003043,PROD0304,2,116.36,0,0
ITEM003184,ORD001661,PROD0219,2,976.23,0,0
ITEM003185,ORD001661,PROD0186,1,37.71,40,0
ITEM003186,ORD000785,PROD0446,1,210.87,20,0
ITEM003187,ORD000785,PROD0486,1,26.75,0,0
ITEM003188,ORD000785,PROD0459,1,39.83,0,0
ITEM003189,ORD000785,PROD0062,3,330.54,25,0
ITEM003190,ORD003429,PROD0135,1,157.93,5,0
ITEM003191,ORD003429,PROD0315,1,11.09,10,0
ITEM003192,ORD003429,PROD0407,1,213.16,5,0
ITEM003193,ORD000482,PROD0006,1,5.36,15,0
ITEM003194,ORD000482,PROD0389,1,147.79,40,0
ITEM003195,ORD000482,PROD0148,2,38.04,5,0
ITEM003196,ORD001715,PROD0039,1,30.57,40,0
ITEM003197,ORD001715,PROD0279,2,383.3,50,0
ITEM003198,ORD001715,PROD0170,3,25.7,40,0
ITEM003199,ORD002514,PROD0151,1,31.73,0,0
ITEM003200,ORD002514,PROD0287,1,1393.74,0,0
ITEM003201,ORD002514,PROD0025,2,17.13,50,0
ITEM003202,ORD000897,PROD0067,3,92.8,50,0
ITEM003203,ORD000897,PROD0024,2,8.25,0,0
ITEM003204,ORD000897,PROD0134,1,18.61,30,0
ITEM003205,ORD002237,PROD0305,1,661.85,40,0
ITEM003206,ORD002237,PROD0423,2,91.45,0,0
ITEM003207,ORD002237,PROD0103,1,20.75,25,0
ITEM003208,ORD002237,PROD0372,1,620.3,50,0
ITEM003209,ORD002237,PROD0371,1,582.67,5,0
ITEM003210,ORD004582,PROD0464,-1,346.76,0,1
ITEM003211,ORD003351,PROD0432,2,295.35,5,0
ITEM003212,ORD003351,PROD0034,1,6.67,50,0
ITEM003213,ORD003351,PROD0092,4,150.56,20,0
ITEM003214,ORD004411,PROD0484,1,16.79,50,0
ITEM003215,ORD004411,PROD0111,1,171.71,20,0
ITEM003216,ORD002459,PROD0105,1,172.29,0,0
ITEM003217,ORD002459,PROD0227,2,54.57,10,0
ITEM003218,ORD004606,PROD0067,1,96.09,25,0
ITEM003219,ORD002823,PROD0478,3,1456.09,40,0
ITEM003220,ORD002823,PROD0078,1,1655.07,0,0
ITEM003221,ORD001240,PROD0230,1,6.41,5,0
ITEM003222,ORD001240,PROD0073,1,118.87,0,0
ITEM003223,ORD002593,PROD0106,2,549.84,20,0
ITEM003224,ORD002593,PROD0137,1,225.18,10,0
ITEM003225,ORD000254,PROD0277,4,909.26,10,0
ITEM003226,ORD004030,PROD0147,3,620.37,10,0
ITEM003227,ORD004030,PROD0084,4,1556.66,30,0
ITEM003228,ORD004030,PROD0366,1,878.7,0,0
ITEM003229,ORD004030,PROD0132,1,65.34,50,0
ITEM003230,ORD004486,PROD0131,2,32.74,0,0
ITEM003231,ORD004486,PROD0115,2,33.08,20,0
ITEM003232,ORD004486,PROD0195,1,61.83,25,0
ITEM003233,ORD001501,PROD0182,1,810.75,15,0
ITEM003234,ORD001501,PROD0232,1,24.59,5,0
ITEM003235,ORD001501,PROD0227,1,55.63,25,0
ITEM003236,ORD001501,PROD0055,1,63.17,0,0
ITEM003237,ORD001501,PROD0237,3,717.47,10,0
ITEM003238,ORD001973,PROD0236,3,884.31,10,0
ITEM003239,ORD001973,PROD0058,1,761.97,10,0
ITEM003240,ORD001973,PROD0430,1,170.38,10,0
ITEM003241,ORD001973,PROD0299,1,1977.79,30,0
ITEM003242,ORD004244,PROD0219,2,996.58,30,0
ITEM003243,ORD004244,PROD0186,2,37.23,0,0
ITEM003244,ORD004244,PROD0130,2,343.52,25,0
ITEM003245,ORD000365,PROD0208,1,469.17,50,0
ITEM003246,ORD000365,PROD0181,1,65.21,20,0
ITEM003247,ORD000365,PROD0135,1,154.73,20,0
ITEM003248,ORD000895,PROD0332,-1,1292.57,10,1
ITEM003249,ORD000895,PROD0462,-1,103.71,0,1
ITEM003250,ORD000335,PROD0467,3,749.36,25,0
ITEM003251,ORD000335,PROD0208,1,458.86,25,0
ITEM003252,ORD000335,PROD0124,2,1196.31,30,0
ITEM003253,ORD000335,PROD0211,2,90.25,10,0
ITEM003254,ORD001126,PROD0365,2,216.01,15,0
ITEM003255,ORD001126,PROD0139,1,1438.44,15,0
ITEM003256,ORD001126,PROD0349,2,676.85,0,0
ITEM003257,ORD001126,PROD0014,1,324.67,5,0
ITEM003258,ORD002373,PROD0182,1,802.54,0,0
ITEM003259,ORD002373,PROD0495,1,78.78,40,0
ITEM003260,ORD003081,PROD0366,1,902.51,20,0
ITEM003261,ORD003081,PROD0223,1,149.45,15,0
ITEM003262,ORD003081,PROD0005,3,677.72,40,0
ITEM003263,ORD003081,PROD0111,1,171.93,40,0
ITEM003264,ORD004505,PROD0499,1,40.82,25,0
ITEM003265,ORD001087,PROD0252,1,22.31,50,0
ITEM003266,ORD003274,PROD0287,1,1318.5,50,0
ITEM003267,ORD003274,PROD0077,1,958.67,25,0
ITEM003268,ORD001797,PROD0184,2,26.83,50,0
ITEM003269,ORD001797,PROD0304,1,114.59,50,0
ITEM003270,ORD000909,PROD0470,1,21.84,5,0
ITEM003271,ORD000909,PROD0298,1,21.38,15,0
ITEM003272,ORD000759,PROD0444,3,9.46,40,0
ITEM003273,ORD002818,PROD0269,1,1140.41,50,0
ITEM003274,ORD003915,PROD0137,3,226.57,20,0
ITEM003275,ORD003915,PROD0389,3,141.82,25,0
ITEM003276,ORD004110,PROD0186,1,37.07,15,0
ITEM003277,ORD004110,PROD0469,1,114.48,10,0
ITEM003278,ORD004110,PROD0099,1,13.45,20,0
ITEM003279,ORD002868,PROD0186,1,36.63,10,0
ITEM003280,ORD002868,PROD0469,2,114.49,0,0
ITEM003281,ORD000086,PROD0422,2,16.18,0,0
ITEM003282,ORD000086,PROD0470,1,22.19,25,0
ITEM003283,ORD000086,PROD0131,2,32.54,0,0
ITEM003284,ORD000086,PROD0184,1,28.02,25,0
ITEM003285,ORD000086,PROD0249,1,7.74,30,0
ITEM003286,ORD002992,PROD0075,1,14.4,0,0
ITEM003287,ORD002992,PROD0122,1,521.33,0,0
ITEM003288,ORD002992,PROD0374,1,107.83,15,0
ITEM003289,ORD002992,PROD0132,1,66.51,0,0
ITEM003290,ORD002992,PROD0346,4,47.75,0,0
ITEM003291,ORD001440,PROD0242,3,4.64,5,0
ITEM003292,ORD001440,PROD0298,4,22.03,10,0
ITEM003293,ORD001440,PROD0153,1,57.53,40,0
ITEM003294,ORD001440,PROD0383,3,1271.57,10,0
ITEM003295,ORD001440,PROD0034,4,6.82,10,0
ITEM003296,ORD001003,PROD0011,2,940.25,10,0
ITEM003297,ORD001003,PROD0308,2,20.27,0,0
ITEM003298,ORD001003,PROD0118,2,33.49,0,0
ITEM003299,ORD001003,PROD0397,1,573.5,30,0
ITEM003300,ORD004023,PROD0374,4,105.06,30,0
ITEM003301,ORD004023,PROD0304,2,112.75,40,0
ITEM003302,ORD004023,PROD0002,1,1491.46,50,0
ITEM003303,ORD003846,PROD0277,1,921.06,50,0
ITEM003304,ORD001596,PROD0030,1,402.12,20,0
ITEM003305,ORD001596,PROD0177,1,100.97,0,0
ITEM003306,ORD003513,PROD0142,3,30.53,0,0
ITEM003307,ORD003513,PROD0063,2,17.59,5,0
ITEM003308,ORD003513,PROD0233,1,820.55,40,0
ITEM003309,ORD003513,PROD0014,2,308.56,0,0
ITEM003310,ORD003513,PROD0275,2,114.5,0,0
ITEM003311,ORD001597,PROD0297,1,15.39,30,0
ITEM003312,ORD001597,PROD0179,1,382.16,5,0
ITEM003313,ORD002859,PROD0186,1,37.17,0,0
ITEM003314,ORD003343,PROD0165,1,6.5,25,0
ITEM003315,ORD003343,PROD0481,1,103.38,25,0
ITEM003316,ORD003343,PROD0155,1,1118.16,15,0
ITEM003317,ORD003343,PROD0154,2,118.59,25,0
ITEM003318,ORD002207,PROD0132,1,68.23,20,0
ITEM003319,ORD002207,PROD0227,1,53.77,0,0
ITEM003320,ORD000914,PROD0177,1,100.36,5,0
ITEM003321,ORD000288,PROD0150,2,448.03,25,0
ITEM003322,ORD001716,PROD0128,1,31.61,10,0
ITEM003323,ORD002505,PROD0170,2,26.3,15,0
ITEM003324,ORD001502,PROD0051,1,148.05,0,0
ITEM003325,ORD001502,PROD0027,1,78.23,10,0
ITEM003326,ORD003099,PROD0247,3,196.21,5,0
ITEM003327,ORD003099,PROD0076,3,894.35,10,0
ITEM003328,ORD003099,PROD0254,1,7.71,20,0
ITEM003329,ORD003460,PROD0331,2,84.15,20,0
ITEM003330,ORD003460,PROD0034,1,6.79,15,0
ITEM003331,ORD003460,PROD0003,1,59.83,30,0
ITEM003332,ORD003460,PROD0052,4,143.5,25,0
ITEM003333,ORD000601,PROD0219,4,959.07,15,0
ITEM003334,ORD000601,PROD0186,1,36.32,10,0
ITEM003335,ORD002774,PROD0186,1,37.01,50,0
ITEM003336,ORD002774,PROD0469,1,110.94,40,0
ITEM003337,ORD002774,PROD0134,2,18.33,25,0
ITEM003338,ORD002774,PROD0206,2,68.57,15,0
ITEM003339,ORD002774,PROD0315,1,11.17,25,0
ITEM003340,ORD001978,PROD0086,1,233.53,50,0
ITEM003341,ORD001978,PROD0379,1,14.79,0,0
ITEM003342,ORD001978,PROD0181,2,64.93,10,0
ITEM003343,ORD000426,PROD0275,1,110.67,20,0
ITEM003344,ORD000426,PROD0086,1,225.43,40,0
ITEM003345,ORD002794,PROD0469,1,112.94,0,0
ITEM003346,ORD002794,PROD0277,2,891.7,0,0
ITEM003347,ORD002794,PROD0233,1,822.31,5,0
ITEM003348,ORD002794,PROD0485,1,55.15,25,0
ITEM003349,ORD002794,PROD0190,2,458.19,30,0
ITEM003350,ORD002990,PROD0135,1,158.98,0,0
ITEM003351,ORD002990,PROD0315,1,11.23,50,0
ITEM003352,ORD002990,PROD0105,1,179.35,0,0
ITEM003353,ORD002990,PROD0347,1,18.11,20,0
ITEM003354,ORD003411,PROD0076,-1,869.42,50,1
ITEM003355,ORD003836,PROD0142,1,29.53,15,0
ITEM003356,ORD003836,PROD0458,1,907.81,0,0
ITEM003357,ORD002882,PROD0006,2,5.53,0,0
ITEM003358,ORD002882,PROD0073,1,113.38,15,0
ITEM003359,ORD003512,PROD0208,1,461.79,5,0
ITEM003360,ORD001235,PROD0332,-1,1304.02,50,1
ITEM003361,ORD003613,PROD0109,1,1287.13,40,0
ITEM003362,ORD003613,PROD0158,1,82.72,40,0
ITEM003363,ORD003356,PROD0006,3,5.31,40,0
ITEM003364,ORD003356,PROD0389,4,142.51,10,0
ITEM003365,ORD003356,PROD0141,3,19.38,0,0
ITEM003366,ORD003356,PROD0045,2,199.69,25,0
ITEM003367,ORD003356,PROD0333,1,24.41,50,0
ITEM003368,ORD003208,PROD0156,2,193.5,5,0
ITEM003369,ORD003208,PROD0171,1,51.12,0,0
ITEM003370,ORD003208,PROD0282,3,30.05,10,0
ITEM003371,ORD002802,PROD0384,1,1529.9,5,0
ITEM003372,ORD002802,PROD0445,2,1505.68,10,0
ITEM003373,ORD002802,PROD0018,2,1139.93,0,0
ITEM003374,ORD002802,PROD0177,1,100.34,0,0
ITEM003375,ORD002651,PROD0237,1,717.98,25,0
ITEM003376,ORD002651,PROD0136,2,17.74,40,0
ITEM003377,ORD004295,PROD0478,1,1492.33,30,0
ITEM003378,ORD004573,PROD0073,1,116.8,20,0
ITEM003379,ORD004573,PROD0115,1,33.95,30,0
ITEM003380,ORD002682,PROD0137,2,226.35,5,0
ITEM003381,ORD002682,PROD0389,3,147.84,25,0
ITEM003382,ORD003362,PROD0344,1,2256.45,0,0
ITEM003383,ORD000545,PROD0030,1,411.79,10,0
ITEM003384,ORD000545,PROD0177,1,98.03,10,0
ITEM003385,ORD003565,PROD0241,-3,48.42,10,1
ITEM003386,ORD003999,PROD0282,2,30.18,15,0
ITEM003387,ORD003999,PROD0349,3,674.49,50,0
ITEM003388,ORD001517,PROD0297,1,14.9,0,0
ITEM003389,ORD001517,PROD0179,1,379.73,0,0
ITEM003390,ORD001517,PROD0078,1,1670.55,15,0
ITEM003391,ORD000877,PROD0415,1,1464.89,40,0
ITEM003392,ORD000877,PROD0346,2,46.6,10,0
ITEM003393,ORD000877,PROD0111,4,166.05,0,0
ITEM003394,ORD000877,PROD0361,4,874.43,15,0
ITEM003395,ORD004000,PROD0099,1,13.27,0,0
ITEM003396,ORD004408,PROD0063,1,17.07,0,0
ITEM003397,ORD001752,PROD0074,1,31.69,5,0
ITEM003398,ORD004147,PROD0022,1,124.11,0,0
ITEM003399,ORD004147,PROD0012,1,103.09,10,0
ITEM003400,ORD004147,PROD0088,2,88.49,40,0
ITEM003401,ORD003984,PROD0045,1,200.76,30,0
ITEM003402,ORD003984,PROD0470,1,21.9,40,0
ITEM003403,ORD003348,PROD0085,1,846.03,0,0
ITEM003404,ORD003348,PROD0124,3,1223.96,30,0
ITEM003405,ORD003348,PROD0345,3,14.6,10,0
ITEM003406,ORD003348,PROD0227,1,53.85,10,0
ITEM003407,ORD003348,PROD0177,1,96.47,40,0
ITEM003408,ORD004209,PROD0172,1,750.07,20,0
ITEM003409,ORD004209,PROD0444,4,9.7,50,0
ITEM003410,ORD002145,PROD0413,1,379.52,0,0
ITEM003411,ORD002145,PROD0076,1,903.07,40,0
ITEM003412,ORD002145,PROD0030,1,401.79,20,0
ITEM003413,ORD002145,PROD0349,3,662.29,50,0
ITEM003414,ORD002145,PROD0461,2,977.44,5,0
ITEM003415,ORD003539,PROD0006,4,5.52,5,0
ITEM003416,ORD003539,PROD0073,1,117.89,0,0
ITEM003417,ORD003539,PROD0186,1,37.8,10,0
ITEM003418,ORD003539,PROD0263,1,64.57,10,0
ITEM003419,ORD003539,PROD0077,2,927.15,0,0
ITEM003420,ORD001137,PROD0130,3,332.66,0,0
ITEM003421,ORD001137,PROD0034,3,6.73,10,0
ITEM003422,ORD002003,PROD0482,3,514.03,0,0
ITEM003423,ORD002003,PROD0030,1,399.35,20,0
ITEM003424,ORD003522,PROD0402,1,8.33,40,0
ITEM003425,ORD003522,PROD0249,1,7.83,0,0
ITEM003426,ORD003522,PROD0254,2,7.68,5,0
ITEM003427,ORD004652,PROD0121,1,1142.24,10,0
ITEM003428,ORD003727,PROD0440,1,206.61,25,0
ITEM003429,ORD003727,PROD0429,2,146.62,30,0
ITEM003430,ORD004152,PROD0468,1,2671.12,0,0
ITEM003431,ORD004219,PROD0147,1,607.56,50,0
ITEM003432,ORD004219,PROD0208,4,463.15,20,0
ITEM003433,ORD000133,PROD0469,2,110.48,20,0
ITEM003434,ORD000133,PROD0366,1,875.78,0,0
ITEM003435,ORD001875,PROD0318,-1,502.55,15,1
ITEM003436,ORD001070,PROD0135,1,160.5,0,0
ITEM003437,ORD001070,PROD0315,1,10.85,10,0
ITEM003438,ORD001070,PROD0280,4,1077.39,10,0
ITEM003439,ORD000784,PROD0166,1,1043.29,20,0
ITEM003440,ORD004272,PROD0298,2,22.22,40,0
ITEM003441,ORD004272,PROD0349,2,665.07,40,0
ITEM003442,ORD004272,PROD0142,1,29.5,40,0
ITEM003443,ORD004272,PROD0062,1,334.82,10,0
ITEM003444,ORD003616,PROD0295,1,256.12,20,0
ITEM003445,ORD003616,PROD0487,1,237.5,0,0
ITEM003446,ORD000862,PROD0404,1,70.19,0,0
ITEM003447,ORD000862,PROD0478,1,1484.74,10,0
ITEM003448,ORD000862,PROD0346,1,47.17,10,0
ITEM003449,ORD001154,PROD0074,2,32.08,15,0
ITEM003450,ORD001154,PROD0184,2,27.1,5,0
ITEM003451,ORD001154,PROD0119,1,15.94,40,0
ITEM003452,ORD000340,PROD0497,3,51.43,0,0
ITEM003453,ORD000340,PROD0095,1,520.15,40,0
ITEM003454,ORD000340,PROD0030,3,400.36,5,0
ITEM003455,ORD000340,PROD0073,2,113.07,50,0
ITEM003456,ORD002866,PROD0477,1,215.56,0,0
ITEM003457,ORD002866,PROD0349,2,685.6,10,0
ITEM003458,ORD002867,PROD0105,1,173.81,40,0
ITEM003459,ORD002867,PROD0227,2,54.89,10,0
ITEM003460,ORD003510,PROD0471,1,1075.81,40,0
ITEM003461,ORD003084,PROD0034,1,6.51,10,0
ITEM003462,ORD003084,PROD0016,1,392.55,15,0
ITEM003463,ORD003084,PROD0030,2,397.61,0,0
ITEM003464,ORD004009,PROD0208,2,471.78,0,0
ITEM003465,ORD003456,PROD0403,2,309.75,0,0
ITEM003466,ORD001519,PROD0308,2,20.7,0,0
ITEM003467,ORD001519,PROD0342,4,582.39,30,0
ITEM003468,ORD001090,PROD0181,1,65.88,0,0
ITEM003469,ORD000115,PROD0301,1,239.71,0,0
ITEM003470,ORD000163,PROD0376,1,158.28,25,0
ITEM003471,ORD001827,PROD0016,2,403.12,10,0
ITEM003472,ORD001827,PROD0181,2,65.89,10,0
ITEM003473,ORD001001,PROD0030,1,393.33,50,0
ITEM003474,ORD001001,PROD0176,1,751.91,0,0
ITEM003475,ORD002957,PROD0184,1,26.79,10,0
ITEM003476,ORD002957,PROD0304,1,110.62,50,0
ITEM003477,ORD002957,PROD0103,1,21.14,20,0
ITEM003478,ORD001102,PROD0184,1,27.26,40,0
ITEM003479,ORD001102,PROD0304,3,116.64,0,0
ITEM003480,ORD001102,PROD0159,2,52.65,20,0
ITEM003481,ORD001102,PROD0089,1,172.96,5,0
ITEM003482,ORD002918,PROD0215,1,15.37,0,0
ITEM003483,ORD003481,PROD0135,1,159.59,10,0
ITEM003484,ORD003481,PROD0315,1,11.17,0,0
ITEM003485,ORD004616,PROD0181,1,67.99,50,0
ITEM003486,ORD004616,PROD0432,2,303.81,0,0
ITEM003487,ORD000860,PROD0393,1,38.57,0,0
ITEM003488,ORD000418,PROD0296,2,1281.45,50,0
ITEM003489,ORD000418,PROD0254,3,7.75,0,0
ITEM003490,ORD000418,PROD0374,2,106.76,25,0
ITEM003491,ORD000418,PROD0408,1,23.5,30,0
ITEM003492,ORD001272,PROD0496,2,7.21,40,0
ITEM003493,ORD001272,PROD0259,1,1259.91,10,0
ITEM003494,ORD004259,PROD0261,2,18.77,5,0
ITEM003495,ORD004259,PROD0447,1,1107.62,0,0
ITEM003496,ORD004259,PROD0277,1,892.27,40,0
ITEM003497,ORD002758,PROD0147,-3,621.58,30,1
ITEM003498,ORD003357,PROD0444,1,9.62,30,0
ITEM003499,ORD003357,PROD0237,2,707.64,20,0
ITEM003500,ORD003357,PROD0434,1,42.97,0,0
ITEM003501,ORD003357,PROD0016,2,404.28,20,0
ITEM003502,ORD004169,PROD0132,1,66.38,0,0
ITEM003503,ORD004169,PROD0227,1,55.32,0,0
ITEM003504,ORD003665,PROD0097,2,540.66,0,0
ITEM003505,ORD003665,PROD0379,2,15.05,5,0
ITEM003506,ORD001922,PROD0496,1,6.92,25,0
ITEM003507,ORD001190,PROD0275,1,114.1,15,0
ITEM003508,ORD001190,PROD0086,2,223.72,20,0
ITEM003509,ORD000456,PROD0260,1,1291.83,15,0
ITEM003510,ORD000456,PROD0484,1,17.19,15,0
ITEM003511,ORD000456,PROD0343,4,64.73,0,0
ITEM003512,ORD000456,PROD0304,4,115.87,0,0
ITEM003513,ORD000303,PROD0432,2,305.04,0,0
ITEM003514,ORD000303,PROD0193,2,952.64,20,0
ITEM003515,ORD002398,PROD0360,1,468.12,5,0
ITEM003516,ORD002398,PROD0009,1,17.42,40,0
ITEM003517,ORD004663,PROD0132,1,67.21,10,0
ITEM003518,ORD004663,PROD0227,1,55.76,40,0
ITEM003519,ORD004663,PROD0321,1,290.09,0,0
ITEM003520,ORD004663,PROD0285,2,42.37,5,0
ITEM003521,ORD004663,PROD0213,1,12.41,0,0
ITEM003522,ORD004166,PROD0260,1,1302.53,10,0
ITEM003523,ORD004166,PROD0220,3,102.83,10,0
ITEM003524,ORD003960,PROD0349,1,671.29,15,0
ITEM003525,ORD003960,PROD0372,1,594.34,0,0
ITEM003526,ORD003960,PROD0415,2,1525.59,30,0
ITEM003527,ORD000512,PROD0132,1,64.83,40,0
ITEM003528,ORD000512,PROD0227,1,56.08,10,0
ITEM003529,ORD002330,PROD0179,2,379.68,0,0
ITEM003530,ORD002330,PROD0228,1,119.96,50,0
ITEM003531,ORD002939,PROD0237,1,716.19,0,0
ITEM003532,ORD002939,PROD0136,4,17.75,0,0
ITEM003533,ORD002967,PROD0147,3,632.97,0,0
ITEM003534,ORD002641,PROD0287,2,1323.63,0,0
ITEM003535,ORD003363,PROD0105,1,169.63,5,0
ITEM003536,ORD003363,PROD0227,4,53.82,15,0
ITEM003537,ORD003363,PROD0111,1,170.2,20,0
ITEM003538,ORD003748,PROD0203,4,355.58,5,0
ITEM003539,ORD003748,PROD0159,1,51.86,20,0
ITEM003540,ORD003748,PROD0094,1,13.08,0,0
ITEM003541,ORD003748,PROD0380,1,49.26,0,0
ITEM003542,ORD000786,PROD0364,2,1810.51,25,0
ITEM003543,ORD003256,PROD0181,1,65.39,0,0
ITEM003544,ORD003256,PROD0258,1,201.92,10,0
ITEM003545,ORD001768,PROD0177,1,99.5,25,0
ITEM003547,ORD001768,PROD0274,1,71.87,20,0
ITEM003548,ORD001768,PROD0254,3,7.52,10,0
ITEM003549,ORD001820,PROD0432,2,307.74,15,0
ITEM003550,ORD001820,PROD0193,2,939.21,40,0
ITEM003551,ORD001820,PROD0374,1,107.26,20,0
ITEM003552,ORD001820,PROD0129,2,368.65,0,0
ITEM003553,ORD004390,PROD0006,2,5.47,0,0
ITEM003554,ORD004390,PROD0073,1,115.52,50,0
ITEM003555,ORD003052,PROD0132,1,64.72,25,0
ITEM003556,ORD003052,PROD0381,2,29.01,25,0
ITEM003557,ORD003052,PROD0153,2,58.28,30,0
ITEM003558,ORD003052,PROD0141,1,19.52,5,0
ITEM003559,ORD000346,PROD0120,1,180.35,5,0
ITEM003560,ORD000346,PROD0088,1,89.69,15,0
ITEM003561,ORD000346,PROD0267,1,50.87,10,0
ITEM003562,ORD004101,PROD0415,2,1527.09,5,0
ITEM003563,ORD002614,PROD0015,1,473.84,10,0
ITEM003564,ORD002614,PROD0485,1,56.93,30,0
ITEM003565,ORD003985,PROD0099,1,12.91,10,0
ITEM003566,ORD001325,PROD0007,1,17.03,40,0
ITEM003567,ORD001940,PROD0148,1,38.06,40,0
ITEM003568,ORD001940,PROD0415,1,1464.07,0,0
ITEM003569,ORD000590,PROD0211,2,90.03,30,0
ITEM003570,ORD000501,PROD0132,4,66.06,10,0
ITEM003571,ORD000501,PROD0227,1,55.68,25,0
ITEM003572,ORD001508,PROD0062,1,334.92,5,0
ITEM003573,ORD001508,PROD0159,1,50.73,50,0
ITEM003574,ORD001508,PROD0182,2,803.94,40,0
ITEM003575,ORD001815,PROD0482,1,515.51,30,0
ITEM003576,ORD001815,PROD0030,1,395.1,5,0
ITEM003577,ORD003355,PROD0477,1,215.66,10,0
ITEM003578,ORD003355,PROD0172,2,765.63,0,0
ITEM003579,ORD003355,PROD0359,1,38.39,10,0
ITEM003580,ORD001696,PROD0105,2,171.36,20,0
ITEM003581,ORD001696,PROD0227,1,56.58,0,0
ITEM003582,ORD001696,PROD0327,2,521.36,50,0
ITEM003583,ORD001696,PROD0101,1,381.0,15,0
ITEM003584,ORD001696,PROD0033,4,106.54,0,0
ITEM003585,ORD000533,PROD0383,1,1339.25,10,0
ITEM003586,ORD000533,PROD0459,1,40.2,0,0
ITEM003587,ORD004729,PROD0113,1,44.88,20,0
ITEM003588,ORD004729,PROD0119,1,15.99,40,0
ITEM003589,ORD002343,PROD0134,1,18.44,10,0
ITEM003590,ORD002343,PROD0440,1,210.59,0,0
ITEM003591,ORD000385,PROD0403,1,303.69,10,0
ITEM003592,ORD000385,PROD0025,1,16.21,10,0
ITEM003593,ORD000385,PROD0328,1,16.17,20,0
ITEM003594,ORD000385,PROD0022,2,123.47,40,0
ITEM003595,ORD002109,PROD0025,4,16.25,0,0
ITEM003596,ORD002109,PROD0100,4,1322.72,0,0
ITEM003597,ORD002109,PROD0424,4,23.43,0,0
ITEM003598,ORD002109,PROD0096,3,880.72,0,0
ITEM003599,ORD003526,PROD0327,1,520.54,50,0
ITEM003600,ORD003526,PROD0285,1,44.06,40,0
ITEM003601,ORD001642,PROD0187,-1,139.62,0,1
ITEM003602,ORD002678,PROD0347,1,18.05,15,0
ITEM003603,ORD002678,PROD0204,1,1411.21,10,0
ITEM003604,ORD002678,PROD0025,2,16.78,10,0
ITEM003605,ORD004588,PROD0025,2,16.33,15,0
ITEM003606,ORD002731,PROD0450,2,1824.86,0,0
ITEM003607,ORD002731,PROD0303,1,47.93,25,0
ITEM003608,ORD002731,PROD0469,1,113.65,10,0
ITEM003609,ORD000197,PROD0030,3,401.8,0,0
ITEM003610,ORD000197,PROD0177,1,96.03,5,0
ITEM003611,ORD004289,PROD0005,2,654.75,10,0
ITEM003612,ORD004289,PROD0062,2,332.73,15,0
ITEM003613,ORD002161,PROD0432,1,298.32,10,0
ITEM003614,ORD002161,PROD0193,1,961.31,0,0
ITEM003615,ORD002161,PROD0460,1,28.3,40,0
ITEM003616,ORD002161,PROD0164,4,1662.88,30,0
ITEM003617,ORD002161,PROD0156,1,189.25,30,0
ITEM003618,ORD002796,PROD0106,1,553.0,0,0
ITEM003619,ORD002796,PROD0137,2,231.35,10,0
ITEM003620,ORD001007,PROD0440,1,206.38,50,0
ITEM003621,ORD001007,PROD0215,2,15.87,50,0
ITEM003622,ORD004063,PROD0105,2,178.4,0,0
ITEM003623,ORD004063,PROD0227,3,53.83,5,0
ITEM003624,ORD004063,PROD0339,1,272.34,50,0
ITEM003625,ORD004063,PROD0202,1,7.08,20,0
ITEM003626,ORD003971,PROD0366,1,867.86,40,0
ITEM003627,ORD003207,PROD0202,2,7.0,50,0
ITEM003628,ORD003207,PROD0444,1,9.37,10,0
ITEM003629,ORD003207,PROD0401,3,15.01,10,0
ITEM003630,ORD001158,PROD0497,1,53.37,0,0
ITEM003631,ORD003810,PROD0229,2,1734.83,30,0
ITEM003632,ORD001436,PROD0277,1,917.59,10,0
ITEM003633,ORD001436,PROD0234,3,22.5,0,0
ITEM003634,ORD001436,PROD0193,1,960.2,0,0
ITEM003635,ORD004450,PROD0195,1,64.12,0,0
ITEM003636,ORD000858,PROD0413,1,386.52,15,0
ITEM003637,ORD000858,PROD0177,3,100.33,5,0
ITEM003638,ORD001033,PROD0090,4,1201.15,30,0
ITEM003639,ORD001033,PROD0130,2,329.15,15,0
ITEM003640,ORD001033,PROD0315,1,11.2,0,0
ITEM003641,ORD003575,PROD0303,2,48.73,30,0
ITEM003642,ORD003575,PROD0174,2,110.47,15,0
ITEM003643,ORD001639,PROD0373,-1,271.43,20,1
ITEM003644,ORD003676,PROD0083,1,41.98,25,0
ITEM003645,ORD003676,PROD0115,1,32.45,40,0
ITEM003646,ORD000051,PROD0191,1,91.97,20,0
ITEM003647,ORD000051,PROD0284,2,970.73,25,0
ITEM003648,ORD003562,PROD0121,-4,1198.07,30,1
ITEM003649,ORD002945,PROD0012,1,99.41,20,0
ITEM003650,ORD002945,PROD0275,1,110.82,0,0
ITEM003651,ORD003598,PROD0430,4,178.24,0,0
ITEM003652,ORD003598,PROD0360,1,485.2,10,0
ITEM003653,ORD003598,PROD0482,1,511.1,30,0
ITEM003654,ORD003598,PROD0149,4,1228.79,0,0
ITEM003655,ORD003598,PROD0135,1,157.93,15,0
ITEM003656,ORD001091,PROD0403,1,299.97,5,0
ITEM003657,ORD001091,PROD0056,1,1384.66,0,0
ITEM003658,ORD001091,PROD0047,1,119.26,5,0
ITEM003659,ORD001091,PROD0415,4,1479.89,50,0
ITEM003660,ORD001091,PROD0446,3,208.59,0,0
ITEM003661,ORD002703,PROD0219,4,986.85,20,0
ITEM003662,ORD002703,PROD0186,1,37.62,0,0
ITEM003663,ORD002703,PROD0075,1,14.69,30,0
ITEM003664,ORD001594,PROD0418,1,1498.67,20,0
ITEM003665,ORD001594,PROD0193,1,938.89,40,0
ITEM003666,ORD003628,PROD0090,2,1152.65,10,0
ITEM003667,ORD003628,PROD0017,1,61.48,5,0
ITEM003668,ORD003628,PROD0445,2,1586.74,30,0
ITEM003669,ORD002324,PROD0489,1,36.8,40,0
ITEM003670,ORD002324,PROD0103,3,20.44,40,0
ITEM003671,ORD002944,PROD0255,3,64.15,15,0
ITEM003672,ORD000516,PROD0202,2,6.96,40,0
ITEM003673,ORD000516,PROD0444,1,9.65,0,0
ITEM003674,ORD000516,PROD0374,1,108.39,30,0
ITEM003675,ORD000516,PROD0425,1,82.67,0,0
ITEM003676,ORD003182,PROD0232,1,25.21,40,0
ITEM003677,ORD003182,PROD0219,2,982.91,0,0
ITEM003678,ORD003182,PROD0081,1,60.83,25,0
ITEM003679,ORD000028,PROD0130,1,329.17,0,0
ITEM003680,ORD000028,PROD0034,3,6.55,0,0
ITEM003681,ORD000028,PROD0345,2,14.74,5,0
ITEM003682,ORD000028,PROD0219,2,994.02,30,0
ITEM003683,ORD004012,PROD0051,2,147.82,10,0
ITEM003684,ORD004012,PROD0441,4,726.74,15,0
ITEM003685,ORD004012,PROD0374,1,106.42,0,0
ITEM003686,ORD004012,PROD0478,2,1534.2,25,0
ITEM003687,ORD004292,PROD0030,2,411.07,0,0
ITEM003688,ORD004292,PROD0177,3,97.28,50,0
ITEM003689,ORD002768,PROD0007,2,17.2,0,0
ITEM003690,ORD003094,PROD0097,1,526.27,50,0
ITEM003691,ORD003094,PROD0106,3,526.51,10,0
ITEM003692,ORD003094,PROD0001,1,279.54,40,0
ITEM003693,ORD003094,PROD0154,2,121.33,0,0
ITEM003694,ORD001769,PROD0204,1,1401.58,30,0
ITEM003695,ORD001769,PROD0344,2,2178.2,0,0
ITEM003696,ORD003594,PROD0237,2,715.51,50,0
ITEM003697,ORD003594,PROD0136,1,16.74,10,0
ITEM003698,ORD001903,PROD0282,3,29.72,25,0
ITEM003699,ORD001903,PROD0377,1,226.85,10,0
ITEM003700,ORD001903,PROD0011,3,988.09,5,0
ITEM003701,ORD001903,PROD0252,4,22.66,30,0
ITEM003702,ORD001903,PROD0012,1,100.27,10,0
ITEM003703,ORD003122,PROD0089,2,171.8,0,0
ITEM003704,ORD003122,PROD0117,1,371.73,0,0
ITEM003705,ORD001622,PROD0142,1,30.7,15,0
ITEM003706,ORD001622,PROD0384,2,1606.12,40,0
ITEM003707,ORD001622,PROD0489,4,37.53,50,0
ITEM003708,ORD001622,PROD0379,3,14.86,50,0
ITEM003709,ORD001622,PROD0155,3,1105.89,10,0
ITEM003710,ORD002526,PROD0264,-1,33.55,10,1
ITEM003711,ORD002526,PROD0164,-1,1685.05,0,1
ITEM003712,ORD002402,PROD0097,1,544.9,20,0
ITEM003713,ORD002402,PROD0331,2,85.32,10,0
ITEM003714,ORD002402,PROD0014,1,324.35,30,0
ITEM003715,ORD001708,PROD0219,2,959.72,40,0
ITEM003716,ORD001708,PROD0186,2,35.89,15,0
ITEM003717,ORD002653,PROD0190,4,455.77,25,0
ITEM003718,ORD002653,PROD0012,3,101.01,25,0
ITEM003719,ORD002653,PROD0429,3,144.84,50,0
ITEM003720,ORD004096,PROD0086,1,231.65,0,0
ITEM003721,ORD003025,PROD0297,3,14.97,25,0
ITEM003722,ORD003025,PROD0259,2,1266.55,25,0
ITEM003723,ORD003025,PROD0069,1,441.06,5,0
ITEM003724,ORD003025,PROD0371,1,588.15,0,0
ITEM003725,ORD003025,PROD0379,1,14.61,25,0
ITEM003726,ORD001842,PROD0285,2,43.43,25,0
ITEM003727,ORD001842,PROD0134,1,18.17,5,0
ITEM003728,ORD001842,PROD0153,1,55.27,30,0
ITEM003729,ORD002755,PROD0467,1,741.12,0,0
ITEM003730,ORD002755,PROD0007,1,17.28,15,0
ITEM003731,ORD000253,PROD0002,4,1525.83,10,0
ITEM003732,ORD003630,PROD0335,2,148.22,40,0
ITEM003733,ORD001726,PROD0432,1,307.43,30,0
ITEM003734,ORD001726,PROD0034,1,6.59,10,0
ITEM003735,ORD001447,PROD0130,1,333.31,10,0
ITEM003736,ORD001447,PROD0034,1,6.57,0,0
ITEM003737,ORD003027,PROD0330,1,28.05,0,0
ITEM003738,ORD003027,PROD0312,2,1560.73,0,0
ITEM003739,ORD003027,PROD0343,1,65.38,0,0
ITEM003740,ORD003027,PROD0247,1,193.48,0,0
ITEM003741,ORD003983,PROD0226,1,1636.53,50,0
ITEM003742,ORD003884,PROD0148,2,38.52,15,0
ITEM003743,ORD001008,PROD0132,1,67.2,10,0
ITEM003744,ORD001008,PROD0227,1,56.66,40,0
ITEM003745,ORD001008,PROD0397,1,569.64,0,0
ITEM003746,ORD001327,PROD0469,1,114.34,15,0
ITEM003747,ORD001327,PROD0366,1,873.0,15,0
ITEM003748,ORD001327,PROD0009,2,17.75,0,0
ITEM003749,ORD000005,PROD0382,4,1523.71,10,0
ITEM003750,ORD002319,PROD0030,1,394.53,25,0
ITEM003751,ORD002319,PROD0177,1,98.22,40,0
ITEM003752,ORD001499,PROD0297,1,15.58,50,0
ITEM003753,ORD001499,PROD0179,1,389.03,10,0
ITEM003754,ORD002662,PROD0274,1,71.71,0,0
ITEM003755,ORD002662,PROD0447,1,1100.95,0,0
ITEM003756,ORD002662,PROD0339,1,274.23,0,0
ITEM003757,ORD001493,PROD0211,1,90.73,0,0
ITEM003758,ORD001293,PROD0160,3,179.96,50,0
ITEM003759,ORD001293,PROD0034,3,6.61,10,0
ITEM003760,ORD001293,PROD0481,1,102.93,10,0
ITEM003761,ORD001293,PROD0150,2,452.15,0,0
ITEM003762,ORD001293,PROD0199,2,18.59,40,0
ITEM003763,ORD004516,PROD0237,1,725.69,0,0
ITEM003764,ORD004516,PROD0136,1,17.27,40,0
ITEM003765,ORD004724,PROD0025,2,16.82,20,0
ITEM003766,ORD004724,PROD0075,4,14.51,0,0
ITEM003767,ORD004724,PROD0443,2,148.95,10,0
ITEM003768,ORD000949,PROD0143,1,1511.24,5,0
ITEM003769,ORD000960,PROD0364,1,1867.36,5,0
ITEM003770,ORD004139,PROD0202,1,6.75,0,0
ITEM003771,ORD004139,PROD0444,1,9.25,0,0
ITEM003772,ORD002962,PROD0134,1,17.84,40,0
ITEM003773,ORD004592,PROD0303,1,49.14,30,0
ITEM003774,ORD004592,PROD0483,1,28.56,20,0
ITEM003775,ORD000184,PROD0106,1,542.77,40,0
ITEM003776,ORD000184,PROD0137,1,227.65,25,0
ITEM003777,ORD000184,PROD0062,3,333.74,10,0
ITEM003778,ORD000184,PROD0021,1,357.14,40,0
ITEM003779,ORD000184,PROD0134,2,17.65,5,0
ITEM003780,ORD003372,PROD0311,2,15.5,0,0
ITEM003781,ORD003372,PROD0377,2,226.18,5,0
ITEM003782,ORD001573,PROD0012,1,99.67,0,0
ITEM003783,ORD003988,PROD0482,1,538.03,10,0
ITEM003784,ORD003988,PROD0030,2,393.52,0,0
ITEM003785,ORD001645,PROD0379,1,15.0,0,0
ITEM003786,ORD000998,PROD0469,1,111.91,40,0
ITEM003787,ORD000998,PROD0366,2,860.83,25,0
ITEM003788,ORD000998,PROD0159,1,50.65,5,0
ITEM003789,ORD004468,PROD0478,1,1483.11,30,0
ITEM003790,ORD001223,PROD0304,1,110.84,25,0
ITEM003791,ORD001223,PROD0459,2,40.14,0,0
ITEM003792,ORD001223,PROD0179,2,376.92,20,0
ITEM003793,ORD001223,PROD0209,1,28.9,5,0
ITEM003794,ORD002458,PROD0215,1,16.17,15,0
ITEM003795,ORD002458,PROD0137,1,225.18,0,0
ITEM003796,ORD004605,PROD0335,1,148.71,25,0
ITEM003797,ORD001930,PROD0132,3,66.13,10,0
ITEM003798,ORD001930,PROD0227,1,55.45,10,0
ITEM003799,ORD001930,PROD0346,3,47.82,0,0
ITEM003800,ORD000432,PROD0279,4,387.59,25,0
ITEM003801,ORD000432,PROD0028,1,128.94,0,0
ITEM003802,ORD001039,PROD0402,2,8.2,0,0
ITEM003803,ORD001939,PROD0190,3,462.78,15,0
ITEM003804,ORD003463,PROD0105,1,174.89,0,0
ITEM003805,ORD003463,PROD0227,1,55.37,50,0
ITEM003806,ORD003463,PROD0359,1,37.77,5,0
ITEM003807,ORD003463,PROD0376,1,159.06,10,0
ITEM003808,ORD003463,PROD0344,2,2230.72,25,0
ITEM003809,ORD004646,PROD0060,1,276.38,0,0
ITEM003810,ORD004646,PROD0444,2,9.66,25,0
ITEM003811,ORD004646,PROD0311,1,15.53,10,0
ITEM003812,ORD003995,PROD0297,2,15.25,10,0
ITEM003813,ORD003995,PROD0179,2,388.02,40,0
ITEM003814,ORD003995,PROD0379,2,14.93,30,0
ITEM003815,ORD003995,PROD0121,2,1132.77,20,0
ITEM003816,ORD003124,PROD0281,1,1532.32,20,0
ITEM003817,ORD003124,PROD0161,1,38.07,10,0
ITEM003818,ORD003124,PROD0485,1,56.03,10,0
ITEM003819,ORD002006,PROD0006,1,5.4,15,0
ITEM003820,ORD002006,PROD0389,1,141.64,0,0
ITEM003821,ORD000532,PROD0287,1,1380.95,20,0
ITEM003822,ORD000532,PROD0279,1,382.8,10,0
ITEM003823,ORD003171,PROD0186,1,37.74,50,0
ITEM003824,ORD003171,PROD0469,1,113.38,0,0
ITEM003825,ORD004674,PROD0202,1,6.77,10,0
ITEM003826,ORD004674,PROD0444,1,9.42,30,0
ITEM003827,ORD004014,PROD0163,1,384.05,40,0
ITEM003828,ORD004014,PROD0074,1,32.19,20,0
ITEM003829,ORD002947,PROD0193,1,916.54,30,0
ITEM003830,ORD002947,PROD0105,1,170.94,0,0
ITEM003831,ORD002388,PROD0333,1,24.57,0,0
ITEM003832,ORD002388,PROD0494,1,181.35,15,0
ITEM003833,ORD002388,PROD0089,3,173.7,40,0
ITEM003834,ORD000361,PROD0489,3,37.43,10,0
ITEM003835,ORD002463,PROD0132,3,64.65,50,0
ITEM003836,ORD002463,PROD0227,1,53.73,40,0
ITEM003837,ORD002463,PROD0112,1,1921.16,15,0
ITEM003838,ORD000396,PROD0131,1,31.61,0,0
ITEM003839,ORD000396,PROD0477,1,207.66,50,0
ITEM003840,ORD002817,PROD0060,1,274.56,10,0
ITEM003841,ORD002817,PROD0163,1,386.77,40,0
ITEM003842,ORD002817,PROD0260,2,1248.38,0,0
ITEM003843,ORD002817,PROD0082,1,552.0,0,0
ITEM003844,ORD002817,PROD0254,3,7.5,40,0
ITEM003845,ORD004659,PROD0078,1,1631.26,30,0
ITEM003846,ORD001904,PROD0142,3,29.6,50,0
ITEM003847,ORD001904,PROD0222,1,9.03,15,0
ITEM003848,ORD001904,PROD0089,4,176.87,20,0
ITEM003849,ORD001904,PROD0175,2,523.0,5,0
ITEM003850,ORD003733,PROD0227,2,54.19,30,0
ITEM003851,ORD003733,PROD0058,1,752.04,5,0
ITEM003852,ORD003733,PROD0026,1,259.51,0,0
ITEM003853,ORD003733,PROD0094,1,13.0,0,0
ITEM003854,ORD000489,PROD0383,1,1280.41,0,0
ITEM003855,ORD004614,PROD0269,1,1159.22,10,0
ITEM003856,ORD002093,PROD0329,1,931.84,20,0
ITEM003857,ORD002093,PROD0181,2,65.6,30,0
ITEM003858,ORD002093,PROD0174,1,107.97,0,0
ITEM003859,ORD002093,PROD0347,3,18.09,15,0
ITEM003860,ORD001929,PROD0407,2,209.88,40,0
ITEM003861,ORD001685,PROD0097,3,541.59,40,0
ITEM003862,ORD001685,PROD0379,2,14.61,10,0
ITEM003863,ORD000405,PROD0360,1,475.56,0,0
ITEM003864,ORD001143,PROD0196,3,46.13,5,0
ITEM003865,ORD001972,PROD0408,1,22.97,0,0
ITEM003866,ORD000048,PROD0106,1,547.21,10,0
ITEM003867,ORD000048,PROD0137,3,220.87,30,0
ITEM003868,ORD000048,PROD0118,1,33.54,15,0
ITEM003869,ORD000048,PROD0495,2,77.04,0,0
ITEM003870,ORD000048,PROD0174,2,110.83,0,0
ITEM003871,ORD003202,PROD0237,1,716.84,50,0
ITEM003872,ORD003202,PROD0136,1,17.19,30,0
ITEM003873,ORD003202,PROD0222,1,9.31,0,0
ITEM003874,ORD004286,PROD0086,3,226.91,10,0
ITEM003875,ORD004286,PROD0467,1,758.06,20,0
ITEM003876,ORD004286,PROD0267,4,50.12,20,0
ITEM003877,ORD001811,PROD0075,3,14.99,25,0
ITEM003878,ORD001811,PROD0300,3,20.73,5,0
ITEM003879,ORD001515,PROD0130,1,331.52,40,0
ITEM003880,ORD001515,PROD0034,1,6.67,50,0
ITEM003881,ORD001589,PROD0181,3,65.27,40,0
ITEM003882,ORD001589,PROD0432,1,307.02,15,0
ITEM003883,ORD001589,PROD0100,1,1315.62,25,0
ITEM003884,ORD003310,PROD0464,-1,347.13,10,1
ITEM003885,ORD004277,PROD0006,2,5.38,10,0
ITEM003886,ORD004277,PROD0389,1,142.29,15,0
ITEM003887,ORD003697,PROD0237,2,726.07,5,0
ITEM003888,ORD003697,PROD0136,3,17.19,0,0
ITEM003889,ORD003697,PROD0431,1,2219.77,5,0
ITEM003890,ORD001068,PROD0232,3,24.14,0,0
ITEM003891,ORD001068,PROD0219,2,986.1,50,0
ITEM003892,ORD001068,PROD0081,2,60.68,30,0
ITEM003893,ORD003413,PROD0232,1,25.09,30,0
ITEM003894,ORD003413,PROD0219,1,988.65,5,0
ITEM003895,ORD002193,PROD0430,2,171.09,25,0
ITEM003896,ORD002193,PROD0223,1,153.44,10,0
ITEM003897,ORD002193,PROD0067,2,92.54,40,0
ITEM003898,ORD002193,PROD0134,1,17.65,25,0
ITEM003899,ORD000570,PROD0398,1,770.71,50,0
ITEM003900,ORD000958,PROD0297,1,15.33,20,0
ITEM003901,ORD000958,PROD0179,1,380.42,10,0
ITEM003902,ORD003314,PROD0237,1,712.99,15,0
ITEM003903,ORD003314,PROD0136,1,17.55,50,0
ITEM003904,ORD001632,PROD0082,1,547.13,0,0
ITEM003905,ORD001632,PROD0444,1,9.63,15,0
ITEM003906,ORD001632,PROD0050,2,10.25,0,0
ITEM003907,ORD001141,PROD0114,2,228.99,50,0
ITEM003908,ORD001141,PROD0047,4,117.83,15,0
ITEM003909,ORD000350,PROD0372,1,615.64,10,0
ITEM003910,ORD002797,PROD0130,1,341.64,10,0
ITEM003911,ORD002797,PROD0034,3,6.59,0,0
ITEM003912,ORD002797,PROD0183,2,267.66,50,0
ITEM003913,ORD002797,PROD0394,1,30.68,0,0
ITEM003914,ORD001758,PROD0130,1,330.68,30,0
ITEM003915,ORD001758,PROD0014,1,320.51,25,0
ITEM003916,ORD001758,PROD0097,1,533.15,10,0
ITEM003917,ORD001758,PROD0444,3,9.63,5,0
ITEM003918,ORD001758,PROD0297,1,15.31,25,0
ITEM003919,ORD004370,PROD0026,3,258.08,40,0
ITEM003920,ORD004370,PROD0165,3,6.44,30,0
ITEM003921,ORD003892,PROD0473,1,21.87,0,0
ITEM003922,ORD003892,PROD0264,1,32.56,10,0
ITEM003923,ORD003892,PROD0497,1,52.39,10,0
ITEM003924,ORD003892,PROD0179,2,393.81,5,0
ITEM003925,ORD004716,PROD0006,1,5.44,0,0
ITEM003926,ORD004716,PROD0073,1,113.58,15,0
ITEM003927,ORD001710,PROD0237,1,734.91,50,0
ITEM003928,ORD001710,PROD0136,3,16.88,0,0
ITEM003929,ORD001010,PROD0030,1,406.02,50,0
ITEM003930,ORD001010,PROD0177,2,100.31,5,0
ITEM003931,ORD003219,PROD0135,1,157.66,0,0
ITEM003932,ORD003219,PROD0315,1,10.76,40,0
ITEM003933,ORD003219,PROD0431,1,2252.16,25,0
ITEM003934,ORD003219,PROD0305,1,679.47,0,0
ITEM003935,ORD003219,PROD0013,1,64.76,0,0
ITEM003936,ORD003826,PROD0482,1,538.25,0,0
ITEM003937,ORD003826,PROD0030,4,398.1,15,0
ITEM003938,ORD000289,PROD0327,1,499.28,40,0
ITEM003939,ORD000289,PROD0497,4,53.62,15,0
ITEM003940,ORD000289,PROD0027,1,78.99,10,0
ITEM003941,ORD004597,PROD0319,3,619.23,5,0
ITEM003942,ORD000995,PROD0221,3,81.03,0,0
ITEM003943,ORD000058,PROD0252,2,22.13,25,0
ITEM003944,ORD000058,PROD0067,1,97.33,30,0
ITEM003945,ORD002128,PROD0184,3,28.15,10,0
ITEM003946,ORD002128,PROD0304,1,114.67,15,0
ITEM003947,ORD002128,PROD0238,1,47.86,0,0
ITEM003948,ORD002128,PROD0017,2,60.97,25,0
ITEM003949,ORD003608,PROD0081,1,61.07,10,0
ITEM003950,ORD003608,PROD0473,1,22.08,25,0
ITEM003951,ORD003608,PROD0264,4,32.03,5,0
ITEM003952,ORD003608,PROD0089,1,176.89,15,0
ITEM003953,ORD003608,PROD0465,1,174.31,0,0
ITEM003954,ORD004369,PROD0467,2,759.93,40,0
ITEM003955,ORD004369,PROD0208,2,476.78,15,0
ITEM003956,ORD004061,PROD0469,1,110.41,30,0
ITEM003957,ORD004061,PROD0366,2,898.64,5,0
ITEM003958,ORD000547,PROD0467,2,764.99,0,0
ITEM003959,ORD000547,PROD0208,2,464.34,20,0
ITEM003960,ORD000547,PROD0379,1,14.81,20,0
ITEM003961,ORD003193,PROD0119,4,16.51,20,0
ITEM003962,ORD003193,PROD0239,1,1450.04,20,0
ITEM003963,ORD003193,PROD0078,1,1653.11,25,0
ITEM003964,ORD003193,PROD0089,1,172.33,10,0
ITEM003965,ORD003193,PROD0275,1,113.76,0,0
ITEM003966,ORD004524,PROD0137,1,231.63,20,0
ITEM003967,ORD004524,PROD0389,4,143.37,0,0
ITEM003968,ORD001891,PROD0186,1,36.24,50,0
ITEM003969,ORD003501,PROD0432,3,300.25,10,0
ITEM003970,ORD003501,PROD0193,1,938.3,30,0
ITEM003971,ORD003501,PROD0266,2,20.33,0,0
ITEM003973,ORD001990,PROD0173,1,41.58,10,0
ITEM003974,ORD001990,PROD0177,1,99.81,0,0
ITEM003975,ORD001990,PROD0341,1,190.96,0,0
ITEM003976,ORD003364,PROD0208,3,462.12,10,0
ITEM003977,ORD003364,PROD0099,1,13.27,10,0
ITEM003978,ORD004366,PROD0097,1,545.24,15,0
ITEM003979,ORD004366,PROD0379,1,14.61,15,0
ITEM003980,ORD002922,PROD0072,4,712.65,50,0
ITEM003981,ORD002922,PROD0142,1,30.07,0,0
ITEM003982,ORD002922,PROD0287,1,1320.76,20,0
ITEM003983,ORD000899,PROD0188,1,227.6,10,0
ITEM003984,ORD000899,PROD0428,4,1776.33,10,0
ITEM003985,ORD000899,PROD0484,2,16.92,30,0
ITEM003986,ORD001267,PROD0372,1,609.03,0,0
ITEM003987,ORD001267,PROD0062,2,334.43,50,0
ITEM003988,ORD000301,PROD0314,1,37.36,5,0
ITEM003989,ORD003659,PROD0131,1,31.37,0,0
ITEM003990,ORD003659,PROD0100,3,1313.53,10,0
ITEM003991,ORD003659,PROD0135,2,162.73,0,0
ITEM003992,ORD003173,PROD0172,1,791.65,10,0
ITEM003993,ORD003173,PROD0135,1,153.76,0,0
ITEM003994,ORD000374,PROD0347,1,18.17,20,0
ITEM003995,ORD000374,PROD0311,1,16.02,5,0
ITEM003996,ORD000374,PROD0282,1,30.41,40,0
ITEM003997,ORD000374,PROD0200,3,764.81,30,0
ITEM003998,ORD000374,PROD0469,1,110.91,40,0
ITEM003999,ORD000591,PROD0469,2,115.62,0,0
ITEM004000,ORD000591,PROD0366,2,868.47,20,0
ITEM004001,ORD001741,PROD0102,4,20.62,10,0
ITEM004002,ORD003454,PROD0469,1,113.89,30,0
ITEM004003,ORD003454,PROD0366,1,856.31,0,0
ITEM004004,ORD003454,PROD0346,3,46.59,50,0
ITEM004005,ORD003048,PROD0006,2,5.33,0,0
ITEM004006,ORD003048,PROD0389,2,141.35,20,0
ITEM004007,ORD004560,PROD0415,1,1509.41,50,0
ITEM004010,ORD004258,PROD0135,1,154.74,15,0
ITEM004011,ORD004258,PROD0469,1,111.82,5,0
ITEM004012,ORD000494,PROD0242,3,4.66,30,0
ITEM004013,ORD000494,PROD0444,3,9.3,10,0
ITEM004014,ORD000494,PROD0440,1,209.94,25,0
ITEM004015,ORD004208,PROD0105,1,177.57,15,0
ITEM004016,ORD004208,PROD0219,2,992.22,40,0
ITEM004017,ORD004523,PROD0130,2,331.69,10,0
ITEM004018,ORD004523,PROD0034,3,6.51,20,0
ITEM004019,ORD004523,PROD0017,2,61.25,40,0
ITEM004020,ORD004523,PROD0158,4,79.79,50,0
ITEM004021,ORD002070,PROD0184,1,27.86,20,0
ITEM004022,ORD002070,PROD0304,1,114.98,0,0
ITEM004023,ORD002070,PROD0327,3,499.96,25,0
ITEM004024,ORD002114,PROD0301,3,235.48,100,0
ITEM004025,ORD003189,PROD0181,3,66.66,40,0
ITEM004026,ORD003189,PROD0432,2,293.7,0,0
ITEM004027,ORD003195,PROD0237,3,711.97,25,0
ITEM004028,ORD003195,PROD0477,1,214.26,30,0
ITEM004029,ORD003195,PROD0025,2,17.09,40,0
ITEM004030,ORD000536,PROD0444,-2,9.44,10,1
ITEM004031,ORD002838,PROD0134,2,18.55,30,0
ITEM004032,ORD003952,PROD0030,1,394.89,15,0
ITEM004033,ORD003952,PROD0177,1,101.13,50,0
ITEM004034,ORD003952,PROD0458,1,897.48,0,0
ITEM004035,ORD003252,PROD0469,2,110.78,0,0
ITEM004036,ORD003252,PROD0366,1,871.75,0,0
ITEM004037,ORD003252,PROD0116,1,23.0,0,0
ITEM004038,ORD001921,PROD0297,2,15.01,20,0
ITEM004039,ORD001921,PROD0179,1,394.91,30,0
ITEM004040,ORD004555,PROD0254,2,7.83,0,0
ITEM004041,ORD000300,PROD0207,1,44.68,0,0
ITEM004042,ORD001544,PROD0136,2,17.28,0,0
ITEM004043,ORD001544,PROD0099,3,13.28,30,0
ITEM004044,ORD000203,PROD0254,4,7.57,10,0
ITEM004045,ORD000203,PROD0078,2,1657.97,0,0
ITEM004046,ORD002381,PROD0332,-1,1302.85,50,1
ITEM004047,ORD000538,PROD0304,1,111.04,20,0
ITEM004048,ORD000538,PROD0132,1,65.82,50,0
ITEM004049,ORD000538,PROD0134,3,18.16,20,0
ITEM004050,ORD000538,PROD0416,1,76.2,0,0
ITEM004051,ORD001500,PROD0193,1,949.28,0,0
ITEM004052,ORD003410,PROD0192,2,225.31,25,0
ITEM004053,ORD003410,PROD0232,1,23.91,5,0
ITEM004054,ORD000402,PROD0051,1,150.25,0,0
ITEM004055,ORD000012,PROD0202,3,7.09,20,0
ITEM004056,ORD000012,PROD0444,1,9.38,20,0
ITEM004057,ORD000209,PROD0485,1,55.17,0,0
ITEM004058,ORD003149,PROD0262,-2,727.26,40,1
ITEM004059,ORD004649,PROD0181,1,65.23,15,0
ITEM004060,ORD004649,PROD0258,1,201.78,30,0
ITEM004061,ORD004649,PROD0381,2,28.54,0,0
ITEM004062,ORD004162,PROD0047,1,116.41,50,0
ITEM004063,ORD004162,PROD0095,1,523.74,30,0
ITEM004064,ORD000265,PROD0471,2,1100.28,0,0
ITEM004065,ORD000265,PROD0174,2,112.49,10,0
ITEM004066,ORD000265,PROD0026,3,246.03,10,0
ITEM004067,ORD000265,PROD0479,1,40.63,20,0
ITEM004068,ORD000265,PROD0264,1,32.2,20,0
ITEM004069,ORD002869,PROD0487,3,239.26,10,0
ITEM004070,ORD002869,PROD0081,1,61.72,20,0
ITEM004071,ORD002869,PROD0482,1,526.55,40,0
ITEM004072,ORD003396,PROD0335,1,146.64,10,0
ITEM004073,ORD000138,PROD0467,1,753.23,0,0
ITEM004074,ORD000138,PROD0208,1,471.45,10,0
ITEM004075,ORD000138,PROD0266,2,20.68,10,0
ITEM004076,ORD000138,PROD0371,1,597.14,10,0
ITEM004077,ORD000138,PROD0179,3,384.03,15,0
ITEM004078,ORD001657,PROD0154,1,122.72,50,0
ITEM004079,ORD001657,PROD0415,4,1492.96,25,0
ITEM004080,ORD001657,PROD0237,2,737.29,0,0
ITEM004081,ORD001657,PROD0376,1,155.1,10,0
ITEM004082,ORD001657,PROD0132,1,64.93,20,0
ITEM004083,ORD000896,PROD0279,1,382.91,0,0
ITEM004084,ORD003297,PROD0006,2,5.48,25,0
ITEM004085,ORD003297,PROD0389,1,145.58,40,0
ITEM004086,ORD001983,PROD0165,-4,6.65,0,1
ITEM004087,ORD001983,PROD0429,-3,144.83,10,1
ITEM004088,ORD003542,PROD0086,1,224.76,40,0
ITEM004089,ORD003542,PROD0467,1,768.55,10,0
ITEM004090,ORD003542,PROD0130,1,342.01,25,0
ITEM004091,ORD003542,PROD0200,2,772.12,25,0
ITEM004092,ORD003542,PROD0260,1,1296.0,5,0
ITEM004093,ORD003342,PROD0130,2,343.67,40,0
ITEM004094,ORD002587,PROD0384,-1,1551.66,10,1
ITEM004095,ORD000568,PROD0266,2,20.01,0,0
ITEM004096,ORD000568,PROD0147,4,626.74,0,0
ITEM004097,ORD000568,PROD0063,1,16.83,40,0
ITEM004098,ORD000568,PROD0330,1,28.94,5,0
ITEM004099,ORD002450,PROD0030,1,395.5,0,0
ITEM004100,ORD002450,PROD0177,1,98.95,0,0
ITEM004101,ORD002450,PROD0444,3,9.22,40,0
ITEM004102,ORD001117,PROD0354,2,279.12,0,0
ITEM004103,ORD003746,PROD0292,1,15.37,30,0
ITEM004104,ORD003746,PROD0118,1,34.29,5,0
ITEM004105,ORD003778,PROD0130,2,332.28,0,0
ITEM004106,ORD002845,PROD0181,2,68.44,0,0
ITEM004107,ORD002845,PROD0258,3,194.08,40,0
ITEM004108,ORD003977,PROD0119,1,15.91,10,0
ITEM004109,ORD003977,PROD0015,1,473.99,0,0
ITEM004110,ORD003977,PROD0200,2,764.97,20,0
ITEM004111,ORD003977,PROD0191,1,91.29,20,0
ITEM004112,ORD003093,PROD0420,4,14.97,0,0
ITEM004113,ORD003093,PROD0406,3,79.59,10,0
ITEM004114,ORD003093,PROD0255,1,67.04,0,0
ITEM004115,ORD003093,PROD0165,1,6.52,25,0
ITEM004116,ORD003093,PROD0447,1,1142.33,10,0
ITEM004117,ORD002092,PROD0259,2,1264.61,0,0
ITEM004118,ORD002092,PROD0156,3,188.87,40,0
ITEM004119,ORD002092,PROD0485,1,55.71,30,0
ITEM004120,ORD002092,PROD0208,2,478.46,30,0
ITEM004121,ORD002092,PROD0345,1,14.98,25,0
ITEM004122,ORD001655,PROD0060,1,267.22,0,0
ITEM004123,ORD001655,PROD0006,1,5.42,10,0
ITEM004124,ORD001655,PROD0328,1,16.01,15,0
ITEM004125,ORD002208,PROD0374,1,104.53,5,0
ITEM004126,ORD002208,PROD0094,1,13.33,40,0
ITEM004127,ORD002305,PROD0137,1,226.67,50,0
ITEM004128,ORD002305,PROD0389,1,146.56,5,0
ITEM004129,ORD002811,PROD0443,1,151.41,40,0
ITEM004130,ORD002811,PROD0230,2,6.49,50,0
ITEM004131,ORD002811,PROD0430,2,170.52,5,0
ITEM004132,ORD002519,PROD0139,2,1441.36,5,0
ITEM004133,ORD000271,PROD0006,1,5.51,0,0
ITEM004134,ORD000271,PROD0073,2,118.99,0,0
ITEM004135,ORD003897,PROD0370,1,49.9,25,0
ITEM004136,ORD003857,PROD0287,2,1328.48,0,0
ITEM004137,ORD003857,PROD0414,1,162.24,25,0
ITEM004138,ORD002751,PROD0105,2,176.75,10,0
ITEM004139,ORD002751,PROD0219,1,974.72,25,0
ITEM004140,ORD002751,PROD0134,1,18.52,30,0
ITEM004141,ORD002751,PROD0227,1,53.99,0,0
ITEM004142,ORD000046,PROD0300,1,20.95,40,0
ITEM004143,ORD000046,PROD0147,1,616.38,0,0
ITEM004144,ORD000046,PROD0277,1,874.59,0,0
ITEM004145,ORD003316,PROD0374,3,107.87,5,0
ITEM004146,ORD003316,PROD0407,1,214.52,5,0
ITEM004147,ORD003316,PROD0489,1,36.77,0,0
ITEM004148,ORD000304,PROD0203,1,341.7,10,0
ITEM004149,ORD000304,PROD0078,1,1608.3,25,0
ITEM004150,ORD000304,PROD0326,1,64.53,0,0
ITEM004151,ORD000304,PROD0285,2,43.11,0,0
ITEM004152,ORD000967,PROD0209,1,28.61,0,0
ITEM004153,ORD000967,PROD0181,1,66.36,20,0
ITEM004154,ORD003457,PROD0006,1,5.26,0,0
ITEM004155,ORD003457,PROD0389,3,142.86,20,0
ITEM004156,ORD003913,PROD0186,1,36.06,30,0
ITEM004157,ORD003913,PROD0331,1,85.75,5,0
ITEM004158,ORD003913,PROD0282,3,30.19,40,0
ITEM004159,ORD003913,PROD0299,3,1914.28,10,0
ITEM004160,ORD001960,PROD0236,2,893.53,30,0
ITEM004161,ORD003551,PROD0398,1,784.14,10,0
ITEM004162,ORD003704,PROD0263,2,66.78,10,0
ITEM004163,ORD003704,PROD0153,2,56.69,10,0
ITEM004164,ORD001693,PROD0297,2,14.94,10,0
ITEM004165,ORD002777,PROD0060,1,275.32,30,0
ITEM004166,ORD002777,PROD0052,1,138.42,15,0
ITEM004167,ORD002777,PROD0413,1,395.44,10,0
ITEM004168,ORD003236,PROD0382,1,1535.55,10,0
ITEM004169,ORD001412,PROD0202,1,6.93,40,0
ITEM004170,ORD001412,PROD0444,2,9.36,10,0
ITEM004171,ORD001412,PROD0323,3,222.18,30,0
ITEM004172,ORD001219,PROD0432,4,300.23,25,0
ITEM004173,ORD001219,PROD0193,1,918.97,30,0
ITEM004174,ORD003191,PROD0321,2,284.42,10,0
ITEM004175,ORD000646,PROD0211,4,89.65,20,0
ITEM004176,ORD000646,PROD0208,2,481.48,10,0
ITEM004177,ORD001720,PROD0219,2,992.57,50,0
ITEM004178,ORD001720,PROD0186,1,36.89,5,0
ITEM004179,ORD001720,PROD0076,1,865.1,10,0
ITEM004180,ORD001720,PROD0136,1,16.91,20,0
ITEM004181,ORD000455,PROD0030,-1,402.09,5,1
ITEM004182,ORD000455,PROD0184,-3,26.7,40,1
ITEM004183,ORD002557,PROD0075,2,14.98,25,0
ITEM004184,ORD003366,PROD0211,1,86.19,0,0
ITEM004185,ORD003366,PROD0195,1,64.02,5,0
ITEM004186,ORD003366,PROD0102,4,20.68,10,0
ITEM004187,ORD001634,PROD0376,1,163.86,25,0
ITEM004188,ORD001634,PROD0082,2,562.1,10,0
ITEM004189,ORD001634,PROD0181,3,67.73,25,0
ITEM004190,ORD003726,PROD0247,1,196.73,0,0
ITEM004191,ORD003726,PROD0308,1,20.69,30,0
ITEM004192,ORD003619,PROD0219,3,978.79,10,0
ITEM004193,ORD003619,PROD0186,1,37.14,15,0
ITEM004194,ORD003619,PROD0215,1,15.49,30,0
ITEM004195,ORD004443,PROD0136,1,17.31,20,0
ITEM004196,ORD004443,PROD0086,2,234.12,20,0
ITEM004197,ORD004443,PROD0134,1,17.58,0,0
ITEM004198,ORD000869,PROD0303,1,49.03,0,0
ITEM004199,ORD000869,PROD0099,3,13.22,0,0
ITEM004200,ORD000869,PROD0130,2,346.29,20,0
ITEM004201,ORD000869,PROD0120,1,184.06,5,0
ITEM004202,ORD000945,PROD0002,1,1551.59,20,0
ITEM004203,ORD002564,PROD0006,1,5.4,0,0
ITEM004204,ORD002564,PROD0073,3,113.69,0,0
ITEM004205,ORD002564,PROD0206,1,68.98,10,0
ITEM004206,ORD001324,PROD0474,2,215.6,0,0
ITEM004207,ORD001324,PROD0186,1,35.97,25,0
ITEM004208,ORD003153,PROD0203,1,357.9,20,0
ITEM004209,ORD003153,PROD0075,1,14.68,0,0
ITEM004210,ORD003153,PROD0124,1,1244.38,25,0
ITEM004211,ORD003153,PROD0294,1,15.44,30,0
ITEM004212,ORD003981,PROD0154,1,123.26,0,0
ITEM004213,ORD003981,PROD0183,3,261.88,10,0
ITEM004214,ORD001760,PROD0354,1,279.12,0,0
ITEM004215,ORD003264,PROD0219,1,973.58,0,0
ITEM004216,ORD003264,PROD0186,1,35.8,5,0
ITEM004217,ORD003264,PROD0172,1,766.54,25,0
ITEM004218,ORD000399,PROD0106,4,554.76,5,0
ITEM004219,ORD000399,PROD0373,1,282.68,20,0
ITEM004220,ORD002925,PROD0041,3,94.58,0,0
ITEM004221,ORD002925,PROD0313,3,45.43,30,0
ITEM004222,ORD002925,PROD0118,2,33.8,5,0
ITEM004223,ORD002925,PROD0458,1,934.32,20,0
ITEM004224,ORD002925,PROD0219,4,965.32,0,0
ITEM004225,ORD001932,PROD0228,1,124.27,50,0
ITEM004226,ORD004062,PROD0202,1,6.73,0,0
ITEM004227,ORD004062,PROD0444,1,9.44,10,0
ITEM004228,ORD001590,PROD0303,4,48.88,10,0
ITEM004229,ORD001590,PROD0075,1,14.95,15,0
ITEM004230,ORD000963,PROD0324,1,298.61,0,0
ITEM004231,ORD003140,PROD0137,1,227.8,0,0
ITEM004232,ORD003140,PROD0389,1,143.47,10,0
ITEM004233,ORD002353,PROD0464,-1,358.93,20,1
ITEM004234,ORD002353,PROD0462,-1,104.58,15,1
ITEM004235,ORD000825,PROD0349,1,682.63,15,0
ITEM004236,ORD000825,PROD0060,1,270.96,20,0
ITEM004237,ORD001152,PROD0137,4,224.27,0,0
ITEM004238,ORD001152,PROD0389,2,143.09,0,0
ITEM004239,ORD000416,PROD0374,1,106.71,25,0
ITEM004240,ORD000416,PROD0115,1,32.91,20,0
ITEM004241,ORD000416,PROD0491,1,27.5,40,0
ITEM004242,ORD004672,PROD0186,2,37.1,5,0
ITEM004243,ORD004672,PROD0469,1,113.31,0,0
ITEM004244,ORD004672,PROD0086,1,235.19,5,0
ITEM004245,ORD004672,PROD0417,3,9.57,10,0
ITEM004246,ORD001719,PROD0184,2,27.82,40,0
ITEM004247,ORD001719,PROD0304,1,115.6,10,0
ITEM004248,ORD000838,PROD0303,1,49.65,20,0
ITEM004249,ORD002850,PROD0324,1,301.41,25,0
ITEM004250,ORD002850,PROD0181,1,66.93,50,0
ITEM004251,ORD004410,PROD0219,1,961.27,10,0
ITEM004252,ORD004410,PROD0477,2,208.74,30,0
ITEM004253,ORD002699,PROD0364,1,1868.68,0,0
ITEM004254,ORD002699,PROD0208,2,471.64,0,0
ITEM004255,ORD004100,PROD0097,1,536.87,30,0
ITEM004256,ORD004100,PROD0230,4,6.57,25,0
ITEM004257,ORD004100,PROD0382,1,1562.24,20,0
ITEM004258,ORD000754,PROD0184,3,27.87,5,0
ITEM004259,ORD000754,PROD0383,1,1301.43,10,0
ITEM004260,ORD004297,PROD0177,2,100.81,30,0
ITEM004261,ORD004297,PROD0189,1,76.81,30,0
ITEM004262,ORD004520,PROD0420,2,14.87,30,0
ITEM004263,ORD004520,PROD0384,1,1550.6,5,0
ITEM004264,ORD004520,PROD0179,1,376.64,0,0
ITEM004265,ORD004520,PROD0030,2,408.01,30,0
ITEM004266,ORD000428,PROD0270,1,41.39,10,0
ITEM004267,ORD000428,PROD0170,1,25.83,30,0
ITEM004268,ORD000428,PROD0136,2,17.11,5,0
ITEM004269,ORD000428,PROD0383,2,1263.09,10,0
ITEM004270,ORD000428,PROD0244,1,246.26,0,0
ITEM004271,ORD002588,PROD0328,1,15.51,15,0
ITEM004272,ORD002588,PROD0407,1,212.67,0,0
ITEM004273,ORD002588,PROD0297,1,15.38,5,0
ITEM004274,ORD003468,PROD0371,1,601.99,0,0
ITEM004275,ORD002331,PROD0130,3,344.65,5,0
ITEM004276,ORD002331,PROD0014,4,316.24,30,0
ITEM004277,ORD004425,PROD0179,1,384.97,50,0
ITEM004278,ORD004425,PROD0196,1,45.82,40,0
ITEM004279,ORD003418,PROD0252,1,22.56,0,0
ITEM004280,ORD004522,PROD0018,4,1121.54,40,0
ITEM004281,ORD004522,PROD0017,2,60.27,0,0
ITEM004282,ORD000054,PROD0022,1,118.26,40,0
ITEM004283,ORD000836,PROD0166,1,992.05,10,0
ITEM004284,ORD000836,PROD0429,2,148.62,0,0
ITEM004285,ORD000836,PROD0237,1,704.45,0,0
ITEM004286,ORD004580,PROD0352,1,489.5,50,0
ITEM004287,ORD001326,PROD0431,1,2142.51,50,0
ITEM004288,ORD001326,PROD0475,1,86.66,0,0
ITEM004289,ORD001457,PROD0457,2,108.74,0,0
ITEM004290,ORD001457,PROD0344,1,2223.18,20,0
ITEM004291,ORD001457,PROD0249,1,7.95,20,0
ITEM004292,ORD001165,PROD0219,1,993.01,15,0
ITEM004293,ORD001165,PROD0186,1,36.12,0,0
ITEM004294,ORD001165,PROD0124,2,1211.17,30,0
ITEM004295,ORD001165,PROD0133,1,57.19,30,0
ITEM004296,ORD000783,PROD0170,3,25.57,0,0
ITEM004297,ORD000783,PROD0186,2,36.28,10,0
ITEM004298,ORD000783,PROD0070,2,192.74,10,0
ITEM004299,ORD000783,PROD0026,1,259.62,50,0
ITEM004300,ORD004313,PROD0446,1,205.77,0,0
ITEM004301,ORD002326,PROD0116,1,24.18,10,0
ITEM004302,ORD002326,PROD0229,1,1733.84,10,0
ITEM004303,ORD002326,PROD0141,1,19.56,0,0
ITEM004304,ORD002326,PROD0202,1,6.82,10,0
ITEM004305,ORD001689,PROD0467,2,750.96,20,0
ITEM004306,ORD001689,PROD0208,1,456.97,40,0
ITEM004307,ORD002960,PROD0202,2,6.78,5,0
ITEM004308,ORD002960,PROD0444,1,9.48,20,0
ITEM004309,ORD002960,PROD0007,1,17.17,20,0
ITEM004310,ORD002960,PROD0041,1,96.26,0,0
ITEM004311,ORD002960,PROD0094,1,13.19,25,0
ITEM004312,ORD003233,PROD0274,1,73.04,10,0
ITEM004313,ORD000420,PROD0469,1,113.03,15,0
ITEM004314,ORD000420,PROD0366,3,893.53,15,0
ITEM004315,ORD004149,PROD0281,4,1597.58,15,0
ITEM004316,ORD003601,PROD0270,1,42.72,10,0
ITEM004317,ORD003601,PROD0030,3,404.8,10,0
ITEM004318,ORD003601,PROD0489,4,38.44,40,0
ITEM004319,ORD003601,PROD0017,1,59.53,10,0
ITEM004320,ORD003601,PROD0380,3,48.75,20,0
ITEM004321,ORD001233,PROD0469,2,111.15,5,0
ITEM004322,ORD001233,PROD0366,1,878.11,50,0
ITEM004323,ORD001233,PROD0396,2,57.93,0,0
ITEM004324,ORD002625,PROD0366,2,862.69,20,0
ITEM004325,ORD002625,PROD0070,2,190.8,10,0
ITEM004326,ORD001406,PROD0281,1,1611.99,30,0
ITEM004327,ORD003455,PROD0275,1,110.38,0,0
ITEM004328,ORD003455,PROD0086,1,233.58,50,0
ITEM004329,ORD003455,PROD0308,1,20.36,10,0
ITEM004330,ORD000606,PROD0360,3,477.68,10,0
ITEM004331,ORD003701,PROD0105,1,171.86,10,0
ITEM004332,ORD003701,PROD0227,2,54.35,15,0
ITEM004333,ORD003701,PROD0078,1,1664.83,0,0
ITEM004334,ORD003701,PROD0487,2,235.79,50,0
ITEM004335,ORD000003,PROD0367,3,1172.97,0,0
ITEM004336,ORD000003,PROD0301,4,239.85,50,0
ITEM004337,ORD000003,PROD0132,2,64.36,5,0
ITEM004338,ORD001467,PROD0285,1,43.83,10,0
ITEM004339,ORD003718,PROD0253,-1,90.62,0,1
ITEM004340,ORD001557,PROD0135,2,154.47,15,0
ITEM004341,ORD001557,PROD0315,3,10.83,10,0
ITEM004342,ORD000689,PROD0105,1,173.01,20,0
ITEM004343,ORD000689,PROD0227,3,56.67,10,0
ITEM004344,ORD003614,PROD0163,3,375.46,40,0
ITEM004345,ORD002961,PROD0213,-1,12.5,0,1
ITEM004346,ORD002652,PROD0026,2,254.04,0,0
ITEM004347,ORD002619,PROD0420,1,14.38,0,0
ITEM004348,ORD001096,PROD0184,1,27.23,15,0
ITEM004349,ORD001096,PROD0304,1,111.07,40,0
ITEM004350,ORD004233,PROD0181,3,66.92,15,0
ITEM004351,ORD004233,PROD0258,3,202.95,15,0
ITEM004352,ORD001448,PROD0102,1,21.04,20,0
ITEM004353,ORD001448,PROD0285,1,44.48,25,0
ITEM004354,ORD001448,PROD0037,3,1286.84,20,0
ITEM004355,ORD001873,PROD0006,3,5.26,5,0
ITEM004356,ORD001873,PROD0073,1,115.49,10,0
ITEM004357,ORD001873,PROD0417,2,9.75,10,0
ITEM004358,ORD001873,PROD0483,4,29.21,5,0
ITEM004359,ORD001873,PROD0186,3,37.33,50,0
ITEM004360,ORD001999,PROD0327,1,513.5,30,0
ITEM004361,ORD000319,PROD0430,1,177.54,10,0
ITEM004362,ORD000319,PROD0153,1,56.34,25,0
ITEM004363,ORD000319,PROD0127,4,20.44,0,0
ITEM004364,ORD000319,PROD0204,2,1397.76,30,0
ITEM004365,ORD000844,PROD0475,1,86.03,10,0
ITEM004366,ORD000844,PROD0236,1,857.64,50,0
ITEM004367,ORD001516,PROD0219,1,983.23,30,0
ITEM004368,ORD001516,PROD0186,1,35.97,20,0
ITEM004369,ORD001516,PROD0009,1,17.14,10,0
ITEM004370,ORD004615,PROD0411,1,58.36,25,0
ITEM004371,ORD004615,PROD0014,1,324.76,50,0
ITEM004372,ORD001948,PROD0208,1,469.36,5,0
ITEM004373,ORD001948,PROD0181,3,67.75,0,0
ITEM004374,ORD003419,PROD0444,2,9.61,5,0
ITEM004375,ORD000573,PROD0084,1,1565.39,20,0
ITEM004376,ORD000573,PROD0285,2,42.8,0,0
ITEM004377,ORD004241,PROD0137,3,230.68,0,0
ITEM004378,ORD004241,PROD0389,1,141.36,0,0
ITEM004379,ORD004241,PROD0231,1,890.54,20,0
ITEM004380,ORD004125,PROD0105,1,170.74,10,0
ITEM004381,ORD004125,PROD0227,3,55.72,0,0
ITEM004382,ORD003389,PROD0255,1,66.22,25,0
ITEM004383,ORD000214,PROD0030,2,405.12,10,0
ITEM004384,ORD000214,PROD0137,3,228.81,40,0
ITEM004385,ORD003077,PROD0461,1,989.35,0,0
ITEM004386,ORD003077,PROD0374,1,103.88,20,0
ITEM004387,ORD000950,PROD0124,2,1199.39,0,0
ITEM004388,ORD000477,PROD0001,1,283.22,40,0
ITEM004389,ORD000477,PROD0266,1,20.5,20,0
ITEM004390,ORD004135,PROD0469,1,112.64,10,0
ITEM004391,ORD004135,PROD0366,1,888.24,0,0
ITEM004392,ORD000108,PROD0428,2,1749.67,15,0
ITEM004393,ORD002964,PROD0305,4,678.94,50,0
ITEM004394,ORD002964,PROD0285,1,43.09,10,0
ITEM004395,ORD001455,PROD0398,1,750.64,0,0
ITEM004396,ORD000891,PROD0282,1,30.16,0,0
ITEM004397,ORD000583,PROD0060,1,272.42,50,0
ITEM004398,ORD001688,PROD0432,1,294.71,40,0
ITEM004399,ORD001688,PROD0193,1,921.57,10,0
ITEM004400,ORD001688,PROD0352,3,490.34,40,0
ITEM004401,ORD002329,PROD0175,1,534.44,20,0
ITEM004402,ORD004033,PROD0097,1,541.14,10,0
ITEM004403,ORD004033,PROD0379,1,14.89,10,0
ITEM004404,ORD004033,PROD0226,1,1698.26,0,0
ITEM004405,ORD001260,PROD0374,2,107.73,20,0
ITEM004406,ORD002663,PROD0130,3,343.45,10,0
ITEM004407,ORD002663,PROD0288,3,57.73,0,0
ITEM004408,ORD002663,PROD0182,1,811.83,0,0
ITEM004409,ORD002123,PROD0138,-3,161.41,5,1
ITEM004410,ORD002123,PROD0405,-1,1746.48,10,1
ITEM004411,ORD002643,PROD0166,1,995.43,10,0
ITEM004412,ORD002643,PROD0432,1,304.62,15,0
ITEM004413,ORD001161,PROD0132,1,67.04,0,0
ITEM004414,ORD001161,PROD0227,1,54.82,0,0
ITEM004415,ORD000206,PROD0182,1,844.51,50,0
ITEM004416,ORD000206,PROD0275,1,111.12,10,0
ITEM004417,ORD000676,PROD0290,1,645.3,40,0
ITEM004418,ORD000676,PROD0115,2,32.89,30,0
ITEM004419,ORD000658,PROD0086,1,231.56,15,0
ITEM004420,ORD000658,PROD0467,1,738.08,0,0
ITEM004421,ORD002245,PROD0006,1,5.42,25,0
ITEM004422,ORD002245,PROD0225,3,188.18,5,0
ITEM004423,ORD000574,PROD0309,-1,1235.31,25,1
ITEM004424,ORD000574,PROD0320,-2,332.41,25,1
ITEM004425,ORD000239,PROD0097,1,533.59,0,0
ITEM004426,ORD000239,PROD0379,1,14.75,0,0
ITEM004427,ORD000239,PROD0232,1,24.34,15,0
ITEM004428,ORD000239,PROD0432,2,293.5,0,0
ITEM004429,ORD003442,PROD0241,-3,49.6,0,1
ITEM004430,ORD003442,PROD0242,-1,4.65,0,1
ITEM004431,ORD001265,PROD0274,1,69.91,15,0
ITEM004432,ORD003698,PROD0349,2,686.92,10,0
ITEM004433,ORD003698,PROD0211,1,86.29,10,0
ITEM004434,ORD003698,PROD0033,1,112.41,50,0
ITEM004435,ORD003698,PROD0034,1,6.84,0,0
ITEM004436,ORD000670,PROD0275,1,109.16,25,0
ITEM004437,ORD000670,PROD0478,3,1475.45,15,0
ITEM004438,ORD000670,PROD0183,2,266.56,15,0
ITEM004439,ORD002111,PROD0006,1,5.47,10,0
ITEM004440,ORD002111,PROD0389,1,142.22,0,0
ITEM004441,ORD000930,PROD0491,1,27.41,0,0
ITEM004442,ORD000930,PROD0089,1,172.6,100,0
ITEM004443,ORD003298,PROD0262,1,713.33,40,0
ITEM004444,ORD003298,PROD0415,2,1496.4,10,0
ITEM004445,ORD003298,PROD0482,1,516.15,0,0
ITEM004446,ORD002684,PROD0420,1,14.91,25,0
ITEM004447,ORD003930,PROD0202,1,7.11,20,0
ITEM004448,ORD003930,PROD0444,1,9.21,10,0
ITEM004449,ORD003930,PROD0451,1,160.23,10,0
ITEM004450,ORD000145,PROD0299,1,1966.11,40,0
ITEM004451,ORD003615,PROD0275,2,110.0,20,0
ITEM004452,ORD003615,PROD0465,2,176.37,20,0
ITEM004453,ORD003735,PROD0077,2,962.26,25,0
ITEM004454,ORD001232,PROD0372,1,622.39,0,0
ITEM004455,ORD001232,PROD0111,2,171.93,30,0
ITEM004456,ORD001232,PROD0429,4,145.21,15,0
ITEM004457,ORD001232,PROD0037,1,1278.12,50,0
ITEM004458,ORD001656,PROD0397,3,575.11,15,0
ITEM004459,ORD001656,PROD0281,1,1594.84,20,0
ITEM004460,ORD001656,PROD0429,1,148.94,0,0
ITEM004461,ORD000953,PROD0305,2,687.69,25,0
ITEM004462,ORD000953,PROD0114,1,233.28,0,0
ITEM004463,ORD000953,PROD0258,1,202.75,10,0
ITEM004464,ORD000953,PROD0446,1,208.45,10,0
ITEM004465,ORD003991,PROD0205,1,515.87,0,0
ITEM004466,ORD003991,PROD0305,2,693.92,5,0
ITEM004467,ORD003991,PROD0465,1,173.35,15,0
ITEM004468,ORD000227,PROD0321,4,291.8,20,0
ITEM004469,ORD000227,PROD0046,1,486.73,50,0
ITEM004470,ORD003197,PROD0230,2,6.51,30,0
ITEM004471,ORD003197,PROD0223,2,147.75,50,0
ITEM004472,ORD003197,PROD0132,2,64.7,10,0
ITEM004473,ORD003197,PROD0418,3,1497.87,30,0
ITEM004474,ORD004473,PROD0287,3,1327.25,5,0
ITEM004475,ORD004473,PROD0270,2,41.69,10,0
ITEM004476,ORD004473,PROD0469,1,114.07,40,0
ITEM004477,ORD004473,PROD0260,4,1282.72,50,0
ITEM004478,ORD003393,PROD0364,3,1847.49,40,0
ITEM004479,ORD003393,PROD0301,4,234.17,10,0
ITEM004480,ORD003393,PROD0482,1,508.86,0,0
ITEM004481,ORD003393,PROD0173,4,43.12,10,0
ITEM004482,ORD004093,PROD0105,3,178.84,10,0
ITEM004483,ORD004093,PROD0219,1,961.95,0,0
ITEM004484,ORD001918,PROD0177,3,101.24,5,0
ITEM004485,ORD004184,PROD0130,1,334.32,15,0
ITEM004486,ORD004184,PROD0034,1,6.74,40,0
ITEM004487,ORD000612,PROD0241,-4,48.99,40,1
ITEM004488,ORD000612,PROD0332,-2,1266.41,50,1
ITEM004489,ORD002836,PROD0184,1,27.48,15,0
ITEM004490,ORD002836,PROD0304,1,112.79,0,0
ITEM004491,ORD002108,PROD0179,2,394.04,10,0
ITEM004492,ORD002108,PROD0164,1,1620.13,0,0
ITEM004493,ORD002108,PROD0055,4,62.45,0,0
ITEM004494,ORD001539,PROD0106,3,542.9,40,0
ITEM004495,ORD001539,PROD0137,3,227.3,40,0
ITEM004496,ORD003205,PROD0429,3,143.08,0,0
ITEM004497,ORD003205,PROD0109,1,1291.37,30,0
ITEM004498,ORD003573,PROD0485,2,54.55,15,0
ITEM004499,ORD003573,PROD0014,2,310.52,5,0
ITEM004500,ORD003573,PROD0081,2,61.05,5,0
ITEM004501,ORD003573,PROD0051,1,147.2,40,0
ITEM004502,ORD004010,PROD0192,2,214.59,25,0
ITEM004503,ORD004010,PROD0232,1,24.51,15,0
ITEM004504,ORD002224,PROD0237,2,722.11,40,0
ITEM004505,ORD002224,PROD0136,2,17.47,10,0
ITEM004506,ORD000021,PROD0285,1,42.59,10,0
ITEM004507,ORD000021,PROD0081,1,58.91,50,0
ITEM004508,ORD000021,PROD0015,1,466.87,20,0
ITEM004509,ORD002787,PROD0343,1,63.96,10,0
ITEM004510,ORD002787,PROD0211,2,89.19,50,0
ITEM004511,ORD002787,PROD0249,3,7.98,0,0
ITEM004512,ORD003824,PROD0287,1,1326.83,0,0
ITEM004513,ORD003824,PROD0281,1,1576.3,15,0
ITEM004514,ORD003824,PROD0042,1,546.94,50,0
ITEM004515,ORD004482,PROD0075,3,14.56,10,0
ITEM004516,ORD004482,PROD0367,2,1194.52,0,0
ITEM004517,ORD002486,PROD0059,4,34.21,40,0
ITEM004518,ORD002486,PROD0027,3,78.9,20,0
ITEM004519,ORD002486,PROD0260,1,1284.26,0,0
ITEM004520,ORD004232,PROD0384,-1,1520.07,0,1
ITEM004521,ORD003729,PROD0428,2,1790.21,10,0
ITEM004522,ORD004006,PROD0495,1,77.14,50,0
ITEM004523,ORD001889,PROD0105,4,179.38,15,0
ITEM004524,ORD001889,PROD0227,3,54.75,30,0
ITEM004525,ORD001889,PROD0215,1,15.86,40,0
ITEM004526,ORD001889,PROD0282,2,30.57,25,0
ITEM004527,ORD001889,PROD0016,2,412.32,10,0
ITEM004528,ORD000140,PROD0315,1,10.81,5,0
ITEM004529,ORD000140,PROD0266,2,19.79,15,0
ITEM004530,ORD004312,PROD0219,2,973.53,10,0
ITEM004531,ORD004312,PROD0012,4,103.5,20,0
ITEM004532,ORD003911,PROD0128,2,31.03,10,0
ITEM004533,ORD003911,PROD0208,1,469.73,10,0
ITEM004534,ORD000240,PROD0094,1,12.75,20,0
ITEM004535,ORD000240,PROD0458,1,894.89,0,0
ITEM004536,ORD000240,PROD0054,1,6.15,5,0
ITEM004537,ORD000768,PROD0364,1,1894.56,40,0
ITEM004538,ORD000768,PROD0253,2,87.0,10,0
ITEM004539,ORD000768,PROD0413,2,378.67,15,0
ITEM004540,ORD001439,PROD0106,1,536.81,0,0
ITEM004541,ORD001439,PROD0137,1,227.26,40,0
ITEM004542,ORD003346,PROD0130,2,341.25,40,0
ITEM004543,ORD003346,PROD0014,2,312.22,40,0
ITEM004544,ORD003346,PROD0025,1,16.77,30,0
ITEM004545,ORD003346,PROD0069,2,438.7,20,0
ITEM004546,ORD003346,PROD0136,2,17.4,40,0
ITEM004547,ORD003903,PROD0366,1,863.86,5,0
ITEM004548,ORD000284,PROD0238,2,47.04,30,0
ITEM004549,ORD000284,PROD0097,2,525.1,25,0
ITEM004550,ORD002452,PROD0242,2,4.83,0,0
ITEM004551,ORD003845,PROD0082,3,555.58,50,0
ITEM004552,ORD003845,PROD0067,2,93.29,25,0
ITEM004553,ORD003845,PROD0142,4,29.73,40,0
ITEM004554,ORD003845,PROD0211,1,86.28,30,0
ITEM004555,ORD000231,PROD0227,2,53.72,5,0
ITEM004556,ORD000231,PROD0467,3,780.25,0,0
ITEM004557,ORD000270,PROD0275,1,111.65,50,0
ITEM004558,ORD000270,PROD0150,1,448.76,15,0
ITEM004559,ORD000290,PROD0105,1,173.87,50,0
ITEM004560,ORD000290,PROD0219,4,993.2,25,0
ITEM004561,ORD000052,PROD0301,4,239.93,0,0
ITEM004562,ORD000052,PROD0102,1,20.82,10,0
ITEM004563,ORD000052,PROD0266,3,20.23,30,0
ITEM004564,ORD000052,PROD0033,3,107.53,0,0
ITEM004565,ORD000923,PROD0124,1,1203.36,15,0
ITEM004566,ORD000923,PROD0300,1,20.96,5,0
ITEM004567,ORD001531,PROD0486,-2,26.51,15,1
ITEM004568,ORD000729,PROD0119,2,16.69,15,0
ITEM004569,ORD000729,PROD0267,1,49.36,10,0
ITEM004570,ORD002240,PROD0137,4,222.19,20,0
ITEM004571,ORD002240,PROD0389,1,142.31,25,0
ITEM004572,ORD002444,PROD0389,1,140.83,20,0
ITEM004573,ORD002444,PROD0298,1,22.38,50,0
ITEM004574,ORD002404,PROD0186,2,36.51,0,0
ITEM004575,ORD002404,PROD0469,1,114.63,30,0
ITEM004576,ORD002565,PROD0445,4,1565.33,10,0
ITEM004577,ORD002565,PROD0470,2,22.63,0,0
ITEM004578,ORD002565,PROD0251,3,14.96,10,0
ITEM004579,ORD002565,PROD0374,1,105.84,5,0
ITEM004580,ORD003243,PROD0162,1,29.68,5,0
ITEM004581,ORD003243,PROD0101,4,388.88,30,0
ITEM004582,ORD002865,PROD0105,1,176.81,30,0
ITEM004583,ORD002865,PROD0219,2,972.02,0,0
ITEM004584,ORD001717,PROD0102,-1,21.19,15,1
ITEM004585,ORD001576,PROD0482,1,509.28,0,0
ITEM004586,ORD001576,PROD0030,1,393.7,10,0
ITEM004587,ORD001576,PROD0470,2,22.53,20,0
ITEM004588,ORD001872,PROD0489,2,36.81,25,0
ITEM004589,ORD001872,PROD0270,2,42.5,0,0
ITEM004590,ORD001872,PROD0365,1,215.94,25,0
ITEM004591,ORD001872,PROD0313,1,46.79,0,0
ITEM004592,ORD004548,PROD0443,1,153.65,0,0
ITEM004593,ORD001201,PROD0022,3,123.87,40,0
ITEM004594,ORD001201,PROD0176,1,746.94,25,0
ITEM004595,ORD000528,PROD0250,1,114.54,10,0
ITEM004596,ORD000528,PROD0429,1,145.34,0,0
ITEM004597,ORD000528,PROD0444,1,9.26,10,0
ITEM004598,ORD000528,PROD0074,2,32.69,30,0
ITEM004599,ORD003823,PROD0086,2,231.4,10,0
ITEM004600,ORD003485,PROD0176,1,756.16,10,0
ITEM004601,ORD003485,PROD0266,1,20.02,0,0
ITEM004602,ORD003485,PROD0096,1,860.64,40,0
ITEM004603,ORD002752,PROD0159,3,50.35,0,0
ITEM004604,ORD002752,PROD0027,2,75.53,0,0
ITEM004605,ORD002752,PROD0413,1,386.42,0,0
ITEM004606,ORD001119,PROD0055,1,61.17,30,0
ITEM004607,ORD001119,PROD0195,1,62.57,0,0
ITEM004608,ORD001119,PROD0088,1,87.42,20,0
ITEM004609,ORD002203,PROD0258,1,203.28,5,0
ITEM004610,ORD002203,PROD0360,1,479.92,25,0
ITEM004611,ORD002203,PROD0441,1,721.09,0,0
ITEM004612,ORD002203,PROD0174,1,107.92,15,0
ITEM004613,ORD002750,PROD0088,1,90.47,25,0
ITEM004614,ORD002750,PROD0052,1,144.62,30,0
ITEM004615,ORD002750,PROD0045,1,194.88,25,0
ITEM004616,ORD002750,PROD0294,1,16.28,10,0
ITEM004617,ORD002874,PROD0318,-4,502.67,10,1
ITEM004618,ORD002874,PROD0147,-4,622.54,30,1
ITEM004619,ORD001411,PROD0285,1,43.57,10,0
ITEM004620,ORD001411,PROD0473,1,21.84,15,0
ITEM004621,ORD001411,PROD0308,1,19.86,50,0
ITEM004622,ORD000378,PROD0497,2,53.72,10,0
ITEM004623,ORD000643,PROD0155,3,1121.82,50,0
ITEM004624,ORD000643,PROD0424,1,22.83,15,0
ITEM004625,ORD000643,PROD0067,1,94.08,15,0
ITEM004626,ORD000925,PROD0232,1,25.25,30,0
ITEM004627,ORD000925,PROD0219,1,975.92,10,0
ITEM004628,ORD000001,PROD0184,1,27.94,30,0
ITEM004629,ORD000001,PROD0208,2,460.44,0,0
ITEM004630,ORD000001,PROD0443,3,149.53,10,0
ITEM004631,ORD000659,PROD0130,3,327.62,5,0
ITEM004632,ORD000659,PROD0034,1,6.52,50,0
ITEM004633,ORD000552,PROD0342,1,576.77,0,0
ITEM004634,ORD000552,PROD0470,1,22.6,10,0
ITEM004635,ORD000552,PROD0389,1,148.44,10,0
ITEM004636,ORD003244,PROD0102,1,20.2,40,0
ITEM004637,ORD004007,PROD0186,1,37.21,5,0
ITEM004638,ORD004007,PROD0469,1,111.7,40,0
ITEM004639,ORD003459,PROD0432,1,308.0,25,0
ITEM004640,ORD003459,PROD0193,1,971.03,10,0
ITEM004641,ORD003459,PROD0477,4,206.25,25,0
ITEM004642,ORD003459,PROD0379,3,14.99,5,0
ITEM004643,ORD004414,PROD0297,2,14.84,20,0
ITEM004644,ORD004414,PROD0179,1,377.75,10,0
ITEM004645,ORD001124,PROD0445,1,1554.77,50,0
ITEM004646,ORD001124,PROD0238,2,46.86,25,0
ITEM004647,ORD003906,PROD0137,3,227.54,10,0
ITEM004648,ORD003906,PROD0389,3,146.61,5,0
ITEM004649,ORD003300,PROD0408,1,22.48,10,0
ITEM004650,ORD003300,PROD0429,1,147.52,50,0
ITEM004651,ORD004601,PROD0479,-1,39.95,20,1
ITEM004652,ORD004601,PROD0243,-1,9.19,50,1
ITEM004653,ORD000111,PROD0336,1,1655.7,0,0
ITEM004654,ORD000111,PROD0052,1,142.59,40,0
ITEM004655,ORD000111,PROD0124,4,1246.14,10,0
ITEM004656,ORD003490,PROD0441,2,720.24,0,0
ITEM004657,ORD001156,PROD0086,3,236.2,15,0
ITEM004658,ORD001156,PROD0467,3,779.4,15,0
ITEM004659,ORD004380,PROD0130,2,331.52,40,0
ITEM004660,ORD004380,PROD0374,2,104.27,20,0
ITEM004661,ORD000261,PROD0277,2,878.41,5,0
ITEM004662,ORD000261,PROD0150,1,455.69,0,0
ITEM004663,ORD003916,PROD0051,1,146.18,15,0
ITEM004664,ORD003162,PROD0134,3,18.16,5,0
ITEM004665,ORD003162,PROD0287,1,1370.73,25,0
ITEM004666,ORD003162,PROD0230,4,6.48,5,0
ITEM004667,ORD003162,PROD0172,1,777.98,0,0
ITEM004668,ORD003162,PROD0135,2,154.18,5,0
ITEM004669,ORD002336,PROD0219,4,998.47,0,0
ITEM004670,ORD002336,PROD0186,1,36.36,5,0
ITEM004671,ORD004561,PROD0407,2,211.59,50,0
ITEM004672,ORD003318,PROD0442,2,11.84,15,0
ITEM004673,ORD002332,PROD0429,1,149.24,10,0
ITEM004674,ORD003146,PROD0477,3,206.54,5,0
ITEM004675,ORD003146,PROD0493,1,45.38,10,0
ITEM004676,ORD001734,PROD0132,1,67.8,5,0
ITEM004677,ORD001734,PROD0230,2,6.29,40,0
ITEM004678,ORD001734,PROD0134,1,18.38,10,0
ITEM004679,ORD004720,PROD0260,1,1237.31,5,0
ITEM004680,ORD004720,PROD0389,2,142.82,10,0
ITEM004681,ORD002013,PROD0264,1,32.43,30,0
ITEM004682,ORD003068,PROD0130,1,337.83,0,0
ITEM004683,ORD003068,PROD0159,1,51.02,0,0
ITEM004684,ORD003068,PROD0062,2,320.91,40,0
ITEM004685,ORD003068,PROD0481,2,102.55,0,0
ITEM004686,ORD000535,PROD0500,1,1341.01,0,0
ITEM004687,ORD004254,PROD0166,1,1018.57,40,0
ITEM004688,ORD000305,PROD0131,1,32.83,5,0
ITEM004689,ORD000222,PROD0485,1,56.88,0,0
ITEM004690,ORD003353,PROD0237,1,702.42,0,0
ITEM004691,ORD003353,PROD0136,1,17.32,20,0
ITEM004692,ORD000478,PROD0131,1,31.68,50,0
ITEM004693,ORD000478,PROD0149,2,1219.62,5,0
ITEM004694,ORD000478,PROD0135,1,161.58,15,0
ITEM004695,ORD002677,PROD0202,1,6.75,25,0
ITEM004696,ORD002677,PROD0263,1,64.94,25,0
ITEM004697,ORD000543,PROD0232,1,24.58,20,0
ITEM004698,ORD000543,PROD0219,2,1003.29,40,0
ITEM004699,ORD003790,PROD0267,3,49.77,10,0
ITEM004700,ORD003790,PROD0195,1,60.67,0,0
ITEM004701,ORD003790,PROD0008,1,284.94,10,0
ITEM004702,ORD003790,PROD0135,2,154.62,30,0
ITEM004703,ORD004178,PROD0413,1,375.84,20,0
ITEM004704,ORD004178,PROD0205,2,506.38,50,0
ITEM004705,ORD002471,PROD0195,3,60.81,5,0
ITEM004706,ORD002471,PROD0077,1,962.71,0,0
ITEM004707,ORD002471,PROD0374,1,103.17,20,0
ITEM004708,ORD002471,PROD0101,1,374.48,0,0
ITEM004709,ORD002471,PROD0184,1,27.86,40,0
ITEM004710,ORD001619,PROD0297,2,15.46,30,0
ITEM004711,ORD001619,PROD0179,1,378.59,10,0
ITEM004712,ORD001619,PROD0021,3,346.59,40,0
ITEM004713,ORD001619,PROD0380,2,50.12,30,0
ITEM004714,ORD001681,PROD0105,2,177.88,50,0
ITEM004715,ORD001681,PROD0219,1,978.87,50,0
ITEM004716,ORD003447,PROD0438,1,770.59,5,0
ITEM004717,ORD003447,PROD0316,1,34.37,10,0
ITEM004718,ORD004640,PROD0097,3,542.86,15,0
ITEM004719,ORD004640,PROD0379,1,14.56,0,0
ITEM004720,ORD000423,PROD0074,1,31.89,40,0
ITEM004721,ORD000423,PROD0155,1,1082.31,5,0
ITEM004722,ORD000423,PROD0129,1,353.99,20,0
ITEM004723,ORD000423,PROD0403,2,306.77,25,0
ITEM004724,ORD000423,PROD0184,2,27.14,30,0
ITEM004725,ORD002679,PROD0245,1,2208.08,40,0
ITEM004726,ORD002872,PROD0137,2,225.94,15,0
ITEM004727,ORD002872,PROD0264,1,32.02,25,0
ITEM004728,ORD001429,PROD0303,1,48.45,15,0
ITEM004729,ORD001429,PROD0275,1,113.72,0,0
ITEM004730,ORD001429,PROD0142,1,30.64,0,0
ITEM004731,ORD001429,PROD0186,1,37.11,5,0
ITEM004732,ORD004013,PROD0316,1,33.37,5,0
ITEM004733,ORD000053,PROD0332,-1,1259.36,10,1
ITEM004734,ORD002745,PROD0208,2,474.72,20,0
ITEM004735,ORD002745,PROD0181,1,66.85,50,0
ITEM004736,ORD002745,PROD0143,2,1499.18,25,0
ITEM004737,ORD001294,PROD0062,1,326.72,5,0
ITEM004738,ORD001294,PROD0073,3,115.23,0,0
ITEM004739,ORD001294,PROD0429,1,145.81,40,0
ITEM004740,ORD001294,PROD0099,4,13.36,15,0
ITEM004741,ORD001294,PROD0277,4,870.49,15,0
ITEM004742,ORD000316,PROD0285,1,44.75,20,0
ITEM004743,ORD000316,PROD0389,2,144.14,0,0
ITEM004744,ORD000316,PROD0344,1,2178.1,0,0
ITEM004745,ORD000316,PROD0073,1,114.35,0,0
ITEM004746,ORD000316,PROD0349,1,690.41,50,0
ITEM004747,ORD002009,PROD0482,1,511.24,15,0
ITEM004748,ORD004637,PROD0297,1,15.0,10,0
ITEM004749,ORD004637,PROD0179,1,396.79,0,0
ITEM004750,ORD004146,PROD0202,1,7.14,0,0
ITEM004751,ORD004146,PROD0444,1,9.34,5,0
ITEM004752,ORD002391,PROD0186,3,36.59,25,0
ITEM004753,ORD002391,PROD0469,3,113.76,25,0
ITEM004754,ORD002391,PROD0015,2,486.37,0,0
ITEM004755,ORD002391,PROD0137,2,228.4,30,0
ITEM004756,ORD000382,PROD0105,1,171.3,0,0
ITEM004757,ORD000382,PROD0227,2,54.93,10,0
ITEM004758,ORD000728,PROD0097,2,526.97,50,0
ITEM004759,ORD000728,PROD0379,1,14.94,50,0
ITEM004760,ORD002698,PROD0192,3,218.81,30,0
ITEM004761,ORD002698,PROD0232,1,24.06,50,0
ITEM004762,ORD001247,PROD0147,4,640.52,50,0
ITEM004763,ORD001247,PROD0066,1,31.6,0,0
ITEM004764,ORD001198,PROD0006,1,5.31,40,0
ITEM004765,ORD001198,PROD0389,2,140.66,30,0
ITEM004766,ORD001198,PROD0434,2,43.66,25,0
ITEM004767,ORD001061,PROD0135,1,158.02,25,0
ITEM004768,ORD001061,PROD0315,1,11.31,15,0
ITEM004769,ORD001479,PROD0100,1,1330.48,40,0
ITEM004770,ORD001479,PROD0229,1,1735.32,30,0
ITEM004771,ORD002805,PROD0459,1,39.68,0,0
ITEM004772,ORD003703,PROD0264,2,31.89,10,0
ITEM004773,ORD000504,PROD0215,3,15.79,15,0
ITEM004774,ORD000049,PROD0467,1,743.8,30,0
ITEM004775,ORD000049,PROD0097,2,533.43,15,0
ITEM004776,ORD000049,PROD0094,1,13.24,25,0
ITEM004778,ORD004307,PROD0132,1,64.63,50,0
ITEM004779,ORD004307,PROD0227,2,54.97,0,0
ITEM004780,ORD002395,PROD0414,1,167.88,15,0
ITEM004781,ORD001012,PROD0130,1,336.78,40,0
ITEM004782,ORD001012,PROD0092,1,147.7,0,0
ITEM004783,ORD001012,PROD0008,4,298.51,20,0
ITEM004784,ORD003185,PROD0242,2,4.84,10,0
ITEM004785,ORD003066,PROD0267,3,49.84,10,0
ITEM004786,ORD003066,PROD0492,3,81.72,10,0
ITEM004787,ORD003079,PROD0405,-1,1709.14,10,1
ITEM004788,ORD004127,PROD0237,4,701.96,30,0
ITEM004789,ORD004127,PROD0018,3,1086.18,0,0
ITEM004790,ORD004127,PROD0067,2,92.22,30,0
ITEM004791,ORD003825,PROD0339,4,279.18,10,0
ITEM004792,ORD003825,PROD0275,1,113.82,25,0
ITEM004793,ORD003825,PROD0055,1,62.24,50,0
ITEM004794,ORD003825,PROD0060,1,270.33,40,0
ITEM004795,ORD000771,PROD0116,-2,23.56,5,1
ITEM004796,ORD001959,PROD0192,2,216.95,0,0
ITEM004797,ORD001959,PROD0232,1,24.2,5,0
ITEM004798,ORD001959,PROD0084,2,1616.42,0,0
ITEM004799,ORD002711,PROD0432,2,291.89,10,0
ITEM004800,ORD002711,PROD0034,1,6.47,0,0
ITEM004801,ORD000216,PROD0120,1,186.23,50,0
ITEM004802,ORD000216,PROD0159,3,52.19,15,0
ITEM004803,ORD001296,PROD0279,2,391.02,25,0
ITEM004804,ORD001296,PROD0193,3,915.73,0,0
ITEM004805,ORD001420,PROD0077,4,947.55,0,0
ITEM004806,ORD001420,PROD0134,3,18.53,25,0
ITEM004807,ORD000854,PROD0001,1,286.82,20,0
ITEM004808,ORD000149,PROD0275,2,110.94,0,0
ITEM004809,ORD000149,PROD0086,3,232.99,30,0
ITEM004810,ORD002714,PROD0292,1,15.13,0,0
ITEM004811,ORD001127,PROD0094,1,12.65,40,0
ITEM004812,ORD001127,PROD0217,1,42.61,10,0
ITEM004813,ORD001127,PROD0204,1,1384.74,10,0
ITEM004814,ORD003967,PROD0202,1,6.77,5,0
ITEM004815,ORD003967,PROD0444,1,9.2,5,0
ITEM004816,ORD003947,PROD0132,1,67.4,0,0
ITEM004817,ORD003947,PROD0227,1,56.63,0,0
ITEM004818,ORD003947,PROD0254,3,7.56,30,0
ITEM004819,ORD003947,PROD0389,1,142.51,10,0
ITEM004820,ORD003192,PROD0312,1,1519.08,30,0
ITEM004821,ORD003192,PROD0075,3,14.71,5,0
ITEM004822,ORD003192,PROD0179,2,389.31,10,0
ITEM004823,ORD003192,PROD0186,2,35.98,0,0
ITEM004824,ORD003192,PROD0036,1,97.02,10,0
ITEM004825,ORD000554,PROD0165,1,6.39,10,0
ITEM004826,ORD001748,PROD0089,3,173.03,0,0
ITEM004827,ORD001748,PROD0034,1,6.72,5,0
ITEM004828,ORD001851,PROD0187,-1,138.48,40,1
ITEM004829,ORD002355,PROD0469,2,115.59,30,0
ITEM004830,ORD002355,PROD0366,1,867.03,15,0
ITEM004831,ORD001540,PROD0136,2,17.08,0,0
ITEM004832,ORD001540,PROD0106,2,538.68,40,0
ITEM004833,ORD004234,PROD0275,1,109.5,50,0
ITEM004834,ORD004234,PROD0086,4,233.7,0,0
ITEM004835,ORD003292,PROD0030,1,401.54,5,0
ITEM004836,ORD003292,PROD0177,1,100.93,10,0
ITEM004837,ORD003135,PROD0067,2,97.4,40,0
ITEM004838,ORD001157,PROD0219,3,985.54,0,0
ITEM004839,ORD001157,PROD0186,1,37.06,15,0
ITEM004840,ORD000118,PROD0470,1,22.63,50,0
ITEM004841,ORD001084,PROD0177,4,99.39,10,0
ITEM004842,ORD002065,PROD0223,4,148.87,15,0
ITEM004843,ORD000292,PROD0205,1,513.06,15,0
ITEM004844,ORD000292,PROD0420,2,14.37,0,0
ITEM004845,ORD003453,PROD0202,2,7.03,50,0
ITEM004846,ORD003453,PROD0444,1,9.26,0,0
ITEM004847,ORD003453,PROD0211,3,85.69,40,0
ITEM004848,ORD000369,PROD0208,3,463.33,10,0
ITEM004849,ORD000369,PROD0266,2,20.05,0,0
ITEM004850,ORD000369,PROD0170,4,26.71,5,0
ITEM004851,ORD000369,PROD0131,1,32.26,10,0
ITEM004852,ORD000369,PROD0277,4,877.42,0,0
ITEM004853,ORD002125,PROD0086,1,233.32,0,0
ITEM004854,ORD002125,PROD0074,1,31.81,0,0
ITEM004855,ORD002125,PROD0219,1,968.26,0,0
ITEM004856,ORD001089,PROD0078,1,1678.58,25,0
ITEM004857,ORD001089,PROD0435,2,164.22,25,0
ITEM004858,ORD001089,PROD0075,1,14.95,15,0
ITEM004859,ORD002834,PROD0232,2,24.94,10,0
ITEM004860,ORD002834,PROD0219,2,1001.93,50,0
ITEM004861,ORD001612,PROD0364,1,1879.5,40,0
ITEM004862,ORD001612,PROD0030,1,396.08,25,0
ITEM004863,ORD001612,PROD0086,2,236.76,40,0
ITEM004864,ORD001612,PROD0066,1,31.02,0,0
ITEM004865,ORD002364,PROD0186,4,36.75,0,0
ITEM004866,ORD002364,PROD0469,1,115.78,5,0
ITEM004867,ORD002364,PROD0073,1,116.72,5,0
ITEM004868,ORD002265,PROD0303,1,49.24,5,0
ITEM004869,ORD001364,PROD0258,2,198.29,40,0
ITEM004870,ORD001364,PROD0364,1,1804.96,25,0
ITEM004871,ORD001364,PROD0202,4,6.88,20,0
ITEM004872,ORD002488,PROD0111,2,172.79,15,0
ITEM004873,ORD002488,PROD0006,1,5.32,40,0
ITEM004874,ORD002488,PROD0238,1,47.36,10,0
ITEM004875,ORD002488,PROD0130,1,330.77,15,0
ITEM004876,ORD002488,PROD0062,1,320.42,25,0
ITEM004877,ORD002840,PROD0486,1,26.19,30,0
ITEM004878,ORD000407,PROD0181,2,65.38,0,0
ITEM004879,ORD000407,PROD0432,3,300.92,0,0
ITEM004880,ORD002835,PROD0227,1,55.77,30,0
ITEM004881,ORD001588,PROD0130,1,337.88,0,0
ITEM004882,ORD001588,PROD0014,2,319.06,30,0
ITEM004883,ORD002611,PROD0009,1,17.28,10,0
ITEM004884,ORD002611,PROD0146,1,234.07,10,0
ITEM004885,ORD002822,PROD0078,1,1667.91,0,0
ITEM004886,ORD002443,PROD0483,1,30.03,40,0
ITEM004887,ORD002443,PROD0067,1,97.21,15,0
ITEM004888,ORD002001,PROD0097,2,533.43,0,0
ITEM004889,ORD002334,PROD0135,1,156.58,0,0
ITEM004890,ORD002334,PROD0315,4,11.12,15,0
ITEM004891,ORD000517,PROD0219,1,946.82,50,0
ITEM004892,ORD000517,PROD0186,1,37.3,10,0
ITEM004893,ORD003179,PROD0275,3,109.71,50,0
ITEM004894,ORD003179,PROD0086,1,227.2,50,0
ITEM004895,ORD002705,PROD0432,1,301.15,0,0
ITEM004896,ORD004252,PROD0237,4,706.9,10,0
ITEM004897,ORD004252,PROD0136,2,17.01,15,0
ITEM004898,ORD004252,PROD0227,1,55.28,20,0
ITEM004899,ORD002783,PROD0106,3,524.53,0,0
ITEM004900,ORD002783,PROD0137,2,231.77,30,0
ITEM004901,ORD000326,PROD0228,3,122.92,0,0
ITEM004902,ORD000326,PROD0424,1,23.1,0,0
ITEM004903,ORD000326,PROD0420,3,14.41,10,0
ITEM004904,ORD000614,PROD0097,-2,532.22,10,1
ITEM004905,ORD000298,PROD0174,1,109.4,0,0
ITEM004906,ORD000298,PROD0075,1,14.92,50,0
ITEM004907,ORD000298,PROD0262,1,712.6,0,0
ITEM004908,ORD000481,PROD0174,1,111.34,0,0
ITEM004909,ORD000481,PROD0069,1,452.14,25,0
ITEM004910,ORD003259,PROD0225,1,187.81,0,0
ITEM004911,ORD003259,PROD0307,3,35.37,25,0
ITEM004912,ORD003055,PROD0445,2,1537.7,0,0
ITEM004913,ORD004230,PROD0346,1,47.0,0,0
ITEM004914,ORD001636,PROD0086,2,235.09,0,0
ITEM004915,ORD001636,PROD0227,1,56.56,0,0
ITEM004916,ORD001636,PROD0473,3,22.19,5,0
ITEM004917,ORD001636,PROD0099,1,13.34,10,0
ITEM004918,ORD001636,PROD0324,1,300.21,40,0
ITEM004919,ORD000661,PROD0482,1,515.15,30,0
ITEM004920,ORD000661,PROD0030,3,408.55,0,0
ITEM004921,ORD001786,PROD0182,1,804.91,0,0
ITEM004922,ORD001786,PROD0331,2,82.37,0,0
ITEM004923,ORD001786,PROD0269,1,1133.63,0,0
ITEM004924,ORD001786,PROD0111,1,168.51,15,0
ITEM004925,ORD004260,PROD0469,3,113.03,50,0
ITEM004926,ORD004260,PROD0366,1,892.27,15,0
ITEM004927,ORD000770,PROD0303,1,49.07,0,0
ITEM004928,ORD002278,PROD0062,1,322.05,15,0
ITEM004929,ORD002278,PROD0134,1,18.22,5,0
ITEM004930,ORD002278,PROD0228,2,119.78,10,0
ITEM004931,ORD002278,PROD0408,1,22.86,0,0
ITEM004932,ORD003736,PROD0360,1,467.19,15,0
ITEM004933,ORD003736,PROD0078,1,1654.84,30,0
ITEM004934,ORD003736,PROD0379,1,14.29,40,0
ITEM004935,ORD003736,PROD0374,4,106.59,10,0
ITEM004936,ORD001618,PROD0316,1,34.27,15,0
ITEM004937,ORD001618,PROD0429,4,146.14,15,0
ITEM004938,ORD001618,PROD0030,1,401.0,0,0
ITEM004939,ORD001618,PROD0278,2,27.87,25,0
ITEM004940,ORD001618,PROD0025,1,17.02,25,0
ITEM004941,ORD001833,PROD0364,-2,1876.76,10,1
ITEM004942,ORD001833,PROD0464,-1,355.74,10,1
ITEM004943,ORD002938,PROD0192,3,217.14,10,0
ITEM004944,ORD002938,PROD0232,1,25.14,10,0
ITEM004945,ORD002938,PROD0384,1,1559.26,15,0
ITEM004946,ORD000855,PROD0142,4,31.06,0,0
ITEM004947,ORD000855,PROD0371,1,614.42,0,0
ITEM004948,ORD001994,PROD0008,1,294.18,30,0
ITEM004949,ORD004176,PROD0183,2,274.16,15,0
ITEM004950,ORD001431,PROD0147,1,621.11,10,0
ITEM004951,ORD004199,PROD0415,3,1474.72,30,0
ITEM004952,ORD000765,PROD0115,1,33.23,40,0
ITEM004953,ORD000765,PROD0018,2,1113.48,5,0
ITEM004954,ORD000765,PROD0226,2,1693.21,5,0
ITEM004955,ORD001977,PROD0130,2,340.22,20,0
ITEM004956,ORD001977,PROD0034,1,6.55,0,0
ITEM004957,ORD004048,PROD0469,3,114.1,5,0
ITEM004958,ORD004048,PROD0366,1,854.25,0,0
ITEM004959,ORD004048,PROD0106,1,538.48,15,0
ITEM004960,ORD002301,PROD0344,1,2283.74,0,0
ITEM004961,ORD002301,PROD0444,3,9.21,10,0
ITEM004962,ORD001556,PROD0072,1,704.42,50,0
ITEM004963,ORD001556,PROD0150,2,447.03,30,0
ITEM004964,ORD003682,PROD0106,3,546.41,30,0
ITEM004965,ORD003682,PROD0137,1,225.03,15,0
ITEM004966,ORD000576,PROD0054,-2,6.22,0,1
ITEM004967,ORD004044,PROD0181,1,65.88,25,0
ITEM004968,ORD004044,PROD0432,1,294.05,30,0
ITEM004969,ORD000964,PROD0179,1,375.74,50,0
ITEM004970,ORD000964,PROD0089,1,171.57,15,0
ITEM004971,ORD000964,PROD0479,2,40.06,50,0
ITEM004972,ORD000964,PROD0301,1,235.59,0,0
ITEM004973,ORD001690,PROD0154,2,123.34,25,0
ITEM004974,ORD001690,PROD0119,2,16.54,10,0
ITEM004975,ORD001690,PROD0234,1,22.45,10,0
ITEM004976,ORD003312,PROD0356,2,24.33,10,0
ITEM004977,ORD003312,PROD0203,1,346.02,10,0
ITEM004978,ORD003312,PROD0155,1,1124.67,0,0
ITEM004979,ORD003312,PROD0380,1,50.55,50,0
ITEM004980,ORD001101,PROD0232,2,24.35,0,0
ITEM004981,ORD001101,PROD0398,1,787.0,0,0
ITEM004982,ORD001101,PROD0170,3,25.86,20,0
ITEM004983,ORD001101,PROD0227,1,56.68,50,0
ITEM004984,ORD000059,PROD0009,1,17.68,40,0
ITEM004985,ORD000451,PROD0097,1,544.88,0,0
ITEM004986,ORD000451,PROD0491,3,26.64,10,0
ITEM004987,ORD000451,PROD0349,1,667.01,25,0
ITEM004988,ORD002351,PROD0381,3,28.66,15,0
ITEM004989,ORD002351,PROD0414,2,166.56,5,0
ITEM004990,ORD001080,PROD0252,1,22.52,10,0
ITEM004991,ORD000973,PROD0126,3,17.59,0,0
ITEM004992,ORD001626,PROD0473,4,22.31,15,0
ITEM004993,ORD001626,PROD0017,1,60.24,50,0
ITEM004994,ORD001626,PROD0465,2,173.85,20,0
ITEM004995,ORD001626,PROD0137,1,219.76,30,0
ITEM004996,ORD000448,PROD0252,2,23.41,40,0
ITEM004997,ORD003495,PROD0415,1,1495.63,20,0
ITEM004998,ORD003495,PROD0402,1,8.19,0,0
ITEM004999,ORD003495,PROD0443,1,147.09,50,0
ITEM005000,ORD000827,PROD0485,1,57.8,40,0
ITEM005001,ORD000827,PROD0136,2,16.87,0,0
ITEM005002,ORD000827,PROD0313,1,47.25,30,0
ITEM005003,ORD000827,PROD0063,4,17.09,0,0
ITEM005004,ORD002870,PROD0006,1,5.24,15,0
ITEM005005,ORD002870,PROD0073,3,118.68,15,0
ITEM005006,ORD001747,PROD0432,1,294.47,10,0
ITEM005007,ORD001747,PROD0034,1,6.78,0,0
ITEM005008,ORD001747,PROD0161,1,36.58,10,0
ITEM005009,ORD002412,PROD0432,1,301.83,0,0
ITEM005010,ORD002412,PROD0034,1,6.64,0,0
ITEM005011,ORD004084,PROD0327,4,510.92,0,0
ITEM005012,ORD004084,PROD0321,2,279.59,50,0
ITEM005013,ORD004084,PROD0014,1,325.65,5,0
ITEM005014,ORD001871,PROD0186,3,36.65,20,0
ITEM005015,ORD001871,PROD0469,2,112.24,15,0
ITEM005016,ORD001871,PROD0201,1,1426.09,5,0
ITEM005017,ORD001871,PROD0467,3,750.5,10,0
ITEM005018,ORD000837,PROD0186,4,37.06,25,0
ITEM005019,ORD000837,PROD0469,2,116.45,20,0
ITEM005020,ORD001520,PROD0470,1,21.85,50,0
ITEM005021,ORD001520,PROD0188,1,222.41,10,0
ITEM005022,ORD004174,PROD0257,1,19.34,15,0
ITEM005023,ORD004174,PROD0120,1,181.29,40,0
ITEM005024,ORD004131,PROD0156,1,191.73,20,0
ITEM005025,ORD004131,PROD0175,4,512.92,0,0
ITEM005026,ORD002977,PROD0230,1,6.61,0,0
ITEM005027,ORD004342,PROD0205,1,504.03,15,0
ITEM005028,ORD004653,PROD0297,1,14.74,25,0
ITEM005029,ORD004653,PROD0033,1,111.13,0,0
ITEM005030,ORD004653,PROD0485,1,57.39,15,0
ITEM005031,ORD002482,PROD0299,2,1922.49,0,0
ITEM005032,ORD002482,PROD0221,1,82.9,40,0
ITEM005033,ORD002482,PROD0228,3,120.29,25,0
ITEM005034,ORD002482,PROD0167,4,68.99,0,0
ITEM005035,ORD002482,PROD0374,3,105.45,10,0
ITEM005036,ORD002634,PROD0232,1,24.15,0,0
ITEM005037,ORD002634,PROD0177,1,100.61,40,0
ITEM005038,ORD002634,PROD0136,3,17.46,0,0
ITEM005039,ORD000507,PROD0414,3,166.04,25,0
ITEM005040,ORD000507,PROD0278,1,27.86,40,0
ITEM005041,ORD000507,PROD0232,1,25.04,0,0
ITEM005042,ORD003558,PROD0181,2,67.09,30,0
ITEM005043,ORD003558,PROD0258,1,192.31,50,0
ITEM005044,ORD003558,PROD0382,1,1551.67,0,0
ITEM005045,ORD001236,PROD0345,1,14.54,10,0
ITEM005046,ORD003483,PROD0470,2,22.35,25,0
ITEM005047,ORD002857,PROD0470,1,22.12,0,0
ITEM005048,ORD002857,PROD0465,1,181.98,0,0
ITEM005049,ORD002302,PROD0060,1,268.31,50,0
ITEM005050,ORD002302,PROD0098,1,63.46,0,0
ITEM005051,ORD002302,PROD0034,2,6.85,10,0
ITEM005052,ORD001713,PROD0396,1,57.41,10,0
ITEM005053,ORD001713,PROD0142,2,29.7,25,0
ITEM005054,ORD004602,PROD0030,1,406.42,0,0
ITEM005055,ORD000605,PROD0107,2,185.08,30,0
ITEM005056,ORD000605,PROD0172,1,764.11,25,0
ITEM005057,ORD001449,PROD0172,1,774.25,20,0
ITEM005058,ORD001449,PROD0227,3,55.31,10,0
ITEM005059,ORD001449,PROD0358,1,29.59,40,0
ITEM005060,ORD001628,PROD0202,1,6.85,30,0
ITEM005061,ORD001628,PROD0444,1,9.38,25,0
ITEM005062,ORD004052,PROD0266,1,20.8,15,0
ITEM005063,ORD004052,PROD0166,1,1043.67,10,0
ITEM005064,ORD004052,PROD0469,1,117.11,25,0
ITEM005065,ORD004052,PROD0012,3,104.62,30,0
ITEM005066,ORD004052,PROD0131,1,31.48,10,0
ITEM005067,ORD003198,PROD0456,4,57.97,50,0
ITEM005068,ORD004404,PROD0176,-1,773.22,30,1
ITEM005069,ORD003296,PROD0258,1,193.51,0,0
ITEM005070,ORD003296,PROD0307,4,35.1,40,0
ITEM005071,ORD003296,PROD0403,1,298.04,40,0
ITEM005072,ORD003296,PROD0260,1,1233.78,15,0
ITEM005073,ORD003296,PROD0042,1,525.59,10,0
ITEM005074,ORD003370,PROD0300,2,21.15,20,0
ITEM005075,ORD003370,PROD0077,1,946.84,30,0
ITEM005076,ORD003370,PROD0103,1,20.13,0,0
ITEM005077,ORD003370,PROD0006,1,5.45,0,0
ITEM005078,ORD000339,PROD0086,1,233.82,5,0
ITEM005079,ORD000339,PROD0467,1,759.19,10,0
ITEM005080,ORD000801,PROD0119,2,16.08,5,0
ITEM005081,ORD000801,PROD0282,4,30.58,40,0
ITEM005082,ORD000801,PROD0033,2,111.36,5,0
ITEM005083,ORD000801,PROD0025,1,16.61,20,0
ITEM005084,ORD000056,PROD0237,1,705.1,15,0
ITEM005085,ORD002212,PROD0482,1,512.56,5,0
ITEM005086,ORD002212,PROD0030,1,393.71,40,0
ITEM005087,ORD002212,PROD0266,3,19.8,10,0
ITEM005088,ORD002212,PROD0272,4,96.0,25,0
ITEM005089,ORD004181,PROD0308,1,20.24,10,0
ITEM005090,ORD002562,PROD0366,1,888.53,20,0
ITEM005091,ORD002746,PROD0407,2,208.29,10,0
ITEM005092,ORD002746,PROD0323,1,219.94,10,0
ITEM005093,ORD002746,PROD0339,1,280.51,20,0
ITEM005094,ORD002746,PROD0331,1,84.97,20,0
ITEM005095,ORD002320,PROD0219,1,990.17,15,0
ITEM005096,ORD002320,PROD0186,2,37.57,5,0
ITEM005097,ORD003577,PROD0030,1,409.85,10,0
ITEM005098,ORD003577,PROD0177,2,100.08,5,0
ITEM005099,ORD002507,PROD0275,1,111.03,5,0
ITEM005100,ORD002507,PROD0086,2,234.66,30,0
ITEM005101,ORD001245,PROD0239,1,1435.3,0,0
ITEM005102,ORD003159,PROD0315,1,10.81,40,0
ITEM005103,ORD003159,PROD0204,1,1382.58,10,0
ITEM005104,ORD000033,PROD0078,1,1628.52,0,0
ITEM005105,ORD000984,PROD0414,3,170.65,50,0
ITEM005106,ORD000984,PROD0014,2,317.84,20,0
ITEM005107,ORD000984,PROD0112,1,1933.92,10,0
ITEM005108,ORD000984,PROD0486,1,26.7,50,0
ITEM005109,ORD001610,PROD0247,1,197.14,50,0
ITEM005110,ORD001610,PROD0177,1,97.79,5,0
ITEM005111,ORD001610,PROD0280,2,1103.91,0,0
ITEM005112,ORD001484,PROD0219,3,1003.81,20,0
ITEM005113,ORD001484,PROD0186,1,35.82,0,0
ITEM005114,ORD000176,PROD0082,4,547.49,0,0
ITEM005115,ORD002743,PROD0130,2,334.52,0,0
ITEM005116,ORD002743,PROD0034,1,6.67,10,0
ITEM005117,ORD002743,PROD0105,1,170.0,20,0
ITEM005118,ORD002322,PROD0429,1,149.08,0,0
ITEM005119,ORD002536,PROD0150,1,450.31,0,0
ITEM005120,ORD000210,PROD0105,1,173.47,25,0
ITEM005121,ORD000210,PROD0219,2,975.42,20,0
ITEM005122,ORD000210,PROD0379,2,14.98,0,0
ITEM005123,ORD000210,PROD0181,1,68.5,0,0
ITEM005124,ORD004311,PROD0137,1,229.07,10,0
ITEM005125,ORD004311,PROD0389,1,147.68,5,0
ITEM005127,ORD004564,PROD0446,-1,200.46,15,1
ITEM005128,ORD003422,PROD0184,2,27.13,10,0
ITEM005129,ORD003422,PROD0304,1,112.91,20,0
ITEM005130,ORD003691,PROD0297,1,15.45,0,0
ITEM005131,ORD003691,PROD0328,1,16.13,10,0
ITEM005132,ORD000540,PROD0192,3,223.98,0,0
ITEM005133,ORD000540,PROD0232,1,25.19,20,0
ITEM005134,ORD002497,PROD0243,-1,9.06,0,1
ITEM005135,ORD004599,PROD0208,4,457.6,50,0
ITEM005136,ORD004599,PROD0181,4,67.56,50,0
ITEM005137,ORD004599,PROD0082,1,551.53,0,0
ITEM005138,ORD004081,PROD0297,1,14.72,10,0
ITEM005139,ORD004081,PROD0179,1,385.09,15,0
ITEM005140,ORD004081,PROD0333,1,24.82,15,0
ITEM005141,ORD000062,PROD0017,3,59.01,15,0
ITEM005142,ORD000062,PROD0294,1,16.05,20,0
ITEM005143,ORD000062,PROD0015,2,471.24,5,0
ITEM005144,ORD000062,PROD0441,2,714.35,10,0
ITEM005145,ORD000062,PROD0264,1,32.95,10,0
ITEM005146,ORD000916,PROD0260,2,1301.03,5,0
ITEM005147,ORD004368,PROD0315,2,11.14,0,0
ITEM005148,ORD001730,PROD0160,1,181.91,0,0
ITEM005149,ORD001730,PROD0370,1,51.47,50,0
ITEM005150,ORD001730,PROD0199,2,18.46,5,0
ITEM005151,ORD001640,PROD0233,1,843.87,10,0
ITEM005152,ORD001640,PROD0120,1,187.31,40,0
ITEM005153,ORD001560,PROD0137,2,232.03,10,0
ITEM005154,ORD001560,PROD0389,3,145.31,10,0
ITEM005155,ORD004247,PROD0132,2,68.3,20,0
ITEM005156,ORD004247,PROD0227,1,55.18,20,0
ITEM005157,ORD004054,PROD0210,1,118.31,10,0
ITEM005158,ORD004691,PROD0030,2,410.38,20,0
ITEM005159,ORD004691,PROD0177,1,98.14,5,0
ITEM005160,ORD004423,PROD0202,3,6.79,40,0
ITEM005161,ORD004423,PROD0444,1,9.36,50,0
ITEM005162,ORD002982,PROD0349,1,659.07,15,0
ITEM005163,ORD002982,PROD0186,2,36.58,30,0
ITEM005164,ORD003580,PROD0429,1,149.08,50,0
ITEM005165,ORD003580,PROD0048,1,73.18,25,0
ITEM005166,ORD003580,PROD0398,1,756.18,25,0
ITEM005167,ORD003580,PROD0426,2,104.57,20,0
ITEM005168,ORD003580,PROD0086,1,237.17,50,0
ITEM005169,ORD001623,PROD0006,1,5.54,0,0
ITEM005170,ORD001623,PROD0073,1,116.99,30,0
ITEM005171,ORD000168,PROD0332,-1,1290.47,40,1
ITEM005172,ORD000117,PROD0112,1,1927.34,15,0
ITEM005173,ORD000117,PROD0136,3,17.41,0,0
ITEM005174,ORD000991,PROD0404,1,72.14,40,0
ITEM005175,ORD002702,PROD0230,1,6.23,10,0
ITEM005176,ORD004148,PROD0326,1,66.36,5,0
ITEM005177,ORD004148,PROD0372,1,604.51,0,0
ITEM005178,ORD003111,PROD0222,4,9.49,5,0
ITEM005179,ORD003111,PROD0149,3,1261.53,0,0
ITEM005180,ORD003111,PROD0105,1,179.6,20,0
ITEM005181,ORD004164,PROD0190,3,468.93,5,0
ITEM005182,ORD004164,PROD0374,1,108.96,0,0
ITEM005183,ORD004164,PROD0129,3,351.51,40,0
ITEM005184,ORD004164,PROD0215,1,16.15,20,0
ITEM005185,ORD000927,PROD0181,1,64.99,0,0
ITEM005186,ORD000927,PROD0258,4,197.7,5,0
ITEM005187,ORD002451,PROD0136,1,17.21,30,0
ITEM005188,ORD002451,PROD0360,1,469.36,25,0
ITEM005189,ORD004028,PROD0013,1,67.21,5,0
ITEM005190,ORD000650,PROD0308,1,19.73,25,0
ITEM005191,ORD000890,PROD0181,1,67.73,5,0
ITEM005192,ORD000890,PROD0258,3,201.01,30,0
ITEM005193,ORD004059,PROD0282,3,31.2,30,0
ITEM005194,ORD004210,PROD0472,1,286.78,20,0
ITEM005195,ORD002186,PROD0137,2,232.22,15,0
ITEM005196,ORD002186,PROD0033,1,111.87,10,0
ITEM005197,ORD002186,PROD0341,3,187.55,50,0
ITEM005198,ORD003723,PROD0132,1,66.3,0,0
ITEM005199,ORD003723,PROD0227,3,55.71,30,0
ITEM005200,ORD003723,PROD0475,1,84.6,50,0
ITEM005201,ORD003723,PROD0277,4,875.73,0,0
ITEM005202,ORD000657,PROD0007,4,17.32,50,0
ITEM005203,ORD000657,PROD0223,1,148.34,30,0
ITEM005204,ORD000657,PROD0101,1,384.18,30,0
ITEM005205,ORD002972,PROD0064,2,841.48,15,0
ITEM005206,ORD002972,PROD0176,2,757.17,30,0
ITEM005207,ORD004269,PROD0487,2,238.22,15,0
ITEM005208,ORD004269,PROD0430,1,178.9,10,0
ITEM005209,ORD004269,PROD0303,3,49.34,10,0
ITEM005210,ORD004269,PROD0219,3,972.33,40,0
ITEM005211,ORD004203,PROD0458,2,881.65,20,0
ITEM005213,ORD004203,PROD0208,1,458.85,50,0
ITEM005214,ORD004203,PROD0311,1,15.59,5,0
ITEM005215,ORD004203,PROD0380,1,48.56,10,0
ITEM005216,ORD001617,PROD0331,1,83.63,0,0
ITEM005217,ORD001617,PROD0186,1,37.15,25,0
ITEM005218,ORD001617,PROD0245,3,2213.71,15,0
ITEM005219,ORD002194,PROD0155,1,1100.63,5,0
ITEM005220,ORD000810,PROD0181,2,66.88,20,0
ITEM005221,ORD000810,PROD0258,2,198.79,40,0
ITEM005222,ORD001970,PROD0489,4,37.59,10,0
ITEM005223,ORD001970,PROD0372,1,621.48,20,0
ITEM005224,ORD001358,PROD0022,1,123.21,0,0
ITEM005225,ORD001358,PROD0228,1,123.26,50,0
ITEM005226,ORD004323,PROD0266,2,20.13,5,0
ITEM005227,ORD000212,PROD0149,1,1201.27,20,0
ITEM005228,ORD000212,PROD0124,1,1246.87,0,0
ITEM005229,ORD000212,PROD0371,2,615.65,10,0
ITEM005230,ORD002007,PROD0060,2,268.56,30,0
ITEM005231,ORD002007,PROD0323,1,214.78,30,0
ITEM005232,ORD001476,PROD0275,1,113.82,50,0
ITEM005233,ORD001476,PROD0086,3,236.91,10,0
ITEM005234,ORD001933,PROD0281,2,1603.58,20,0
ITEM005235,ORD000064,PROD0097,1,538.3,20,0
ITEM005236,ORD000064,PROD0379,1,15.08,5,0
ITEM005237,ORD002498,PROD0086,3,229.36,0,0
ITEM005238,ORD002498,PROD0467,1,777.35,0,0
ITEM005239,ORD003968,PROD0219,1,992.0,50,0
ITEM005240,ORD003968,PROD0186,2,37.5,0,0
ITEM005241,ORD004381,PROD0208,1,470.53,40,0
ITEM005242,ORD004381,PROD0181,4,65.42,0,0
ITEM005243,ORD004381,PROD0033,1,112.55,30,0
ITEM005244,ORD003008,PROD0105,1,170.4,40,0
ITEM005245,ORD003008,PROD0219,1,959.92,0,0
ITEM005246,ORD003008,PROD0088,3,89.3,50,0
ITEM005247,ORD000135,PROD0275,3,110.85,10,0
ITEM005248,ORD000135,PROD0086,1,234.65,0,0
ITEM005249,ORD001118,PROD0470,1,22.22,10,0
ITEM005250,ORD001118,PROD0147,2,620.56,0,0
ITEM005251,ORD001118,PROD0259,2,1249.42,5,0
ITEM005252,ORD001118,PROD0181,1,67.68,25,0
ITEM005253,ORD001118,PROD0491,1,26.17,20,0
ITEM005254,ORD000362,PROD0482,3,508.25,30,0
ITEM005255,ORD000362,PROD0030,1,399.26,15,0
ITEM005256,ORD000362,PROD0082,1,536.25,15,0
ITEM005257,ORD000362,PROD0384,2,1576.64,40,0
ITEM005258,ORD000433,PROD0222,1,9.15,10,0
ITEM005259,ORD000433,PROD0047,1,118.99,10,0
ITEM005260,ORD000433,PROD0415,1,1496.88,30,0
ITEM005261,ORD002674,PROD0099,3,13.19,40,0
ITEM005262,ORD004214,PROD0473,-2,21.89,25,1
ITEM005263,ORD003022,PROD0165,1,6.36,50,0
ITEM005264,ORD004491,PROD0156,2,186.46,20,0
ITEM005265,ORD004372,PROD0097,2,523.63,0,0
ITEM005266,ORD004372,PROD0379,1,15.13,10,0
ITEM005267,ORD004142,PROD0181,2,65.21,0,0
ITEM005268,ORD004142,PROD0432,2,298.19,30,0
ITEM005269,ORD004142,PROD0117,1,367.29,5,0
ITEM005270,ORD004142,PROD0203,1,351.15,0,0
ITEM005271,ORD004142,PROD0012,2,103.99,15,0
ITEM005272,ORD000617,PROD0100,3,1319.28,20,0
ITEM005273,ORD002793,PROD0469,2,115.22,30,0
ITEM005274,ORD002793,PROD0366,2,860.92,50,0
ITEM005275,ORD002793,PROD0429,3,143.38,0,0
ITEM005276,ORD004047,PROD0360,1,487.97,40,0
ITEM005277,ORD004047,PROD0054,2,6.1,0,0
ITEM005278,ORD003901,PROD0213,2,12.37,0,0
ITEM005279,ORD003901,PROD0175,1,531.77,0,0
ITEM005280,ORD004585,PROD0465,1,183.76,10,0
ITEM005281,ORD004585,PROD0073,1,114.6,5,0
ITEM005282,ORD001724,PROD0137,1,225.58,50,0
ITEM005283,ORD001724,PROD0389,2,147.99,50,0
ITEM005284,ORD003693,PROD0153,3,55.27,10,0
ITEM005285,ORD004730,PROD0311,2,15.76,0,0
ITEM005286,ORD004730,PROD0254,2,7.6,0,0
ITEM005287,ORD004730,PROD0051,1,149.98,0,0
ITEM005288,ORD000800,PROD0130,1,330.03,0,0
ITEM005289,ORD001738,PROD0264,1,33.5,10,0
ITEM005290,ORD001738,PROD0002,2,1542.45,40,0
ITEM005291,ORD003102,PROD0103,3,21.26,10,0
ITEM005292,ORD003102,PROD0485,1,55.9,20,0
ITEM005293,ORD003102,PROD0075,4,14.66,5,0
ITEM005294,ORD003758,PROD0075,1,15.05,25,0
ITEM005295,ORD003758,PROD0113,2,46.89,25,0
ITEM005296,ORD001603,PROD0006,1,5.31,0,0
ITEM005297,ORD002704,PROD0119,1,16.45,40,0
ITEM005298,ORD002704,PROD0033,2,108.58,10,0
ITEM005299,ORD002016,PROD0081,1,58.9,10,0
ITEM005300,ORD000446,PROD0358,2,29.32,0,0
ITEM005301,ORD000446,PROD0121,2,1174.03,30,0
ITEM005302,ORD000446,PROD0161,1,37.04,10,0
ITEM005303,ORD000446,PROD0254,1,7.73,0,0
ITEM005304,ORD004710,PROD0012,2,98.98,50,0
ITEM005305,ORD004710,PROD0184,1,26.9,0,0
ITEM005306,ORD004710,PROD0081,1,60.82,20,0
ITEM005307,ORD001550,PROD0097,3,537.92,20,0
ITEM005308,ORD001550,PROD0379,1,14.75,30,0
ITEM005309,ORD000065,PROD0149,1,1251.02,25,0
ITEM005310,ORD000065,PROD0468,1,2640.03,25,0
ITEM005311,ORD000065,PROD0430,3,174.59,0,0
ITEM005312,ORD000065,PROD0305,2,682.79,0,0
ITEM005313,ORD000065,PROD0304,2,113.58,0,0
ITEM005314,ORD002841,PROD0232,1,24.06,0,0
ITEM005315,ORD002841,PROD0219,1,987.16,30,0
ITEM005316,ORD001647,PROD0186,1,36.3,30,0
ITEM005317,ORD001647,PROD0469,1,110.72,0,0
ITEM005318,ORD002020,PROD0062,2,323.28,0,0
ITEM005319,ORD002020,PROD0415,1,1529.53,0,0
ITEM005320,ORD000381,PROD0467,1,754.32,20,0
ITEM005321,ORD003576,PROD0406,1,81.35,50,0
ITEM005322,ORD003576,PROD0446,2,207.61,5,0
ITEM005323,ORD000276,PROD0105,3,172.39,25,0
ITEM005324,ORD001916,PROD0204,1,1389.22,25,0
ITEM005325,ORD003464,PROD0137,1,224.88,10,0
ITEM005326,ORD003464,PROD0389,1,143.85,25,0
ITEM005327,ORD000314,PROD0381,1,30.01,0,0
ITEM005328,ORD000314,PROD0159,1,50.07,10,0
ITEM005329,ORD000345,PROD0186,3,36.65,15,0
ITEM005330,ORD000345,PROD0469,4,110.53,30,0
ITEM005331,ORD002063,PROD0484,1,16.6,20,0
ITEM005332,ORD002063,PROD0130,1,346.83,0,0
ITEM005333,ORD002991,PROD0432,1,300.46,20,0
ITEM005334,ORD002991,PROD0034,1,6.6,40,0
ITEM005335,ORD000597,PROD0358,1,29.25,50,0
ITEM005336,ORD000597,PROD0070,1,194.64,50,0
ITEM005337,ORD000597,PROD0266,1,20.31,40,0
ITEM005338,ORD003017,PROD0297,1,15.53,40,0
ITEM005339,ORD003017,PROD0279,3,386.78,50,0
ITEM005340,ORD003017,PROD0032,3,232.97,10,0
ITEM005341,ORD004080,PROD0263,1,66.22,20,0
ITEM005342,ORD004080,PROD0445,2,1566.27,0,0
ITEM005343,ORD004080,PROD0384,1,1611.55,30,0
ITEM005344,ORD001139,PROD0324,1,299.07,5,0
ITEM005345,ORD001139,PROD0467,3,766.32,0,0
ITEM005346,ORD001139,PROD0105,2,174.18,5,0
ITEM005347,ORD001348,PROD0470,-2,21.51,10,1
ITEM005348,ORD001454,PROD0358,-1,30.5,15,1
ITEM005349,ORD002864,PROD0489,2,37.76,25,0
ITEM005350,ORD002756,PROD0026,3,260.02,0,0
ITEM005351,ORD002756,PROD0132,3,67.13,25,0
ITEM005352,ORD002217,PROD0114,1,233.35,10,0
ITEM005353,ORD002217,PROD0327,2,507.21,20,0
ITEM005354,ORD002217,PROD0055,1,61.24,15,0
ITEM005355,ORD001584,PROD0121,2,1191.42,0,0
ITEM005356,ORD001584,PROD0037,4,1276.61,50,0
ITEM005357,ORD003809,PROD0443,3,146.78,15,0
ITEM005358,ORD004427,PROD0006,3,5.29,15,0
ITEM005359,ORD004427,PROD0073,1,114.71,30,0
ITEM005360,ORD003095,PROD0299,1,1960.83,40,0
ITEM005361,ORD003095,PROD0267,1,49.92,20,0
ITEM005362,ORD003095,PROD0297,2,14.99,5,0
ITEM005363,ORD003095,PROD0058,1,768.13,0,0
ITEM005364,ORD001174,PROD0119,1,16.84,10,0
ITEM005365,ORD001174,PROD0266,2,19.68,0,0
ITEM005366,ORD001174,PROD0114,2,224.5,0,0
ITEM005367,ORD001174,PROD0479,1,39.22,30,0
ITEM005368,ORD001111,PROD0317,4,18.44,0,0
ITEM005369,ORD001111,PROD0086,1,231.64,0,0
ITEM005370,ORD000351,PROD0008,2,297.37,20,0
ITEM005371,ORD000351,PROD0465,1,176.84,30,0
ITEM005372,ORD004143,PROD0184,1,27.24,0,0
ITEM005373,ORD004143,PROD0008,1,286.74,30,0
ITEM005374,ORD002656,PROD0208,2,462.61,0,0
ITEM005375,ORD002656,PROD0181,3,64.92,15,0
ITEM005376,ORD004025,PROD0130,1,340.73,50,0
ITEM005377,ORD000510,PROD0036,3,97.34,50,0
ITEM005378,ORD000510,PROD0156,2,187.05,30,0
ITEM005379,ORD003270,PROD0467,4,761.45,25,0
ITEM005380,ORD003270,PROD0208,2,453.67,40,0
ITEM005381,ORD003270,PROD0479,3,39.94,25,0
ITEM005382,ORD003270,PROD0051,3,153.41,50,0
ITEM005383,ORD003270,PROD0072,2,713.16,0,0
ITEM005384,ORD000515,PROD0279,1,379.51,25,0
ITEM005385,ORD000371,PROD0062,4,323.38,10,0
ITEM005386,ORD004537,PROD0035,1,6.9,15,0
ITEM005387,ORD004537,PROD0346,1,47.38,0,0
ITEM005388,ORD004537,PROD0409,1,19.65,25,0
ITEM005389,ORD004537,PROD0294,3,15.65,10,0
ITEM005390,ORD002965,PROD0316,1,34.41,0,0
ITEM005391,ORD002965,PROD0485,2,55.61,20,0
ITEM005392,ORD001224,PROD0042,1,556.5,30,0
ITEM005393,ORD001224,PROD0147,2,635.26,0,0
ITEM005394,ORD001224,PROD0131,2,31.26,30,0
ITEM005395,ORD001224,PROD0150,3,447.49,0,0
ITEM005396,ORD002197,PROD0117,2,365.69,30,0
ITEM005397,ORD002197,PROD0312,1,1559.6,10,0
ITEM005398,ORD002197,PROD0259,1,1228.86,10,0
ITEM005399,ORD002197,PROD0009,1,17.75,30,0
ITEM005400,ORD002197,PROD0132,1,67.45,50,0
ITEM005401,ORD002479,PROD0440,3,200.74,15,0
ITEM005402,ORD002609,PROD0154,1,118.81,0,0
ITEM005403,ORD002609,PROD0073,4,114.54,10,0
ITEM005404,ORD000985,PROD0006,1,5.4,0,0
ITEM005405,ORD000985,PROD0467,4,750.5,0,0
ITEM005406,ORD000150,PROD0105,2,173.67,25,0
ITEM005407,ORD000150,PROD0101,1,372.01,0,0
ITEM005408,ORD000150,PROD0017,4,60.23,15,0
ITEM005409,ORD001816,PROD0432,2,295.78,0,0
ITEM005410,ORD001816,PROD0034,3,6.46,20,0
ITEM005411,ORD002950,PROD0079,1,99.77,0,0
ITEM005412,ORD002950,PROD0181,1,67.44,10,0
ITEM005413,ORD002950,PROD0143,3,1517.63,0,0
ITEM005414,ORD002950,PROD0028,1,134.26,25,0
ITEM005415,ORD002950,PROD0445,1,1524.12,0,0
ITEM005416,ORD003160,PROD0021,1,350.4,50,0
ITEM005417,ORD003160,PROD0137,1,229.69,0,0
ITEM005418,ORD003160,PROD0465,2,174.24,50,0
ITEM005419,ORD002222,PROD0219,1,963.27,25,0
ITEM005420,ORD002222,PROD0186,1,37.6,0,0
ITEM005421,ORD002222,PROD0364,4,1891.32,25,0
ITEM005422,ORD004714,PROD0307,3,35.45,10,0
ITEM005423,ORD004714,PROD0372,1,597.93,0,0
ITEM005424,ORD004714,PROD0115,3,34.11,30,0
ITEM005425,ORD004714,PROD0470,1,21.88,25,0
ITEM005426,ORD000413,PROD0132,1,66.79,50,0
ITEM005427,ORD000413,PROD0227,1,56.92,0,0
ITEM005428,ORD003045,PROD0238,2,46.04,0,0
ITEM005429,ORD004494,PROD0130,3,343.42,10,0
ITEM005430,ORD004494,PROD0014,1,312.03,40,0
ITEM005431,ORD004513,PROD0208,2,456.28,0,0
ITEM005432,ORD004513,PROD0181,1,65.58,50,0
ITEM005433,ORD001962,PROD0186,1,37.0,0,0
ITEM005434,ORD001962,PROD0469,2,112.46,50,0
ITEM005435,ORD003283,PROD0438,3,775.19,15,0
ITEM005436,ORD003283,PROD0444,1,9.3,20,0
ITEM005437,ORD003283,PROD0345,3,14.29,0,0
ITEM005438,ORD003003,PROD0030,2,402.01,10,0
ITEM005439,ORD003003,PROD0177,1,101.13,20,0
ITEM005440,ORD003003,PROD0486,1,26.26,30,0
ITEM005441,ORD003919,PROD0181,1,65.99,0,0
ITEM005442,ORD003919,PROD0258,1,203.35,20,0
ITEM005443,ORD003919,PROD0018,1,1145.17,10,0
ITEM005444,ORD003302,PROD0135,1,161.03,50,0
ITEM005445,ORD003302,PROD0315,1,10.75,30,0
ITEM005446,ORD004593,PROD0347,1,18.81,30,0
ITEM005447,ORD004593,PROD0465,1,181.29,0,0
ITEM005448,ORD004593,PROD0027,3,79.76,40,0
ITEM005449,ORD000020,PROD0182,2,808.11,40,0
ITEM005450,ORD000020,PROD0203,4,351.62,0,0
ITEM005451,ORD004021,PROD0432,2,309.67,0,0
ITEM005452,ORD004021,PROD0034,1,6.48,0,0
ITEM005453,ORD004021,PROD0362,1,310.03,10,0
ITEM005454,ORD001200,PROD0482,1,537.23,10,0
ITEM005455,ORD001200,PROD0030,2,410.42,15,0
ITEM005456,ORD002888,PROD0149,1,1239.61,5,0
ITEM005457,ORD002888,PROD0009,1,17.47,0,0
ITEM005458,ORD004291,PROD0230,3,6.51,0,0
ITEM005459,ORD004291,PROD0403,1,309.94,0,0
ITEM005460,ORD003214,PROD0237,3,723.09,15,0
ITEM005461,ORD000225,PROD0186,2,36.42,5,0
ITEM005462,ORD000225,PROD0200,1,782.74,0,0
ITEM005463,ORD001600,PROD0275,1,109.02,40,0
ITEM005464,ORD001600,PROD0086,2,228.23,5,0
ITEM005465,ORD003222,PROD0469,2,116.33,0,0
ITEM005466,ORD003222,PROD0366,4,874.98,50,0
ITEM005467,ORD000577,PROD0201,1,1393.06,0,0
ITEM005468,ORD000577,PROD0304,1,114.93,40,0
ITEM005469,ORD002298,PROD0130,1,343.03,10,0
ITEM005470,ORD004562,PROD0376,2,163.14,10,0
ITEM005471,ORD004562,PROD0174,1,109.79,50,0
ITEM005472,ORD000503,PROD0137,1,228.15,30,0
ITEM005473,ORD000503,PROD0389,1,141.69,50,0
ITEM005474,ORD004552,PROD0297,2,14.75,5,0
ITEM005475,ORD004552,PROD0179,3,377.2,15,0
ITEM005476,ORD003618,PROD0055,2,60.97,10,0
ITEM005477,ORD003618,PROD0366,2,903.75,0,0
ITEM005478,ORD003618,PROD0097,3,543.6,0,0
ITEM005479,ORD001924,PROD0413,2,390.66,0,0
ITEM005480,ORD001924,PROD0006,4,5.53,20,0
ITEM005481,ORD001924,PROD0179,1,379.78,30,0
ITEM005482,ORD001924,PROD0202,2,6.81,15,0
ITEM005483,ORD000067,PROD0469,1,117.0,5,0
ITEM005484,ORD000067,PROD0366,1,896.65,0,0
ITEM005485,ORD002215,PROD0258,1,199.98,0,0
ITEM005486,ORD002215,PROD0088,1,90.58,50,0
ITEM005487,ORD002215,PROD0470,1,21.98,30,0
ITEM005488,ORD000199,PROD0472,1,289.25,0,0
ITEM005489,ORD000199,PROD0147,1,630.99,10,0
ITEM005490,ORD004020,PROD0219,4,969.82,0,0
ITEM005491,ORD004020,PROD0174,1,113.85,15,0
ITEM005492,ORD004042,PROD0432,1,307.9,10,0
ITEM005493,ORD004042,PROD0081,3,59.91,10,0
ITEM005494,ORD004042,PROD0103,1,21.12,10,0
ITEM005495,ORD004042,PROD0221,2,81.67,5,0
ITEM005496,ORD000302,PROD0006,1,5.39,10,0
ITEM005497,ORD000302,PROD0073,1,115.19,0,0
ITEM005498,ORD000302,PROD0170,1,26.58,0,0
ITEM005499,ORD001554,PROD0308,1,20.75,10,0
ITEM005500,ORD002408,PROD0202,4,7.12,30,0
ITEM005501,ORD002408,PROD0444,1,9.5,25,0
ITEM005502,ORD002862,PROD0130,2,339.99,0,0
ITEM005503,ORD002862,PROD0034,1,6.48,50,0
ITEM005504,ORD002292,PROD0030,3,412.55,40,0
ITEM005505,ORD002292,PROD0218,1,544.74,50,0
ITEM005506,ORD002292,PROD0177,1,98.61,15,0
ITEM005507,ORD002292,PROD0374,2,105.72,0,0
ITEM005508,ORD002292,PROD0189,2,76.39,0,0
ITEM005509,ORD003754,PROD0207,2,43.04,40,0
ITEM005510,ORD003754,PROD0101,1,378.01,30,0
ITEM005511,ORD003092,PROD0219,1,958.72,10,0
ITEM005512,ORD003092,PROD0186,3,35.84,0,0
ITEM005513,ORD000900,PROD0297,1,14.91,15,0
ITEM005514,ORD000900,PROD0179,2,384.96,15,0
ITEM005515,ORD002733,PROD0186,1,35.92,25,0
ITEM005516,ORD002733,PROD0130,1,329.19,30,0
ITEM005517,ORD004666,PROD0462,-4,102.88,0,1
ITEM005518,ORD004666,PROD0187,-1,143.12,10,1
ITEM005519,ORD004565,PROD0219,1,1002.71,50,0
ITEM005520,ORD004565,PROD0186,2,37.73,25,0
ITEM005521,ORD001526,PROD0150,1,440.88,10,0
ITEM005522,ORD001526,PROD0001,4,287.74,50,0
ITEM005523,ORD001526,PROD0170,1,26.27,0,0
ITEM005524,ORD001526,PROD0467,4,760.79,30,0
ITEM005525,ORD001006,PROD0255,3,66.54,25,0
ITEM005526,ORD001006,PROD0380,2,49.84,15,0
ITEM005527,ORD000233,PROD0047,2,118.93,50,0
ITEM005528,ORD000233,PROD0175,1,517.2,10,0
ITEM005529,ORD004532,PROD0006,2,5.36,10,0
ITEM005530,ORD004532,PROD0389,3,147.19,15,0
ITEM005531,ORD004532,PROD0297,3,15.52,5,0
ITEM005532,ORD002202,PROD0186,3,37.28,0,0
ITEM005533,ORD002202,PROD0469,1,117.07,40,0
ITEM005534,ORD002202,PROD0075,3,14.22,40,0
ITEM005535,ORD000441,PROD0002,4,1533.82,20,0
ITEM005536,ORD000441,PROD0477,1,210.16,0,0
ITEM005537,ORD000441,PROD0252,1,22.45,10,0
ITEM005538,ORD000037,PROD0370,1,49.96,10,0
ITEM005539,ORD000037,PROD0011,1,966.16,10,0
ITEM005540,ORD001604,PROD0187,-2,140.09,0,1
ITEM005541,ORD001298,PROD0426,3,107.78,20,0
ITEM005542,ORD002277,PROD0415,1,1510.91,0,0
ITEM005543,ORD002277,PROD0033,1,106.79,40,0
ITEM005544,ORD002277,PROD0315,1,11.11,30,0
ITEM005545,ORD001779,PROD0105,1,176.31,10,0
ITEM005546,ORD001779,PROD0227,2,56.43,50,0
ITEM005547,ORD004757,PROD0008,-2,302.13,30,1
ITEM005548,ORD003891,PROD0264,1,33.59,40,0
ITEM005549,ORD000109,PROD0366,1,896.9,20,0
ITEM005550,ORD000109,PROD0442,1,11.8,5,0
ITEM005551,ORD000109,PROD0132,2,65.47,15,0
ITEM005552,ORD000109,PROD0202,2,7.04,20,0
ITEM005553,ORD000109,PROD0477,1,213.5,5,0
ITEM005554,ORD003877,PROD0030,1,414.17,0,0
ITEM005555,ORD003877,PROD0177,1,97.74,25,0
ITEM005556,ORD003877,PROD0105,1,177.74,0,0
ITEM005557,ORD001486,PROD0057,1,53.74,25,0
ITEM005558,ORD001561,PROD0111,2,166.63,10,0
ITEM005559,ORD002101,PROD0130,1,340.07,25,0
ITEM005560,ORD002101,PROD0014,1,320.21,10,0
ITEM005561,ORD001471,PROD0119,1,16.01,0,0
ITEM005562,ORD001471,PROD0022,2,123.2,20,0
ITEM005563,ORD004224,PROD0497,2,52.37,0,0
ITEM005564,ORD001485,PROD0119,1,16.2,50,0
ITEM005565,ORD001485,PROD0062,1,325.16,20,0
ITEM005566,ORD001485,PROD0373,2,276.89,0,0
ITEM005567,ORD001485,PROD0022,2,117.62,0,0
ITEM005568,ORD001485,PROD0346,1,48.18,10,0
ITEM005569,ORD004465,PROD0179,1,378.33,10,0
ITEM005570,ORD004465,PROD0129,2,350.9,0,0
ITEM005571,ORD001886,PROD0279,2,377.42,15,0
ITEM005572,ORD001886,PROD0402,2,7.97,0,0
ITEM005573,ORD000705,PROD0253,2,89.87,50,0
ITEM005574,ORD000705,PROD0073,1,119.37,40,0
ITEM005575,ORD000850,PROD0192,1,222.07,5,0
ITEM005576,ORD000850,PROD0232,3,24.25,50,0
ITEM005577,ORD000776,PROD0467,4,777.74,0,0
ITEM005578,ORD000776,PROD0208,1,469.44,40,0
ITEM005579,ORD000179,PROD0181,2,66.11,50,0
ITEM005580,ORD000179,PROD0432,3,300.7,0,0
ITEM005581,ORD003992,PROD0432,3,299.78,5,0
ITEM005582,ORD003992,PROD0034,1,6.51,15,0
ITEM005583,ORD003194,PROD0457,1,108.47,40,0
ITEM005584,ORD003194,PROD0275,3,113.96,20,0
ITEM005585,ORD003699,PROD0467,1,753.64,20,0
ITEM005586,ORD003699,PROD0208,2,458.14,40,0
ITEM005587,ORD001195,PROD0009,1,17.64,0,0
ITEM005588,ORD001430,PROD0006,2,5.22,40,0
ITEM005589,ORD001315,PROD0006,2,5.45,25,0
ITEM005590,ORD001935,PROD0482,2,514.57,30,0
ITEM005591,ORD001935,PROD0030,1,394.8,0,0
ITEM005592,ORD002480,PROD0051,2,146.36,10,0
ITEM005593,ORD002895,PROD0371,1,586.73,0,0
ITEM005594,ORD002895,PROD0451,1,155.4,10,0
ITEM005595,ORD002895,PROD0330,1,29.28,15,0
ITEM005596,ORD003711,PROD0242,1,4.74,10,0
ITEM005597,ORD003711,PROD0470,1,22.28,40,0
ITEM005598,ORD003711,PROD0299,1,1982.61,5,0
ITEM005599,ORD003711,PROD0114,1,230.48,50,0
ITEM005600,ORD001794,PROD0491,1,27.09,20,0
ITEM005601,ORD001097,PROD0044,1,16.92,0,0
ITEM005602,ORD004301,PROD0432,2,297.39,40,0
ITEM005603,ORD004301,PROD0034,3,6.49,10,0
ITEM005604,ORD000720,PROD0132,1,64.47,0,0
ITEM005605,ORD000720,PROD0192,3,226.0,30,0
ITEM005606,ORD002103,PROD0495,1,77.83,40,0
ITEM005607,ORD002103,PROD0383,3,1277.17,5,0
ITEM005608,ORD002103,PROD0370,1,50.72,10,0
ITEM005609,ORD002103,PROD0077,2,955.59,20,0
ITEM005610,ORD001679,PROD0069,1,445.85,40,0
ITEM005611,ORD001679,PROD0020,2,7.86,40,0
ITEM005612,ORD001679,PROD0448,4,44.79,15,0
ITEM005613,ORD001679,PROD0497,2,51.79,10,0
ITEM005614,ORD000027,PROD0227,1,56.41,5,0
ITEM005615,ORD000027,PROD0449,1,6.18,25,0
ITEM005616,ORD000027,PROD0479,1,40.26,30,0
ITEM005617,ORD000027,PROD0337,4,1115.66,25,0
ITEM005618,ORD000027,PROD0459,2,41.13,30,0
ITEM005619,ORD004719,PROD0106,2,544.59,20,0
ITEM005620,ORD004719,PROD0137,1,221.14,30,0
ITEM005621,ORD004719,PROD0022,1,124.12,25,0
ITEM005622,ORD004719,PROD0188,1,227.41,0,0
ITEM005623,ORD001307,PROD0074,3,33.2,10,0
ITEM005624,ORD001307,PROD0236,1,855.93,0,0
ITEM005625,ORD002728,PROD0055,4,60.34,0,0
ITEM005626,ORD002728,PROD0193,1,955.77,0,0
ITEM005627,ORD002728,PROD0109,1,1266.99,40,0
ITEM005628,ORD001191,PROD0332,-1,1321.31,20,1
ITEM005629,ORD004215,PROD0192,1,222.38,10,0
ITEM005630,ORD004215,PROD0232,1,24.69,30,0
ITEM005631,ORD001854,PROD0017,2,60.34,20,0
ITEM005632,ORD001854,PROD0327,1,522.82,50,0
ITEM005633,ORD001854,PROD0478,1,1467.8,0,0
ITEM005634,ORD001135,PROD0254,1,7.5,10,0
ITEM005635,ORD001135,PROD0064,1,839.13,0,0
ITEM005636,ORD001135,PROD0303,2,49.26,40,0
ITEM005637,ORD001135,PROD0339,1,280.23,30,0
ITEM005638,ORD001135,PROD0487,2,229.16,5,0
ITEM005639,ORD001555,PROD0006,1,5.25,5,0
ITEM005640,ORD001555,PROD0354,1,276.26,0,0
ITEM005641,ORD002781,PROD0381,1,29.84,50,0
ITEM005642,ORD002781,PROD0014,1,321.68,25,0
ITEM005643,ORD002781,PROD0372,1,607.27,30,0
ITEM005644,ORD002781,PROD0238,1,46.3,0,0
ITEM005648,ORD000142,PROD0105,4,177.95,25,0
ITEM005649,ORD000142,PROD0219,1,957.5,0,0
ITEM005650,ORD000142,PROD0182,2,828.81,15,0
ITEM005651,ORD000142,PROD0014,1,324.38,10,0
ITEM005652,ORD002487,PROD0202,2,6.95,15,0
ITEM005653,ORD002487,PROD0166,3,1042.12,10,0
ITEM005654,ORD000977,PROD0058,2,762.72,0,0
ITEM005655,ORD000977,PROD0150,1,454.76,5,0
ITEM005656,ORD000977,PROD0017,1,58.94,25,0
ITEM005657,ORD000977,PROD0148,2,37.61,0,0
ITEM005658,ORD004708,PROD0419,1,252.94,50,0
ITEM005659,ORD001952,PROD0383,3,1290.57,0,0
ITEM005660,ORD001952,PROD0208,2,477.1,0,0
ITEM005661,ORD003553,PROD0485,1,54.68,0,0
ITEM005662,ORD003553,PROD0443,2,148.74,0,0
ITEM005663,ORD003928,PROD0429,1,144.72,30,0
ITEM005664,ORD003928,PROD0236,1,866.5,20,0
ITEM005665,ORD003928,PROD0181,1,67.11,50,0
ITEM005666,ORD004165,PROD0297,2,14.95,15,0
ITEM005667,ORD004165,PROD0179,3,381.87,20,0
ITEM005668,ORD004417,PROD0025,1,16.72,10,0
ITEM005669,ORD002216,PROD0188,1,226.76,15,0
ITEM005670,ORD002216,PROD0279,2,382.33,30,0
ITEM005671,ORD002216,PROD0219,1,975.11,5,0
ITEM005672,ORD003286,PROD0432,2,302.42,25,0
ITEM005673,ORD003286,PROD0193,3,919.47,0,0
ITEM005674,ORD001736,PROD0321,1,292.5,0,0
ITEM005675,ORD002719,PROD0489,1,37.79,0,0
ITEM005676,ORD002719,PROD0343,1,63.79,10,0
ITEM005677,ORD002719,PROD0094,1,13.01,30,0
ITEM005678,ORD002719,PROD0285,1,43.87,0,0
ITEM005679,ORD002719,PROD0030,1,413.92,10,0
ITEM005680,ORD001340,PROD0117,1,365.07,20,0
ITEM005681,ORD001340,PROD0313,4,46.37,20,0
ITEM005682,ORD001340,PROD0336,2,1687.13,10,0
ITEM005683,ORD000653,PROD0303,2,49.89,0,0
ITEM005684,ORD001528,PROD0432,1,298.64,30,0
ITEM005685,ORD001528,PROD0034,2,6.76,0,0
ITEM005686,ORD000514,PROD0163,3,369.64,15,0
ITEM005687,ORD000514,PROD0100,1,1329.79,10,0
ITEM005688,ORD000514,PROD0184,4,27.61,5,0
ITEM005689,ORD000514,PROD0486,3,26.58,25,0
ITEM005690,ORD001221,PROD0014,4,324.94,15,0
ITEM005691,ORD001221,PROD0030,1,409.7,50,0
ITEM005692,ORD001221,PROD0218,2,531.08,15,0
ITEM005693,ORD001221,PROD0033,1,106.26,15,0
ITEM005694,ORD002591,PROD0360,2,478.95,5,0
ITEM005695,ORD002636,PROD0184,1,27.09,5,0
ITEM005696,ORD002636,PROD0304,1,111.32,25,0
ITEM005697,ORD003866,PROD0462,-1,103.04,0,1
ITEM005698,ORD003822,PROD0315,1,10.74,0,0
ITEM005699,ORD003822,PROD0024,1,8.55,0,0
ITEM005700,ORD003822,PROD0117,1,379.07,15,0
ITEM005701,ORD003822,PROD0086,2,229.46,40,0
ITEM005702,ORD003063,PROD0297,4,15.12,30,0
ITEM005703,ORD003063,PROD0179,2,375.36,30,0
ITEM005704,ORD002325,PROD0150,1,442.18,40,0
ITEM005705,ORD001781,PROD0230,2,6.5,50,0
ITEM005706,ORD001781,PROD0132,1,66.6,0,0
ITEM005707,ORD000796,PROD0030,1,414.11,30,0
ITEM005708,ORD000796,PROD0073,2,115.3,25,0
ITEM005709,ORD000066,PROD0116,1,23.56,10,0
ITEM005710,ORD001487,PROD0388,1,62.65,0,0
ITEM005711,ORD001487,PROD0258,1,197.35,0,0
ITEM005712,ORD001487,PROD0098,1,64.18,30,0
ITEM005713,ORD003282,PROD0086,4,228.19,50,0
ITEM005714,ORD003282,PROD0467,2,752.49,0,0
ITEM005715,ORD000165,PROD0111,2,174.31,0,0
ITEM005716,ORD000165,PROD0331,1,86.38,40,0
ITEM005717,ORD000165,PROD0057,2,55.4,10,0
ITEM005718,ORD000165,PROD0074,2,32.13,0,0
ITEM005719,ORD002019,PROD0063,1,17.73,0,0
ITEM005720,ORD002019,PROD0113,1,45.34,40,0
ITEM005721,ORD003629,PROD0181,4,66.1,0,0
ITEM005722,ORD003629,PROD0258,1,198.32,15,0
ITEM005723,ORD001312,PROD0208,1,472.95,0,0
ITEM005724,ORD001312,PROD0467,1,759.14,0,0
ITEM005725,ORD002014,PROD0054,1,6.2,5,0
ITEM005726,ORD001878,PROD0106,2,532.45,0,0
ITEM005727,ORD001878,PROD0137,2,222.19,0,0
ITEM005728,ORD002561,PROD0167,1,68.56,40,0
ITEM005729,ORD002561,PROD0008,1,288.06,0,0
ITEM005730,ORD002561,PROD0406,1,81.58,50,0
ITEM005731,ORD002561,PROD0349,1,683.08,0,0
ITEM005732,ORD001729,PROD0137,1,223.79,25,0
ITEM005733,ORD001729,PROD0389,2,142.18,30,0
ITEM005734,ORD001729,PROD0447,1,1121.69,0,0
ITEM005735,ORD001729,PROD0034,1,6.56,0,0
ITEM005736,ORD002534,PROD0380,1,49.79,20,0
ITEM005737,ORD002534,PROD0116,1,23.26,20,0
ITEM005738,ORD004231,PROD0027,4,77.75,10,0
ITEM005739,ORD001282,PROD0186,1,37.68,20,0
ITEM005740,ORD001282,PROD0469,2,117.03,0,0
ITEM005741,ORD004418,PROD0020,1,8.22,25,0
ITEM005742,ORD004418,PROD0232,2,24.09,20,0
ITEM005743,ORD004418,PROD0269,2,1177.19,25,0
ITEM005744,ORD001370,PROD0183,1,262.8,25,0
ITEM005745,ORD001370,PROD0182,4,846.34,25,0
ITEM005746,ORD001370,PROD0282,1,30.76,50,0
ITEM005747,ORD001370,PROD0278,1,27.87,0,0
ITEM005748,ORD003172,PROD0223,1,147.12,20,0
ITEM005749,ORD003172,PROD0137,3,226.0,15,0
ITEM005750,ORD002521,PROD0380,2,49.36,25,0
ITEM005751,ORD003888,PROD0380,4,48.42,0,0
ITEM005752,ORD003888,PROD0428,3,1786.98,10,0
ITEM005753,ORD003888,PROD0127,1,21.02,50,0
ITEM005754,ORD002067,PROD0073,1,119.45,15,0
ITEM005755,ORD002067,PROD0195,1,62.09,30,0
ITEM005756,ORD002067,PROD0460,1,27.92,0,0
ITEM005757,ORD002067,PROD0469,3,111.24,30,0
ITEM005758,ORD003848,PROD0482,1,515.69,0,0
ITEM005759,ORD003848,PROD0030,1,408.82,10,0
ITEM005760,ORD001712,PROD0016,2,413.25,5,0
ITEM005761,ORD001712,PROD0486,1,26.24,25,0
ITEM005762,ORD001712,PROD0176,1,754.76,50,0
ITEM005763,ORD001712,PROD0134,2,17.81,0,0
ITEM005764,ORD003040,PROD0202,1,6.84,10,0
ITEM005765,ORD003040,PROD0444,3,9.58,25,0
ITEM005766,ORD000119,PROD0472,-1,298.79,15,1
ITEM005767,ORD000119,PROD0124,-1,1208.17,10,1
ITEM005768,ORD000045,PROD0315,1,10.7,25,0
ITEM005769,ORD000045,PROD0037,3,1220.42,0,0
ITEM005770,ORD003383,PROD0275,1,114.23,20,0
ITEM005771,ORD003383,PROD0086,1,230.52,25,0
ITEM005772,ORD000042,PROD0134,1,18.62,20,0
ITEM005773,ORD000042,PROD0279,2,386.07,10,0
ITEM005774,ORD000042,PROD0324,1,307.41,30,0
ITEM005775,ORD000042,PROD0444,2,9.72,0,0
ITEM005776,ORD002812,PROD0073,1,115.38,5,0
ITEM005777,ORD002812,PROD0394,1,29.78,30,0
ITEM005778,ORD000701,PROD0237,2,741.16,15,0
ITEM005779,ORD000701,PROD0136,1,16.86,5,0
ITEM005780,ORD000701,PROD0031,1,299.84,40,0
ITEM005781,ORD000701,PROD0262,1,726.44,40,0
ITEM005782,ORD000701,PROD0429,1,145.36,10,0
ITEM005783,ORD000081,PROD0432,1,301.74,15,0
ITEM005784,ORD000081,PROD0193,1,921.27,50,0
ITEM005785,ORD000070,PROD0361,3,871.28,0,0
ITEM005786,ORD003215,PROD0138,-3,156.82,30,1
ITEM005787,ORD003215,PROD0454,-1,15.7,20,1
ITEM005788,ORD001022,PROD0413,4,380.31,10,0
ITEM005789,ORD003640,PROD0006,1,5.46,50,0
ITEM005790,ORD003640,PROD0073,1,117.64,25,0
ITEM005791,ORD004016,PROD0269,1,1191.57,5,0
ITEM005792,ORD003220,PROD0181,2,68.58,15,0
ITEM005793,ORD003220,PROD0432,1,298.14,10,0
ITEM005794,ORD003220,PROD0173,2,43.23,0,0
ITEM005795,ORD003220,PROD0075,1,14.75,40,0
ITEM005796,ORD003220,PROD0230,2,6.54,10,0
ITEM005797,ORD002993,PROD0260,1,1245.81,0,0
ITEM005798,ORD002993,PROD0062,1,331.29,10,0
ITEM005799,ORD002993,PROD0088,1,90.63,0,0
ITEM005800,ORD002993,PROD0446,1,211.25,10,0
ITEM005801,ORD003591,PROD0298,1,21.21,5,0
ITEM005802,ORD003591,PROD0249,1,8.02,0,0
ITEM005803,ORD003591,PROD0115,2,32.51,50,0
ITEM005804,ORD003591,PROD0072,2,703.77,10,0
ITEM005805,ORD003591,PROD0469,4,110.84,0,0
ITEM005806,ORD003844,PROD0030,1,393.91,0,0
ITEM005807,ORD003844,PROD0177,3,98.45,25,0
ITEM005808,ORD003844,PROD0208,1,461.87,10,0
ITEM005809,ORD000928,PROD0186,1,36.09,0,0
ITEM005810,ORD000928,PROD0324,4,303.44,10,0
ITEM005811,ORD000928,PROD0168,1,469.02,0,0
ITEM005812,ORD004104,PROD0168,1,487.4,30,0
ITEM005813,ORD003374,PROD0287,2,1380.73,20,0
ITEM005814,ORD002795,PROD0113,1,46.44,50,0
ITEM005815,ORD002795,PROD0227,1,55.48,30,0
ITEM005816,ORD002795,PROD0211,2,89.18,10,0
ITEM005817,ORD002795,PROD0330,1,29.46,40,0
ITEM005818,ORD002795,PROD0142,1,29.86,20,0
ITEM005819,ORD001757,PROD0089,1,179.58,15,0
ITEM005820,ORD003036,PROD0432,1,295.5,0,0
ITEM005821,ORD002744,PROD0099,2,13.05,0,0
ITEM005822,ORD002744,PROD0105,3,172.79,15,0
ITEM005823,ORD004201,PROD0181,2,67.78,5,0
ITEM005824,ORD004201,PROD0432,3,292.94,15,0
ITEM005825,ORD004201,PROD0097,1,535.82,0,0
ITEM005826,ORD004201,PROD0105,1,169.84,30,0
ITEM005827,ORD004525,PROD0445,1,1583.94,0,0
ITEM005828,ORD004525,PROD0036,2,94.9,10,0
ITEM005829,ORD004525,PROD0136,1,16.76,0,0
ITEM005830,ORD004525,PROD0077,2,928.61,30,0
ITEM005831,ORD004525,PROD0097,2,546.12,10,0
ITEM005832,ORD004263,PROD0177,1,99.65,20,0
ITEM005833,ORD001290,PROD0130,1,330.06,0,0
ITEM005834,ORD001290,PROD0230,3,6.4,25,0
ITEM005835,ORD001290,PROD0161,1,37.08,50,0
ITEM005836,ORD001290,PROD0228,1,123.53,10,0
ITEM005837,ORD001453,PROD0006,1,5.33,0,0
ITEM005838,ORD001453,PROD0389,2,141.81,10,0
ITEM005839,ORD001627,PROD0190,2,455.28,0,0
ITEM005840,ORD002831,PROD0275,2,114.52,0,0
ITEM005841,ORD002831,PROD0086,1,234.45,10,0
ITEM005842,ORD002831,PROD0170,2,26.25,50,0
ITEM005843,ORD003745,PROD0341,2,187.88,20,0
ITEM005844,ORD002085,PROD0101,1,385.92,5,0
ITEM005845,ORD002085,PROD0081,1,61.16,0,0
ITEM005846,ORD002085,PROD0021,3,351.74,10,0
ITEM005847,ORD002085,PROD0260,1,1283.38,5,0
ITEM005848,ORD002293,PROD0489,3,37.88,15,0
ITEM005849,ORD002293,PROD0294,1,15.86,25,0
ITEM005850,ORD002293,PROD0100,1,1355.37,15,0
ITEM005851,ORD001857,PROD0389,1,146.41,25,0
ITEM005852,ORD001857,PROD0381,1,28.72,0,0
ITEM005853,ORD001857,PROD0420,2,15.0,25,0
ITEM005854,ORD001857,PROD0457,3,110.49,0,0
ITEM005855,ORD001857,PROD0258,3,199.81,40,0
ITEM005856,ORD002610,PROD0282,3,29.95,25,0
ITEM005857,ORD002610,PROD0062,1,322.23,0,0
ITEM005858,ORD002610,PROD0249,1,7.71,15,0
ITEM005859,ORD002626,PROD0149,2,1222.35,0,0
ITEM005860,ORD002481,PROD0388,2,59.67,25,0
ITEM005861,ORD003127,PROD0430,1,175.07,30,0
ITEM005862,ORD003127,PROD0440,1,206.18,50,0
ITEM005863,ORD000972,PROD0262,3,725.5,15,0
ITEM005864,ORD000972,PROD0447,1,1128.5,10,0
ITEM005865,ORD001171,PROD0086,1,224.17,40,0
ITEM005866,ORD001171,PROD0467,3,741.0,0,0
ITEM005867,ORD001171,PROD0115,1,33.91,20,0
ITEM005868,ORD001505,PROD0006,1,5.47,15,0
ITEM005869,ORD001505,PROD0073,3,118.36,50,0
ITEM005870,ORD001894,PROD0054,-1,6.17,30,1
ITEM005871,ORD001894,PROD0428,-2,1785.54,40,1
ITEM005872,ORD002571,PROD0051,4,150.76,5,0
ITEM005873,ORD002533,PROD0156,3,185.51,0,0
ITEM005874,ORD001543,PROD0297,3,15.14,30,0
ITEM005875,ORD001543,PROD0179,2,388.93,10,0
ITEM005876,ORD003069,PROD0208,1,480.69,0,0
ITEM005877,ORD003069,PROD0181,1,67.92,0,0
ITEM005878,ORD001518,PROD0122,2,540.99,25,0
ITEM005879,ORD001518,PROD0491,2,27.37,50,0
ITEM005880,ORD001518,PROD0097,1,520.81,0,0
ITEM005881,ORD000603,PROD0472,1,288.0,10,0
ITEM005882,ORD000603,PROD0096,1,852.32,25,0
ITEM005883,ORD003595,PROD0072,1,722.07,30,0
ITEM005884,ORD001268,PROD0232,1,24.33,0,0
ITEM005885,ORD001268,PROD0219,3,962.29,0,0
ITEM005886,ORD003847,PROD0114,1,231.23,40,0
ITEM005887,ORD003847,PROD0440,1,201.75,30,0
ITEM005888,ORD000364,PROD0311,1,15.42,10,0
ITEM005889,ORD002759,PROD0358,3,30.14,20,0
ITEM005890,ORD002759,PROD0124,2,1246.88,50,0
ITEM005891,ORD002759,PROD0294,3,15.99,25,0
ITEM005892,ORD002759,PROD0373,1,277.33,0,0
ITEM005893,ORD000692,PROD0135,1,157.04,0,0
ITEM005894,ORD000692,PROD0315,1,11.06,0,0
ITEM005895,ORD000263,PROD0208,1,458.85,50,0
ITEM005896,ORD000263,PROD0143,2,1469.28,10,0
ITEM005897,ORD001506,PROD0464,-2,351.74,15,1
ITEM005898,ORD000683,PROD0202,1,7.07,25,0
ITEM005899,ORD000683,PROD0444,1,9.42,50,0
ITEM005900,ORD004195,PROD0135,1,153.63,40,0
ITEM005901,ORD004195,PROD0315,1,10.8,20,0
ITEM005902,ORD000564,PROD0497,1,52.75,30,0
ITEM005903,ORD000564,PROD0086,3,225.23,10,0
ITEM005904,ORD000564,PROD0102,4,20.63,30,0
ITEM005905,ORD000564,PROD0489,4,38.15,40,0
ITEM005906,ORD001514,PROD0089,3,177.82,10,0
ITEM005907,ORD001514,PROD0075,1,15.01,0,0
ITEM005908,ORD001514,PROD0142,1,30.11,40,0
ITEM005909,ORD002316,PROD0089,1,170.79,20,0
ITEM005910,ORD002316,PROD0227,3,54.75,20,0
ITEM005911,ORD000186,PROD0339,2,277.22,0,0
ITEM005912,ORD000186,PROD0067,4,97.11,0,0
ITEM005913,ORD000186,PROD0084,2,1546.85,0,0
ITEM005914,ORD000186,PROD0034,1,6.85,0,0
ITEM005915,ORD002242,PROD0086,1,234.12,5,0
ITEM005916,ORD002242,PROD0304,1,110.3,0,0
ITEM005917,ORD002242,PROD0237,1,715.37,50,0
ITEM005918,ORD002242,PROD0285,1,43.65,15,0
ITEM005919,ORD002242,PROD0238,1,47.52,40,0
ITEM005920,ORD003034,PROD0147,1,608.0,30,0
ITEM005921,ORD003034,PROD0163,1,381.02,10,0
ITEM005922,ORD003034,PROD0277,3,875.48,5,0
ITEM005923,ORD004544,PROD0130,2,338.83,20,0
ITEM005924,ORD004544,PROD0136,1,17.23,10,0
ITEM005925,ORD004544,PROD0137,2,231.56,0,0
ITEM005926,ORD000697,PROD0186,1,37.18,0,0
ITEM005927,ORD000697,PROD0469,1,113.25,5,0
ITEM005928,ORD004397,PROD0208,1,454.44,0,0
ITEM005929,ORD004397,PROD0181,1,65.86,0,0
ITEM005930,ORD000015,PROD0097,2,534.97,10,0
ITEM005931,ORD000015,PROD0379,2,14.52,30,0
ITEM005932,ORD000839,PROD0470,1,21.44,15,0
ITEM005933,ORD002800,PROD0237,1,705.9,0,0
ITEM005934,ORD002800,PROD0136,3,17.16,40,0
ITEM005935,ORD004304,PROD0119,1,16.1,0,0
ITEM005936,ORD004304,PROD0264,1,32.3,10,0
ITEM005937,ORD004304,PROD0008,1,299.38,5,0
ITEM005938,ORD004150,PROD0137,3,221.19,50,0
ITEM005939,ORD001355,PROD0192,1,213.65,10,0
ITEM005940,ORD001355,PROD0232,1,23.86,30,0
ITEM005941,ORD000563,PROD0346,2,46.58,10,0
ITEM005942,ORD000563,PROD0156,1,190.38,5,0
ITEM005943,ORD001834,PROD0115,1,33.34,30,0
ITEM005944,ORD001173,PROD0345,1,14.74,10,0
ITEM005945,ORD001173,PROD0094,2,12.78,20,0
ITEM005946,ORD001173,PROD0259,4,1277.48,40,0
ITEM005947,ORD001173,PROD0160,2,176.19,0,0
ITEM005948,ORD003361,PROD0184,2,27.77,50,0
ITEM005949,ORD003361,PROD0304,2,112.95,50,0
ITEM005950,ORD001053,PROD0373,1,284.82,25,0
ITEM005951,ORD001121,PROD0181,4,66.43,10,0
ITEM005952,ORD001121,PROD0258,1,193.23,25,0
ITEM005953,ORD001121,PROD0195,4,62.06,30,0
ITEM005954,ORD001121,PROD0232,1,25.2,0,0
ITEM005955,ORD003169,PROD0307,1,36.5,25,0
ITEM005956,ORD003169,PROD0329,2,929.42,0,0
ITEM005957,ORD003237,PROD0130,1,343.07,30,0
ITEM005958,ORD003237,PROD0034,2,6.75,50,0
ITEM005959,ORD004497,PROD0297,1,15.11,0,0
ITEM005960,ORD004497,PROD0058,1,756.8,0,0
ITEM005961,ORD002713,PROD0131,2,32.78,25,0
ITEM005962,ORD002713,PROD0034,1,6.77,5,0
ITEM005963,ORD002713,PROD0078,2,1588.42,0,0
ITEM005964,ORD002713,PROD0077,1,939.06,20,0
ITEM005965,ORD000733,PROD0130,4,327.52,10,0
ITEM005966,ORD000733,PROD0014,2,318.09,0,0
ITEM005967,ORD000733,PROD0242,1,4.57,0,0
ITEM005968,ORD001145,PROD0473,-1,22.69,30,1
ITEM005969,ORD001145,PROD0301,-1,237.32,40,1
ITEM005970,ORD001684,PROD0184,3,26.78,10,0
ITEM005971,ORD001684,PROD0304,1,110.56,25,0
ITEM005972,ORD000989,PROD0021,2,360.25,10,0
ITEM005973,ORD000989,PROD0469,3,113.45,0,0
ITEM005974,ORD004431,PROD0301,1,238.1,30,0
ITEM005975,ORD004431,PROD0407,3,209.48,25,0
ITEM005976,ORD004431,PROD0170,1,26.31,30,0
ITEM005977,ORD004431,PROD0073,2,116.61,15,0
ITEM005978,ORD004431,PROD0294,1,16.08,25,0
ITEM005979,ORD003738,PROD0006,1,5.4,0,0
ITEM005980,ORD003738,PROD0389,1,148.31,5,0
ITEM005981,ORD003738,PROD0034,2,6.48,15,0
ITEM005982,ORD001988,PROD0482,1,516.7,5,0
ITEM005983,ORD001988,PROD0030,1,393.1,25,0
ITEM005984,ORD001354,PROD0024,3,8.3,30,0
ITEM005985,ORD001354,PROD0137,1,226.48,10,0
ITEM005986,ORD001354,PROD0051,3,149.03,0,0
ITEM005987,ORD002657,PROD0275,1,111.05,30,0
ITEM005988,ORD002657,PROD0086,1,226.88,25,0
ITEM005989,ORD002657,PROD0114,3,232.25,15,0
ITEM005990,ORD000122,PROD0208,1,479.21,15,0
ITEM005991,ORD000122,PROD0181,1,67.96,25,0
ITEM005992,ORD000122,PROD0183,2,264.83,0,0
ITEM005993,ORD000843,PROD0143,1,1462.63,5,0
ITEM005994,ORD004056,PROD0432,1,292.04,25,0
ITEM005995,ORD004056,PROD0252,3,23.03,15,0
ITEM005996,ORD004056,PROD0096,4,875.4,50,0
ITEM005997,ORD002879,PROD0497,3,53.22,50,0
ITEM005998,ORD002879,PROD0489,1,37.15,5,0
ITEM005999,ORD002708,PROD0303,1,48.81,10,0
ITEM006000,ORD002708,PROD0193,1,945.45,20,0
ITEM006001,ORD000172,PROD0056,1,1332.83,15,0
ITEM006002,ORD001492,PROD0136,1,17.44,50,0
ITEM006003,ORD000794,PROD0486,1,26.7,40,0
ITEM006004,ORD000794,PROD0238,2,48.42,5,0
ITEM006005,ORD000794,PROD0358,3,30.36,0,0
ITEM006006,ORD004222,PROD0097,2,551.42,25,0
ITEM006007,ORD004222,PROD0379,2,15.09,10,0
ITEM006008,ORD004422,PROD0472,1,295.63,0,0
ITEM006009,ORD004422,PROD0345,1,14.5,20,0
ITEM006010,ORD004422,PROD0217,3,42.12,100,0
ITEM006011,ORD004715,PROD0203,2,349.5,0,0
ITEM006012,ORD000078,PROD0232,2,23.99,0,0
ITEM006013,ORD000078,PROD0219,3,949.98,5,0
ITEM006014,ORD000898,PROD0137,1,219.81,25,0
ITEM006015,ORD000898,PROD0204,3,1373.67,50,0
ITEM006016,ORD004004,PROD0266,2,20.28,5,0
ITEM006017,ORD004004,PROD0033,3,108.74,15,0
ITEM006018,ORD004004,PROD0485,2,56.54,25,0
ITEM006019,ORD004004,PROD0489,3,38.0,25,0
ITEM006021,ORD003945,PROD0258,3,198.54,5,0
ITEM006022,ORD000622,PROD0349,1,683.5,0,0
ITEM006023,ORD000622,PROD0409,1,19.91,0,0
ITEM006024,ORD000622,PROD0090,2,1199.7,15,0
ITEM006025,ORD000622,PROD0321,1,287.32,10,0
ITEM006026,ORD004644,PROD0287,2,1362.39,10,0
ITEM006027,ORD004644,PROD0006,2,5.27,30,0
ITEM006028,ORD004706,PROD0026,2,256.16,30,0
ITEM006029,ORD001336,PROD0329,2,922.58,0,0
ITEM006030,ORD001336,PROD0228,3,118.21,40,0
ITEM006031,ORD001336,PROD0257,1,19.99,50,0
ITEM006032,ORD001995,PROD0006,1,5.45,0,0
ITEM006033,ORD001995,PROD0389,2,148.2,40,0
ITEM006034,ORD000803,PROD0497,2,52.98,10,0
ITEM006035,ORD000803,PROD0189,1,78.7,25,0
ITEM006036,ORD000803,PROD0106,1,547.26,10,0
ITEM006037,ORD000803,PROD0015,1,474.12,20,0
ITEM006038,ORD000132,PROD0184,1,27.95,25,0
ITEM006039,ORD000132,PROD0304,1,111.87,50,0
ITEM006040,ORD002940,PROD0130,1,340.32,5,0
ITEM006041,ORD002940,PROD0034,1,6.7,10,0
ITEM006042,ORD002285,PROD0086,1,227.54,5,0
ITEM006043,ORD002285,PROD0467,2,758.13,30,0
ITEM006044,ORD002199,PROD0432,3,292.16,50,0
ITEM006045,ORD002199,PROD0193,3,970.26,10,0
ITEM006046,ORD002199,PROD0485,1,54.6,30,0
ITEM006048,ORD000452,PROD0219,1,998.41,25,0
ITEM006049,ORD000452,PROD0465,1,181.63,15,0
ITEM006050,ORD003921,PROD0270,1,42.01,30,0
ITEM006051,ORD003921,PROD0037,4,1229.88,0,0
ITEM006052,ORD003921,PROD0202,1,7.04,20,0
ITEM006053,ORD003921,PROD0184,1,27.78,40,0
ITEM006054,ORD003472,PROD0308,3,19.66,50,0
ITEM006055,ORD004256,PROD0073,3,117.3,5,0
ITEM006056,ORD003105,PROD0055,1,60.38,10,0
ITEM006057,ORD004191,PROD0073,1,117.11,15,0
ITEM006058,ORD004191,PROD0380,4,50.17,10,0
ITEM006059,ORD004191,PROD0220,1,97.39,0,0
ITEM006060,ORD004191,PROD0012,1,102.92,30,0
ITEM006061,ORD004461,PROD0037,1,1281.36,10,0
ITEM006062,ORD004461,PROD0349,1,688.37,25,0
ITEM006063,ORD004461,PROD0007,3,16.99,20,0
ITEM006064,ORD002066,PROD0432,1,307.38,25,0
ITEM006065,ORD002066,PROD0193,3,931.36,5,0
ITEM006066,ORD000376,PROD0105,2,178.28,40,0
ITEM006067,ORD000376,PROD0227,3,53.82,20,0
ITEM006068,ORD001855,PROD0202,1,6.95,5,0
ITEM006069,ORD001855,PROD0444,1,9.67,0,0
ITEM006070,ORD001855,PROD0106,1,537.78,40,0
ITEM006071,ORD001538,PROD0374,1,103.21,25,0
ITEM006072,ORD000981,PROD0231,1,892.13,10,0
ITEM006073,ORD000981,PROD0077,1,973.6,5,0
ITEM006074,ORD000981,PROD0497,2,51.55,0,0
ITEM006075,ORD000981,PROD0418,2,1549.6,25,0
ITEM006076,ORD004097,PROD0402,1,8.05,15,0
ITEM006077,ORD004097,PROD0299,2,1987.04,5,0
ITEM006078,ORD002356,PROD0232,2,25.16,10,0
ITEM006079,ORD002356,PROD0219,1,950.76,0,0
ITEM006080,ORD002356,PROD0007,1,16.94,10,0
ITEM006081,ORD002356,PROD0446,1,199.41,15,0
ITEM006082,ORD002356,PROD0017,1,59.12,25,0
ITEM006083,ORD001220,PROD0264,2,33.32,5,0
ITEM006084,ORD001220,PROD0270,1,40.75,5,0
ITEM006085,ORD001220,PROD0484,1,17.32,30,0
ITEM006086,ORD003596,PROD0166,1,1045.08,0,0
ITEM006087,ORD003596,PROD0426,3,110.19,0,0
ITEM006088,ORD003596,PROD0150,2,431.57,5,0
ITEM006089,ORD003596,PROD0176,1,744.64,20,0
ITEM006090,ORD002660,PROD0332,-2,1288.54,10,1
ITEM006091,ORD002660,PROD0309,-1,1256.87,50,1
ITEM006092,ORD004689,PROD0237,2,739.88,30,0
ITEM006093,ORD000912,PROD0279,1,384.97,0,0
ITEM006094,ORD002341,PROD0222,1,9.23,0,0
ITEM006095,ORD002341,PROD0101,2,384.57,40,0
ITEM006096,ORD002341,PROD0008,1,297.87,25,0
ITEM006097,ORD002180,PROD0372,1,624.44,50,0
ITEM006098,ORD002180,PROD0420,1,14.55,0,0
ITEM006099,ORD002180,PROD0190,1,457.62,5,0
ITEM006100,ORD000575,PROD0429,1,150.14,25,0
ITEM006101,ORD000575,PROD0137,1,230.53,40,0
ITEM006102,ORD000575,PROD0050,1,10.51,40,0
ITEM006103,ORD000575,PROD0489,2,36.34,10,0
ITEM006104,ORD000169,PROD0327,1,503.9,0,0
ITEM006105,ORD000169,PROD0420,2,14.53,25,0
ITEM006106,ORD001018,PROD0007,2,16.8,40,0
ITEM006107,ORD001018,PROD0301,1,236.01,50,0
ITEM006108,ORD001482,PROD0432,1,302.98,40,0
ITEM006109,ORD001482,PROD0193,1,961.83,15,0
ITEM006110,ORD000719,PROD0030,2,411.48,50,0
ITEM006111,ORD000719,PROD0177,1,95.78,50,0
ITEM006112,ORD000693,PROD0121,1,1161.2,30,0
ITEM006113,ORD000694,PROD0277,1,905.46,0,0
ITEM006114,ORD000694,PROD0270,1,41.18,0,0
ITEM006115,ORD000694,PROD0413,3,393.76,50,0
ITEM006116,ORD000694,PROD0347,2,17.77,10,0
ITEM006117,ORD000830,PROD0086,1,232.12,25,0
ITEM006118,ORD000830,PROD0346,1,48.93,25,0
ITEM006119,ORD000830,PROD0006,3,5.49,50,0
ITEM006120,ORD002280,PROD0130,1,346.01,0,0
ITEM006121,ORD002280,PROD0106,4,543.02,0,0
ITEM006122,ORD004310,PROD0181,1,65.24,40,0
ITEM006123,ORD004310,PROD0258,2,194.5,0,0
ITEM006124,ORD001491,PROD0006,1,5.53,20,0
ITEM006125,ORD001017,PROD0030,1,402.64,50,0
ITEM006126,ORD001017,PROD0181,2,65.97,0,0
ITEM006127,ORD003564,PROD0115,2,34.18,10,0
ITEM006128,ORD000822,PROD0181,1,67.36,25,0
ITEM006129,ORD000822,PROD0432,1,298.76,5,0
ITEM006130,ORD000822,PROD0072,4,731.19,30,0
ITEM006131,ORD000822,PROD0103,3,20.92,25,0
ITEM006132,ORD003367,PROD0432,3,293.85,15,0
ITEM006133,ORD003367,PROD0193,1,934.06,0,0
ITEM006134,ORD003367,PROD0379,1,14.67,25,0
ITEM006135,ORD003367,PROD0398,2,755.96,40,0
ITEM006136,ORD002354,PROD0236,3,852.66,5,0
ITEM006137,ORD002354,PROD0081,2,61.15,20,0
ITEM006138,ORD002354,PROD0096,1,874.21,5,0
ITEM006139,ORD004055,PROD0469,1,114.14,30,0
ITEM006140,ORD004055,PROD0366,1,872.89,0,0
ITEM006141,ORD004055,PROD0130,1,341.35,5,0
ITEM006142,ORD004055,PROD0075,1,14.62,25,0
ITEM006143,ORD001947,PROD0105,2,177.82,50,0
ITEM006144,ORD001947,PROD0227,2,53.93,5,0
ITEM006145,ORD001083,PROD0081,3,61.7,0,0
ITEM006146,ORD001083,PROD0101,2,375.58,10,0
ITEM006147,ORD001083,PROD0282,1,29.75,40,0
ITEM006148,ORD001428,PROD0027,1,75.41,0,0
ITEM006149,ORD001428,PROD0092,3,152.37,15,0
ITEM006150,ORD001428,PROD0429,1,143.42,10,0
ITEM006151,ORD003642,PROD0111,3,167.82,10,0
ITEM006152,ORD003642,PROD0024,2,8.6,15,0
ITEM006153,ORD000317,PROD0058,1,781.75,40,0
ITEM006154,ORD002218,PROD0299,1,1954.89,10,0
ITEM006155,ORD002218,PROD0497,1,51.05,40,0
ITEM006156,ORD000215,PROD0086,1,232.27,50,0
ITEM006157,ORD000215,PROD0414,1,164.33,30,0
ITEM006158,ORD000215,PROD0180,1,246.27,0,0
ITEM006159,ORD004496,PROD0136,1,17.64,40,0
ITEM006160,ORD004496,PROD0193,2,923.14,10,0
ITEM006161,ORD004496,PROD0160,1,179.1,5,0
ITEM006162,ORD003277,PROD0308,4,20.18,0,0
ITEM006163,ORD003277,PROD0103,1,20.56,0,0
ITEM006164,ORD003277,PROD0129,1,363.62,0,0
ITEM006165,ORD003277,PROD0371,2,592.55,5,0
ITEM006166,ORD003277,PROD0161,2,36.9,25,0
ITEM006167,ORD004151,PROD0073,1,119.82,10,0
ITEM006168,ORD004151,PROD0027,1,78.41,30,0
ITEM006169,ORD004151,PROD0081,1,59.85,5,0
ITEM006170,ORD004151,PROD0155,1,1079.7,15,0
ITEM006171,ORD000355,PROD0105,1,177.98,30,0
ITEM006172,ORD000355,PROD0219,1,962.35,0,0
ITEM006173,ORD000558,PROD0307,3,36.26,50,0
ITEM006174,ORD000558,PROD0094,1,12.98,30,0
ITEM006175,ORD003032,PROD0277,2,909.24,10,0
ITEM006176,ORD003032,PROD0389,1,147.51,0,0
ITEM006177,ORD003032,PROD0143,3,1484.54,0,0
ITEM006178,ORD003032,PROD0172,4,772.44,40,0
ITEM006179,ORD001162,PROD0344,1,2223.91,5,0
ITEM006180,ORD001162,PROD0025,1,16.32,50,0
ITEM006181,ORD001162,PROD0096,2,866.29,20,0
ITEM006182,ORD001162,PROD0027,4,77.98,0,0
ITEM006183,ORD004371,PROD0345,1,14.45,5,0
ITEM006184,ORD002966,PROD0190,2,470.87,100,0
ITEM006185,ORD002966,PROD0376,1,156.23,10,0
ITEM006186,ORD002966,PROD0259,1,1251.5,0,0
ITEM006187,ORD002966,PROD0477,2,205.88,0,0
ITEM006188,ORD003600,PROD0477,1,214.11,20,0
ITEM006189,ORD003600,PROD0078,1,1659.51,40,0
ITEM006190,ORD003600,PROD0327,2,523.44,5,0
ITEM006191,ORD003600,PROD0285,2,42.43,25,0
ITEM006192,ORD003600,PROD0402,4,8.18,0,0
ITEM006193,ORD001322,PROD0103,-3,20.72,20,1
ITEM006194,ORD001322,PROD0320,-1,331.1,0,1
ITEM006195,ORD001392,PROD0307,1,36.88,25,0
ITEM006196,ORD001392,PROD0393,1,40.69,0,0
ITEM006197,ORD001392,PROD0279,2,378.55,40,0
ITEM006198,ORD001392,PROD0097,1,544.67,30,0
ITEM006199,ORD004185,PROD0186,1,37.92,40,0
ITEM006200,ORD004185,PROD0469,1,116.22,0,0
ITEM006201,ORD000011,PROD0269,1,1158.1,15,0
ITEM006202,ORD000011,PROD0016,1,411.9,15,0
ITEM006203,ORD000011,PROD0192,2,219.41,15,0
ITEM006204,ORD000011,PROD0441,1,721.72,5,0
ITEM006205,ORD001374,PROD0432,2,298.17,0,0
ITEM006206,ORD001374,PROD0193,1,951.48,10,0
ITEM006207,ORD001374,PROD0176,1,740.06,25,0
ITEM006208,ORD001374,PROD0008,1,293.72,0,0
ITEM006209,ORD002204,PROD0465,2,180.15,0,0
ITEM006210,ORD001913,PROD0202,3,7.1,40,0
ITEM006211,ORD001913,PROD0006,1,5.45,40,0
ITEM006212,ORD001913,PROD0216,1,10.03,0,0
ITEM006213,ORD000695,PROD0180,3,243.28,0,0
ITEM006214,ORD000695,PROD0115,1,34.22,0,0
ITEM006215,ORD004111,PROD0082,1,563.46,15,0
ITEM006216,ORD002263,PROD0139,1,1500.31,25,0
ITEM006217,ORD001870,PROD0084,4,1623.55,10,0
ITEM006218,ORD001870,PROD0176,3,755.83,25,0
ITEM006219,ORD001357,PROD0081,4,60.87,25,0
ITEM006220,ORD004306,PROD0328,1,15.83,30,0
ITEM006221,ORD000553,PROD0114,1,229.73,10,0
ITEM006222,ORD002846,PROD0482,1,538.22,0,0
ITEM006223,ORD002846,PROD0030,2,406.85,20,0
ITEM006224,ORD002892,PROD0137,1,220.37,30,0
ITEM006225,ORD002168,PROD0086,1,228.02,0,0
ITEM006226,ORD002168,PROD0467,2,756.68,50,0
ITEM006227,ORD000343,PROD0237,1,727.97,0,0
ITEM006228,ORD000343,PROD0136,2,17.15,0,0
ITEM006229,ORD002079,PROD0055,1,60.07,20,0
ITEM006230,ORD002079,PROD0477,1,209.01,15,0
ITEM006231,ORD000868,PROD0006,2,5.36,0,0
ITEM006232,ORD000868,PROD0389,1,141.98,5,0
ITEM006233,ORD000868,PROD0075,1,14.33,0,0
ITEM006234,ORD000868,PROD0011,2,946.06,10,0
ITEM006235,ORD000868,PROD0465,4,180.25,15,0
ITEM006236,ORD000194,PROD0072,3,703.81,10,0
ITEM006237,ORD001123,PROD0398,1,750.94,5,0
ITEM006238,ORD003030,PROD0115,2,32.56,15,0
ITEM006239,ORD003030,PROD0075,1,14.8,25,0
ITEM006240,ORD001981,PROD0266,1,20.63,40,0
ITEM006241,ORD004095,PROD0223,1,145.1,50,0
ITEM006242,ORD004095,PROD0275,2,109.82,0,0
ITEM006243,ORD004095,PROD0208,1,458.98,0,0
ITEM006244,ORD004095,PROD0303,1,48.07,0,0
ITEM006245,ORD001766,PROD0473,1,21.84,40,0
ITEM006246,ORD001766,PROD0254,2,7.86,15,0
ITEM006247,ORD000941,PROD0237,1,735.96,20,0
ITEM006248,ORD000941,PROD0238,1,46.64,30,0
ITEM006249,ORD002213,PROD0219,1,970.71,15,0
ITEM006250,ORD002213,PROD0186,1,37.08,15,0
ITEM006251,ORD002669,PROD0202,1,6.76,40,0
ITEM006252,ORD002669,PROD0135,2,161.0,20,0
ITEM006253,ORD002669,PROD0469,2,110.64,5,0
ITEM006254,ORD004264,PROD0218,1,552.25,0,0
ITEM006255,ORD004264,PROD0033,4,109.83,40,0
ITEM006256,ORD004264,PROD0312,4,1520.72,50,0
ITEM006257,ORD004264,PROD0314,3,38.0,20,0
ITEM006258,ORD004264,PROD0278,1,28.12,0,0
ITEM006259,ORD000242,PROD0130,1,339.97,50,0
ITEM006260,ORD000242,PROD0014,1,320.06,30,0
ITEM006261,ORD000242,PROD0114,3,232.33,0,0
ITEM006262,ORD000242,PROD0479,2,40.4,0,0
ITEM006263,ORD004367,PROD0470,1,22.12,0,0
ITEM006264,ORD004367,PROD0015,2,484.32,5,0
ITEM006265,ORD004367,PROD0485,1,56.08,0,0
ITEM006266,ORD004367,PROD0430,2,172.39,0,0
ITEM006267,ORD004367,PROD0238,3,46.09,10,0
ITEM006268,ORD000918,PROD0467,1,778.81,5,0
ITEM006269,ORD000918,PROD0208,1,462.35,50,0
ITEM006270,ORD001817,PROD0192,1,215.46,0,0
ITEM006271,ORD001817,PROD0232,1,24.14,0,0
ITEM006272,ORD001817,PROD0182,2,824.61,0,0
ITEM006273,ORD003112,PROD0315,1,10.76,10,0
ITEM006274,ORD001081,PROD0328,2,15.49,10,0
ITEM006275,ORD000696,PROD0119,1,16.43,20,0
ITEM006276,ORD000696,PROD0420,2,14.6,5,0
ITEM006277,ORD000696,PROD0074,4,32.0,5,0
ITEM006278,ORD000696,PROD0097,2,520.47,40,0
ITEM006279,ORD001928,PROD0408,2,23.15,0,0
ITEM006280,ORD001928,PROD0469,2,111.77,30,0
ITEM006281,ORD001928,PROD0458,1,884.91,5,0
ITEM006282,ORD001928,PROD0238,1,47.23,10,0
ITEM006283,ORD002264,PROD0017,4,60.37,30,0
ITEM006284,ORD002264,PROD0288,1,56.12,0,0
ITEM006285,ORD002264,PROD0225,1,188.94,10,0
ITEM006286,ORD004628,PROD0137,3,228.07,40,0
ITEM006287,ORD004628,PROD0389,2,141.8,50,0
ITEM006288,ORD003107,PROD0218,2,531.34,0,0
ITEM006289,ORD000497,PROD0112,-1,1881.88,50,1
ITEM006290,ORD002159,PROD0190,2,478.71,50,0
ITEM006291,ORD002159,PROD0182,1,828.16,0,0
ITEM006292,ORD002159,PROD0434,4,44.71,30,0
ITEM006293,ORD004123,PROD0136,2,17.34,10,0
ITEM006294,ORD004123,PROD0371,1,595.04,0,0
ITEM006295,ORD004123,PROD0438,1,777.67,20,0
ITEM006296,ORD004123,PROD0051,2,150.65,30,0
ITEM006297,ORD001098,PROD0006,1,5.54,0,0
ITEM006298,ORD001098,PROD0073,2,117.27,40,0
ITEM006299,ORD002081,PROD0006,2,5.32,0,0
ITEM006300,ORD002081,PROD0073,1,117.19,10,0
ITEM006301,ORD002081,PROD0078,2,1620.56,10,0
ITEM006302,ORD002081,PROD0097,1,536.42,10,0
ITEM006303,ORD003725,PROD0143,1,1517.26,40,0
ITEM006304,ORD004058,PROD0170,2,26.29,25,0
ITEM006305,ORD004058,PROD0020,1,8.03,30,0
ITEM006306,ORD004058,PROD0106,1,543.34,25,0
ITEM006307,ORD002712,PROD0122,1,545.47,30,0
ITEM006308,ORD002712,PROD0001,2,284.01,0,0
ITEM006309,ORD002712,PROD0016,1,407.95,0,0
ITEM006310,ORD002712,PROD0379,4,14.75,30,0
ITEM006311,ORD001777,PROD0381,1,29.21,0,0
ITEM006312,ORD000016,PROD0434,1,44.8,5,0
ITEM006313,ORD000016,PROD0141,1,20.4,20,0
ITEM006314,ORD002917,PROD0248,1,182.62,0,0
ITEM006315,ORD002917,PROD0254,2,7.47,50,0
ITEM006316,ORD002196,PROD0379,1,14.51,50,0
ITEM006317,ORD002196,PROD0069,1,448.45,25,0
ITEM006318,ORD000792,PROD0374,1,103.97,10,0
ITEM006319,ORD000792,PROD0311,1,15.23,40,0
ITEM006320,ORD000792,PROD0132,3,64.71,10,0
ITEM006321,ORD002195,PROD0186,3,37.39,0,0
ITEM006322,ORD002195,PROD0469,1,112.43,15,0
ITEM006323,ORD002177,PROD0469,3,111.03,0,0
ITEM006324,ORD002177,PROD0366,1,866.56,20,0
ITEM006325,ORD002177,PROD0030,1,404.45,50,0
ITEM006326,ORD004702,PROD0097,2,531.07,0,0
ITEM006327,ORD004702,PROD0379,2,14.85,15,0
ITEM006328,ORD004360,PROD0237,1,715.1,5,0
ITEM006329,ORD004360,PROD0136,2,17.7,10,0
ITEM006330,ORD004533,PROD0008,1,292.74,10,0
ITEM006331,ORD000164,PROD0496,1,6.96,10,0
ITEM006332,ORD000164,PROD0440,3,201.19,30,0
ITEM006333,ORD000164,PROD0094,1,12.8,0,0
ITEM006334,ORD000164,PROD0297,1,15.07,15,0
ITEM006335,ORD000164,PROD0134,1,18.04,15,0
ITEM006336,ORD001615,PROD0484,2,17.28,5,0
ITEM006337,ORD004620,PROD0202,1,6.84,50,0
ITEM006338,ORD004620,PROD0444,1,9.47,10,0
ITEM006339,ORD001343,PROD0445,2,1505.44,25,0
ITEM006340,ORD000347,PROD0014,1,324.66,20,0
ITEM006341,ORD000347,PROD0360,3,463.22,40,0
ITEM006342,ORD002153,PROD0398,2,767.36,5,0
ITEM006343,ORD002153,PROD0442,1,12.18,15,0
ITEM006344,ORD002153,PROD0062,1,326.57,0,0
ITEM006345,ORD003373,PROD0081,1,59.15,15,0
ITEM006346,ORD003373,PROD0067,3,94.4,40,0
ITEM006347,ORD002485,PROD0301,4,229.66,0,0
ITEM006348,ORD002485,PROD0304,1,116.09,50,0
ITEM006349,ORD002485,PROD0211,2,88.88,40,0
ITEM006350,ORD001549,PROD0030,4,412.8,0,0
ITEM006351,ORD001549,PROD0177,1,99.39,40,0
ITEM006352,ORD000445,PROD0014,-1,322.48,0,1
ITEM006353,ORD003667,PROD0137,2,228.11,40,0
ITEM006354,ORD003667,PROD0389,1,143.86,15,0
ITEM006355,ORD003667,PROD0012,2,99.56,10,0
ITEM006356,ORD003667,PROD0158,4,81.86,25,0
ITEM006357,ORD001351,PROD0184,3,26.92,15,0
ITEM006358,ORD001351,PROD0304,1,114.16,10,0
ITEM006359,ORD001351,PROD0147,1,607.13,50,0
ITEM006360,ORD004476,PROD0184,-1,27.09,50,1
ITEM006361,ORD003020,PROD0074,1,32.22,0,0
ITEM006362,ORD003020,PROD0030,3,391.08,0,0
ITEM006363,ORD003020,PROD0174,1,113.59,15,0
ITEM006364,ORD002478,PROD0432,1,304.33,25,0
ITEM006365,ORD002478,PROD0034,1,6.57,15,0
ITEM006366,ORD002478,PROD0154,1,121.87,5,0
ITEM006367,ORD002478,PROD0331,1,85.6,0,0
ITEM006368,ORD002478,PROD0030,1,408.42,10,0
ITEM006369,ORD004509,PROD0374,1,108.26,40,0
ITEM006370,ORD003120,PROD0465,1,181.12,0,0
ITEM006371,ORD003120,PROD0376,1,155.8,10,0
ITEM006372,ORD001433,PROD0429,3,147.29,25,0
ITEM006373,ORD001433,PROD0238,1,46.8,0,0
ITEM006374,ORD001433,PROD0193,1,945.84,0,0
ITEM006375,ORD001433,PROD0249,3,7.87,0,0
ITEM006376,ORD001295,PROD0105,1,179.56,0,0
ITEM006377,ORD001295,PROD0219,1,976.5,15,0
ITEM006378,ORD001295,PROD0244,1,244.16,0,0
ITEM006379,ORD003037,PROD0120,1,190.33,10,0
ITEM006380,ORD001504,PROD0279,1,375.56,0,0
ITEM006381,ORD001504,PROD0360,1,469.1,10,0
ITEM006382,ORD001504,PROD0374,2,106.06,50,0
ITEM006383,ORD001504,PROD0232,1,24.42,10,0
ITEM006384,ORD002378,PROD0254,-1,7.83,15,1
ITEM006385,ORD001177,PROD0440,1,204.74,5,0
ITEM006386,ORD001177,PROD0073,2,113.36,20,0
ITEM006387,ORD001177,PROD0106,1,533.34,15,0
ITEM006388,ORD001177,PROD0166,2,1049.35,10,0
ITEM006389,ORD001177,PROD0211,1,86.88,40,0
ITEM006390,ORD003114,PROD0181,1,66.48,50,0
ITEM006391,ORD003114,PROD0258,1,201.82,10,0
ITEM006392,ORD003114,PROD0135,1,161.2,0,0
ITEM006393,ORD003114,PROD0237,1,703.44,10,0
ITEM006394,ORD001016,PROD0349,2,654.89,25,0
ITEM006395,ORD001016,PROD0477,1,210.38,30,0
ITEM006396,ORD001016,PROD0343,1,64.1,30,0
ITEM006397,ORD001016,PROD0285,2,43.94,0,0
ITEM006398,ORD002198,PROD0223,1,153.04,20,0
ITEM006399,ORD000205,PROD0082,-1,560.41,15,1
ITEM006400,ORD000246,PROD0075,3,14.4,25,0
ITEM006401,ORD000246,PROD0234,2,23.52,15,0
ITEM006402,ORD000246,PROD0299,3,1971.29,0,0
ITEM006403,ORD000246,PROD0316,3,33.62,0,0
ITEM006404,ORD000246,PROD0229,4,1739.42,10,0
ITEM006405,ORD004265,PROD0238,1,47.49,5,0
ITEM006406,ORD004265,PROD0086,4,228.87,40,0
ITEM006407,ORD004265,PROD0169,3,410.76,30,0
ITEM006408,ORD004265,PROD0036,1,97.52,10,0
ITEM006409,ORD004265,PROD0374,1,104.35,40,0
ITEM006410,ORD001189,PROD0201,2,1402.45,10,0
ITEM006411,ORD000871,PROD0485,3,55.79,40,0
ITEM006412,ORD000871,PROD0026,1,251.09,0,0
ITEM006413,ORD000871,PROD0366,2,873.75,40,0
ITEM006414,ORD002134,PROD0213,1,11.97,50,0
ITEM006415,ORD002170,PROD0243,-2,9.01,0,1
ITEM006416,ORD002170,PROD0303,-3,48.03,40,1
ITEM006417,ORD000566,PROD0030,3,407.8,0,0
ITEM006418,ORD000566,PROD0177,1,98.29,50,0
ITEM006419,ORD003038,PROD0447,2,1126.65,30,0
ITEM006420,ORD003038,PROD0092,2,151.12,15,0
ITEM006421,ORD003038,PROD0054,3,6.3,0,0
ITEM006422,ORD001064,PROD0137,2,223.99,30,0
ITEM006423,ORD001064,PROD0389,3,145.28,10,0
ITEM006424,ORD002946,PROD0244,3,252.73,50,0
ITEM006425,ORD003407,PROD0438,3,757.72,30,0
ITEM006426,ORD003407,PROD0119,1,16.22,50,0
ITEM006427,ORD002766,PROD0380,1,48.99,20,0
ITEM006428,ORD002766,PROD0090,1,1179.33,20,0
ITEM006429,ORD002766,PROD0429,2,146.16,10,0
ITEM006430,ORD004705,PROD0186,2,37.62,20,0
ITEM006431,ORD004705,PROD0469,3,113.14,30,0
ITEM006432,ORD004705,PROD0009,3,17.22,40,0
ITEM006433,ORD004705,PROD0493,2,44.44,30,0
ITEM006434,ORD002149,PROD0399,1,34.04,15,0
ITEM006435,ORD002149,PROD0193,1,965.98,10,0
ITEM006436,ORD002920,PROD0232,1,24.66,0,0
ITEM006437,ORD002920,PROD0414,4,167.48,40,0
ITEM006438,ORD002920,PROD0303,2,49.45,10,0
ITEM006439,ORD002920,PROD0208,1,476.0,10,0
ITEM006440,ORD002920,PROD0485,1,55.18,10,0
ITEM006441,ORD003742,PROD0105,1,173.26,0,0
ITEM006442,ORD003742,PROD0219,1,970.3,15,0
ITEM006443,ORD003742,PROD0073,3,113.99,20,0
ITEM006444,ORD003742,PROD0015,2,478.86,5,0
ITEM006445,ORD000039,PROD0081,3,61.96,5,0
ITEM006446,ORD000942,PROD0227,1,55.02,25,0
ITEM006447,ORD001547,PROD0441,1,710.62,10,0
ITEM006448,ORD001547,PROD0017,4,60.69,40,0
ITEM006449,ORD001547,PROD0203,1,351.93,0,0
ITEM006450,ORD001547,PROD0308,1,20.33,25,0
ITEM006451,ORD001547,PROD0193,1,952.86,30,0
ITEM006452,ORD001643,PROD0137,3,224.9,15,0
ITEM006453,ORD001643,PROD0389,1,146.5,10,0
ITEM006454,ORD001643,PROD0130,1,335.5,50,0
ITEM006455,ORD002474,PROD0196,-1,46.14,5,1
ITEM006456,ORD001176,PROD0137,1,228.6,15,0
ITEM006457,ORD001176,PROD0389,1,147.49,30,0
ITEM006458,ORD000123,PROD0202,3,7.13,0,0
ITEM006459,ORD000123,PROD0444,2,9.71,10,0
ITEM006460,ORD001521,PROD0205,1,498.97,0,0
ITEM006461,ORD001521,PROD0193,1,951.89,0,0
ITEM006462,ORD001521,PROD0285,1,42.98,0,0
ITEM006463,ORD003164,PROD0343,1,66.39,0,0
ITEM006464,ORD002530,PROD0124,2,1215.19,20,0
ITEM006465,ORD004736,PROD0106,3,540.68,20,0
ITEM006466,ORD004736,PROD0137,2,221.64,0,0
ITEM006467,ORD004736,PROD0384,4,1564.43,0,0
ITEM006468,ORD003895,PROD0469,1,111.93,15,0
ITEM006469,ORD003895,PROD0366,2,885.41,25,0
ITEM006470,ORD002467,PROD0379,-2,14.37,40,1
ITEM006471,ORD000112,PROD0305,1,673.3,0,0
ITEM006472,ORD000112,PROD0407,1,218.14,0,0
ITEM006473,ORD003320,PROD0305,1,657.59,50,0
ITEM006474,ORD003320,PROD0067,1,96.91,15,0
ITEM006475,ORD002878,PROD0115,1,32.9,0,0
ITEM006476,ORD002878,PROD0238,2,48.71,25,0
ITEM006477,ORD002878,PROD0444,1,9.58,10,0
ITEM006478,ORD002878,PROD0230,1,6.51,30,0
ITEM006479,ORD002318,PROD0095,2,533.04,10,0
ITEM006480,ORD002318,PROD0135,1,161.49,0,0
ITEM006481,ORD002318,PROD0382,3,1543.24,0,0
ITEM006482,ORD001246,PROD0432,2,294.91,10,0
ITEM006483,ORD001246,PROD0193,1,966.52,30,0
ITEM006484,ORD003212,PROD0016,2,401.84,25,0
ITEM006485,ORD003212,PROD0089,2,179.84,20,0
ITEM006486,ORD004586,PROD0304,3,112.34,0,0
ITEM006487,ORD003119,PROD0415,1,1459.48,10,0
ITEM006488,ORD003119,PROD0232,2,23.93,40,0
ITEM006489,ORD003119,PROD0469,3,116.11,30,0
ITEM006490,ORD004453,PROD0108,4,282.31,0,0
ITEM006491,ORD004453,PROD0119,2,16.04,5,0
ITEM006492,ORD004453,PROD0373,1,281.14,20,0
ITEM006493,ORD004453,PROD0014,3,313.7,15,0
ITEM006494,ORD002394,PROD0006,1,5.38,10,0
ITEM006495,ORD002394,PROD0073,2,117.74,25,0
ITEM006496,ORD001444,PROD0106,1,548.66,30,0
ITEM006497,ORD001444,PROD0137,4,228.26,0,0
ITEM006498,ORD001654,PROD0006,2,5.31,10,0
ITEM006499,ORD001654,PROD0389,1,146.99,15,0
ITEM006500,ORD000061,PROD0418,1,1544.35,15,0
ITEM006501,ORD000061,PROD0253,2,87.24,25,0
ITEM006502,ORD000061,PROD0081,1,60.43,50,0
ITEM006503,ORD000061,PROD0062,3,323.29,10,0
ITEM006504,ORD002311,PROD0432,1,293.71,20,0
ITEM006505,ORD002311,PROD0193,1,934.45,50,0
ITEM006506,ORD002311,PROD0081,1,59.68,25,0
ITEM006507,ORD002390,PROD0016,1,411.93,20,0
ITEM006508,ORD004283,PROD0237,1,724.24,10,0
ITEM006509,ORD004283,PROD0136,1,16.93,10,0
ITEM006510,ORD004283,PROD0465,1,173.87,50,0
ITEM006511,ORD004283,PROD0092,4,150.04,50,0
ITEM006512,ORD002062,PROD0366,2,870.21,0,0
ITEM006513,ORD004738,PROD0192,1,221.57,30,0
ITEM006514,ORD004738,PROD0232,1,23.81,10,0
ITEM006515,ORD002904,PROD0479,2,38.61,0,0
ITEM006516,ORD002904,PROD0275,2,109.5,0,0
ITEM006517,ORD002904,PROD0360,2,468.1,0,0
ITEM006518,ORD003482,PROD0030,1,399.75,50,0
ITEM006519,ORD000932,PROD0022,1,117.58,0,0
ITEM006520,ORD000932,PROD0069,1,430.98,25,0
ITEM006521,ORD001377,PROD0409,1,20.05,30,0
ITEM006522,ORD000814,PROD0282,3,30.02,10,0
ITEM006523,ORD003690,PROD0382,3,1542.66,5,0
ITEM006524,ORD003690,PROD0111,1,172.92,0,0
ITEM006525,ORD003690,PROD0041,1,95.94,30,0
ITEM006526,ORD003690,PROD0030,1,401.82,0,0
ITEM006527,ORD001541,PROD0031,4,300.14,0,0
ITEM006528,ORD001541,PROD0462,3,101.72,40,0
ITEM006529,ORD003166,PROD0346,2,47.72,40,0
ITEM006530,ORD003166,PROD0005,2,672.93,10,0
ITEM006531,ORD003837,PROD0195,1,63.9,25,0
ITEM006532,ORD000660,PROD0107,-4,180.71,0,1
ITEM006533,ORD000660,PROD0149,-1,1234.16,10,1
ITEM006534,ORD000366,PROD0086,1,232.4,50,0
ITEM006535,ORD000366,PROD0467,1,764.42,10,0
ITEM006536,ORD000366,PROD0330,1,28.24,5,0
ITEM006537,ORD000366,PROD0279,1,374.16,0,0
ITEM006538,ORD000366,PROD0116,1,23.78,25,0
ITEM006539,ORD002259,PROD0462,1,104.7,25,0
ITEM006540,ORD002259,PROD0006,2,5.31,10,0
ITEM006541,ORD002259,PROD0229,1,1678.86,40,0
ITEM006542,ORD002259,PROD0073,2,118.91,30,0
ITEM006543,ORD002259,PROD0396,1,58.06,15,0
ITEM006544,ORD000431,PROD0193,1,963.53,20,0
ITEM006545,ORD000431,PROD0064,1,859.86,25,0
ITEM006546,ORD000431,PROD0398,1,766.82,15,0
ITEM006547,ORD000632,PROD0062,1,336.66,0,0
ITEM006548,ORD000632,PROD0203,1,356.25,0,0
ITEM006549,ORD000647,PROD0097,3,535.75,10,0
ITEM006550,ORD000647,PROD0379,1,14.97,5,0
ITEM006551,ORD000647,PROD0227,1,55.48,0,0
ITEM006552,ORD001601,PROD0410,1,203.42,50,0
ITEM006553,ORD001601,PROD0149,2,1231.94,40,0
ITEM006554,ORD001601,PROD0303,1,48.01,0,0
ITEM006555,ORD000055,PROD0407,1,206.23,50,0
ITEM006556,ORD000055,PROD0430,4,169.95,30,0
ITEM006557,ORD000955,PROD0119,1,16.83,10,0
ITEM006558,ORD001906,PROD0118,1,34.57,20,0
ITEM006559,ORD000639,PROD0132,2,68.22,10,0
ITEM006560,ORD000639,PROD0227,3,55.24,5,0
ITEM006561,ORD002411,PROD0181,1,66.95,30,0
ITEM006562,ORD002411,PROD0432,1,294.57,10,0
ITEM006563,ORD002411,PROD0205,4,504.91,30,0
ITEM006564,ORD000251,PROD0500,1,1271.23,50,0
ITEM006565,ORD000251,PROD0465,3,181.19,10,0
ITEM006566,ORD000251,PROD0486,3,26.03,5,0
ITEM006567,ORD000251,PROD0055,1,61.32,5,0
ITEM006568,ORD000017,PROD0097,1,536.91,5,0
ITEM006569,ORD000017,PROD0379,2,14.73,20,0
ITEM006570,ORD004591,PROD0105,1,178.93,20,0
ITEM006571,ORD004591,PROD0219,3,975.38,25,0
ITEM006572,ORD000542,PROD0086,1,232.13,10,0
ITEM006573,ORD000542,PROD0467,1,780.25,10,0
ITEM006574,ORD000542,PROD0054,2,6.3,0,0
ITEM006575,ORD001702,PROD0297,4,15.12,30,0
ITEM006576,ORD001702,PROD0179,1,391.35,50,0
ITEM006577,ORD002454,PROD0001,1,290.09,30,0
ITEM006578,ORD002091,PROD0297,1,15.2,0,0
ITEM006579,ORD002091,PROD0179,3,396.16,0,0
ITEM006580,ORD002091,PROD0075,1,14.74,25,0
ITEM006581,ORD002090,PROD0297,1,15.34,50,0
ITEM006582,ORD002090,PROD0179,1,378.0,50,0
ITEM006583,ORD001641,PROD0184,2,27.35,0,0
ITEM006584,ORD004029,PROD0299,1,1952.48,30,0
ITEM006585,ORD004029,PROD0177,1,100.38,50,0
ITEM006586,ORD004029,PROD0018,3,1129.45,15,0
ITEM006587,ORD003492,PROD0311,1,16.05,50,0
ITEM006588,ORD003492,PROD0262,3,716.18,10,0
ITEM006589,ORD003492,PROD0477,1,211.2,20,0
ITEM006590,ORD001252,PROD0208,1,475.49,10,0
ITEM006591,ORD001252,PROD0181,2,68.15,0,0
ITEM006592,ORD000716,PROD0181,1,66.44,5,0
ITEM006593,ORD000716,PROD0432,3,295.8,15,0
ITEM006594,ORD001093,PROD0003,3,61.52,0,0
ITEM006595,ORD001093,PROD0394,1,29.99,0,0
ITEM006596,ORD001093,PROD0085,4,832.21,25,0
ITEM006597,ORD001093,PROD0143,1,1491.69,0,0
ITEM006598,ORD003664,PROD0137,1,225.88,30,0
ITEM006599,ORD004163,PROD0462,-1,100.24,40,1
ITEM006600,ORD002941,PROD0331,-2,83.83,5,1
ITEM006601,ORD004240,PROD0130,4,334.94,25,0
ITEM006602,ORD004240,PROD0034,1,6.75,5,0
ITEM006603,ORD004240,PROD0114,1,232.43,10,0
ITEM006604,ORD004240,PROD0254,1,7.47,10,0
ITEM006605,ORD004240,PROD0460,1,29.22,20,0
ITEM006606,ORD000491,PROD0181,1,67.74,10,0
ITEM006607,ORD000491,PROD0258,1,196.39,15,0
ITEM006608,ORD001094,PROD0109,-2,1260.87,50,1
ITEM006609,ORD001094,PROD0177,-2,95.63,0,1
ITEM006610,ORD001172,PROD0389,1,141.31,30,0
ITEM006611,ORD001172,PROD0384,1,1523.85,40,0
ITEM006612,ORD001172,PROD0262,2,698.57,20,0
ITEM006613,ORD001172,PROD0006,2,5.31,10,0
ITEM006614,ORD000243,PROD0181,1,64.96,10,0
ITEM006615,ORD000243,PROD0105,2,171.72,40,0
ITEM006616,ORD003730,PROD0195,1,61.99,5,0
ITEM006617,ORD003730,PROD0159,3,50.79,10,0
ITEM006618,ORD000820,PROD0202,2,7.09,10,0
ITEM006619,ORD000820,PROD0444,1,9.71,15,0
ITEM006620,ORD001761,PROD0134,3,18.41,0,0
ITEM006621,ORD003051,PROD0041,1,94.58,25,0
ITEM006622,ORD003051,PROD0073,1,113.57,0,0
ITEM006623,ORD002512,PROD0277,1,886.06,25,0
ITEM006624,ORD002512,PROD0465,4,181.84,10,0
ITEM006625,ORD000702,PROD0170,2,26.48,10,0
ITEM006626,ORD000702,PROD0159,3,52.0,30,0
ITEM006627,ORD002314,PROD0155,1,1071.33,0,0
ITEM006628,ORD002314,PROD0184,2,27.16,0,0
ITEM006629,ORD002314,PROD0432,2,307.57,0,0
ITEM006630,ORD002314,PROD0027,2,76.9,20,0
ITEM006631,ORD003886,PROD0389,1,147.01,20,0
ITEM006632,ORD003886,PROD0078,1,1603.67,30,0
ITEM006633,ORD004405,PROD0006,1,5.52,10,0
ITEM006634,ORD004405,PROD0389,4,149.2,40,0
ITEM006635,ORD001534,PROD0200,1,751.95,40,0
ITEM006636,ORD001534,PROD0337,2,1168.6,0,0
ITEM006637,ORD000004,PROD0195,1,60.96,5,0
ITEM006638,ORD000526,PROD0467,1,764.21,25,0
ITEM006639,ORD000526,PROD0208,3,470.08,5,0
ITEM006640,ORD004333,PROD0156,1,186.95,10,0
ITEM006641,ORD004333,PROD0469,1,115.42,30,0
ITEM006642,ORD004333,PROD0137,1,223.99,0,0
ITEM006643,ORD000913,PROD0432,3,295.89,25,0
ITEM006644,ORD000913,PROD0034,1,6.68,15,0
ITEM006645,ORD000913,PROD0022,2,120.39,10,0
ITEM006646,ORD000913,PROD0106,2,552.65,10,0
ITEM006647,ORD000913,PROD0213,1,12.06,50,0
ITEM006648,ORD002069,PROD0249,1,7.94,50,0
ITEM006649,ORD002069,PROD0304,1,114.73,0,0
ITEM006650,ORD002069,PROD0255,1,65.44,0,0
ITEM006651,ORD000266,PROD0275,1,110.81,10,0
ITEM006652,ORD000266,PROD0086,1,228.3,40,0
ITEM006653,ORD002389,PROD0287,4,1361.86,10,0
ITEM006654,ORD004472,PROD0086,3,230.05,50,0
ITEM006655,ORD004472,PROD0467,1,740.65,25,0
ITEM006656,ORD000968,PROD0454,-1,16.4,0,1
ITEM006657,ORD002158,PROD0106,1,537.44,10,0
ITEM006658,ORD002158,PROD0134,1,18.1,0,0
ITEM006659,ORD002718,PROD0192,3,217.43,5,0
ITEM006660,ORD002718,PROD0232,2,24.43,5,0
ITEM006661,ORD000025,PROD0105,1,170.33,0,0
ITEM006662,ORD000025,PROD0219,1,963.44,30,0
ITEM006663,ORD002726,PROD0409,1,19.15,10,0
ITEM006664,ORD002726,PROD0373,1,273.52,30,0
ITEM006665,ORD001309,PROD0179,1,395.6,10,0
ITEM006666,ORD001197,PROD0241,-3,48.5,10,1
ITEM006667,ORD004722,PROD0417,1,9.44,10,0
ITEM006668,ORD004722,PROD0254,1,7.86,5,0
ITEM006669,ORD003771,PROD0279,2,370.02,0,0
ITEM006670,ORD003321,PROD0239,1,1420.9,20,0
ITEM006671,ORD003321,PROD0057,1,55.13,25,0
ITEM006672,ORD003321,PROD0483,1,28.38,20,0
ITEM006673,ORD003552,PROD0244,3,250.48,25,0
ITEM006674,ORD003552,PROD0374,2,105.75,0,0
ITEM006675,ORD003552,PROD0227,2,55.0,15,0
ITEM006676,ORD000947,PROD0222,1,9.28,5,0
ITEM006677,ORD000947,PROD0469,3,110.84,0,0
ITEM006678,ORD000947,PROD0401,1,15.58,30,0
ITEM006679,ORD000947,PROD0472,2,284.3,10,0
ITEM006680,ORD000947,PROD0186,1,36.4,30,0
ITEM006681,ORD003377,PROD0277,2,883.6,40,0
ITEM006682,ORD000636,PROD0111,1,166.74,20,0
ITEM006683,ORD000797,PROD0227,1,56.65,5,0
ITEM006684,ORD003253,PROD0124,1,1197.96,5,0
ITEM006685,ORD003253,PROD0179,1,374.45,50,0
ITEM006686,ORD003253,PROD0429,2,144.85,25,0
ITEM006687,ORD003910,PROD0025,1,16.23,0,0
ITEM006688,ORD003910,PROD0054,2,6.04,50,0
ITEM006689,ORD003910,PROD0103,3,20.65,40,0
ITEM006690,ORD003910,PROD0153,3,58.39,0,0
ITEM006691,ORD003910,PROD0308,1,20.05,15,0
ITEM006692,ORD003578,PROD0179,1,390.55,10,0
ITEM006693,ORD004035,PROD0036,3,98.57,15,0
ITEM006694,ORD004035,PROD0219,3,982.16,5,0
ITEM006695,ORD004035,PROD0022,3,122.06,20,0
ITEM006696,ORD001732,PROD0230,1,6.38,0,0
ITEM006697,ORD004317,PROD0260,-2,1234.69,20,1
ITEM006698,ORD002569,PROD0005,4,664.64,15,0
ITEM006699,ORD002569,PROD0372,1,601.52,5,0
ITEM006700,ORD002569,PROD0190,4,456.79,10,0
ITEM006701,ORD001213,PROD0275,3,113.59,0,0
ITEM006702,ORD001213,PROD0012,1,100.06,0,0
ITEM006703,ORD003918,PROD0163,4,368.32,40,0
ITEM006704,ORD003918,PROD0012,2,104.96,20,0
ITEM006705,ORD003918,PROD0482,1,517.5,0,0
ITEM006706,ORD001678,PROD0134,1,17.67,50,0
ITEM006707,ORD003010,PROD0114,3,232.27,0,0
ITEM006708,ORD003339,PROD0022,1,124.24,0,0
ITEM006709,ORD003339,PROD0346,1,47.71,15,0
ITEM006710,ORD003339,PROD0128,1,31.09,10,0
ITEM006711,ORD003339,PROD0427,2,489.24,25,0
ITEM006712,ORD003339,PROD0242,2,4.81,30,0
ITEM006713,ORD003998,PROD0169,2,414.4,30,0
ITEM006714,ORD003998,PROD0105,1,172.46,40,0
ITEM006715,ORD003998,PROD0232,3,24.31,30,0
ITEM006716,ORD004540,PROD0097,2,537.07,0,0
ITEM006717,ORD004540,PROD0444,1,9.71,0,0
ITEM006718,ORD001599,PROD0458,1,896.72,20,0
ITEM006719,ORD001599,PROD0237,2,711.79,10,0
ITEM006720,ORD001599,PROD0349,3,692.59,15,0
ITEM006721,ORD003838,PROD0131,1,31.33,0,0
ITEM006722,ORD003838,PROD0115,1,33.93,0,0
ITEM006723,ORD003838,PROD0186,3,37.31,40,0
ITEM006724,ORD003838,PROD0146,1,234.23,30,0
ITEM006725,ORD002695,PROD0030,2,408.01,25,0
ITEM006726,ORD002695,PROD0089,1,169.97,40,0
ITEM006727,ORD000823,PROD0202,1,6.88,0,0
ITEM006728,ORD000823,PROD0444,1,9.52,50,0
ITEM006729,ORD001342,PROD0117,2,365.13,20,0
ITEM006730,ORD004141,PROD0062,-1,333.01,0,1
ITEM006731,ORD000192,PROD0496,1,6.87,20,0
ITEM006732,ORD000192,PROD0295,1,253.86,10,0
ITEM006733,ORD000192,PROD0407,1,208.21,5,0
ITEM006734,ORD003724,PROD0120,1,189.12,10,0
ITEM006735,ORD003724,PROD0149,3,1204.5,20,0
ITEM006736,ORD002936,PROD0186,1,36.47,10,0
ITEM006737,ORD002936,PROD0469,3,113.5,10,0
ITEM006738,ORD002936,PROD0089,1,170.57,10,0
ITEM006739,ORD000560,PROD0132,4,67.47,10,0
ITEM006740,ORD000560,PROD0227,2,56.7,20,0
ITEM006741,ORD000560,PROD0470,1,22.14,10,0
ITEM006742,ORD003643,PROD0186,3,36.79,0,0
ITEM006743,ORD000811,PROD0414,3,163.47,40,0
ITEM006744,ORD001826,PROD0381,2,28.91,0,0
ITEM006745,ORD000032,PROD0136,2,17.63,0,0
ITEM006746,ORD000032,PROD0170,1,25.56,10,0
ITEM006747,ORD003145,PROD0181,1,65.72,50,0
ITEM006748,ORD003145,PROD0432,2,291.89,40,0
ITEM006749,ORD003103,PROD0008,1,295.75,50,0
ITEM006750,ORD003103,PROD0489,1,37.64,0,0
ITEM006751,ORD001313,PROD0318,-2,490.72,50,1
ITEM006752,ORD001313,PROD0315,-1,10.74,0,1
ITEM006753,ORD000104,PROD0009,3,17.77,20,0
ITEM006754,ORD000342,PROD0467,3,769.52,40,0
ITEM006755,ORD000342,PROD0208,1,477.24,0,0
ITEM006756,ORD004248,PROD0203,1,346.02,20,0
ITEM006757,ORD004248,PROD0303,2,48.8,10,0
ITEM006758,ORD001548,PROD0081,1,60.44,10,0
ITEM006759,ORD002312,PROD0202,1,6.75,10,0
ITEM006760,ORD001625,PROD0469,1,114.38,10,0
ITEM006761,ORD001625,PROD0366,1,882.21,40,0
ITEM006762,ORD001625,PROD0034,1,6.61,20,0
ITEM006763,ORD001625,PROD0159,4,51.36,5,0
ITEM006764,ORD001625,PROD0008,1,302.32,25,0
ITEM006765,ORD000548,PROD0006,1,5.35,10,0
ITEM006766,ORD000548,PROD0073,1,113.56,15,0
ITEM006767,ORD000548,PROD0274,1,70.7,0,0
ITEM006768,ORD003550,PROD0486,2,26.17,0,0
ITEM006769,ORD002328,PROD0272,2,95.77,5,0
ITEM006770,ORD002328,PROD0373,2,278.98,30,0
ITEM006771,ORD002328,PROD0168,2,479.67,0,0
ITEM006772,ORD000638,PROD0130,1,329.72,50,0
ITEM006773,ORD001812,PROD0025,1,16.94,25,0
ITEM006774,ORD004338,PROD0017,3,61.21,15,0
ITEM006775,ORD004338,PROD0233,4,800.37,0,0
ITEM006776,ORD001250,PROD0432,1,307.96,0,0
ITEM006777,ORD001250,PROD0345,1,14.89,30,0
ITEM006778,ORD001559,PROD0092,1,150.95,10,0
ITEM006779,ORD001559,PROD0183,1,272.66,0,0
ITEM006780,ORD001559,PROD0058,1,748.73,0,0
ITEM006781,ORD000395,PROD0485,2,55.67,30,0
ITEM006782,ORD000395,PROD0435,1,164.72,5,0
ITEM006783,ORD002102,PROD0203,4,354.28,0,0
ITEM006784,ORD002102,PROD0114,4,234.16,25,0
ITEM006785,ORD000939,PROD0244,1,244.08,0,0
ITEM006786,ORD002877,PROD0021,2,347.42,50,0
ITEM006787,ORD002877,PROD0475,2,82.41,30,0
ITEM006788,ORD002877,PROD0308,3,20.1,5,0
ITEM006789,ORD002877,PROD0211,1,88.94,0,0
ITEM006790,ORD004243,PROD0192,1,222.08,25,0
ITEM006791,ORD000951,PROD0078,2,1585.75,25,0
ITEM006792,ORD000951,PROD0098,4,63.16,0,0
ITEM006793,ORD000951,PROD0191,3,90.57,0,0
ITEM006794,ORD000951,PROD0465,3,176.45,0,0
ITEM006795,ORD001723,PROD0130,1,329.66,0,0
ITEM006796,ORD001723,PROD0014,3,325.96,20,0
ITEM006797,ORD001723,PROD0017,2,59.53,0,0
ITEM006798,ORD001723,PROD0479,1,38.88,50,0
ITEM006799,ORD001723,PROD0277,1,911.07,50,0
ITEM006800,ORD001775,PROD0380,1,48.05,25,0
ITEM006801,ORD003559,PROD0025,1,17.0,25,0
ITEM006802,ORD003559,PROD0372,2,626.24,10,0
ITEM006803,ORD003559,PROD0086,2,227.74,0,0
ITEM006804,ORD003559,PROD0463,2,2829.31,0,0
ITEM006805,ORD003375,PROD0307,1,36.14,30,0
ITEM006806,ORD003375,PROD0266,4,19.96,25,0
ITEM006807,ORD003375,PROD0389,2,147.4,15,0
ITEM006808,ORD003375,PROD0174,2,109.32,0,0
ITEM006809,ORD003652,PROD0105,1,179.67,0,0
ITEM006810,ORD003652,PROD0227,2,53.65,15,0
ITEM006811,ORD001418,PROD0470,4,22.38,20,0
ITEM006812,ORD001077,PROD0396,1,58.83,10,0
ITEM006813,ORD001510,PROD0177,1,95.76,40,0
ITEM006814,ORD001510,PROD0380,1,48.03,40,0
ITEM006815,ORD001510,PROD0459,1,40.79,0,0
ITEM006816,ORD001510,PROD0119,3,15.98,50,0
ITEM006817,ORD000978,PROD0082,2,562.62,30,0
ITEM006818,ORD000978,PROD0049,2,2520.05,15,0
ITEM006819,ORD000773,PROD0105,1,169.45,0,0
ITEM006820,ORD000773,PROD0227,1,53.85,10,0
ITEM006821,ORD000773,PROD0119,1,15.91,30,0
ITEM006822,ORD002403,PROD0156,-1,188.2,10,1
ITEM006823,ORD003033,PROD0186,1,36.59,0,0
ITEM006824,ORD000247,PROD0347,2,18.76,0,0
ITEM006825,ORD000247,PROD0326,2,66.55,0,0
ITEM006826,ORD000247,PROD0211,1,88.62,20,0
ITEM006827,ORD000247,PROD0366,1,901.81,10,0
ITEM006828,ORD000247,PROD0380,1,48.15,5,0
ITEM006829,ORD002214,PROD0341,1,181.31,15,0
ITEM006830,ORD002214,PROD0204,2,1386.42,50,0
ITEM006831,ORD004460,PROD0114,4,224.91,0,0
ITEM006832,ORD000731,PROD0033,1,108.54,10,0
ITEM006833,ORD000731,PROD0103,2,21.09,0,0
ITEM006834,ORD000634,PROD0208,1,469.28,0,0
ITEM006835,ORD000634,PROD0181,1,68.23,5,0
ITEM006836,ORD001334,PROD0237,2,714.65,40,0
ITEM006837,ORD001334,PROD0136,1,16.86,0,0
ITEM006838,ORD001334,PROD0022,1,120.53,0,0
ITEM006839,ORD000409,PROD0019,3,270.17,50,0
ITEM006840,ORD000409,PROD0013,1,67.2,10,0
ITEM006841,ORD000816,PROD0138,-1,162.62,50,1
ITEM006842,ORD003471,PROD0134,1,18.45,0,0
ITEM006843,ORD003471,PROD0465,3,174.73,0,0
ITEM006845,ORD000599,PROD0328,2,15.75,15,0
ITEM006846,ORD000599,PROD0275,1,111.34,15,0
ITEM006847,ORD004105,PROD0174,1,108.22,10,0
ITEM006848,ORD004105,PROD0190,2,454.32,30,0
ITEM006849,ORD004105,PROD0114,2,234.38,10,0
ITEM006850,ORD002919,PROD0030,1,407.37,50,0
ITEM006851,ORD002919,PROD0177,1,99.49,40,0
ITEM006852,ORD002919,PROD0373,1,285.01,50,0
ITEM006853,ORD002919,PROD0075,2,14.28,15,0
ITEM006854,ORD000734,PROD0012,-1,100.15,30,1
ITEM006855,ORD000080,PROD0232,1,24.93,25,0
ITEM006856,ORD000080,PROD0219,1,967.4,10,0
ITEM006857,ORD000257,PROD0097,2,537.57,5,0
ITEM006858,ORD000257,PROD0379,1,14.6,30,0
ITEM006859,ORD000965,PROD0015,1,486.37,0,0
ITEM006860,ORD000965,PROD0196,1,45.35,10,0
ITEM006861,ORD002072,PROD0142,2,31.04,10,0
ITEM006862,ORD003677,PROD0054,3,6.37,0,0
ITEM006863,ORD001592,PROD0442,1,12.01,50,0
ITEM006864,ORD001463,PROD0244,1,251.96,0,0
ITEM006865,ORD001463,PROD0258,2,200.15,0,0
ITEM006866,ORD001463,PROD0002,1,1562.02,10,0
ITEM006867,ORD003644,PROD0346,1,47.11,30,0
ITEM006868,ORD003644,PROD0252,2,22.24,15,0
ITEM006869,ORD003221,PROD0099,2,12.83,0,0
ITEM006870,ORD001608,PROD0001,1,274.66,5,0
ITEM006871,ORD002932,PROD0203,-1,345.33,10,1
ITEM006872,ORD001209,PROD0327,1,514.7,0,0
ITEM006873,ORD003610,PROD0135,3,154.39,10,0
ITEM006874,ORD003610,PROD0424,3,22.93,20,0
ITEM006875,ORD003610,PROD0237,4,718.21,0,0
ITEM006876,ORD001943,PROD0078,1,1660.41,10,0
ITEM006877,ORD001943,PROD0163,1,384.86,10,0
ITEM006878,ORD004529,PROD0309,-1,1227.56,0,1
ITEM006879,ORD002130,PROD0219,1,996.44,0,0
ITEM006880,ORD002130,PROD0186,4,37.71,0,0
ITEM006881,ORD003369,PROD0106,1,545.17,0,0
ITEM006882,ORD003369,PROD0137,3,221.23,5,0
ITEM006883,ORD002791,PROD0485,3,54.49,15,0
ITEM006884,ORD002791,PROD0033,1,111.55,10,0
ITEM006885,ORD002791,PROD0102,1,20.25,0,0
ITEM006886,ORD002791,PROD0120,1,187.87,25,0
ITEM006887,ORD000747,PROD0115,1,32.81,5,0
ITEM006888,ORD003631,PROD0237,1,706.48,5,0
ITEM006889,ORD003631,PROD0136,3,16.92,5,0
ITEM006890,ORD001507,PROD0478,3,1471.4,20,0
ITEM006891,ORD001954,PROD0303,1,48.27,0,0
ITEM006892,ORD001954,PROD0193,1,933.19,25,0
ITEM006893,ORD001624,PROD0242,2,4.58,5,0
ITEM006894,ORD001624,PROD0485,3,56.74,25,0
ITEM006895,ORD001624,PROD0455,1,6.1,10,0
ITEM006896,ORD001949,PROD0017,2,58.79,0,0
ITEM006897,ORD000479,PROD0303,4,47.93,15,0
ITEM006898,ORD000479,PROD0135,1,155.28,5,0
ITEM006899,ORD002707,PROD0349,1,677.75,10,0
ITEM006900,ORD002707,PROD0310,1,9.46,40,0
ITEM006901,ORD002707,PROD0174,1,108.16,5,0
ITEM006902,ORD000100,PROD0402,1,8.35,0,0
ITEM006903,ORD000100,PROD0347,1,18.58,0,0
ITEM006904,ORD000100,PROD0444,3,9.49,25,0
ITEM006905,ORD000100,PROD0102,1,20.54,15,0
ITEM006906,ORD000502,PROD0389,1,145.36,20,0
ITEM006907,ORD000502,PROD0007,1,16.89,0,0
ITEM006908,ORD003121,PROD0094,1,13.34,30,0
ITEM006909,ORD003121,PROD0145,3,130.26,10,0
ITEM006910,ORD000562,PROD0202,1,6.95,10,0
ITEM006911,ORD000562,PROD0444,1,9.52,30,0
ITEM006912,ORD000562,PROD0105,2,176.23,30,0
ITEM006913,ORD000562,PROD0137,1,225.04,0,0
ITEM006914,ORD004437,PROD0469,2,114.38,20,0
ITEM006915,ORD004437,PROD0366,3,892.87,40,0
ITEM006916,ORD004437,PROD0072,2,714.92,10,0
ITEM006917,ORD004437,PROD0275,2,111.35,40,0
ITEM006918,ORD001585,PROD0297,2,15.44,25,0
ITEM006919,ORD001585,PROD0179,1,394.95,15,0
ITEM006920,ORD001585,PROD0299,1,1923.46,30,0
ITEM006921,ORD002241,PROD0468,1,2684.12,10,0
ITEM006922,ORD002241,PROD0055,1,63.44,0,0
ITEM006923,ORD002241,PROD0281,1,1542.28,50,0
ITEM006924,ORD002241,PROD0267,2,50.77,40,0
ITEM006925,ORD004495,PROD0116,3,23.31,10,0
ITEM006926,ORD001767,PROD0075,1,14.65,10,0
ITEM006927,ORD000458,PROD0184,2,26.62,0,0
ITEM006928,ORD000458,PROD0304,4,110.67,30,0
ITEM006929,ORD000458,PROD0056,2,1321.38,40,0
ITEM006930,ORD000458,PROD0114,1,230.62,25,0
ITEM006931,ORD001458,PROD0115,1,33.84,20,0
ITEM006932,ORD002716,PROD0222,1,9.28,30,0
ITEM006933,ORD002716,PROD0014,1,309.24,0,0
ITEM006934,ORD002716,PROD0155,2,1114.82,20,0
ITEM006935,ORD002716,PROD0270,3,42.14,40,0
ITEM006936,ORD002716,PROD0041,3,97.95,10,0
ITEM006937,ORD000488,PROD0347,1,18.09,0,0
ITEM006938,ORD000488,PROD0172,2,756.46,20,0
ITEM006939,ORD000488,PROD0060,2,276.74,0,0
ITEM006940,ORD000488,PROD0219,1,968.05,25,0
ITEM006941,ORD000488,PROD0374,1,107.53,0,0
ITEM006942,ORD003108,PROD0487,4,235.65,5,0
ITEM006943,ORD004329,PROD0279,2,391.02,40,0
ITEM006944,ORD004329,PROD0192,4,221.3,50,0
ITEM006945,ORD004329,PROD0491,1,26.38,0,0
ITEM006946,ORD004329,PROD0298,1,21.83,20,0
ITEM006947,ORD004329,PROD0034,1,6.79,10,0
ITEM006948,ORD003324,PROD0405,-1,1768.52,25,1
ITEM006949,ORD003446,PROD0372,2,616.32,20,0
ITEM006950,ORD003446,PROD0154,2,117.98,40,0
ITEM006951,ORD003446,PROD0416,2,77.89,10,0
ITEM006952,ORD001462,PROD0135,1,153.81,10,0
ITEM006953,ORD001462,PROD0127,2,20.46,20,0
ITEM006954,ORD000330,PROD0429,2,147.5,15,0
ITEM006955,ORD000330,PROD0254,1,7.51,10,0
ITEM006956,ORD000330,PROD0086,2,232.99,20,0
ITEM006957,ORD000330,PROD0219,1,982.98,50,0
ITEM006958,ORD004322,PROD0181,2,66.58,30,0
ITEM006959,ORD004322,PROD0258,4,200.59,10,0
ITEM006960,ORD004194,PROD0249,-1,8.12,40,1
ITEM006961,ORD004194,PROD0241,-3,48.56,15,1
ITEM006962,ORD001545,PROD0311,2,15.93,10,0
ITEM006963,ORD002248,PROD0094,1,12.62,15,0
ITEM006964,ORD002248,PROD0124,1,1254.62,25,0
ITEM006965,ORD002248,PROD0211,1,89.42,0,0
ITEM006966,ORD001714,PROD0404,1,71.04,0,0
ITEM006967,ORD001714,PROD0304,1,116.66,0,0
ITEM006968,ORD004378,PROD0142,1,30.24,20,0
ITEM006969,ORD004378,PROD0139,1,1438.12,0,0
ITEM006970,ORD004503,PROD0024,1,8.22,10,0
ITEM006971,ORD004503,PROD0111,3,174.14,25,0
ITEM006972,ORD004089,PROD0012,1,99.52,0,0
ITEM006973,ORD000327,PROD0135,2,157.67,10,0
ITEM006974,ORD000327,PROD0315,1,11.33,0,0
ITEM006975,ORD004358,PROD0006,4,5.54,0,0
ITEM006976,ORD004358,PROD0073,2,117.69,40,0
ITEM006977,ORD001616,PROD0304,3,112.31,10,0
ITEM006978,ORD001616,PROD0102,1,21.2,40,0
ITEM006979,ORD001616,PROD0129,1,352.56,20,0
ITEM006980,ORD001616,PROD0181,1,67.54,0,0
ITEM006981,ORD001616,PROD0047,1,114.91,0,0
ITEM006982,ORD003445,PROD0444,4,9.69,30,0
ITEM006983,ORD002873,PROD0082,-2,556.72,10,1
ITEM006984,ORD003927,PROD0059,2,34.24,10,0
ITEM006985,ORD003927,PROD0384,1,1591.37,25,0
ITEM006986,ORD003927,PROD0072,1,704.07,20,0
ITEM006987,ORD004114,PROD0424,1,23.49,0,0
ITEM006988,ORD004114,PROD0211,2,88.65,0,0
ITEM006989,ORD004114,PROD0478,1,1447.66,0,0
ITEM006990,ORD001424,PROD0025,1,16.36,50,0
ITEM006991,ORD001424,PROD0182,1,842.93,50,0
ITEM006992,ORD001424,PROD0012,1,100.78,10,0
ITEM006993,ORD001424,PROD0045,1,199.12,10,0
ITEM006994,ORD004327,PROD0249,2,7.79,5,0
ITEM006995,ORD000740,PROD0202,3,6.9,10,0
ITEM006996,ORD000740,PROD0444,3,9.39,0,0
ITEM006997,ORD001773,PROD0027,3,75.6,25,0
ITEM006998,ORD003203,PROD0275,3,111.12,25,0
ITEM006999,ORD003203,PROD0086,2,228.03,40,0
ITEM007000,ORD003203,PROD0343,1,64.02,5,0
ITEM007001,ORD003203,PROD0249,3,8.05,30,0
ITEM007002,ORD003376,PROD0137,3,232.89,30,0
ITEM007003,ORD003376,PROD0012,1,103.6,25,0
ITEM007004,ORD003117,PROD0105,3,178.45,30,0
ITEM007005,ORD003117,PROD0219,1,979.22,30,0
ITEM007006,ORD003117,PROD0482,1,525.97,0,0
ITEM007007,ORD002473,PROD0135,4,155.86,5,0
ITEM007008,ORD002473,PROD0315,1,11.12,25,0
ITEM007009,ORD002473,PROD0114,1,229.82,25,0
ITEM007010,ORD002473,PROD0384,1,1575.02,50,0
ITEM007011,ORD002473,PROD0288,1,58.79,5,0
ITEM007012,ORD003607,PROD0204,3,1435.93,40,0
ITEM007013,ORD001731,PROD0308,2,19.77,15,0
ITEM007014,ORD001731,PROD0295,1,247.22,0,0
ITEM007015,ORD004641,PROD0409,1,19.2,25,0
ITEM007016,ORD004641,PROD0500,2,1308.07,50,0
ITEM007017,ORD002844,PROD0181,1,65.96,0,0
ITEM007018,ORD002844,PROD0432,1,303.26,10,0
ITEM007019,ORD002844,PROD0022,2,119.14,10,0
ITEM007020,ORD002573,PROD0232,1,23.94,50,0
ITEM007021,ORD002573,PROD0219,1,985.81,10,0
ITEM007022,ORD002573,PROD0303,1,49.77,0,0
ITEM007023,ORD002573,PROD0150,1,440.75,40,0
ITEM007024,ORD002666,PROD0137,1,232.43,0,0
ITEM007025,ORD002666,PROD0389,1,143.63,10,0
ITEM007026,ORD002666,PROD0445,2,1521.36,0,0
ITEM007027,ORD002469,PROD0181,4,66.71,15,0
ITEM007028,ORD002469,PROD0432,1,305.85,10,0
ITEM007029,ORD002469,PROD0236,1,888.98,0,0
ITEM007030,ORD002469,PROD0228,1,121.62,10,0
ITEM007031,ORD002036,PROD0255,1,65.17,25,0
ITEM007032,ORD002036,PROD0336,1,1608.59,20,0
ITEM007033,ORD002036,PROD0088,1,89.19,50,0
ITEM007034,ORD002036,PROD0414,3,167.65,30,0
ITEM007035,ORD002036,PROD0121,2,1145.04,20,0
ITEM007036,ORD004403,PROD0181,2,68.1,10,0
ITEM007037,ORD004403,PROD0258,2,194.16,20,0
ITEM007038,ORD000565,PROD0460,4,28.93,40,0
ITEM007039,ORD000565,PROD0100,1,1307.0,40,0
ITEM007040,ORD000565,PROD0141,1,19.58,15,0
ITEM007041,ORD000565,PROD0236,3,866.91,5,0
ITEM007042,ORD000565,PROD0055,2,62.64,25,0
ITEM007043,ORD003783,PROD0181,4,65.39,50,0
ITEM007044,ORD003783,PROD0432,2,299.57,40,0
ITEM007045,ORD004121,PROD0366,3,900.63,25,0
ITEM007046,ORD000318,PROD0200,1,770.39,20,0
ITEM007047,ORD000318,PROD0367,1,1213.76,15,0
ITEM007048,ORD000318,PROD0114,1,226.99,10,0
ITEM007049,ORD003470,PROD0167,1,69.95,5,0
ITEM007050,ORD003470,PROD0445,4,1579.37,0,0
ITEM007051,ORD003470,PROD0467,1,739.14,20,0
ITEM007052,ORD003470,PROD0375,1,108.19,15,0
ITEM007053,ORD003240,PROD0396,1,58.39,0,0
ITEM007054,ORD003240,PROD0082,1,544.38,25,0
ITEM007055,ORD003240,PROD0170,1,25.63,10,0
ITEM007056,ORD003240,PROD0445,1,1555.77,50,0
ITEM007057,ORD002167,PROD0232,2,24.86,40,0
ITEM007058,ORD002167,PROD0219,1,975.62,30,0
ITEM007059,ORD002167,PROD0002,1,1525.06,30,0
ITEM007060,ORD002061,PROD0489,1,38.13,50,0
ITEM007061,ORD002061,PROD0030,1,408.15,10,0
ITEM007062,ORD001733,PROD0097,1,527.05,50,0
ITEM007063,ORD001733,PROD0379,1,14.59,10,0
ITEM007064,ORD000592,PROD0125,1,17.72,40,0
ITEM007065,ORD000592,PROD0181,1,68.42,15,0
ITEM007066,ORD000592,PROD0115,3,32.55,50,0
ITEM007067,ORD000592,PROD0420,2,15.01,15,0
ITEM007068,ORD002124,PROD0219,1,958.92,20,0
ITEM007069,ORD002124,PROD0186,2,36.29,20,0
ITEM007070,ORD002124,PROD0210,1,118.87,0,0
ITEM007071,ORD004384,PROD0208,1,463.98,40,0
ITEM007072,ORD004384,PROD0181,2,64.92,25,0
ITEM007073,ORD004384,PROD0431,2,2185.06,0,0
ITEM007074,ORD004500,PROD0299,1,1961.57,0,0
ITEM007075,ORD004500,PROD0047,1,113.37,0,0
ITEM007076,ORD004500,PROD0217,4,41.89,5,0
ITEM007077,ORD001251,PROD0473,1,22.41,0,0
ITEM007078,ORD002952,PROD0372,3,602.15,30,0
ITEM007079,ORD002952,PROD0465,1,182.46,50,0
ITEM007080,ORD002996,PROD0025,1,16.94,30,0
ITEM007081,ORD002996,PROD0345,1,14.46,15,0
ITEM007082,ORD002996,PROD0330,1,28.7,20,0
ITEM007083,ORD002996,PROD0017,2,60.69,0,0
ITEM007084,ORD002996,PROD0160,1,175.17,30,0
ITEM007085,ORD002057,PROD0177,1,96.77,50,0
ITEM007086,ORD002057,PROD0208,2,475.91,0,0
ITEM007087,ORD002057,PROD0225,3,198.31,15,0
ITEM007088,ORD002057,PROD0202,1,6.99,10,0
ITEM007089,ORD002057,PROD0299,4,1956.36,5,0
ITEM007090,ORD004536,PROD0238,2,47.91,5,0
ITEM007091,ORD002307,PROD0102,3,20.49,5,0
ITEM007092,ORD001456,PROD0487,1,241.84,40,0
ITEM007093,ORD001456,PROD0285,2,44.49,5,0
ITEM007094,ORD001456,PROD0172,1,773.28,0,0
ITEM007095,ORD001456,PROD0055,3,61.63,15,0
ITEM007096,ORD000721,PROD0006,3,5.34,0,0
ITEM007097,ORD000721,PROD0073,3,113.1,40,0
ITEM007098,ORD001132,PROD0253,1,89.02,50,0
ITEM007099,ORD001132,PROD0347,1,18.53,100,0
ITEM007100,ORD001132,PROD0420,1,15.25,15,0
ITEM007101,ORD001132,PROD0380,2,48.62,0,0
ITEM007102,ORD004117,PROD0244,2,244.68,50,0
ITEM007103,ORD004117,PROD0432,1,303.31,0,0
ITEM007104,ORD004117,PROD0482,1,517.16,40,0
ITEM007105,ORD004531,PROD0432,4,303.86,0,0
ITEM007106,ORD004531,PROD0483,1,28.9,50,0
ITEM007107,ORD004531,PROD0465,1,174.9,40,0
ITEM007108,ORD003260,PROD0379,1,14.89,0,0
ITEM007109,ORD003260,PROD0097,2,541.2,25,0
ITEM007110,ORD003260,PROD0195,2,62.84,50,0
ITEM007111,ORD001562,PROD0202,1,7.12,50,0
ITEM007112,ORD001562,PROD0485,2,56.57,10,0
ITEM007113,ORD002060,PROD0130,1,327.41,0,0
ITEM007114,ORD002060,PROD0034,4,6.6,10,0
ITEM007115,ORD002060,PROD0421,2,264.62,15,0
ITEM007116,ORD004508,PROD0130,1,331.56,0,0
ITEM007117,ORD004508,PROD0014,3,316.77,10,0
ITEM007118,ORD002976,PROD0329,1,963.22,50,0
ITEM007119,ORD002976,PROD0064,1,818.62,25,0
ITEM007120,ORD002976,PROD0162,1,29.8,0,0
ITEM007121,ORD004484,PROD0356,2,23.86,10,0
ITEM007122,ORD002113,PROD0054,1,6.25,0,0
ITEM007123,ORD002113,PROD0097,1,523.49,40,0
ITEM007124,ORD003556,PROD0219,1,1001.12,50,0
ITEM007125,ORD003556,PROD0186,4,37.56,20,0
ITEM007126,ORD003556,PROD0301,2,234.86,25,0
ITEM007127,ORD003556,PROD0315,1,11.32,5,0
ITEM007128,ORD000384,PROD0281,2,1537.71,25,0
ITEM007129,ORD000384,PROD0346,2,49.04,25,0
ITEM007130,ORD000384,PROD0073,1,117.96,25,0
ITEM007131,ORD000714,PROD0440,2,210.33,5,0
ITEM007132,ORD000714,PROD0094,1,13.12,0,0
ITEM007133,ORD004280,PROD0473,1,21.81,25,0
ITEM007134,ORD004280,PROD0392,1,55.9,40,0
ITEM007135,ORD004280,PROD0399,3,34.15,40,0
ITEM007136,ORD002930,PROD0432,1,297.38,40,0
ITEM007137,ORD002930,PROD0193,2,965.94,15,0
ITEM007138,ORD001114,PROD0440,1,209.03,0,0
ITEM007139,ORD002778,PROD0495,2,80.08,15,0
ITEM007140,ORD002778,PROD0193,1,940.51,25,0
ITEM007141,ORD003764,PROD0006,1,5.3,0,0
ITEM007142,ORD003764,PROD0073,3,117.44,30,0
ITEM007143,ORD001856,PROD0335,1,147.78,30,0
ITEM007144,ORD001856,PROD0119,1,16.64,0,0
ITEM007145,ORD002453,PROD0389,3,141.86,40,0
ITEM007146,ORD002453,PROD0455,1,6.32,0,0
ITEM007147,ORD002453,PROD0114,1,229.95,25,0
ITEM007148,ORD002453,PROD0069,1,448.94,5,0
ITEM007149,ORD000450,PROD0106,3,535.3,25,0
ITEM007150,ORD000450,PROD0137,1,228.92,50,0
ITEM007151,ORD000450,PROD0267,4,49.76,5,0
ITEM007152,ORD000450,PROD0052,3,140.75,10,0
ITEM007153,ORD001194,PROD0137,1,229.98,15,0
ITEM007154,ORD001194,PROD0182,1,814.8,40,0
ITEM007155,ORD001194,PROD0249,1,7.94,0,0
ITEM007156,ORD001194,PROD0440,1,206.01,30,0
ITEM007157,ORD002028,PROD0478,2,1481.58,25,0
ITEM007158,ORD002028,PROD0130,2,345.66,0,0
ITEM007159,ORD004198,PROD0468,1,2710.37,15,0
ITEM007160,ORD004198,PROD0150,1,437.94,0,0
ITEM007161,ORD000688,PROD0297,3,15.21,0,0
ITEM007162,ORD000688,PROD0179,1,382.32,10,0
ITEM007163,ORD000688,PROD0403,3,298.68,30,0
ITEM007164,ORD000688,PROD0147,2,642.01,0,0
ITEM007165,ORD004001,PROD0098,2,63.52,10,0
ITEM007166,ORD004001,PROD0008,1,297.29,40,0
ITEM007167,ORD003309,PROD0232,1,24.91,20,0
ITEM007168,ORD003309,PROD0215,1,16.2,15,0
ITEM007169,ORD004227,PROD0264,3,32.96,20,0
ITEM007170,ORD004227,PROD0304,4,116.56,40,0
ITEM007171,ORD004227,PROD0282,2,29.99,10,0
ITEM007172,ORD003035,PROD0364,1,1820.45,0,0
ITEM007173,ORD003035,PROD0200,1,769.92,0,0
ITEM007174,ORD003035,PROD0120,1,183.63,0,0
ITEM007175,ORD003035,PROD0188,1,230.52,5,0
ITEM007176,ORD003035,PROD0478,1,1519.74,10,0
ITEM007177,ORD003400,PROD0349,2,682.7,30,0
ITEM007178,ORD003400,PROD0489,4,37.83,0,0
ITEM007179,ORD003400,PROD0202,1,6.93,5,0
ITEM007180,ORD003400,PROD0064,2,813.34,0,0
ITEM007181,ORD000483,PROD0106,1,533.36,25,0
ITEM007182,ORD000483,PROD0137,3,232.86,0,0
ITEM007183,ORD003328,PROD0095,1,548.73,25,0
ITEM007184,ORD003328,PROD0035,3,6.97,10,0
ITEM007185,ORD004399,PROD0237,4,717.88,10,0
ITEM007186,ORD004399,PROD0181,1,67.82,0,0
ITEM007187,ORD000195,PROD0432,1,294.62,5,0
ITEM007188,ORD001759,PROD0184,1,27.55,50,0
ITEM007189,ORD001759,PROD0304,1,111.82,25,0
ITEM007190,ORD001759,PROD0223,3,151.92,50,0
ITEM007191,ORD004236,PROD0287,2,1373.8,30,0
ITEM007192,ORD004236,PROD0479,1,38.84,25,0
ITEM007193,ORD004236,PROD0380,1,48.15,15,0
ITEM007194,ORD004236,PROD0440,2,203.48,30,0
ITEM007195,ORD001384,PROD0138,-1,155.66,50,1
ITEM007196,ORD001199,PROD0233,1,809.23,20,0
ITEM007197,ORD001199,PROD0090,1,1169.85,10,0
ITEM007198,ORD001199,PROD0495,3,80.83,20,0
ITEM007199,ORD002615,PROD0106,2,541.89,5,0
ITEM007200,ORD002615,PROD0137,1,229.07,30,0
ITEM007201,ORD001146,PROD0062,1,322.01,0,0
ITEM007202,ORD001146,PROD0088,2,88.49,10,0
ITEM007203,ORD002496,PROD0407,1,214.85,0,0
ITEM007204,ORD002496,PROD0189,1,76.79,50,0
ITEM007205,ORD002496,PROD0260,1,1300.81,25,0
ITEM007206,ORD002496,PROD0261,3,18.56,15,0
ITEM007207,ORD001763,PROD0137,1,231.7,0,0
ITEM007208,ORD001763,PROD0389,1,141.64,25,0
ITEM007209,ORD004364,PROD0147,4,616.06,0,0
ITEM007210,ORD004364,PROD0115,1,32.5,0,0
ITEM007211,ORD003031,PROD0264,2,31.95,30,0
ITEM007212,ORD003031,PROD0208,1,465.18,40,0
ITEM007213,ORD003031,PROD0315,4,11.14,30,0
ITEM007214,ORD003031,PROD0227,1,55.55,50,0
ITEM007215,ORD003031,PROD0196,1,47.79,40,0
ITEM007216,ORD002144,PROD0330,2,28.98,50,0
ITEM007217,ORD002144,PROD0429,3,145.79,40,0
ITEM007218,ORD002144,PROD0324,3,308.92,40,0
ITEM007219,ORD002144,PROD0445,1,1506.81,40,0
ITEM007220,ORD004400,PROD0492,3,81.32,5,0
ITEM007221,ORD004400,PROD0477,1,204.75,0,0
ITEM007222,ORD004400,PROD0315,1,10.82,30,0
ITEM007223,ORD004400,PROD0227,1,55.88,50,0
ITEM007224,ORD002724,PROD0372,3,620.58,0,0
ITEM007225,ORD002724,PROD0208,1,471.54,50,0
ITEM007226,ORD002724,PROD0432,1,298.24,40,0
ITEM007228,ORD002724,PROD0179,3,380.86,25,0
ITEM007229,ORD001490,PROD0355,1,3030.54,0,0
ITEM007230,ORD001490,PROD0444,1,9.51,0,0
ITEM007231,ORD001490,PROD0254,1,7.77,5,0
ITEM007232,ORD001490,PROD0116,2,24.22,0,0
ITEM007233,ORD004650,PROD0417,1,9.76,20,0
ITEM007234,ORD004650,PROD0127,3,20.06,10,0
ITEM007235,ORD004650,PROD0303,2,48.76,10,0
ITEM007236,ORD004650,PROD0297,3,15.39,30,0
ITEM007237,ORD004650,PROD0025,1,16.95,10,0
ITEM007238,ORD003174,PROD0442,1,12.09,0,0
ITEM007239,ORD003174,PROD0105,1,170.84,20,0
ITEM007240,ORD001208,PROD0136,1,17.28,0,0
ITEM007241,ORD003951,PROD0432,1,296.5,40,0
ITEM007242,ORD003951,PROD0034,1,6.53,50,0
ITEM007243,ORD003779,PROD0339,1,275.7,0,0
ITEM007244,ORD000829,PROD0006,2,5.31,0,0
ITEM007245,ORD002709,PROD0138,-4,158.12,10,1
ITEM007246,ORD001621,PROD0086,2,235.47,0,0
ITEM007247,ORD001179,PROD0230,2,6.54,10,0
ITEM007248,ORD001337,PROD0405,-2,1721.6,40,1
ITEM007249,ORD001498,PROD0181,1,67.45,20,0
ITEM007250,ORD001498,PROD0432,1,293.84,5,0
ITEM007251,ORD000787,PROD0184,3,27.07,0,0
ITEM007252,ORD000787,PROD0304,1,110.82,0,0
ITEM007253,ORD000700,PROD0030,1,406.62,0,0
ITEM007254,ORD000700,PROD0177,2,98.75,0,0
ITEM007255,ORD004490,PROD0006,1,5.46,50,0
ITEM007256,ORD004490,PROD0389,4,147.59,5,0
ITEM007257,ORD001631,PROD0064,1,856.9,25,0
ITEM007258,ORD001631,PROD0330,3,28.44,0,0
ITEM007259,ORD000936,PROD0078,1,1677.33,30,0
ITEM007260,ORD000936,PROD0048,1,74.79,0,0
ITEM007261,ORD000421,PROD0232,1,24.81,0,0
ITEM007262,ORD000421,PROD0219,1,981.74,25,0
ITEM007263,ORD000421,PROD0415,2,1547.98,0,0
ITEM007264,ORD002206,PROD0298,2,21.49,10,0
ITEM007265,ORD002206,PROD0040,3,77.95,30,0
ITEM007266,ORD002206,PROD0130,2,340.67,0,0
ITEM007267,ORD004611,PROD0475,1,83.21,40,0
ITEM007268,ORD004611,PROD0379,1,15.01,50,0
ITEM007269,ORD004611,PROD0430,3,177.13,0,0
ITEM007270,ORD001883,PROD0096,1,865.68,0,0
ITEM007271,ORD001883,PROD0055,1,60.86,0,0
ITEM007272,ORD000737,PROD0303,1,47.97,10,0
ITEM007273,ORD000737,PROD0446,1,201.17,40,0
ITEM007274,ORD000737,PROD0244,1,240.59,25,0
ITEM007275,ORD000737,PROD0066,1,30.73,20,0
ITEM007276,ORD002706,PROD0069,2,443.31,5,0
ITEM007277,ORD001350,PROD0097,-4,543.77,0,1
ITEM007278,ORD001320,PROD0136,1,17.43,20,0
ITEM007279,ORD001248,PROD0184,1,28.17,0,0
ITEM007280,ORD001248,PROD0304,3,111.04,30,0
ITEM007281,ORD001497,PROD0181,1,64.9,30,0
ITEM007282,ORD001497,PROD0258,1,195.68,5,0
ITEM007283,ORD003929,PROD0134,2,18.06,0,0
ITEM007284,ORD003734,PROD0132,1,67.81,25,0
ITEM007285,ORD003734,PROD0227,1,55.45,15,0
ITEM007286,ORD002595,PROD0473,1,22.72,25,0
ITEM007287,ORD002595,PROD0402,2,8.05,10,0
ITEM007288,ORD002595,PROD0328,1,15.84,0,0
ITEM007289,ORD002595,PROD0479,1,39.37,25,0
ITEM007290,ORD001920,PROD0025,2,16.35,25,0
ITEM007291,ORD001920,PROD0136,1,16.84,0,0
ITEM007292,ORD001920,PROD0186,1,36.37,40,0
ITEM007293,ORD003776,PROD0326,1,64.02,40,0
ITEM007294,ORD003776,PROD0238,2,46.77,20,0
ITEM007295,ORD003776,PROD0125,2,17.8,0,0
ITEM007296,ORD000954,PROD0120,-1,180.94,5,1
ITEM007297,ORD003295,PROD0155,1,1089.89,5,0
ITEM007298,ORD000935,PROD0181,1,66.86,5,0
ITEM007299,ORD002017,PROD0469,1,115.64,0,0
ITEM007300,ORD002017,PROD0366,1,889.83,0,0
ITEM007301,ORD003507,PROD0146,1,229.98,25,0
ITEM007302,ORD003507,PROD0228,2,121.11,50,0
ITEM007303,ORD003507,PROD0489,2,37.09,30,0
ITEM007304,ORD002359,PROD0315,4,10.86,10,0
ITEM007305,ORD002359,PROD0372,2,630.47,40,0
ITEM007306,ORD002359,PROD0367,2,1224.59,50,0
ITEM007307,ORD002303,PROD0441,1,746.39,0,0
ITEM007308,ORD002303,PROD0067,1,94.94,0,0
ITEM007309,ORD002303,PROD0307,3,36.68,50,0
ITEM007310,ORD002303,PROD0262,1,706.42,30,0
ITEM007311,ORD002303,PROD0122,1,524.38,0,0
ITEM007312,ORD000159,PROD0067,2,93.85,25,0
ITEM007313,ORD004480,PROD0131,2,32.9,50,0
ITEM007314,ORD004480,PROD0189,1,80.32,30,0
ITEM007315,ORD004480,PROD0482,3,534.09,10,0
ITEM007316,ORD004480,PROD0446,1,211.28,10,0
ITEM007317,ORD000447,PROD0303,3,48.68,0,0
ITEM007318,ORD000447,PROD0328,1,16.14,10,0
ITEM007319,ORD000447,PROD0027,2,77.86,0,0
ITEM007320,ORD000447,PROD0186,1,36.09,0,0
ITEM007321,ORD000447,PROD0237,3,723.62,50,0
ITEM007322,ORD002789,PROD0109,1,1296.17,10,0
ITEM007323,ORD002789,PROD0051,1,152.5,15,0
ITEM007324,ORD002789,PROD0035,3,6.71,40,0
ITEM007325,ORD002789,PROD0487,1,237.98,5,0
ITEM007326,ORD001606,PROD0430,1,173.42,10,0
ITEM007327,ORD003029,PROD0279,3,385.58,50,0
ITEM007328,ORD003646,PROD0130,1,334.65,50,0
ITEM007329,ORD003646,PROD0014,3,325.98,10,0
ITEM007330,ORD001051,PROD0311,2,15.72,0,0
ITEM007331,ORD001051,PROD0089,1,174.6,20,0
ITEM007332,ORD003963,PROD0132,1,67.62,15,0
ITEM007333,ORD003963,PROD0227,3,54.83,40,0
ITEM007334,ORD004463,PROD0200,1,749.88,10,0
ITEM007335,ORD004463,PROD0134,1,17.99,20,0
ITEM007336,ORD001473,PROD0130,3,336.06,15,0
ITEM007337,ORD001473,PROD0034,2,6.71,0,0
ITEM007338,ORD000986,PROD0177,1,97.19,5,0
ITEM007339,ORD000957,PROD0219,1,956.86,25,0
ITEM007340,ORD000957,PROD0136,1,17.24,10,0
ITEM007341,ORD004391,PROD0320,-1,331.04,5,1
ITEM007342,ORD003469,PROD0473,4,23.06,20,0
ITEM007343,ORD003469,PROD0055,1,62.31,10,0
ITEM007344,ORD003469,PROD0479,1,40.22,10,0
ITEM007345,ORD000125,PROD0237,2,743.95,15,0
ITEM007346,ORD002978,PROD0299,3,1975.78,40,0
ITEM007347,ORD002978,PROD0465,1,180.5,0,0
ITEM007348,ORD002978,PROD0270,1,41.04,10,0
ITEM007349,ORD000260,PROD0164,2,1625.05,20,0
ITEM007350,ORD000260,PROD0484,3,16.8,0,0
ITEM007351,ORD003378,PROD0434,2,44.57,0,0
ITEM007352,ORD004282,PROD0082,3,567.66,0,0
ITEM007353,ORD004282,PROD0218,1,534.74,15,0
ITEM007354,ORD002894,PROD0186,1,37.74,0,0
ITEM007355,ORD002894,PROD0195,3,63.97,20,0
ITEM007356,ORD002894,PROD0500,2,1325.14,40,0
ITEM007357,ORD001256,PROD0192,1,216.36,50,0
ITEM007358,ORD000204,PROD0202,-2,7.13,20,1
ITEM007359,ORD001362,PROD0012,4,103.01,0,0
ITEM007360,ORD001362,PROD0074,2,32.14,30,0
ITEM007361,ORD001362,PROD0174,2,113.02,10,0
ITEM007362,ORD001944,PROD0469,4,113.5,10,0
ITEM007363,ORD001944,PROD0366,1,901.49,15,0
ITEM007364,ORD001944,PROD0116,1,24.13,40,0
ITEM007365,ORD002243,PROD0449,1,6.05,25,0
ITEM007366,ORD000153,PROD0109,1,1233.91,40,0
ITEM007367,ORD000153,PROD0227,1,54.01,15,0
ITEM007368,ORD000153,PROD0364,2,1894.76,0,0
ITEM007369,ORD003904,PROD0287,1,1376.32,0,0
ITEM007370,ORD003904,PROD0409,2,19.35,40,0
ITEM007371,ORD002309,PROD0176,4,755.97,30,0
ITEM007372,ORD002309,PROD0084,1,1616.55,0,0
ITEM007373,ORD003636,PROD0007,1,17.35,20,0
ITEM007374,ORD003209,PROD0097,1,529.83,10,0
ITEM007375,ORD003209,PROD0312,1,1535.45,15,0
ITEM007376,ORD003209,PROD0365,1,221.23,40,0
ITEM007377,ORD003209,PROD0470,1,22.46,15,0
ITEM007378,ORD004270,PROD0177,-1,98.73,15,1
ITEM007379,ORD004466,PROD0374,3,104.72,25,0
ITEM007380,ORD000736,PROD0465,3,183.9,40,0
ITEM007381,ORD000736,PROD0135,2,160.17,20,0
ITEM007382,ORD000736,PROD0294,1,16.03,10,0
ITEM007383,ORD001965,PROD0078,1,1666.57,25,0
ITEM007384,ORD001965,PROD0364,2,1871.41,20,0
ITEM007385,ORD001965,PROD0109,1,1250.49,40,0
ITEM007386,ORD002018,PROD0116,1,24.11,25,0
ITEM007387,ORD003104,PROD0275,1,108.95,0,0
ITEM007388,ORD003104,PROD0148,2,37.78,0,0
ITEM007389,ORD003104,PROD0344,1,2274.82,50,0
ITEM007390,ORD003104,PROD0455,1,6.36,40,0
ITEM007391,ORD002942,PROD0434,-1,43.94,15,1
ITEM007392,ORD000828,PROD0137,1,226.74,0,0
ITEM007393,ORD000828,PROD0389,1,147.76,30,0
ITEM007394,ORD003409,PROD0130,4,331.67,5,0
ITEM007395,ORD003409,PROD0014,4,317.67,10,0
ITEM007396,ORD004421,PROD0173,1,40.85,50,0
ITEM007397,ORD004421,PROD0365,2,213.57,0,0
ITEM007398,ORD003799,PROD0469,1,111.78,15,0
ITEM007399,ORD003799,PROD0366,1,862.89,50,0
ITEM007400,ORD000616,PROD0086,1,234.76,5,0
ITEM007401,ORD000616,PROD0467,1,758.23,0,0
ITEM007402,ORD002058,PROD0211,2,90.03,5,0
ITEM007403,ORD003337,PROD0166,2,1040.2,40,0
ITEM007404,ORD003337,PROD0086,1,223.96,10,0
ITEM007405,ORD003337,PROD0270,1,41.04,50,0
ITEM007406,ORD003889,PROD0443,2,147.19,15,0
ITEM007407,ORD000849,PROD0205,1,496.07,30,0
ITEM007408,ORD000849,PROD0007,1,16.73,5,0
ITEM007409,ORD000849,PROD0482,2,518.35,30,0
ITEM007410,ORD000780,PROD0186,3,36.62,40,0
ITEM007411,ORD000780,PROD0469,1,116.26,40,0
ITEM007412,ORD000780,PROD0470,2,21.96,5,0
ITEM007413,ORD001793,PROD0481,2,101.47,5,0
ITEM007414,ORD001793,PROD0008,2,288.65,0,0
ITEM007415,ORD000063,PROD0132,1,66.06,10,0
ITEM007416,ORD000063,PROD0227,1,56.93,0,0
ITEM007417,ORD004747,PROD0487,1,238.62,10,0
ITEM007418,ORD004747,PROD0090,4,1140.51,0,0
ITEM007419,ORD000835,PROD0339,1,271.69,25,0
ITEM007420,ORD000835,PROD0349,1,693.75,0,0
ITEM007421,ORD004618,PROD0229,1,1727.05,10,0
ITEM007422,ORD004618,PROD0242,2,4.74,20,0
ITEM007423,ORD004618,PROD0101,1,381.73,5,0
ITEM007424,ORD004124,PROD0304,1,112.65,20,0
ITEM007425,ORD002357,PROD0372,-1,616.48,0,1
ITEM007426,ORD002005,PROD0374,-1,108.6,20,1
ITEM007427,ORD002005,PROD0138,-2,157.44,15,1
ITEM007428,ORD003700,PROD0181,1,65.49,40,0
ITEM007429,ORD003700,PROD0432,1,296.75,50,0
ITEM007431,ORD003700,PROD0007,1,16.67,40,0
ITEM007432,ORD002742,PROD0279,1,374.41,25,0
ITEM007433,ORD002742,PROD0078,1,1661.6,40,0
ITEM007434,ORD001565,PROD0260,2,1245.49,0,0
ITEM007435,ORD001565,PROD0338,1,55.95,0,0
ITEM007436,ORD001565,PROD0347,3,17.79,50,0
ITEM007437,ORD003217,PROD0472,1,294.7,30,0
ITEM007438,ORD003217,PROD0500,1,1294.05,15,0
ITEM007439,ORD000763,PROD0183,1,273.34,10,0
ITEM007440,ORD000763,PROD0006,1,5.23,25,0
ITEM007441,ORD000103,PROD0352,1,508.13,25,0
ITEM007442,ORD000833,PROD0468,2,2736.73,0,0
ITEM007443,ORD000833,PROD0281,3,1565.21,15,0
ITEM007444,ORD000833,PROD0305,1,674.76,40,0
ITEM007445,ORD000833,PROD0099,1,13.52,15,0
ITEM007446,ORD000338,PROD0184,2,28.15,20,0
ITEM007447,ORD000338,PROD0304,2,115.55,25,0
ITEM007448,ORD004534,PROD0384,1,1551.71,0,0
ITEM007449,ORD002160,PROD0086,1,231.05,25,0
ITEM007450,ORD002160,PROD0116,1,23.45,0,0
ITEM007451,ORD003235,PROD0092,2,146.21,25,0
ITEM007452,ORD000699,PROD0228,1,124.73,0,0
ITEM007453,ORD000699,PROD0389,1,146.91,0,0
ITEM007454,ORD000699,PROD0339,1,277.8,25,0
ITEM007455,ORD000699,PROD0384,2,1590.69,40,0
ITEM007456,ORD001496,PROD0132,3,66.0,0,0
ITEM007457,ORD001496,PROD0227,3,55.02,0,0
ITEM007458,ORD001496,PROD0179,1,391.97,50,0
ITEM007459,ORD002601,PROD0236,1,871.01,15,0
ITEM007460,ORD002601,PROD0181,1,68.43,15,0
ITEM007461,ORD002601,PROD0415,3,1460.35,0,0
ITEM007462,ORD004026,PROD0106,1,525.29,10,0
ITEM007463,ORD004026,PROD0137,1,227.57,25,0
ITEM007464,ORD004026,PROD0330,3,28.46,10,0
ITEM007465,ORD004026,PROD0121,2,1135.58,40,0
ITEM007466,ORD000550,PROD0179,1,391.37,0,0
ITEM007467,ORD000550,PROD0094,2,13.33,25,0
ITEM007468,ORD003651,PROD0202,3,6.92,0,0
ITEM007469,ORD003651,PROD0444,1,9.42,0,0
ITEM007470,ORD000095,PROD0223,1,150.9,5,0
ITEM007471,ORD003560,PROD0482,1,514.18,20,0
ITEM007472,ORD000805,PROD0347,1,18.77,30,0
ITEM007473,ORD000805,PROD0331,3,86.21,20,0
ITEM007474,ORD000805,PROD0051,4,149.03,0,0
ITEM007475,ORD000805,PROD0064,1,845.98,20,0
ITEM007476,ORD002686,PROD0169,1,427.36,25,0
ITEM007477,ORD002686,PROD0056,1,1376.89,0,0
ITEM007478,ORD000513,PROD0223,1,151.25,0,0
ITEM007479,ORD000513,PROD0173,1,42.16,40,0
ITEM007480,ORD000513,PROD0374,2,107.79,50,0
ITEM007481,ORD002550,PROD0202,2,6.74,25,0
ITEM007482,ORD002550,PROD0444,3,9.31,40,0
ITEM007483,ORD002550,PROD0186,1,37.34,50,0
ITEM007484,ORD000727,PROD0177,-2,97.56,10,1
ITEM007485,ORD002555,PROD0371,2,608.59,25,0
ITEM007486,ORD000114,PROD0132,2,66.86,30,0
ITEM007487,ORD002360,PROD0263,-3,66.57,15,1
ITEM007488,ORD000680,PROD0181,1,67.06,0,0
ITEM007489,ORD000680,PROD0432,1,297.83,40,0
ITEM007490,ORD000129,PROD0062,1,321.69,5,0
ITEM007491,ORD001128,PROD0138,-4,160.96,0,1
ITEM007492,ORD001128,PROD0409,-1,19.83,10,1
ITEM007493,ORD004086,PROD0309,-4,1250.19,0,1
ITEM007494,ORD002038,PROD0208,1,463.47,30,0
ITEM007495,ORD002038,PROD0181,1,68.64,0,0
ITEM007496,ORD004459,PROD0222,2,9.13,10,0
ITEM007497,ORD001116,PROD0075,1,14.86,10,0
ITEM007498,ORD001116,PROD0477,1,214.23,20,0
ITEM007499,ORD001116,PROD0034,1,6.51,0,0
ITEM007500,ORD003350,PROD0184,1,28.25,40,0
ITEM007501,ORD003350,PROD0357,2,425.37,0,0
ITEM007502,ORD001481,PROD0030,1,400.44,0,0
ITEM007503,ORD001481,PROD0177,3,100.97,50,0
ITEM007504,ORD000275,PROD0275,3,114.78,15,0
ITEM007505,ORD000275,PROD0086,2,224.24,5,0
ITEM007506,ORD000275,PROD0467,1,740.03,0,0
ITEM007507,ORD000275,PROD0115,1,32.47,10,0
ITEM007508,ORD000275,PROD0465,4,182.65,20,0
ITEM007509,ORD004188,PROD0457,1,106.27,50,0
ITEM007510,ORD004188,PROD0435,1,157.91,5,0
ITEM007511,ORD004188,PROD0478,1,1534.05,20,0
ITEM007512,ORD003588,PROD0106,4,533.97,50,0
ITEM007513,ORD003588,PROD0137,2,228.11,50,0
ITEM007514,ORD003588,PROD0308,1,20.46,25,0
ITEM007515,ORD002605,PROD0383,3,1300.91,0,0
ITEM007516,ORD003502,PROD0058,1,753.33,5,0
ITEM007517,ORD003502,PROD0280,1,1070.0,25,0
ITEM007518,ORD001937,PROD0137,1,225.18,0,0
ITEM007519,ORD001937,PROD0389,2,140.62,0,0
ITEM007520,ORD001937,PROD0205,3,502.73,20,0
ITEM007521,ORD000842,PROD0130,1,340.03,15,0
ITEM007522,ORD000842,PROD0034,1,6.78,0,0
ITEM007523,ORD000842,PROD0358,2,29.1,20,0
ITEM007524,ORD000655,PROD0470,1,22.52,30,0
ITEM007525,ORD000655,PROD0497,1,51.04,20,0
ITEM007526,ORD000655,PROD0432,2,294.78,20,0
ITEM007527,ORD000655,PROD0468,2,2714.09,20,0
ITEM007528,ORD002661,PROD0446,1,201.17,40,0
ITEM007529,ORD002661,PROD0054,1,6.14,15,0
ITEM007530,ORD002661,PROD0429,3,147.67,0,0
ITEM007531,ORD002661,PROD0120,4,181.31,15,0
ITEM007532,ORD002661,PROD0002,2,1560.58,15,0
ITEM007533,ORD003101,PROD0495,1,76.88,0,0
ITEM007534,ORD003795,PROD0218,1,532.24,30,0
ITEM007535,ORD000182,PROD0497,1,51.23,30,0
ITEM007536,ORD000182,PROD0054,1,6.2,10,0
ITEM007537,ORD002239,PROD0088,1,89.41,40,0
ITEM007538,ORD000962,PROD0441,1,728.19,50,0
ITEM007539,ORD000962,PROD0124,1,1194.95,10,0
ITEM007540,ORD002720,PROD0267,1,50.66,20,0
ITEM007541,ORD002720,PROD0217,1,42.61,25,0
ITEM007542,ORD002720,PROD0055,1,62.16,5,0
ITEM007543,ORD003242,PROD0414,1,163.77,25,0
ITEM007544,ORD003242,PROD0136,1,17.11,10,0
ITEM007545,ORD004318,PROD0208,3,472.8,20,0
ITEM007546,ORD004318,PROD0181,1,65.59,10,0
ITEM007547,ORD001050,PROD0182,1,833.67,30,0
ITEM007548,ORD001050,PROD0409,2,19.26,40,0
ITEM007549,ORD001050,PROD0016,1,409.07,0,0
ITEM007550,ORD001050,PROD0205,1,511.69,25,0
ITEM007551,ORD001050,PROD0381,1,29.2,10,0
ITEM007552,ORD002589,PROD0465,4,181.28,10,0
ITEM007553,ORD002589,PROD0001,1,284.19,0,0
ITEM007554,ORD002589,PROD0409,1,19.56,20,0
ITEM007555,ORD002166,PROD0192,1,224.93,30,0
ITEM007556,ORD002166,PROD0232,3,24.1,0,0
ITEM007557,ORD002837,PROD0237,2,706.97,0,0
ITEM007558,ORD002837,PROD0136,1,17.33,0,0
ITEM007559,ORD002078,PROD0445,1,1520.39,0,0
ITEM007560,ORD002232,PROD0202,4,7.02,25,0
ITEM007561,ORD002232,PROD0444,1,9.68,50,0
ITEM007562,ORD001991,PROD0237,1,711.99,50,0
ITEM007563,ORD001991,PROD0136,2,16.75,15,0
ITEM007564,ORD001991,PROD0459,2,38.84,5,0
ITEM007565,ORD001991,PROD0222,4,9.26,25,0
ITEM007566,ORD002694,PROD0242,3,4.81,15,0
ITEM007567,ORD002694,PROD0062,2,325.17,0,0
ITEM007568,ORD004748,PROD0252,2,22.42,25,0
ITEM007569,ORD002899,PROD0030,4,398.34,50,0
ITEM007570,ORD002899,PROD0177,4,97.29,0,0
ITEM007571,ORD002899,PROD0372,1,603.9,0,0
ITEM007572,ORD002899,PROD0269,1,1134.81,10,0
ITEM007573,ORD003740,PROD0405,-1,1801.22,15,1
ITEM007574,ORD001238,PROD0016,4,406.87,20,0
ITEM007575,ORD003426,PROD0275,1,109.18,20,0
ITEM007576,ORD003426,PROD0156,4,187.12,25,0
ITEM007577,ORD003426,PROD0190,2,466.08,20,0
ITEM007578,ORD004293,PROD0097,2,531.96,10,0
ITEM007579,ORD004293,PROD0374,1,109.15,0,0
ITEM007580,ORD001443,PROD0432,2,302.28,0,0
ITEM007581,ORD001443,PROD0193,1,927.93,20,0
ITEM007582,ORD001495,PROD0467,1,763.01,0,0
ITEM007583,ORD001495,PROD0208,2,472.74,50,0
ITEM007584,ORD001495,PROD0114,4,230.33,10,0
ITEM007585,ORD001495,PROD0051,1,145.39,40,0
ITEM007586,ORD001495,PROD0396,4,57.62,0,0
ITEM007587,ORD000880,PROD0021,1,354.62,25,0
ITEM007588,ORD000880,PROD0189,1,79.37,15,0
ITEM007589,ORD000880,PROD0313,1,46.68,0,0
ITEM007590,ORD000832,PROD0181,3,65.63,0,0
ITEM007591,ORD000832,PROD0258,1,196.71,15,0
ITEM007592,ORD000832,PROD0015,1,476.44,15,0
ITEM007593,ORD004632,PROD0219,1,982.69,50,0
ITEM007594,ORD004632,PROD0181,1,68.27,0,0
ITEM007595,ORD000744,PROD0315,1,10.69,15,0
ITEM007596,ORD000744,PROD0081,1,60.59,40,0
ITEM007597,ORD000744,PROD0176,2,768.9,25,0
ITEM007598,ORD000744,PROD0335,1,142.38,0,0
ITEM007599,ORD002025,PROD0135,2,158.44,50,0
ITEM007600,ORD002025,PROD0315,2,11.0,30,0
ITEM007601,ORD002025,PROD0184,4,27.68,10,0
ITEM007602,ORD001509,PROD0432,4,301.23,0,0
ITEM007603,ORD001509,PROD0193,1,933.05,5,0
ITEM007604,ORD002182,PROD0183,1,271.36,25,0
ITEM007605,ORD004697,PROD0465,1,178.87,25,0
ITEM007606,ORD004697,PROD0109,2,1304.22,0,0
ITEM007607,ORD004697,PROD0007,2,16.59,0,0
ITEM007608,ORD000158,PROD0184,2,27.92,15,0
ITEM007609,ORD000158,PROD0304,1,110.94,0,0
ITEM007610,ORD003268,PROD0208,2,462.79,0,0
ITEM007611,ORD003268,PROD0181,2,67.64,0,0
ITEM007612,ORD003933,PROD0027,1,76.73,0,0
ITEM007613,ORD003933,PROD0279,1,376.8,0,0
ITEM007614,ORD004315,PROD0413,3,395.54,0,0
ITEM007615,ORD000082,PROD0077,1,929.89,0,0
ITEM007616,ORD000082,PROD0075,3,14.57,10,0
ITEM007617,ORD000082,PROD0418,1,1537.93,15,0
ITEM007618,ORD003424,PROD0130,1,336.58,25,0
ITEM007619,ORD003424,PROD0034,1,6.71,0,0
ITEM007620,ORD001445,PROD0212,3,1922.01,0,0
ITEM007621,ORD002249,PROD0132,1,67.16,25,0
ITEM007622,ORD003597,PROD0237,1,716.91,5,0
ITEM007623,ORD003597,PROD0136,2,17.03,50,0
ITEM007624,ORD003597,PROD0179,1,395.74,0,0
ITEM007625,ORD003923,PROD0432,1,307.3,30,0
ITEM007626,ORD003923,PROD0482,4,531.57,10,0
ITEM007627,ORD003923,PROD0347,1,18.01,5,0
ITEM007628,ORD002250,PROD0134,1,18.09,5,0
ITEM007629,ORD002250,PROD0146,1,235.23,40,0
ITEM007630,ORD002250,PROD0384,1,1598.05,0,0
ITEM007631,ORD002250,PROD0360,4,488.31,40,0
ITEM007632,ORD002250,PROD0254,1,7.83,25,0
ITEM007633,ORD001581,PROD0137,1,226.17,20,0
ITEM007634,ORD001581,PROD0389,4,144.38,20,0
ITEM007635,ORD004204,PROD0445,4,1548.29,0,0
ITEM007636,ORD004204,PROD0458,3,919.46,0,0
ITEM007637,ORD003315,PROD0184,3,27.83,5,0
ITEM007638,ORD003315,PROD0304,1,113.68,25,0
ITEM007639,ORD003315,PROD0364,1,1856.41,20,0
ITEM007640,ORD003315,PROD0112,1,1860.39,20,0
ITEM007641,ORD003315,PROD0203,3,350.65,25,0
ITEM007642,ORD004576,PROD0192,1,212.96,25,0
ITEM007643,ORD004576,PROD0232,1,24.19,20,0
ITEM007644,ORD004419,PROD0467,1,761.8,10,0
ITEM007645,ORD004419,PROD0208,1,462.04,30,0
ITEM007646,ORD003498,PROD0241,-2,48.58,0,1
ITEM007647,ORD003461,PROD0192,1,220.66,50,0
ITEM007648,ORD003461,PROD0232,1,24.86,5,0
ITEM007649,ORD002948,PROD0086,3,232.41,0,0
ITEM007650,ORD002948,PROD0461,1,956.91,0,0
ITEM007651,ORD001214,PROD0275,1,113.09,0,0
ITEM007652,ORD001214,PROD0200,1,763.13,30,0
ITEM007653,ORD000098,PROD0057,1,55.92,40,0
ITEM007654,ORD000098,PROD0389,2,144.89,0,0
ITEM007655,ORD000098,PROD0009,2,17.37,40,0
ITEM007656,ORD000098,PROD0034,2,6.64,50,0
ITEM007657,ORD000098,PROD0051,1,152.1,0,0
ITEM007658,ORD001363,PROD0130,1,342.52,20,0
ITEM007659,ORD001363,PROD0034,1,6.59,10,0
ITEM007660,ORD004237,PROD0267,1,50.19,0,0
ITEM007661,ORD001611,PROD0184,2,27.71,0,0
ITEM007662,ORD001611,PROD0304,1,116.3,0,0
ITEM007663,ORD001611,PROD0119,1,16.44,0,0
ITEM007664,ORD000139,PROD0344,2,2233.0,20,0
ITEM007665,ORD000139,PROD0428,2,1740.09,20,0
ITEM007666,ORD000139,PROD0228,2,119.84,0,0
ITEM007667,ORD003229,PROD0006,3,5.35,40,0
ITEM007668,ORD003229,PROD0073,2,113.59,20,0
ITEM007669,ORD000948,PROD0237,1,702.39,5,0
ITEM007670,ORD000948,PROD0136,2,16.92,0,0
ITEM007671,ORD000948,PROD0252,1,22.89,10,0
ITEM007672,ORD000948,PROD0190,1,475.03,15,0
ITEM007673,ORD000948,PROD0102,1,20.13,25,0
ITEM007674,ORD003806,PROD0018,1,1109.03,50,0
ITEM007675,ORD003806,PROD0094,1,12.82,20,0
ITEM007676,ORD000718,PROD0165,1,6.63,0,0
ITEM007677,ORD003593,PROD0455,1,6.2,25,0
ITEM007678,ORD004683,PROD0188,1,218.16,0,0
ITEM007679,ORD002764,PROD0379,1,14.57,0,0
ITEM007680,ORD000105,PROD0018,2,1107.41,20,0
ITEM007681,ORD000105,PROD0297,1,15.32,20,0
ITEM007682,ORD000619,PROD0339,1,281.49,20,0
ITEM007683,ORD001310,PROD0012,-1,104.18,20,1
ITEM007684,ORD000486,PROD0379,1,14.92,50,0
ITEM007685,ORD004514,PROD0315,-1,11.28,5,1
ITEM007686,ORD004743,PROD0054,3,6.37,25,0
ITEM007687,ORD004040,PROD0090,4,1160.64,20,0
ITEM007688,ORD001609,PROD0261,1,19.35,15,0
ITEM007689,ORD002031,PROD0179,1,392.65,5,0
ITEM007690,ORD002031,PROD0222,2,9.45,0,0
ITEM007691,ORD002031,PROD0230,1,6.48,20,0
ITEM007692,ORD001360,PROD0147,1,622.23,25,0
ITEM007693,ORD004344,PROD0219,2,974.01,25,0
ITEM007694,ORD004344,PROD0186,1,37.57,15,0
ITEM007695,ORD002080,PROD0105,4,172.08,40,0
ITEM007696,ORD002080,PROD0227,1,54.31,0,0
ITEM007697,ORD001435,PROD0142,4,29.87,30,0
ITEM007698,ORD000726,PROD0467,1,768.97,10,0
ITEM007699,ORD000726,PROD0208,1,453.49,5,0
ITEM007700,ORD000726,PROD0193,3,943.36,25,0
ITEM007701,ORD000726,PROD0211,1,88.43,0,0
ITEM007702,ORD000726,PROD0407,1,211.87,50,0
ITEM007703,ORD003083,PROD0173,3,41.34,0,0
ITEM007704,ORD003805,PROD0132,2,66.69,25,0
ITEM007705,ORD003805,PROD0227,2,55.77,0,0
ITEM007706,ORD001563,PROD0177,4,99.95,5,0
ITEM007707,ORD000971,PROD0204,2,1373.18,5,0
ITEM007708,ORD001861,PROD0232,1,24.19,5,0
ITEM007709,ORD003828,PROD0482,2,511.54,0,0
ITEM007710,ORD003828,PROD0030,2,398.53,0,0
ITEM007711,ORD002664,PROD0181,1,68.29,15,0
ITEM007712,ORD002664,PROD0258,1,196.82,25,0
ITEM007713,ORD002664,PROD0176,1,744.03,40,0
ITEM007714,ORD002664,PROD0115,2,34.24,0,0
ITEM007715,ORD004456,PROD0467,4,746.67,10,0
ITEM007716,ORD004456,PROD0208,1,467.37,0,0
ITEM007717,ORD004456,PROD0118,1,32.88,0,0
ITEM007718,ORD002771,PROD0417,1,9.75,0,0
ITEM007719,ORD004426,PROD0244,-3,251.24,40,1
ITEM007720,ORD000218,PROD0481,4,105.32,30,0
ITEM007721,ORD004389,PROD0165,3,6.62,50,0
ITEM007722,ORD003749,PROD0208,1,473.8,0,0
ITEM007723,ORD003749,PROD0181,2,66.8,0,0
ITEM007724,ORD003749,PROD0219,2,983.63,5,0
ITEM007725,ORD003749,PROD0254,4,7.41,40,0
ITEM007726,ORD002515,PROD0275,3,110.46,30,0
ITEM007727,ORD002515,PROD0086,1,225.44,25,0
ITEM007728,ORD002515,PROD0227,1,55.2,10,0
ITEM007729,ORD001013,PROD0030,1,393.19,30,0
ITEM007730,ORD001013,PROD0177,3,100.97,10,0
ITEM007731,ORD000937,PROD0186,1,36.07,20,0
ITEM007732,ORD003313,PROD0130,1,337.76,20,0
ITEM007733,ORD003313,PROD0014,1,316.26,15,0
ITEM007734,ORD003313,PROD0465,4,179.55,10,0
ITEM007735,ORD000618,PROD0105,1,173.22,0,0
ITEM007736,ORD000618,PROD0227,1,53.75,0,0
ITEM007737,ORD003265,PROD0297,1,14.97,50,0
ITEM007738,ORD004607,PROD0202,1,7.13,0,0
ITEM007739,ORD004607,PROD0055,1,59.94,0,0
ITEM007740,ORD004607,PROD0019,1,264.71,10,0
ITEM007741,ORD003637,PROD0266,2,20.1,20,0
ITEM007742,ORD003869,PROD0097,1,542.86,10,0
ITEM007743,ORD003869,PROD0379,2,14.33,25,0
ITEM007744,ORD003869,PROD0249,1,8.15,30,0
ITEM007745,ORD003869,PROD0233,2,835.22,10,0
ITEM007746,ORD003869,PROD0254,1,7.53,10,0
ITEM007748,ORD001391,PROD0006,1,5.23,0,0
ITEM007749,ORD001391,PROD0073,1,118.1,30,0
ITEM007750,ORD001477,PROD0211,1,85.84,50,0
ITEM007751,ORD002261,PROD0002,1,1530.16,0,0
ITEM007752,ORD002261,PROD0305,1,662.3,0,0
ITEM007753,ORD001188,PROD0149,2,1267.41,30,0
ITEM007754,ORD001188,PROD0172,1,752.71,10,0
ITEM007755,ORD004102,PROD0025,2,16.42,20,0
ITEM007756,ORD004102,PROD0489,1,36.92,0,0
ITEM007757,ORD004102,PROD0030,4,413.17,0,0
ITEM007758,ORD004102,PROD0158,1,82.67,10,0
ITEM007759,ORD004102,PROD0011,1,995.94,25,0
ITEM007760,ORD000921,PROD0298,2,21.94,0,0
ITEM007761,ORD000921,PROD0106,3,538.87,0,0
ITEM007762,ORD001369,PROD0105,1,176.09,0,0
ITEM007763,ORD001369,PROD0227,1,55.27,5,0
ITEM007764,ORD001369,PROD0481,2,103.39,25,0
ITEM007765,ORD002935,PROD0097,4,540.6,5,0
ITEM007766,ORD002935,PROD0481,1,103.94,0,0
ITEM007767,ORD002935,PROD0298,2,21.52,0,0
ITEM007768,ORD002935,PROD0170,1,26.3,0,0
ITEM007769,ORD001742,PROD0470,1,22.54,40,0
ITEM007770,ORD004235,PROD0105,2,169.72,40,0
ITEM007771,ORD000173,PROD0202,1,6.76,40,0
ITEM007772,ORD000173,PROD0444,3,9.75,10,0
ITEM007773,ORD000173,PROD0297,1,14.95,10,0
ITEM007774,ORD003585,PROD0467,2,774.59,50,0
ITEM007775,ORD003585,PROD0208,1,475.7,0,0
ITEM007776,ORD003585,PROD0100,2,1330.87,0,0
ITEM007777,ORD002522,PROD0297,1,15.41,0,0
ITEM007778,ORD000321,PROD0153,1,55.66,50,0
ITEM007779,ORD000321,PROD0266,1,19.8,30,0
ITEM007780,ORD001210,PROD0116,1,24.15,30,0
ITEM007781,ORD001323,PROD0467,1,754.62,0,0
ITEM007782,ORD001323,PROD0208,1,463.27,10,0
ITEM007783,ORD003311,PROD0318,-2,482.29,30,1
ITEM007784,ORD003311,PROD0177,-3,98.08,5,1
ITEM007785,ORD000127,PROD0086,1,234.57,25,0
ITEM007786,ORD000127,PROD0380,1,49.17,10,0
ITEM007787,ORD002048,PROD0284,3,980.06,10,0
ITEM007788,ORD002048,PROD0417,1,9.8,5,0
ITEM007789,ORD002876,PROD0086,1,236.18,10,0
ITEM007790,ORD002876,PROD0467,1,755.24,50,0
ITEM007791,ORD002876,PROD0457,2,106.92,10,0
ITEM007792,ORD002876,PROD0172,3,749.15,20,0
ITEM007793,ORD002876,PROD0099,1,13.42,0,0
ITEM007794,ORD003589,PROD0294,1,16.21,5,0
ITEM007795,ORD003589,PROD0101,1,373.47,40,0
ITEM007796,ORD004675,PROD0007,1,17.19,0,0
ITEM007797,ORD004675,PROD0094,2,12.8,10,0
ITEM007798,ORD004675,PROD0364,1,1886.56,20,0
ITEM007799,ORD003508,PROD0010,2,75.37,0,0
ITEM007800,ORD003475,PROD0195,4,62.61,0,0
ITEM007801,ORD003716,PROD0372,2,625.87,25,0
ITEM007802,ORD003716,PROD0016,2,407.92,15,0
ITEM007803,ORD003716,PROD0382,1,1557.01,0,0
ITEM007804,ORD003716,PROD0234,2,23.6,10,0
ITEM007805,ORD002117,PROD0299,-2,2010.45,50,1
ITEM007806,ORD002086,PROD0135,4,158.91,30,0
ITEM007807,ORD002086,PROD0184,1,27.16,0,0
ITEM007808,ORD002875,PROD0097,3,530.11,40,0
ITEM007809,ORD002875,PROD0379,1,15.05,10,0
ITEM007810,ORD000876,PROD0072,1,711.08,30,0
ITEM007811,ORD002219,PROD0415,2,1469.13,50,0
ITEM007812,ORD002219,PROD0347,3,18.69,50,0
ITEM007813,ORD002219,PROD0088,3,86.78,15,0
ITEM007814,ORD002924,PROD0092,3,151.34,0,0
ITEM007815,ORD002924,PROD0106,2,534.83,10,0
ITEM007816,ORD002924,PROD0311,3,15.86,0,0
ITEM007817,ORD002924,PROD0172,1,793.53,15,0
ITEM007818,ORD002253,PROD0300,1,20.59,10,0
ITEM007819,ORD000443,PROD0097,1,532.35,30,0
ITEM007820,ORD000443,PROD0379,1,14.42,30,0
ITEM007821,ORD002535,PROD0002,1,1496.96,0,0
ITEM007822,ORD002854,PROD0379,-3,14.73,25,1
ITEM007823,ORD003213,PROD0088,1,87.79,10,0
ITEM007824,ORD003744,PROD0192,3,213.24,10,0
ITEM007825,ORD003744,PROD0232,1,24.57,40,0
ITEM007826,ORD000711,PROD0184,2,27.13,50,0
ITEM007827,ORD000711,PROD0304,1,113.5,0,0
ITEM007828,ORD000711,PROD0075,1,14.54,15,0
ITEM007829,ORD002801,PROD0106,4,551.94,0,0
ITEM007830,ORD002801,PROD0137,2,231.14,30,0
ITEM007831,ORD002029,PROD0105,1,177.08,40,0
ITEM007832,ORD002029,PROD0227,1,53.94,10,0
ITEM007833,ORD002029,PROD0078,2,1586.04,15,0
ITEM007834,ORD004665,PROD0266,3,20.4,50,0
ITEM007835,ORD004665,PROD0389,1,144.34,20,0
ITEM007836,ORD004665,PROD0132,3,65.97,15,0
ITEM007837,ORD004665,PROD0208,2,460.23,0,0
ITEM007838,ORD004665,PROD0012,1,104.83,10,0
ITEM007839,ORD001035,PROD0422,3,16.65,0,0
ITEM007840,ORD003777,PROD0482,2,515.7,20,0
ITEM007841,ORD003777,PROD0030,1,411.89,20,0
ITEM007842,ORD004038,PROD0106,1,534.86,0,0
ITEM007843,ORD004038,PROD0137,1,230.85,20,0
ITEM007844,ORD004038,PROD0149,3,1222.99,30,0
ITEM007845,ORD001648,PROD0397,1,599.69,40,0
ITEM007846,ORD001648,PROD0465,4,181.24,5,0
ITEM007847,ORD001648,PROD0225,4,186.88,0,0
ITEM007848,ORD000175,PROD0224,2,125.69,5,0
ITEM007849,ORD000175,PROD0477,2,214.75,5,0
ITEM007850,ORD002271,PROD0192,2,219.29,25,0
ITEM007851,ORD002271,PROD0232,1,24.16,5,0
ITEM007852,ORD001849,PROD0014,2,318.71,25,0
ITEM007853,ORD001849,PROD0399,1,32.96,10,0
ITEM007854,ORD000337,PROD0062,2,336.87,10,0
ITEM007855,ORD000337,PROD0493,1,44.04,10,0
ITEM007856,ORD000337,PROD0096,4,849.82,0,0
ITEM007857,ORD000337,PROD0489,1,36.92,0,0
ITEM007858,ORD000213,PROD0007,1,16.7,0,0
ITEM007859,ORD001926,PROD0132,3,67.48,20,0
ITEM007860,ORD001926,PROD0227,1,53.66,15,0
ITEM007861,ORD001452,PROD0320,-1,319.04,10,1
ITEM007862,ORD004549,PROD0181,1,65.76,30,0
ITEM007863,ORD004549,PROD0258,1,197.94,30,0
ITEM007864,ORD002308,PROD0249,1,7.91,25,0
ITEM007865,ORD002308,PROD0111,1,174.24,15,0
ITEM007866,ORD002308,PROD0048,2,74.28,20,0
ITEM007867,ORD002308,PROD0267,1,50.63,0,0
ITEM007868,ORD001788,PROD0232,2,25.27,50,0
ITEM007869,ORD001788,PROD0219,1,954.63,20,0
ITEM007870,ORD001788,PROD0440,4,210.01,15,0
ITEM007871,ORD004681,PROD0140,2,36.5,15,0
ITEM007872,ORD004681,PROD0311,1,15.78,40,0
ITEM007873,ORD004681,PROD0195,4,61.27,0,0
ITEM007874,ORD004681,PROD0183,1,276.3,50,0
ITEM007875,ORD004316,PROD0356,4,24.44,10,0
ITEM007876,ORD002042,PROD0202,1,6.95,0,0
ITEM007877,ORD002042,PROD0108,1,277.92,20,0
ITEM007878,ORD002042,PROD0131,2,32.12,10,0
ITEM007879,ORD004755,PROD0485,1,55.34,0,0
ITEM007880,ORD004755,PROD0346,4,47.54,10,0
ITEM007881,ORD004755,PROD0228,1,124.31,0,0
ITEM007882,ORD004755,PROD0105,1,174.41,0,0
ITEM007883,ORD003645,PROD0402,3,8.3,0,0
ITEM007884,ORD003645,PROD0064,1,849.85,5,0
ITEM007885,ORD003645,PROD0381,1,28.67,0,0
ITEM007886,ORD003645,PROD0195,3,62.41,30,0
ITEM007887,ORD003645,PROD0238,3,47.96,40,0
ITEM007888,ORD002528,PROD0413,3,379.37,25,0
ITEM007889,ORD002127,PROD0130,2,334.26,0,0
ITEM007890,ORD002127,PROD0034,3,6.63,0,0
ITEM007891,ORD003251,PROD0021,2,352.34,10,0
ITEM007892,ORD003251,PROD0092,2,146.33,15,0
ITEM007893,ORD004180,PROD0119,1,16.48,40,0
ITEM007894,ORD004180,PROD0484,4,17.17,50,0
ITEM007895,ORD002366,PROD0137,1,233.25,10,0
ITEM007896,ORD002366,PROD0389,3,142.71,20,0
ITEM007897,ORD000106,PROD0119,1,16.11,20,0
ITEM007898,ORD000106,PROD0375,1,112.47,25,0
ITEM007899,ORD000106,PROD0027,1,75.51,0,0
ITEM007900,ORD000106,PROD0132,1,66.47,10,0
ITEM007901,ORD001059,PROD0041,-1,95.24,20,1
ITEM007902,ORD001059,PROD0320,-1,329.7,25,1
ITEM007903,ORD002638,PROD0297,4,15.54,40,0
ITEM007904,ORD002638,PROD0179,1,375.28,15,0
ITEM007905,ORD002638,PROD0441,1,714.37,15,0
ITEM007906,ORD002638,PROD0407,1,214.04,0,0
ITEM007907,ORD002273,PROD0432,3,299.21,25,0
ITEM007908,ORD002273,PROD0193,1,919.77,30,0
ITEM007909,ORD002273,PROD0202,2,6.9,20,0
ITEM007910,ORD002489,PROD0192,1,213.54,10,0
ITEM007911,ORD002489,PROD0232,2,24.15,0,0
ITEM007912,ORD002489,PROD0170,2,25.98,5,0
ITEM007913,ORD003767,PROD0469,1,110.68,25,0
ITEM007914,ORD003767,PROD0366,1,890.42,0,0
ITEM007915,ORD003767,PROD0267,1,49.46,10,0
ITEM007916,ORD003767,PROD0294,1,15.67,10,0
ITEM007917,ORD003767,PROD0172,3,752.5,10,0
ITEM007918,ORD004177,PROD0481,2,103.69,0,0
ITEM007919,ORD004177,PROD0017,1,59.41,0,0
ITEM007920,ORD004177,PROD0282,2,29.75,15,0
ITEM007921,ORD002603,PROD0275,3,114.35,5,0
ITEM007922,ORD002603,PROD0086,1,227.53,0,0
ITEM007923,ORD002603,PROD0249,1,7.83,5,0
ITEM007924,ORD002603,PROD0059,1,33.98,15,0
ITEM007925,ORD004160,PROD0137,2,221.01,10,0
ITEM007926,ORD004160,PROD0389,2,142.91,0,0
ITEM007927,ORD001649,PROD0282,4,30.71,10,0
ITEM007928,ORD001649,PROD0179,1,381.18,0,0
ITEM007929,ORD001649,PROD0055,2,62.34,30,0
ITEM007930,ORD000411,PROD0186,2,37.07,50,0
ITEM007931,ORD000411,PROD0469,1,110.5,50,0
ITEM007932,ORD004113,PROD0482,-1,535.1,15,1
ITEM007933,ORD004113,PROD0075,-1,14.78,25,1
ITEM007934,ORD001968,PROD0117,1,365.71,0,0
ITEM007935,ORD001968,PROD0238,4,47.3,30,0
ITEM007936,ORD001968,PROD0444,1,9.37,0,0
ITEM007937,ORD003012,PROD0084,1,1588.3,50,0
ITEM007938,ORD003012,PROD0055,1,62.73,20,0
ITEM007939,ORD003012,PROD0252,1,22.51,25,0
ITEM007940,ORD004032,PROD0132,1,64.64,10,0
ITEM007941,ORD004032,PROD0227,1,54.07,15,0
ITEM007942,ORD002004,PROD0067,2,92.11,15,0
ITEM007943,ORD002004,PROD0160,3,182.95,10,0
ITEM007944,ORD002004,PROD0182,1,809.43,25,0
ITEM007945,ORD002004,PROD0383,3,1313.24,20,0
ITEM007946,ORD002004,PROD0064,1,841.77,25,0
ITEM007947,ORD000196,PROD0275,4,109.03,10,0
ITEM007948,ORD000196,PROD0086,3,230.96,40,0
ITEM007949,ORD004678,PROD0105,1,175.02,0,0
ITEM007950,ORD001472,PROD0292,2,15.28,20,0
ITEM007951,ORD001472,PROD0470,1,21.56,0,0
ITEM007952,ORD001472,PROD0193,1,924.86,0,0
ITEM007953,ORD002494,PROD0219,1,983.02,0,0
ITEM007954,ORD002494,PROD0339,1,280.99,50,0
ITEM007955,ORD002494,PROD0130,1,342.42,50,0
ITEM007956,ORD002494,PROD0258,1,194.9,0,0
ITEM007957,ORD002494,PROD0090,1,1142.27,25,0
ITEM007958,ORD002861,PROD0444,1,9.73,40,0
ITEM007959,ORD000739,PROD0076,1,892.63,0,0
ITEM007960,ORD002763,PROD0086,2,231.54,20,0
ITEM007961,ORD002763,PROD0101,2,389.58,0,0
ITEM007962,ORD002763,PROD0034,1,6.71,40,0
ITEM007963,ORD002763,PROD0430,2,177.31,40,0
ITEM007964,ORD002763,PROD0135,1,159.68,5,0
ITEM007965,ORD002084,PROD0470,1,22.27,10,0
ITEM007966,ORD001347,PROD0430,1,172.9,40,0
ITEM007967,ORD001347,PROD0134,1,17.71,30,0
ITEM007968,ORD001347,PROD0360,2,477.69,25,0
ITEM007969,ORD001347,PROD0077,1,955.43,25,0
ITEM007970,ORD003922,PROD0467,1,778.82,10,0
ITEM007971,ORD003922,PROD0208,4,468.26,15,0
ITEM007972,ORD000207,PROD0129,-3,362.24,0,1
ITEM007973,ORD000207,PROD0138,-3,155.63,25,1
ITEM007974,ORD002926,PROD0184,2,27.51,0,0
ITEM007975,ORD002926,PROD0304,2,111.08,10,0
ITEM007976,ORD002926,PROD0181,1,65.28,0,0
ITEM007977,ORD002926,PROD0409,3,20.22,0,0
ITEM007978,ORD000753,PROD0299,-3,1930.4,0,1
ITEM007979,ORD000753,PROD0022,-3,118.06,30,1
ITEM007980,ORD004202,PROD0287,1,1325.09,25,0
ITEM007981,ORD004202,PROD0333,3,24.84,0,0
ITEM007982,ORD003201,PROD0150,1,440.73,10,0
ITEM007983,ORD003201,PROD0022,1,124.38,0,0
ITEM007984,ORD001591,PROD0106,3,525.31,0,0
ITEM007985,ORD001591,PROD0137,1,230.6,20,0
ITEM007986,ORD003497,PROD0420,3,14.6,5,0
ITEM007987,ORD003210,PROD0332,-2,1286.82,0,1
ITEM007988,ORD002692,PROD0054,2,6.07,0,0
ITEM007989,ORD002692,PROD0121,1,1168.75,30,0
ITEM007990,ORD003663,PROD0181,1,65.4,30,0
ITEM007991,ORD003663,PROD0258,1,201.33,25,0
ITEM007992,ORD003663,PROD0434,2,43.31,0,0
ITEM007993,ORD003663,PROD0303,1,48.4,0,0
ITEM007994,ORD000047,PROD0015,1,488.25,30,0
ITEM007995,ORD000750,PROD0382,1,1538.75,50,0
ITEM007996,ORD004750,PROD0299,3,1973.52,10,0
ITEM007997,ORD004750,PROD0383,1,1305.76,5,0
ITEM007998,ORD000635,PROD0237,2,704.86,15,0
ITEM007999,ORD004493,PROD0457,2,105.02,20,0
ITEM008000,ORD004493,PROD0297,1,15.44,50,0
ITEM008001,ORD004493,PROD0285,1,44.7,10,0
ITEM008002,ORD004493,PROD0316,2,33.09,0,0
ITEM008003,ORD004493,PROD0294,2,16.02,0,0
ITEM008004,ORD003775,PROD0097,2,525.91,30,0
ITEM008005,ORD003775,PROD0379,1,15.16,10,0
ITEM008006,ORD003775,PROD0264,1,33.69,0,0
ITEM008007,ORD001568,PROD0181,1,66.12,25,0
ITEM008008,ORD001568,PROD0258,1,197.39,50,0
ITEM008009,ORD000403,PROD0042,1,546.79,50,0
ITEM008010,ORD000309,PROD0103,1,21.2,15,0
ITEM008011,ORD000309,PROD0204,1,1425.17,10,0
ITEM008012,ORD003465,PROD0428,1,1724.23,15,0
ITEM008013,ORD002290,PROD0444,1,9.29,20,0
ITEM008014,ORD002290,PROD0335,1,143.45,40,0
ITEM008015,ORD001074,PROD0470,3,22.34,50,0
ITEM008016,ORD001074,PROD0394,2,29.85,25,0
ITEM008017,ORD001074,PROD0227,1,56.18,25,0
ITEM008018,ORD001074,PROD0141,1,19.34,50,0
ITEM008019,ORD001074,PROD0315,3,10.89,10,0
ITEM008020,ORD003039,PROD0482,3,537.55,15,0
ITEM008021,ORD003039,PROD0193,3,968.66,30,0
ITEM008022,ORD003039,PROD0444,2,9.36,0,0
ITEM008023,ORD003039,PROD0027,1,77.3,0,0
ITEM008024,ORD003582,PROD0026,4,250.19,30,0
ITEM008025,ORD000724,PROD0092,2,150.32,10,0
ITEM008026,ORD001620,PROD0130,2,341.34,10,0
ITEM008027,ORD001620,PROD0014,1,314.87,15,0
ITEM008028,ORD000585,PROD0468,1,2657.68,10,0
ITEM008029,ORD000585,PROD0396,1,58.41,25,0
ITEM008030,ORD004584,PROD0429,1,141.78,0,0
ITEM008031,ORD001375,PROD0344,3,2268.72,0,0
ITEM008032,ORD002255,PROD0256,1,41.38,50,0
ITEM008033,ORD000283,PROD0485,-1,57.43,5,1
ITEM008034,ORD000283,PROD0078,-1,1596.87,40,1
ITEM008035,ORD000232,PROD0022,3,119.5,0,0
ITEM008036,ORD004228,PROD0337,3,1141.79,25,0
ITEM008037,ORD004228,PROD0278,1,27.05,10,0
ITEM008038,ORD003329,PROD0130,3,343.71,20,0
ITEM008039,ORD003329,PROD0034,1,6.78,10,0
ITEM008040,ORD003329,PROD0330,2,28.07,15,0
ITEM008041,ORD001460,PROD0380,2,50.0,20,0
ITEM008042,ORD001460,PROD0334,1,24.98,20,0
ITEM008043,ORD000071,PROD0190,1,451.49,20,0
ITEM008044,ORD004401,PROD0344,1,2246.36,0,0
ITEM008045,ORD002688,PROD0475,2,82.27,50,0
ITEM008046,ORD002688,PROD0208,1,460.56,15,0
ITEM008047,ORD002688,PROD0376,1,159.9,5,0
ITEM008048,ORD004027,PROD0470,1,22.7,25,0
ITEM008049,ORD004098,PROD0243,-1,8.79,10,1
ITEM008050,ORD004098,PROD0074,-2,31.99,25,1
ITEM008051,ORD003062,PROD0172,-1,791.61,10,1
ITEM008052,ORD002358,PROD0297,1,15.16,50,0
ITEM008053,ORD002358,PROD0179,1,383.14,5,0
ITEM008054,ORD001580,PROD0192,1,221.67,0,0
ITEM008055,ORD001580,PROD0232,2,23.85,10,0
ITEM008056,ORD003774,PROD0181,1,66.01,20,0
ITEM008057,ORD003774,PROD0432,1,306.32,25,0
ITEM008058,ORD003774,PROD0485,3,57.22,50,0
ITEM008059,ORD003774,PROD0170,1,26.29,30,0
ITEM008060,ORD003774,PROD0467,2,742.51,20,0
ITEM008061,ORD001383,PROD0236,4,867.81,50,0
ITEM008062,ORD001383,PROD0114,1,228.5,0,0
ITEM008063,ORD001383,PROD0034,1,6.74,20,0
ITEM008064,ORD001383,PROD0470,2,22.67,15,0
ITEM008065,ORD001192,PROD0106,1,524.47,15,0
ITEM008066,ORD004458,PROD0413,1,394.72,50,0
ITEM008067,ORD004458,PROD0089,3,178.09,20,0
ITEM008068,ORD004458,PROD0078,1,1677.29,0,0
ITEM008069,ORD004458,PROD0222,2,9.42,5,0
ITEM008070,ORD002531,PROD0275,1,113.89,30,0
ITEM008071,ORD002531,PROD0086,2,229.82,0,0
ITEM008072,ORD004732,PROD0482,2,524.68,15,0
ITEM008073,ORD004732,PROD0378,1,82.9,0,0
ITEM008074,ORD003656,PROD0208,1,472.81,30,0
ITEM008075,ORD003656,PROD0181,1,65.03,5,0
ITEM008076,ORD003656,PROD0237,3,744.7,0,0
ITEM008077,ORD000057,PROD0130,1,342.4,20,0
ITEM008078,ORD000057,PROD0014,3,325.23,30,0
ITEM008079,ORD000057,PROD0299,3,1990.71,20,0
ITEM008080,ORD000057,PROD0467,1,774.15,20,0
ITEM008081,ORD000057,PROD0036,1,96.27,30,0
ITEM008082,ORD001241,PROD0115,2,34.02,25,0
ITEM008083,ORD001241,PROD0185,3,140.5,10,0
ITEM008084,ORD001241,PROD0227,1,56.69,40,0
ITEM008085,ORD004218,PROD0219,1,968.09,20,0
ITEM008086,ORD004218,PROD0186,3,36.76,0,0
ITEM008087,ORD000202,PROD0418,3,1531.94,0,0
ITEM008088,ORD000712,PROD0230,2,6.58,20,0
ITEM008089,ORD000712,PROD0422,1,16.12,50,0
ITEM008090,ORD000712,PROD0267,1,50.02,25,0
ITEM008091,ORD000712,PROD0414,1,168.92,30,0
ITEM008092,ORD004703,PROD0237,2,711.03,25,0
ITEM008093,ORD004703,PROD0136,1,17.57,0,0
ITEM008094,ORD004703,PROD0441,1,708.31,50,0
ITEM008095,ORD003719,PROD0027,1,78.64,50,0
ITEM008096,ORD003016,PROD0205,1,514.98,10,0
ITEM008097,ORD000311,PROD0244,1,247.5,50,0
ITEM008098,ORD002052,PROD0472,2,299.8,0,0
ITEM008099,ORD002052,PROD0074,1,32.45,20,0
ITEM008100,ORD002052,PROD0358,1,28.8,10,0
ITEM008101,ORD004739,PROD0147,1,640.01,0,0
ITEM008102,ORD004739,PROD0066,2,32.09,15,0
ITEM008103,ORD004739,PROD0303,1,49.32,15,0
ITEM008104,ORD004739,PROD0106,1,538.18,50,0
ITEM008105,ORD003908,PROD0186,1,35.9,0,0
ITEM008106,ORD003908,PROD0285,1,43.26,0,0
ITEM008107,ORD003908,PROD0169,2,418.43,20,0
ITEM008108,ORD003908,PROD0493,1,44.49,0,0
ITEM008109,ORD001030,PROD0430,1,175.46,0,0
ITEM008110,ORD003227,PROD0007,1,16.77,30,0
ITEM008111,ORD003227,PROD0239,3,1405.74,0,0
ITEM008112,ORD003227,PROD0024,4,8.54,5,0
ITEM008113,ORD002054,PROD0006,1,5.23,50,0
ITEM008114,ORD002054,PROD0389,3,143.09,0,0
ITEM008115,ORD002054,PROD0488,4,98.77,0,0
ITEM008116,ORD001185,PROD0119,1,16.55,5,0
ITEM008117,ORD001185,PROD0172,4,785.18,30,0
ITEM008118,ORD001185,PROD0316,2,33.17,10,0
ITEM008119,ORD001185,PROD0084,1,1626.74,0,0
ITEM008120,ORD001185,PROD0421,2,264.96,0,0
ITEM008121,ORD001356,PROD0017,1,61.25,15,0
ITEM008122,ORD001356,PROD0141,1,19.63,10,0
ITEM008123,ORD002998,PROD0263,-1,64.44,50,1
ITEM008124,ORD004613,PROD0321,3,281.29,40,0
ITEM008125,ORD002517,PROD0493,1,45.36,30,0
ITEM008126,ORD002517,PROD0007,1,16.73,0,0
ITEM008127,ORD002517,PROD0142,1,29.87,10,0
ITEM008128,ORD002517,PROD0485,2,54.65,10,0
ITEM008129,ORD002517,PROD0115,2,33.17,10,0
ITEM008130,ORD001140,PROD0130,3,327.79,40,0
ITEM008131,ORD001140,PROD0014,1,309.65,15,0
ITEM008132,ORD001140,PROD0328,2,16.38,50,0
ITEM008133,ORD003804,PROD0275,1,110.07,10,0
ITEM008134,ORD003804,PROD0182,3,838.03,0,0
ITEM008135,ORD004257,PROD0494,1,184.24,15,0
ITEM008136,ORD004257,PROD0027,1,78.62,25,0
ITEM008137,ORD004257,PROD0132,1,65.55,30,0
ITEM008138,ORD004257,PROD0304,1,116.62,0,0
ITEM008139,ORD003248,PROD0101,2,380.61,0,0
ITEM008140,ORD003248,PROD0304,1,111.26,25,0
ITEM008141,ORD003248,PROD0234,1,22.93,40,0
ITEM008142,ORD002542,PROD0204,1,1402.27,10,0
ITEM008143,ORD003863,PROD0097,1,521.97,15,0
ITEM008144,ORD003863,PROD0379,1,14.94,50,0
ITEM008145,ORD003863,PROD0021,1,360.05,10,0
ITEM008146,ORD004325,PROD0006,2,5.52,30,0
ITEM008147,ORD004325,PROD0389,1,142.12,50,0
ITEM008148,ORD004325,PROD0202,1,6.86,40,0
ITEM008149,ORD003224,PROD0478,1,1534.64,0,0
ITEM008150,ORD003224,PROD0098,1,63.1,15,0
ITEM008151,ORD001483,PROD0018,1,1129.63,0,0
ITEM008152,ORD001483,PROD0244,3,251.39,0,0
ITEM008153,ORD001483,PROD0141,2,19.88,10,0
ITEM008154,ORD002617,PROD0232,1,24.0,0,0
ITEM008155,ORD002617,PROD0219,1,955.05,15,0
ITEM008156,ORD002617,PROD0033,3,111.69,10,0
ITEM008157,ORD003509,PROD0331,3,84.18,0,0
ITEM008158,ORD003509,PROD0200,2,741.7,0,0
ITEM008159,ORD003086,PROD0430,1,173.52,50,0
ITEM008160,ORD004359,PROD0009,2,17.55,10,0
ITEM008161,ORD004359,PROD0477,3,211.82,0,0
ITEM008162,ORD001052,PROD0432,2,308.94,10,0
ITEM008163,ORD001052,PROD0485,2,55.74,0,0
ITEM008164,ORD004572,PROD0396,1,56.64,25,0
ITEM008165,ORD004572,PROD0244,1,243.61,15,0
ITEM008166,ORD004572,PROD0051,1,146.1,10,0
ITEM008167,ORD004572,PROD0077,1,978.28,10,0
ITEM008168,ORD002954,PROD0324,3,299.9,0,0
ITEM008169,ORD002954,PROD0347,3,18.14,20,0
ITEM008170,ORD002954,PROD0366,1,856.53,15,0
ITEM008171,ORD003941,PROD0127,4,20.93,0,0
ITEM008172,ORD000559,PROD0432,1,293.33,0,0
ITEM008173,ORD000559,PROD0034,2,6.7,15,0
ITEM008174,ORD000559,PROD0445,1,1569.12,30,0
ITEM008175,ORD001353,PROD0440,1,204.15,0,0
ITEM008176,ORD001353,PROD0282,1,30.99,5,0
ITEM008177,ORD001353,PROD0041,1,96.9,30,0
ITEM008178,ORD004294,PROD0202,2,7.11,25,0
ITEM008179,ORD004294,PROD0444,2,9.21,50,0
ITEM008180,ORD004294,PROD0497,2,52.06,40,0
ITEM008181,ORD002083,PROD0156,2,187.9,0,0
ITEM008182,ORD002890,PROD0106,3,545.39,0,0
ITEM008183,ORD002890,PROD0137,2,231.06,20,0
ITEM008184,ORD002890,PROD0127,1,20.31,50,0
ITEM008185,ORD002890,PROD0181,3,67.48,0,0
ITEM008186,ORD002890,PROD0444,1,9.25,50,0
ITEM008187,ORD003782,PROD0258,2,192.59,15,0
ITEM008188,ORD003782,PROD0264,1,32.24,0,0
ITEM008189,ORD003946,PROD0177,2,97.36,0,0
ITEM008190,ORD003946,PROD0402,1,7.95,5,0
ITEM008191,ORD004140,PROD0015,1,488.74,0,0
ITEM008192,ORD004578,PROD0206,2,68.33,25,0
ITEM008193,ORD003568,PROD0192,1,219.64,30,0
ITEM008194,ORD003568,PROD0003,2,59.11,20,0
ITEM008195,ORD003568,PROD0472,2,298.08,30,0
ITEM008196,ORD000495,PROD0081,1,59.67,40,0
ITEM008197,ORD000495,PROD0366,1,903.09,10,0
ITEM008198,ORD000495,PROD0230,1,6.34,30,0
ITEM008199,ORD002288,PROD0033,1,107.57,40,0
ITEM008200,ORD002349,PROD0421,-1,275.78,5,1
ITEM008201,ORD002349,PROD0475,-2,86.87,40,1
ITEM008202,ORD004712,PROD0487,1,229.22,5,0
ITEM008203,ORD004712,PROD0109,1,1275.55,10,0
ITEM008204,ORD004712,PROD0211,1,88.98,50,0
ITEM008205,ORD000615,PROD0335,3,143.93,40,0
ITEM008206,ORD000615,PROD0163,1,366.76,10,0
ITEM008207,ORD000615,PROD0258,1,196.83,0,0
ITEM008208,ORD000615,PROD0305,2,671.11,0,0
ITEM008209,ORD002435,PROD0097,4,531.4,0,0
ITEM008210,ORD002435,PROD0102,2,20.61,15,0
ITEM008211,ORD000126,PROD0202,1,7.08,0,0
ITEM008212,ORD000126,PROD0444,1,9.38,5,0
ITEM008213,ORD000722,PROD0105,3,170.88,0,0
ITEM008214,ORD000722,PROD0219,1,973.72,10,0
ITEM008215,ORD000722,PROD0257,1,19.28,20,0
ITEM008216,ORD000722,PROD0282,1,30.88,10,0
ITEM008217,ORD002021,PROD0051,2,151.85,50,0
ITEM008218,ORD002021,PROD0063,2,16.98,0,0
ITEM008219,ORD002021,PROD0366,1,879.68,20,0
ITEM008220,ORD002021,PROD0380,1,49.56,10,0
ITEM008221,ORD002021,PROD0255,1,64.95,0,0
ITEM008222,ORD004159,PROD0251,3,14.8,10,0
ITEM008223,ORD004159,PROD0184,2,26.78,5,0
ITEM008224,ORD004159,PROD0236,1,883.74,10,0
ITEM008225,ORD001352,PROD0135,2,153.79,15,0
ITEM008226,ORD001352,PROD0201,1,1392.84,10,0
ITEM008227,ORD000341,PROD0156,4,185.38,0,0
ITEM008228,ORD000341,PROD0186,2,37.93,10,0
ITEM008229,ORD001801,PROD0236,1,859.54,10,0
ITEM008230,ORD001739,PROD0469,1,112.73,15,0
ITEM008231,ORD001739,PROD0366,1,861.73,10,0
ITEM008232,ORD004569,PROD0218,1,547.99,20,0
ITEM008233,ORD004569,PROD0446,1,200.34,0,0
ITEM008235,ORD003305,PROD0489,3,36.99,25,0
ITEM008236,ORD003305,PROD0282,1,29.89,30,0
ITEM008237,ORD002715,PROD0186,2,37.71,0,0
ITEM008238,ORD002715,PROD0389,2,145.38,5,0
ITEM008239,ORD002715,PROD0422,2,16.56,20,0
ITEM008240,ORD003503,PROD0033,1,106.61,10,0
ITEM008241,ORD004546,PROD0497,2,50.79,10,0
ITEM008242,ORD004546,PROD0482,1,539.01,40,0
ITEM008243,ORD004546,PROD0125,1,17.92,0,0
ITEM008244,ORD004223,PROD0181,2,65.56,0,0
ITEM008245,ORD003816,PROD0030,2,405.72,10,0
ITEM008246,ORD003816,PROD0177,3,100.54,5,0
ITEM008247,ORD003365,PROD0133,1,56.68,10,0
ITEM008248,ORD003365,PROD0183,1,275.62,0,0
ITEM008249,ORD002188,PROD0237,1,729.55,20,0
ITEM008250,ORD002188,PROD0136,1,17.02,10,0
ITEM008251,ORD002188,PROD0204,1,1398.62,10,0
ITEM008252,ORD002188,PROD0131,1,31.69,40,0
ITEM008253,ORD002871,PROD0137,4,231.86,10,0
ITEM008254,ORD002871,PROD0102,1,20.53,30,0
ITEM008255,ORD001125,PROD0372,-3,613.31,0,1
ITEM008256,ORD002252,PROD0467,2,749.34,50,0
ITEM008257,ORD002252,PROD0208,2,463.27,25,0
ITEM008258,ORD001692,PROD0361,2,872.81,0,0
ITEM008259,ORD000470,PROD0105,3,170.77,0,0
ITEM008260,ORD000470,PROD0227,3,53.97,15,0
ITEM008261,ORD000442,PROD0364,4,1886.16,15,0
ITEM008262,ORD000444,PROD0363,1,789.44,40,0
ITEM008263,ORD002722,PROD0208,2,470.33,40,0
ITEM008264,ORD002722,PROD0181,2,65.69,0,0
ITEM008265,ORD004261,PROD0389,2,141.36,0,0
ITEM008266,ORD000468,PROD0086,1,232.53,20,0
ITEM008267,ORD000468,PROD0467,1,738.28,10,0
ITEM008268,ORD000468,PROD0360,1,462.65,5,0
ITEM008269,ORD000468,PROD0270,3,42.28,0,0
ITEM008270,ORD003386,PROD0177,1,100.98,0,0
ITEM008271,ORD000671,PROD0138,-1,164.06,0,1
ITEM008272,ORD002246,PROD0367,3,1232.43,15,0
ITEM008273,ORD003336,PROD0150,1,439.38,10,0
ITEM008274,ORD000809,PROD0450,1,1835.57,0,0
ITEM008275,ORD000809,PROD0069,1,434.02,10,0
ITEM008276,ORD000809,PROD0156,1,185.13,0,0
ITEM008277,ORD004106,PROD0022,1,118.24,0,0
ITEM008278,ORD004106,PROD0207,1,42.61,30,0
ITEM008279,ORD004106,PROD0205,2,507.22,0,0
ITEM008280,ORD002927,PROD0462,-1,103.43,20,1
ITEM008281,ORD003557,PROD0100,-1,1353.05,10,1
ITEM008282,ORD003975,PROD0455,1,6.15,20,0
ITEM008283,ORD004213,PROD0137,2,231.7,20,0
ITEM008284,ORD002640,PROD0203,3,341.33,0,0
ITEM008285,ORD002640,PROD0399,4,33.14,15,0
ITEM008286,ORD000894,PROD0177,1,99.06,5,0
ITEM008287,ORD000894,PROD0195,1,63.65,20,0
ITEM008288,ORD000894,PROD0006,3,5.4,0,0
ITEM008289,ORD000894,PROD0086,1,229.63,0,0
ITEM008290,ORD004707,PROD0254,1,7.42,0,0
ITEM008291,ORD004707,PROD0112,1,1898.02,25,0
ITEM008292,ORD004707,PROD0177,1,96.38,40,0
ITEM008293,ORD003672,PROD0270,1,41.61,10,0
ITEM008294,ORD003672,PROD0199,1,18.48,0,0
ITEM008295,ORD002165,PROD0174,3,112.89,20,0
ITEM008296,ORD002165,PROD0134,3,17.89,30,0
ITEM008297,ORD002165,PROD0119,2,16.15,25,0
ITEM008298,ORD003611,PROD0360,2,476.61,25,0
ITEM008299,ORD003611,PROD0003,3,61.59,30,0
ITEM008300,ORD001390,PROD0467,1,770.91,0,0
ITEM008301,ORD001390,PROD0208,1,463.43,10,0
ITEM008302,ORD001390,PROD0264,4,33.42,50,0
ITEM008303,ORD002546,PROD0279,2,389.81,10,0
ITEM008304,ORD001740,PROD0446,2,201.75,25,0
ITEM008305,ORD002776,PROD0467,1,756.53,40,0
ITEM008306,ORD002776,PROD0484,1,17.47,20,0
ITEM008307,ORD000408,PROD0086,1,235.71,0,0
ITEM008308,ORD000408,PROD0467,3,753.3,25,0
ITEM008309,ORD001764,PROD0095,1,544.48,25,0
ITEM008310,ORD001764,PROD0090,2,1167.62,10,0
ITEM008311,ORD001764,PROD0429,1,147.03,0,0
ITEM008312,ORD001686,PROD0232,1,24.38,50,0
ITEM008313,ORD000110,PROD0470,3,21.41,0,0
ITEM008314,ORD000110,PROD0189,2,77.69,20,0
ITEM008315,ORD000307,PROD0208,2,471.46,10,0
ITEM008316,ORD000307,PROD0181,1,68.72,0,0
ITEM008317,ORD000307,PROD0223,2,152.49,10,0
ITEM008318,ORD000307,PROD0006,1,5.35,5,0
ITEM008319,ORD000307,PROD0300,2,20.63,15,0
ITEM008320,ORD001579,PROD0172,1,786.28,0,0
ITEM008321,ORD001579,PROD0094,3,13.19,25,0
ITEM008322,ORD001579,PROD0486,2,25.87,20,0
ITEM008323,ORD003059,PROD0275,1,114.36,25,0
ITEM008324,ORD003059,PROD0203,3,348.58,0,0
ITEM008325,ORD004189,PROD0179,1,374.99,30,0
ITEM008326,ORD003942,PROD0058,3,779.4,15,0
ITEM008327,ORD000893,PROD0192,2,214.4,20,0
ITEM008328,ORD000893,PROD0232,1,23.87,5,0
ITEM008329,ORD000893,PROD0094,1,13.33,40,0
ITEM008330,ORD000893,PROD0414,1,166.65,0,0
ITEM008331,ORD000363,PROD0114,4,226.24,20,0
ITEM008332,ORD000363,PROD0336,1,1640.57,30,0
ITEM008333,ORD000363,PROD0489,1,36.29,10,0
ITEM008334,ORD002010,PROD0181,4,68.46,40,0
ITEM008335,ORD002010,PROD0258,3,192.27,25,0
ITEM008336,ORD003579,PROD0403,1,299.94,50,0
ITEM008337,ORD003352,PROD0022,1,122.77,40,0
ITEM008338,ORD002466,PROD0179,2,380.57,50,0
ITEM008339,ORD002466,PROD0115,1,32.66,10,0
ITEM008340,ORD003661,PROD0432,2,295.06,0,0
ITEM008341,ORD003661,PROD0299,2,2017.14,5,0
ITEM008342,ORD003661,PROD0059,1,33.93,30,0
ITEM008343,ORD004660,PROD0160,1,181.76,0,0
ITEM008344,ORD004526,PROD0006,2,5.33,0,0
ITEM008345,ORD004526,PROD0389,4,147.54,10,0
ITEM008346,ORD000795,PROD0179,1,385.51,0,0
ITEM008347,ORD001129,PROD0225,1,188.3,10,0
ITEM008348,ORD002785,PROD0106,2,525.39,20,0
ITEM008349,ORD002785,PROD0137,2,226.74,15,0
ITEM008350,ORD002785,PROD0070,1,187.19,10,0
ITEM008351,ORD002785,PROD0343,4,64.93,10,0
ITEM008352,ORD003654,PROD0407,2,217.15,15,0
ITEM008353,ORD003654,PROD0205,1,504.41,40,0
ITEM008354,ORD003654,PROD0073,1,114.84,0,0
ITEM008355,ORD003531,PROD0058,2,760.4,10,0
ITEM008356,ORD003531,PROD0418,1,1577.44,0,0
ITEM008357,ORD003531,PROD0432,1,303.97,10,0
ITEM008358,ORD003531,PROD0489,2,37.82,10,0
ITEM008359,ORD003648,PROD0219,4,963.98,15,0
ITEM008360,ORD003648,PROD0186,1,37.46,0,0
ITEM008361,ORD001015,PROD0181,2,66.89,5,0
ITEM008362,ORD001015,PROD0432,2,294.95,5,0
ITEM008363,ORD001015,PROD0299,1,1988.47,5,0
ITEM008364,ORD001613,PROD0481,-1,104.42,10,1
ITEM008365,ORD001613,PROD0242,-1,4.64,0,1
ITEM008366,ORD004428,PROD0215,2,15.6,25,0
ITEM008367,ORD004428,PROD0058,3,773.65,0,0
ITEM008368,ORD002376,PROD0467,1,764.14,5,0
ITEM008369,ORD002376,PROD0497,3,53.33,25,0
ITEM008370,ORD001216,PROD0184,1,26.77,25,0
ITEM008371,ORD001216,PROD0304,1,110.26,0,0
ITEM008372,ORD003331,PROD0441,1,711.05,0,0
ITEM008373,ORD001333,PROD0332,-2,1286.61,0,1
ITEM008374,ORD003584,PROD0336,2,1642.82,10,0
ITEM008375,ORD002900,PROD0263,1,67.08,50,0
ITEM008376,ORD002900,PROD0189,2,77.32,10,0
ITEM008377,ORD002900,PROD0012,1,101.22,20,0
ITEM008378,ORD002900,PROD0127,1,19.88,10,0
ITEM008379,ORD002900,PROD0374,1,109.15,20,0
ITEM008380,ORD002266,PROD0243,-1,8.89,25,1
ITEM008381,ORD001778,PROD0105,1,173.36,15,0
ITEM008382,ORD001778,PROD0073,1,118.51,40,0
ITEM008383,ORD000113,PROD0264,1,32.97,5,0
ITEM008384,ORD000107,PROD0075,2,14.55,0,0
ITEM008385,ORD000107,PROD0092,2,150.47,10,0
ITEM008386,ORD000107,PROD0090,1,1194.11,10,0
ITEM008387,ORD001744,PROD0095,1,520.23,25,0
ITEM008388,ORD000262,PROD0106,1,533.7,0,0
ITEM008389,ORD000262,PROD0094,1,13.35,30,0
ITEM008390,ORD000262,PROD0279,2,389.21,50,0
ITEM008391,ORD000262,PROD0127,2,20.79,5,0
ITEM008392,ORD000459,PROD0184,1,27.35,0,0
ITEM008393,ORD000459,PROD0304,3,110.77,25,0
ITEM008394,ORD002110,PROD0287,1,1382.56,5,0
ITEM008395,ORD002110,PROD0232,1,23.83,40,0
ITEM008396,ORD002110,PROD0016,1,407.56,50,0
ITEM008397,ORD004115,PROD0485,2,57.4,50,0
ITEM008398,ORD001314,PROD0305,1,660.52,10,0
ITEM008399,ORD001314,PROD0396,2,58.25,0,0
ITEM008400,ORD004756,PROD0106,4,545.99,10,0
ITEM008401,ORD004756,PROD0137,1,225.9,40,0
ITEM008402,ORD004756,PROD0279,2,371.91,0,0
ITEM008403,ORD004756,PROD0016,2,409.19,15,0
ITEM008404,ORD003759,PROD0333,1,24.35,50,0
ITEM008405,ORD003759,PROD0264,2,32.3,25,0
ITEM008406,ORD003759,PROD0238,1,46.2,20,0
ITEM008407,ORD002410,PROD0034,1,6.83,10,0
ITEM008408,ORD002410,PROD0432,2,307.73,10,0
ITEM008409,ORD000463,PROD0097,1,542.9,50,0
ITEM008410,ORD000463,PROD0379,1,14.68,15,0
ITEM008411,ORD000668,PROD0275,2,113.69,0,0
ITEM008412,ORD000668,PROD0086,1,227.07,10,0
ITEM008413,ORD002509,PROD0130,2,342.2,15,0
ITEM008414,ORD002509,PROD0034,1,6.61,20,0
ITEM008415,ORD000267,PROD0130,1,344.8,0,0
ITEM008416,ORD000267,PROD0034,1,6.6,10,0
ITEM008417,ORD000492,PROD0477,3,208.23,40,0
ITEM008418,ORD003609,PROD0232,3,23.82,10,0
ITEM008419,ORD003609,PROD0219,1,964.76,10,0
ITEM008420,ORD000474,PROD0135,2,153.64,50,0
ITEM008421,ORD000474,PROD0315,1,11.1,30,0
ITEM008422,ORD004350,PROD0441,1,705.78,40,0
ITEM008423,ORD001244,PROD0098,1,63.61,10,0
ITEM008424,ORD001244,PROD0150,1,457.41,5,0
ITEM008425,ORD001244,PROD0295,2,254.37,0,0
ITEM008426,ORD001244,PROD0081,1,60.14,0,0
ITEM008427,ORD004200,PROD0473,4,22.52,25,0
ITEM008428,ORD004200,PROD0308,2,20.57,25,0
ITEM008429,ORD003868,PROD0415,2,1527.18,5,0
ITEM008430,ORD003317,PROD0371,2,583.54,25,0
ITEM008432,ORD001553,PROD0374,2,108.98,0,0
ITEM008433,ORD001553,PROD0114,1,234.75,25,0
ITEM008434,ORD001303,PROD0432,1,301.88,10,0
ITEM008435,ORD001303,PROD0193,1,938.08,0,0
ITEM008436,ORD001303,PROD0346,1,47.04,10,0
ITEM008437,ORD000499,PROD0424,2,23.42,50,0
ITEM008438,ORD000102,PROD0086,2,226.74,5,0
ITEM008439,ORD000102,PROD0467,1,768.85,20,0
ITEM008440,ORD000102,PROD0238,1,47.78,10,0
ITEM008441,ORD002051,PROD0232,1,24.73,30,0
ITEM008442,ORD002051,PROD0219,3,981.25,10,0
ITEM008443,ORD002051,PROD0447,1,1119.23,10,0
ITEM008444,ORD001253,PROD0137,1,221.53,0,0
ITEM008445,ORD001253,PROD0274,1,69.68,15,0
ITEM008446,ORD001253,PROD0027,1,76.6,0,0
ITEM008447,ORD001253,PROD0148,1,37.6,0,0
ITEM008448,ORD001253,PROD0211,1,86.42,40,0
ITEM008449,ORD002419,PROD0106,1,554.04,0,0
ITEM008450,ORD002419,PROD0137,2,228.15,40,0
ITEM008451,ORD003683,PROD0089,2,174.75,30,0
ITEM008452,ORD003653,PROD0181,3,67.94,0,0
ITEM008453,ORD003653,PROD0258,1,201.84,5,0
ITEM008454,ORD001425,PROD0241,-1,47.72,0,1
ITEM008455,ORD001425,PROD0008,-2,295.38,20,1
ITEM008456,ORD003289,PROD0255,3,65.8,0,0
ITEM008457,ORD004752,PROD0006,1,5.24,5,0
ITEM008458,ORD004752,PROD0389,4,141.98,0,0
ITEM008459,ORD004008,PROD0227,1,53.87,5,0
ITEM008460,ORD004008,PROD0030,3,402.67,15,0
ITEM008461,ORD004008,PROD0247,2,199.07,0,0
ITEM008462,ORD004008,PROD0111,1,168.96,0,0
ITEM008463,ORD002104,PROD0208,2,481.07,20,0
ITEM008464,ORD002104,PROD0181,1,65.83,15,0
ITEM008465,ORD002104,PROD0134,1,18.37,40,0
ITEM008466,ORD002104,PROD0311,2,15.47,5,0
ITEM008467,ORD001230,PROD0222,4,9.18,50,0
ITEM008468,ORD001230,PROD0298,3,21.18,5,0
ITEM008469,ORD001230,PROD0279,1,387.51,30,0
ITEM008470,ORD003537,PROD0402,4,7.93,25,0
ITEM008471,ORD004299,PROD0135,2,162.0,5,0
ITEM008472,ORD004299,PROD0315,1,10.96,0,0
ITEM008473,ORD002775,PROD0012,3,104.2,10,0
ITEM008474,ORD002775,PROD0202,3,7.03,30,0
ITEM008475,ORD002775,PROD0299,1,1939.22,30,0
ITEM008476,ORD002775,PROD0170,2,25.66,25,0
ITEM008477,ORD001571,PROD0446,1,205.31,50,0
ITEM008478,ORD001571,PROD0207,1,42.64,15,0
ITEM008479,ORD001571,PROD0136,1,17.51,25,0
ITEM008480,ORD001571,PROD0430,4,170.43,20,0
ITEM008481,ORD003211,PROD0089,4,178.38,10,0
ITEM008482,ORD000472,PROD0222,1,9.15,10,0
ITEM008483,ORD000472,PROD0014,1,313.0,40,0
ITEM008484,ORD003474,PROD0081,3,61.59,40,0
ITEM008485,ORD003474,PROD0354,2,278.25,30,0
ITEM008486,ORD002075,PROD0006,1,5.37,30,0
ITEM008487,ORD002075,PROD0073,1,116.69,5,0
ITEM008488,ORD002075,PROD0131,1,31.79,0,0
ITEM008489,ORD001237,PROD0035,1,6.89,10,0
ITEM008490,ORD001237,PROD0007,3,16.83,5,0
ITEM008491,ORD000872,PROD0429,1,146.23,15,0
ITEM008492,ORD001577,PROD0086,1,227.49,0,0
ITEM008493,ORD001577,PROD0020,3,7.96,0,0
ITEM008494,ORD001577,PROD0065,1,258.77,10,0
ITEM008495,ORD000980,PROD0496,1,6.97,0,0
ITEM008496,ORD000980,PROD0092,1,147.99,50,0
ITEM008497,ORD003815,PROD0015,-1,485.68,25,1
ITEM008498,ORD002304,PROD0137,1,227.95,10,0
ITEM008499,ORD002304,PROD0027,2,76.66,0,0
ITEM008500,ORD002304,PROD0252,1,22.89,50,0
ITEM008501,ORD003009,PROD0130,3,331.1,10,0
ITEM008502,ORD003009,PROD0034,1,6.72,20,0
ITEM008503,ORD003009,PROD0211,3,89.72,0,0
ITEM008504,ORD003009,PROD0294,1,16.06,0,0
ITEM008505,ORD002493,PROD0275,1,112.36,25,0
ITEM008506,ORD002493,PROD0112,1,1889.81,15,0
ITEM008507,ORD000982,PROD0467,1,742.19,20,0
ITEM008508,ORD000982,PROD0208,1,466.13,10,0
ITEM008509,ORD003341,PROD0497,3,53.11,25,0
ITEM008510,ORD001202,PROD0184,1,26.64,30,0
ITEM008511,ORD000467,PROD0055,1,62.97,40,0
ITEM008512,ORD000467,PROD0012,3,103.28,20,0
ITEM008513,ORD000467,PROD0097,2,541.88,20,0
ITEM008514,ORD002665,PROD0142,1,29.37,25,0
ITEM008515,ORD002665,PROD0431,1,2174.06,0,0
ITEM008516,ORD001308,PROD0028,2,128.14,10,0
ITEM008517,ORD000006,PROD0007,1,17.15,10,0
ITEM008518,ORD000006,PROD0294,1,15.41,25,0
ITEM008519,ORD000006,PROD0242,1,4.8,10,0
ITEM008520,ORD000006,PROD0258,1,193.86,10,0
ITEM008521,ORD001344,PROD0030,4,411.71,20,0
ITEM008522,ORD001344,PROD0177,1,98.32,40,0
ITEM008523,ORD001344,PROD0444,1,9.65,25,0
ITEM008524,ORD002717,PROD0204,3,1429.12,40,0
ITEM008525,ORD001120,PROD0137,1,230.44,25,0
ITEM008526,ORD001120,PROD0193,1,916.41,10,0
ITEM008527,ORD000698,PROD0297,2,15.58,20,0
ITEM008528,ORD000698,PROD0179,2,380.54,10,0
ITEM008529,ORD000698,PROD0380,1,49.42,30,0
ITEM008530,ORD001578,PROD0086,2,225.39,0,0
ITEM008531,ORD000466,PROD0106,2,551.49,0,0
ITEM008532,ORD000466,PROD0137,2,221.84,40,0
ITEM008533,ORD000291,PROD0486,1,26.0,40,0
ITEM008534,ORD000291,PROD0267,2,49.03,40,0
ITEM008535,ORD000291,PROD0204,1,1374.66,0,0
ITEM008536,ORD002997,PROD0442,-1,12.12,15,1
ITEM008537,ORD002275,PROD0311,1,15.98,5,0
ITEM008538,ORD002275,PROD0204,1,1385.72,40,0
ITEM008539,ORD002275,PROD0285,1,42.77,15,0
ITEM008540,ORD001652,PROD0467,2,777.69,40,0
ITEM008541,ORD001652,PROD0208,1,477.54,25,0
ITEM008542,ORD001652,PROD0237,2,742.59,50,0
ITEM008543,ORD001682,PROD0174,1,114.03,10,0
ITEM008544,ORD004205,PROD0297,1,15.22,0,0
ITEM008545,ORD004205,PROD0179,2,376.11,0,0
ITEM008546,ORD004205,PROD0238,1,47.44,20,0
ITEM008547,ORD004205,PROD0021,1,351.55,0,0
ITEM008548,ORD004205,PROD0478,2,1515.86,40,0
ITEM008549,ORD002829,PROD0442,1,11.57,0,0
ITEM008550,ORD002087,PROD0086,1,225.71,15,0
ITEM008551,ORD002087,PROD0467,1,741.43,100,0
ITEM008552,ORD002898,PROD0237,1,711.85,50,0
ITEM008553,ORD002898,PROD0136,1,16.95,50,0
ITEM008554,ORD002898,PROD0294,2,16.27,40,0
ITEM008555,ORD002898,PROD0109,1,1234.53,5,0
ITEM008556,ORD004753,PROD0187,-1,140.32,30,1
ITEM008557,ORD003820,PROD0101,1,390.55,25,0
ITEM008558,ORD003820,PROD0266,1,20.05,0,0
ITEM008559,ORD002400,PROD0115,3,34.13,25,0
ITEM008560,ORD002400,PROD0227,1,56.6,0,0
ITEM008561,ORD004242,PROD0030,2,412.38,20,0
ITEM008562,ORD004242,PROD0177,2,96.79,25,0
ITEM008563,ORD001066,PROD0237,1,708.1,0,0
ITEM008564,ORD001066,PROD0136,2,17.51,15,0
ITEM008565,ORD000069,PROD0308,2,20.14,15,0
ITEM008566,ORD000642,PROD0266,1,20.04,50,0
ITEM008567,ORD000642,PROD0059,2,34.38,15,0
ITEM008568,ORD000642,PROD0232,1,24.13,10,0
ITEM008569,ORD000642,PROD0156,3,186.57,10,0
ITEM008570,ORD003335,PROD0124,3,1247.76,10,0
ITEM008571,ORD003335,PROD0064,1,850.26,30,0
ITEM008572,ORD003335,PROD0094,2,12.93,10,0
ITEM008573,ORD003335,PROD0130,1,338.11,0,0
ITEM008574,ORD003335,PROD0023,1,31.61,10,0
ITEM008575,ORD001569,PROD0429,2,145.82,0,0
ITEM008576,ORD001569,PROD0458,1,934.66,10,0
ITEM008577,ORD001569,PROD0270,2,41.35,50,0
ITEM008578,ORD001569,PROD0006,1,5.23,20,0
ITEM008579,ORD001569,PROD0264,1,32.48,50,0
ITEM008580,ORD002283,PROD0060,1,282.34,10,0
ITEM008581,ORD002283,PROD0200,3,746.61,10,0
ITEM008582,ORD002283,PROD0195,1,61.09,0,0
ITEM008583,ORD003401,PROD0130,1,329.84,20,0
ITEM008584,ORD001359,PROD0253,2,87.62,0,0
ITEM008585,ORD001359,PROD0481,2,102.85,10,0
ITEM008586,ORD004528,PROD0420,1,14.72,50,0
ITEM008587,ORD004528,PROD0409,1,19.6,5,0
ITEM008588,ORD004528,PROD0166,1,1047.16,15,0
ITEM008589,ORD002648,PROD0003,1,60.16,30,0
ITEM008590,ORD003106,PROD0208,4,460.55,10,0
ITEM008591,ORD003106,PROD0333,2,25.38,0,0
ITEM008592,ORD001574,PROD0285,3,44.19,30,0
ITEM008593,ORD001574,PROD0077,3,978.9,0,0
ITEM008594,ORD002088,PROD0218,-1,553.38,0,1
ITEM008595,ORD000349,PROD0106,1,543.01,15,0
ITEM008596,ORD000349,PROD0137,1,228.97,0,0
ITEM008597,ORD004746,PROD0237,2,740.87,25,0
ITEM008598,ORD004746,PROD0136,1,17.07,50,0
ITEM008599,ORD004746,PROD0202,1,6.98,20,0
ITEM008600,ORD003486,PROD0479,1,40.45,0,0
ITEM008601,ORD003486,PROD0303,1,47.46,10,0
ITEM008602,ORD001056,PROD0469,1,117.03,10,0
ITEM008603,ORD001056,PROD0366,1,896.72,0,0
ITEM008604,ORD001056,PROD0413,1,396.09,0,0
ITEM008605,ORD003011,PROD0016,-1,413.56,25,1
ITEM008606,ORD003011,PROD0262,-1,723.25,20,1
ITEM008607,ORD002518,PROD0134,1,18.36,30,0
ITEM008608,ORD002518,PROD0486,4,26.93,5,0
ITEM008609,ORD002518,PROD0181,1,66.03,0,0
ITEM008610,ORD002518,PROD0055,1,60.06,0,0
ITEM008611,ORD003831,PROD0006,1,5.43,20,0
ITEM008612,ORD003831,PROD0389,1,144.12,25,0
ITEM008613,ORD000041,PROD0272,4,94.78,5,0
ITEM008614,ORD000041,PROD0172,1,756.76,5,0
ITEM008615,ORD001792,PROD0467,3,775.59,20,0
ITEM008616,ORD001792,PROD0208,1,481.11,0,0
ITEM008617,ORD000709,PROD0088,1,87.97,15,0
ITEM008618,ORD003873,PROD0030,1,402.04,10,0
ITEM008619,ORD003873,PROD0177,1,100.26,25,0
ITEM008620,ORD003890,PROD0184,1,27.63,40,0
ITEM008621,ORD003890,PROD0304,1,111.19,10,0
ITEM008622,ORD003569,PROD0001,-2,281.6,10,1
ITEM008623,ORD004137,PROD0175,1,515.37,10,0
ITEM008624,ORD004137,PROD0430,2,174.08,0,0
ITEM008625,ORD002089,PROD0227,4,54.02,5,0
ITEM008626,ORD002089,PROD0489,1,36.43,0,0
ITEM008627,ORD002089,PROD0196,1,45.77,0,0
ITEM008628,ORD002089,PROD0088,1,88.55,40,0
ITEM008629,ORD002089,PROD0048,2,74.86,20,0
ITEM008630,ORD000975,PROD0208,1,458.87,25,0
ITEM008631,ORD000975,PROD0181,4,68.02,0,0
ITEM008632,ORD000975,PROD0336,2,1642.3,25,0
ITEM008633,ORD000975,PROD0177,1,95.98,30,0
ITEM008634,ORD000975,PROD0016,1,402.97,15,0
ITEM008635,ORD004429,PROD0215,2,16.03,5,0
ITEM008636,ORD004429,PROD0077,1,953.08,50,0
ITEM008637,ORD004429,PROD0078,1,1672.87,5,0
ITEM008638,ORD004563,PROD0482,1,530.18,0,0
ITEM008639,ORD004563,PROD0030,2,392.42,25,0
ITEM008640,ORD004583,PROD0186,2,36.12,25,0
ITEM008641,ORD004583,PROD0469,1,115.63,40,0
ITEM008642,ORD000124,PROD0335,3,145.71,5,0
ITEM008643,ORD000124,PROD0251,1,14.95,30,0
ITEM008644,ORD002483,PROD0389,1,146.96,30,0
ITEM008645,ORD002483,PROD0339,2,273.61,10,0
ITEM008646,ORD004161,PROD0419,1,261.1,40,0
ITEM008647,ORD004543,PROD0495,1,77.48,25,0
ITEM008648,ORD004416,PROD0432,1,293.32,10,0
ITEM008649,ORD004416,PROD0034,2,6.52,50,0
ITEM008650,ORD002460,PROD0060,3,271.97,5,0
ITEM008651,ORD002460,PROD0003,1,61.92,10,0
ITEM008652,ORD002460,PROD0072,2,736.36,25,0
ITEM008653,ORD000137,PROD0149,1,1208.24,20,0
ITEM008654,ORD000217,PROD0463,1,2763.53,0,0
ITEM008655,ORD002173,PROD0015,4,491.09,0,0
ITEM008656,ORD002173,PROD0069,3,440.88,40,0
ITEM008657,ORD000079,PROD0485,4,56.26,0,0
ITEM008658,ORD000079,PROD0044,2,17.05,15,0
ITEM008659,ORD004622,PROD0288,1,58.55,15,0
ITEM008660,ORD004622,PROD0269,1,1195.08,15,0
ITEM008661,ORD004622,PROD0336,2,1672.28,50,0
ITEM008662,ORD001451,PROD0184,1,27.88,0,0
ITEM008663,ORD001451,PROD0304,3,111.04,20,0
ITEM008664,ORD001451,PROD0247,1,189.78,5,0
ITEM008665,ORD001451,PROD0343,4,64.99,40,0
ITEM008666,ORD001451,PROD0098,2,61.85,30,0
ITEM008667,ORD002352,PROD0251,3,14.43,50,0
ITEM008668,ORD002352,PROD0297,1,15.03,10,0
ITEM008669,ORD002352,PROD0108,1,286.06,5,0
ITEM008670,ORD002352,PROD0491,2,26.76,15,0
ITEM008671,ORD003050,PROD0135,2,161.72,15,0
ITEM008672,ORD003050,PROD0315,4,11.33,5,0
ITEM008673,ORD001869,PROD0193,1,926.16,25,0
ITEM008674,ORD001869,PROD0063,3,17.38,0,0
ITEM008675,ORD003972,PROD0012,1,100.34,20,0
ITEM008676,ORD002681,PROD0357,2,432.78,30,0
ITEM008677,ORD002896,PROD0373,1,272.51,5,0
ITEM008678,ORD002896,PROD0089,1,171.3,30,0
ITEM008679,ORD002896,PROD0127,1,20.52,25,0
ITEM008680,ORD001085,PROD0281,3,1618.49,10,0
ITEM008681,ORD001085,PROD0299,2,1982.91,40,0
ITEM008682,ORD001417,PROD0184,1,26.87,0,0
ITEM008683,ORD001417,PROD0304,4,115.34,15,0
ITEM008684,ORD001417,PROD0230,1,6.26,0,0
ITEM008685,ORD001417,PROD0147,1,630.88,5,0
ITEM008686,ORD001215,PROD0464,-2,339.72,0,1
ITEM008687,ORD001586,PROD0030,3,405.0,50,0
ITEM008688,ORD001586,PROD0177,1,99.34,5,0
ITEM008689,ORD001586,PROD0469,1,116.48,25,0
ITEM008690,ORD001586,PROD0135,1,162.68,5,0
ITEM008691,ORD001134,PROD0183,1,277.25,0,0
ITEM008692,ORD001134,PROD0016,1,408.15,25,0
ITEM008693,ORD001134,PROD0272,2,96.78,10,0
ITEM008694,ORD004314,PROD0025,3,16.86,0,0
ITEM008695,ORD004527,PROD0473,1,22.97,5,0
ITEM008696,ORD004527,PROD0254,1,7.66,0,0
ITEM008697,ORD000181,PROD0169,1,419.92,20,0
ITEM008698,ORD000181,PROD0174,3,110.74,15,0
ITEM008699,ORD000356,PROD0086,1,229.5,25,0
ITEM008700,ORD000356,PROD0467,3,757.91,0,0
ITEM008701,ORD001437,PROD0467,1,755.62,30,0
ITEM008702,ORD001437,PROD0285,2,44.08,20,0
ITEM008703,ORD002392,PROD0287,1,1356.53,0,0
ITEM008704,ORD001086,PROD0304,3,113.51,5,0
ITEM008705,ORD001086,PROD0094,2,13.06,30,0
ITEM008706,ORD001086,PROD0174,2,109.23,50,0
ITEM008707,ORD004173,PROD0467,1,756.38,0,0
ITEM008708,ORD003714,PROD0137,4,224.51,0,0
ITEM008709,ORD003714,PROD0389,2,148.72,40,0
ITEM008710,ORD003714,PROD0393,2,40.54,10,0
ITEM008711,ORD003714,PROD0078,1,1681.32,0,0
ITEM008712,ORD003714,PROD0193,2,937.12,0,0
ITEM008713,ORD000662,PROD0279,3,375.91,0,0
ITEM008714,ORD000662,PROD0472,4,284.11,30,0
ITEM008715,ORD000662,PROD0470,2,21.85,0,0
ITEM008716,ORD000798,PROD0349,1,672.58,15,0
ITEM008717,ORD000798,PROD0078,3,1619.91,0,0
ITEM008718,ORD000798,PROD0119,3,16.23,5,0
ITEM008719,ORD002914,PROD0413,1,378.83,30,0
ITEM008720,ORD002914,PROD0142,1,29.64,20,0
ITEM008721,ORD002914,PROD0116,4,23.2,10,0
ITEM008722,ORD002914,PROD0159,1,50.01,30,0
ITEM008723,ORD002291,PROD0437,1,31.39,10,0
ITEM008724,ORD002291,PROD0358,1,30.22,15,0
ITEM008725,ORD002291,PROD0184,1,27.84,15,0
ITEM008726,ORD004015,PROD0186,1,36.95,30,0
ITEM008727,ORD004015,PROD0469,3,114.97,30,0
ITEM008728,ORD001800,PROD0270,3,41.49,15,0
ITEM008729,ORD001800,PROD0051,2,150.71,10,0
ITEM008730,ORD001494,PROD0432,1,303.9,25,0
ITEM008731,ORD000652,PROD0030,1,406.42,50,0
ITEM008732,ORD000652,PROD0177,1,101.05,10,0
ITEM008733,ORD004183,PROD0202,2,6.96,50,0
ITEM008734,ORD004183,PROD0444,3,9.54,10,0
ITEM008735,ORD001852,PROD0315,1,11.01,0,0
ITEM008736,ORD003827,PROD0132,2,66.13,40,0
ITEM008737,ORD003827,PROD0227,1,54.71,0,0
ITEM008738,ORD003827,PROD0215,2,15.36,0,0
ITEM008739,ORD003827,PROD0001,1,284.93,0,0
ITEM008740,ORD003924,PROD0298,2,22.05,40,0
ITEM008741,ORD003924,PROD0399,1,33.97,15,0
ITEM008742,ORD000157,PROD0222,3,9.07,5,0
ITEM008743,ORD000157,PROD0118,3,34.45,25,0
ITEM008744,ORD002338,PROD0479,-1,38.6,20,1
ITEM008745,ORD002338,PROD0187,-1,142.26,10,1
ITEM008746,ORD001674,PROD0467,1,740.91,0,0
ITEM008747,ORD003405,PROD0097,4,541.0,10,0
ITEM008748,ORD003405,PROD0379,2,14.35,5,0
ITEM008749,ORD004226,PROD0482,3,529.81,40,0
ITEM008750,ORD004226,PROD0030,3,411.42,5,0
ITEM008752,ORD001841,PROD0016,1,401.05,0,0
ITEM008753,ORD001841,PROD0402,1,7.93,20,0
ITEM008754,ORD000496,PROD0132,1,67.85,0,0
ITEM008755,ORD000496,PROD0227,1,56.75,50,0
ITEM008756,ORD004754,PROD0232,3,24.3,50,0
ITEM008757,ORD004754,PROD0219,4,962.85,10,0
ITEM008758,ORD004754,PROD0183,1,272.78,0,0
ITEM008759,ORD004754,PROD0014,1,310.29,20,0
ITEM008760,ORD003467,PROD0006,3,5.42,0,0
ITEM008761,ORD003467,PROD0073,1,115.81,15,0
ITEM008762,ORD003467,PROD0380,2,48.57,30,0
ITEM008763,ORD003028,PROD0229,1,1725.32,10,0
ITEM008764,ORD003028,PROD0111,1,171.67,10,0
ITEM008765,ORD004309,PROD0486,2,26.94,5,0
ITEM008766,ORD004309,PROD0094,1,13.22,0,0
ITEM008767,ORD004309,PROD0218,2,534.2,25,0
ITEM008768,ORD003330,PROD0174,1,112.56,10,0
ITEM008769,ORD000141,PROD0272,2,96.73,0,0
ITEM008770,ORD000141,PROD0355,1,3178.81,15,0
ITEM008771,ORD002741,PROD0141,1,20.27,0,0
ITEM008772,ORD002741,PROD0298,1,21.59,10,0
ITEM008773,ORD002295,PROD0297,1,15.3,0,0
ITEM008774,ORD002295,PROD0479,1,39.91,50,0
ITEM008775,ORD001446,PROD0200,2,744.93,10,0
ITEM008776,ORD001446,PROD0478,1,1490.29,30,0
ITEM008777,ORD004156,PROD0459,1,39.44,30,0
ITEM008778,ORD004156,PROD0135,3,159.85,50,0
ITEM008779,ORD004489,PROD0429,2,148.67,15,0
ITEM008780,ORD001164,PROD0135,1,157.8,40,0
ITEM008781,ORD001164,PROD0119,3,16.44,40,0
ITEM008782,ORD001164,PROD0055,1,62.08,50,0
ITEM008783,ORD001164,PROD0479,2,38.63,0,0
ITEM008784,ORD001164,PROD0346,3,48.9,20,0
ITEM008785,ORD002171,PROD0465,3,174.76,15,0
ITEM008786,ORD002171,PROD0124,1,1186.7,5,0
ITEM008787,ORD000211,PROD0097,1,542.82,5,0
ITEM008788,ORD000211,PROD0379,2,14.34,20,0
ITEM008789,ORD000211,PROD0101,1,381.32,10,0
ITEM008790,ORD000211,PROD0081,1,61.88,40,0
ITEM008791,ORD000211,PROD0497,1,52.65,0,0
ITEM008792,ORD002310,PROD0202,2,6.84,40,0
ITEM008793,ORD002310,PROD0389,1,144.42,30,0
ITEM008794,ORD002310,PROD0253,2,88.51,0,0
ITEM008795,ORD002310,PROD0101,1,387.63,20,0
ITEM008796,ORD001004,PROD0181,4,67.85,25,0
ITEM008797,ORD001397,PROD0469,1,111.35,30,0
ITEM008798,ORD001397,PROD0366,1,860.35,10,0
ITEM008799,ORD000073,PROD0105,2,173.99,0,0
ITEM008800,ORD000073,PROD0172,2,787.77,20,0
ITEM008801,ORD000073,PROD0115,1,33.69,50,0
ITEM008802,ORD001095,PROD0468,1,2750.84,15,0
ITEM008803,ORD001095,PROD0404,2,70.84,0,0
ITEM008804,ORD001095,PROD0179,1,397.22,0,0
ITEM008805,ORD002270,PROD0114,4,233.53,0,0
ITEM008806,ORD002270,PROD0470,4,22.58,15,0
ITEM008807,ORD004551,PROD0181,1,65.36,20,0
ITEM008808,ORD004551,PROD0258,1,193.21,20,0
ITEM008809,ORD004551,PROD0121,2,1149.17,0,0
ITEM008810,ORD004551,PROD0075,2,14.64,40,0
ITEM008811,ORD004415,PROD0105,1,172.08,20,0
ITEM008812,ORD004415,PROD0227,1,56.21,10,0
ITEM008813,ORD004415,PROD0304,1,112.68,0,0
ITEM008814,ORD000663,PROD0404,1,70.72,10,0
ITEM008815,ORD000663,PROD0469,1,112.94,40,0
ITEM008816,ORD000663,PROD0285,1,44.3,20,0
ITEM008817,ORD000812,PROD0015,2,482.33,5,0
ITEM008818,ORD003982,PROD0149,3,1233.27,30,0
ITEM008819,ORD000154,PROD0181,1,68.46,0,0
ITEM008820,ORD000154,PROD0432,3,308.84,25,0
ITEM008821,ORD003511,PROD0409,1,19.44,5,0
ITEM008822,ORD004192,PROD0206,1,67.9,30,0
ITEM008823,ORD001877,PROD0132,1,65.78,25,0
ITEM008824,ORD001877,PROD0227,3,54.75,30,0
ITEM008825,ORD001877,PROD0191,1,91.82,20,0
ITEM008826,ORD002558,PROD0097,2,542.5,0,0
ITEM008827,ORD002558,PROD0303,3,49.32,30,0
ITEM008828,ORD002558,PROD0444,1,9.59,50,0
ITEM008829,ORD003817,PROD0482,2,531.49,5,0
ITEM008830,ORD003817,PROD0030,3,399.02,15,0
ITEM008831,ORD003563,PROD0445,2,1589.57,0,0
ITEM008832,ORD003624,PROD0132,3,67.88,30,0
ITEM008833,ORD003624,PROD0227,3,55.28,20,0
ITEM008834,ORD000152,PROD0297,-1,14.84,25,1
ITEM008835,ORD003518,PROD0232,1,24.74,5,0
ITEM008836,ORD003518,PROD0219,1,951.23,0,0
ITEM008837,ORD003678,PROD0275,1,110.17,50,0
ITEM008838,ORD003678,PROD0086,1,235.75,10,0
ITEM008839,ORD003678,PROD0374,2,105.26,0,0
ITEM008840,ORD003338,PROD0415,3,1523.99,40,0
ITEM008841,ORD004116,PROD0282,2,29.93,40,0
ITEM008842,ORD001735,PROD0410,3,205.83,0,0
ITEM008843,ORD001735,PROD0295,2,260.1,40,0
ITEM008844,ORD002399,PROD0105,1,179.1,25,0
ITEM008845,ORD002399,PROD0227,1,54.21,0,0
ITEM008846,ORD001365,PROD0186,1,37.2,50,0
ITEM008847,ORD001365,PROD0469,2,110.48,15,0
ITEM008848,ORD001365,PROD0373,1,273.59,30,0
ITEM008849,ORD004300,PROD0238,2,46.76,5,0
ITEM008850,ORD003247,PROD0204,1,1434.89,25,0
ITEM008851,ORD004175,PROD0070,3,191.88,0,0
ITEM008852,ORD000970,PROD0134,1,18.31,10,0
ITEM008853,ORD000970,PROD0155,1,1070.64,10,0
ITEM008854,ORD004655,PROD0482,1,511.35,10,0
ITEM008855,ORD004655,PROD0030,1,390.63,30,0
ITEM008856,ORD004144,PROD0305,2,664.13,30,0
ITEM008857,ORD004144,PROD0046,1,499.0,30,0
ITEM008858,ORD001488,PROD0125,2,17.42,25,0
ITEM008859,ORD000534,PROD0297,1,15.09,5,0
ITEM008860,ORD003887,PROD0336,2,1674.07,20,0
ITEM008861,ORD004398,PROD0181,1,68.57,10,0
ITEM008862,ORD004398,PROD0258,1,199.8,40,0
ITEM008863,ORD004398,PROD0473,1,22.31,30,0
ITEM008864,ORD004398,PROD0047,3,114.94,10,0
ITEM008865,ORD002284,PROD0130,1,345.02,0,0
ITEM008866,ORD002284,PROD0014,1,311.81,20,0
ITEM008867,ORD000013,PROD0433,1,63.4,40,0
ITEM008868,ORD000013,PROD0366,1,877.51,25,0
ITEM008869,ORD002126,PROD0492,1,84.9,40,0
ITEM008870,ORD001770,PROD0106,1,539.55,15,0
ITEM008871,ORD001770,PROD0051,1,148.12,0,0
ITEM008872,ORD001770,PROD0446,3,199.7,20,0
ITEM008873,ORD001770,PROD0330,1,28.74,30,0
ITEM008874,ORD002015,PROD0478,1,1492.09,15,0
ITEM008875,ORD002015,PROD0075,1,14.56,10,0
ITEM008876,ORD001986,PROD0130,2,334.83,50,0
ITEM008877,ORD001986,PROD0034,2,6.77,15,0
ITEM008878,ORD001986,PROD0488,1,100.13,0,0
ITEM008879,ORD001986,PROD0006,3,5.51,5,0
ITEM008880,ORD001934,PROD0237,3,740.56,50,0
ITEM008881,ORD001934,PROD0258,1,197.29,20,0
ITEM008882,ORD001934,PROD0486,1,26.5,25,0
ITEM008883,ORD001934,PROD0136,1,17.47,10,0
ITEM008884,ORD001789,PROD0420,2,14.82,0,0
ITEM008885,ORD001789,PROD0166,1,1038.62,0,0
ITEM008886,ORD001789,PROD0389,2,145.7,15,0
ITEM008887,ORD004530,PROD0304,1,115.13,10,0
ITEM008888,ORD001184,PROD0432,1,296.26,40,0
ITEM008889,ORD001184,PROD0034,2,6.69,0,0
ITEM008890,ORD000799,PROD0184,1,27.47,50,0
ITEM008891,ORD000799,PROD0092,2,151.32,30,0
ITEM008892,ORD003926,PROD0232,2,24.52,50,0
ITEM008893,ORD003926,PROD0219,3,1000.94,15,0
ITEM008894,ORD003926,PROD0031,1,303.91,50,0
ITEM008895,ORD004193,PROD0228,-2,120.65,20,1
ITEM008896,ORD004193,PROD0195,-2,64.3,0,1
ITEM008897,ORD000674,PROD0333,1,24.47,30,0
ITEM008898,ORD001231,PROD0105,1,179.25,40,0
ITEM008899,ORD001231,PROD0227,1,53.62,5,0
ITEM008900,ORD003797,PROD0088,3,90.79,0,0
ITEM008901,ORD004057,PROD0232,1,23.93,40,0
ITEM008902,ORD004057,PROD0219,1,978.83,25,0
ITEM008903,ORD004057,PROD0409,3,19.34,20,0
ITEM008904,ORD004057,PROD0465,1,174.94,0,0
ITEM008905,ORD000465,PROD0026,1,249.53,5,0
ITEM008906,ORD000490,PROD0193,2,966.75,5,0
ITEM008907,ORD000490,PROD0174,1,109.62,25,0
ITEM008908,ORD001593,PROD0215,4,16.04,10,0
ITEM008909,ORD000878,PROD0211,3,88.88,0,0
ITEM008910,ORD000878,PROD0159,1,52.43,0,0
ITEM008911,ORD000878,PROD0132,1,66.71,10,0
ITEM008912,ORD004225,PROD0270,1,40.88,0,0
ITEM008913,ORD004225,PROD0208,4,480.02,0,0
ITEM008914,ORD004225,PROD0275,2,110.68,20,0
ITEM008915,ORD000367,PROD0458,1,883.68,0,0
ITEM008916,ORD000867,PROD0106,4,535.42,5,0
ITEM008917,ORD000867,PROD0137,1,223.63,25,0
ITEM008918,ORD001000,PROD0440,1,202.15,40,0
ITEM008919,ORD001000,PROD0141,2,19.82,10,0
ITEM008920,ORD001000,PROD0384,1,1600.36,10,0
ITEM008921,ORD001000,PROD0327,2,521.23,40,0
ITEM008922,ORD001000,PROD0115,1,33.63,30,0
ITEM008923,ORD001876,PROD0105,3,174.68,30,0
ITEM008924,ORD001876,PROD0219,1,1002.47,30,0
ITEM008925,ORD001876,PROD0041,4,97.87,10,0
ITEM008926,ORD002118,PROD0303,2,47.22,15,0
ITEM008927,ORD002118,PROD0166,1,1044.33,0,0
ITEM008928,ORD002118,PROD0179,1,381.99,15,0
ITEM008929,ORD003230,PROD0432,1,297.49,10,0
ITEM008930,ORD003230,PROD0034,1,6.78,25,0
ITEM008931,ORD000713,PROD0307,2,35.71,40,0
ITEM008932,ORD000713,PROD0352,4,500.53,40,0
ITEM008933,ORD000713,PROD0181,2,67.38,5,0
ITEM008934,ORD002889,PROD0105,1,178.86,50,0
ITEM008935,ORD002889,PROD0227,1,54.44,30,0
ITEM008936,ORD002889,PROD0380,2,48.42,25,0
ITEM008937,ORD002889,PROD0343,1,66.77,5,0
ITEM008938,ORD002889,PROD0420,1,14.99,0,0
ITEM008939,ORD000406,PROD0336,1,1656.46,0,0
ITEM008940,ORD001040,PROD0219,1,984.64,30,0
ITEM008941,ORD001040,PROD0186,3,36.68,0,0
ITEM008942,ORD001040,PROD0389,1,140.9,10,0
ITEM008943,ORD001040,PROD0090,3,1150.37,10,0
ITEM008944,ORD002730,PROD0299,1,1926.38,25,0
ITEM008945,ORD001280,PROD0192,1,215.41,0,0
ITEM008946,ORD001280,PROD0232,2,24.32,10,0
ITEM008947,ORD001057,PROD0294,3,15.41,10,0
ITEM008948,ORD001057,PROD0054,3,6.22,10,0
ITEM008949,ORD001057,PROD0236,1,849.1,10,0
ITEM008950,ORD001057,PROD0475,2,86.45,5,0
ITEM008951,ORD001057,PROD0254,2,7.52,0,0
ITEM008952,ORD002520,PROD0186,3,37.22,5,0
ITEM008953,ORD002520,PROD0469,2,111.35,25,0
ITEM008954,ORD002520,PROD0374,2,108.68,5,0
ITEM008955,ORD000824,PROD0186,1,37.9,15,0
ITEM008956,ORD000824,PROD0469,2,110.49,10,0
ITEM008957,ORD000824,PROD0031,3,311.86,20,0
ITEM008958,ORD000863,PROD0237,2,724.04,0,0
ITEM008959,ORD000863,PROD0136,3,17.59,20,0
ITEM008960,ORD000863,PROD0446,3,208.27,0,0
ITEM008961,ORD000863,PROD0430,2,178.02,20,0
ITEM008962,ORD000863,PROD0006,1,5.34,25,0
ITEM008963,ORD002436,PROD0432,1,303.16,5,0
ITEM008964,ORD002436,PROD0034,2,6.6,20,0
ITEM008965,ORD003082,PROD0105,2,176.36,25,0
ITEM008966,ORD003082,PROD0219,2,985.99,5,0
ITEM008967,ORD001992,PROD0429,1,143.38,50,0
ITEM008968,ORD002169,PROD0181,3,65.21,0,0
ITEM008969,ORD002169,PROD0258,1,201.36,50,0
ITEM008970,ORD002169,PROD0135,2,157.99,10,0
ITEM008971,ORD002169,PROD0101,4,377.75,20,0
ITEM008972,ORD002169,PROD0480,2,871.15,0,0
ITEM008973,ORD001438,PROD0007,2,17.24,0,0
ITEM008974,ORD001438,PROD0118,1,34.41,0,0
ITEM008975,ORD002887,PROD0275,1,108.71,0,0
ITEM008976,ORD002887,PROD0062,2,334.71,0,0
ITEM008977,ORD002887,PROD0432,2,300.48,0,0
ITEM008978,ORD002887,PROD0064,3,815.83,0,0
ITEM008979,ORD002032,PROD0416,1,78.95,30,0
ITEM008980,ORD002032,PROD0117,1,368.06,25,0
ITEM008981,ORD003473,PROD0166,1,1051.51,25,0
ITEM008982,ORD003473,PROD0445,2,1575.92,20,0
ITEM008983,ORD004424,PROD0016,1,406.72,25,0
ITEM008984,ORD001881,PROD0124,-1,1200.12,10,1
ITEM008985,ORD001130,PROD0130,3,331.43,0,0
ITEM008986,ORD001130,PROD0014,3,319.31,10,0
ITEM008987,ORD001130,PROD0367,2,1174.18,10,0
ITEM008988,ORD000738,PROD0184,1,26.94,0,0
ITEM008989,ORD000738,PROD0304,2,116.0,20,0
ITEM008990,ORD002267,PROD0181,1,65.02,50,0
ITEM008991,ORD002267,PROD0258,1,196.11,30,0
ITEM008992,ORD002267,PROD0366,1,880.53,15,0
ITEM008993,ORD001907,PROD0101,2,372.33,5,0
ITEM008994,ORD000742,PROD0432,1,296.08,10,0
ITEM008995,ORD000742,PROD0193,1,934.57,15,0
ITEM008996,ORD003796,PROD0105,1,175.4,20,0
ITEM008997,ORD000974,PROD0184,2,27.15,20,0
ITEM008998,ORD000974,PROD0304,2,114.21,15,0
ITEM008999,ORD001567,PROD0238,4,46.18,0,0
ITEM009000,ORD001567,PROD0040,3,75.73,20,0
ITEM009001,ORD004535,PROD0477,1,203.99,10,0
ITEM009002,ORD004535,PROD0025,1,16.41,25,0
ITEM009003,ORD000484,PROD0134,1,18.34,5,0
ITEM009004,ORD000484,PROD0484,2,16.96,25,0
ITEM009005,ORD000219,PROD0184,1,27.5,40,0
ITEM009006,ORD000219,PROD0304,1,115.36,25,0
ITEM009007,ORD000219,PROD0086,1,232.8,25,0
ITEM009008,ORD000219,PROD0441,1,734.1,10,0
ITEM009009,ORD003861,PROD0105,1,172.26,0,0
ITEM009010,ORD003861,PROD0219,1,1000.62,50,0
ITEM009011,ORD004559,PROD0192,1,220.43,15,0
ITEM009012,ORD004559,PROD0232,1,25.16,0,0
ITEM009013,ORD003074,PROD0470,1,21.42,30,0
ITEM009014,ORD002150,PROD0106,1,550.68,25,0
ITEM009015,ORD002150,PROD0137,1,221.95,5,0
ITEM009016,ORD003757,PROD0117,1,370.78,0,0
ITEM009017,ORD003757,PROD0064,3,840.05,5,0
ITEM009018,ORD003757,PROD0382,1,1523.84,40,0
ITEM009019,ORD004402,PROD0072,2,744.38,10,0
ITEM009020,ORD004402,PROD0119,1,16.0,40,0
ITEM009021,ORD004402,PROD0128,1,31.15,5,0
ITEM009022,ORD002549,PROD0035,1,6.9,50,0
ITEM009023,ORD001381,PROD0263,1,65.32,30,0
ITEM009024,ORD001381,PROD0086,1,235.61,10,0
ITEM009025,ORD004511,PROD0136,1,17.24,10,0
ITEM009026,ORD004511,PROD0176,1,762.0,15,0
ITEM009027,ORD001180,PROD0003,1,59.43,25,0
ITEM009028,ORD001180,PROD0346,1,48.16,0,0
ITEM009029,ORD001180,PROD0305,2,693.8,0,0
ITEM009030,ORD003780,PROD0131,1,32.61,5,0
ITEM009031,ORD000690,PROD0358,1,29.86,40,0
ITEM009032,ORD001785,PROD0025,1,16.48,40,0
ITEM009033,ORD001785,PROD0236,2,862.45,10,0
ITEM009034,ORD001785,PROD0470,1,22.32,0,0
ITEM009035,ORD001785,PROD0485,1,56.86,0,0
ITEM009036,ORD001170,PROD0025,1,16.97,0,0
ITEM009037,ORD001170,PROD0366,2,859.86,50,0
ITEM009038,ORD003170,PROD0135,1,154.18,15,0
ITEM009039,ORD000060,PROD0280,-1,1104.58,40,1
ITEM009040,ORD000155,PROD0184,2,27.58,40,0
ITEM009041,ORD000155,PROD0195,3,62.08,20,0
ITEM009042,ORD001217,PROD0297,2,15.08,0,0
ITEM009043,ORD001217,PROD0150,3,455.31,25,0
ITEM009044,ORD002279,PROD0062,1,328.74,15,0
ITEM009045,ORD002279,PROD0330,1,28.77,25,0
ITEM009046,ORD002279,PROD0445,3,1529.65,20,0
ITEM009047,ORD003487,PROD0372,2,599.89,15,0
ITEM009048,ORD001183,PROD0275,4,113.45,5,0
ITEM009049,ORD001183,PROD0086,1,224.15,50,0
ITEM009050,ORD001183,PROD0027,1,75.45,40,0
ITEM009051,ORD003379,PROD0234,2,23.07,10,0
ITEM009052,ORD003379,PROD0478,2,1483.34,50,0
ITEM009053,ORD003379,PROD0329,3,919.29,5,0
ITEM009054,ORD003379,PROD0208,3,457.48,10,0
ITEM009055,ORD003669,PROD0336,2,1632.47,40,0
ITEM009056,ORD003669,PROD0106,1,528.11,10,0
ITEM009057,ORD000419,PROD0420,1,15.06,0,0
ITEM009058,ORD000419,PROD0481,1,102.89,25,0
ITEM009059,ORD002921,PROD0022,3,121.57,0,0
ITEM009060,ORD002921,PROD0468,1,2641.44,10,0
ITEM009061,ORD002921,PROD0167,2,67.62,30,0
ITEM009062,ORD002921,PROD0303,1,50.12,40,0
ITEM009063,ORD000156,PROD0236,1,860.64,0,0
ITEM009064,ORD000156,PROD0124,1,1215.31,20,0
ITEM009065,ORD000156,PROD0126,1,17.34,0,0
ITEM009066,ORD004039,PROD0174,1,110.24,30,0
ITEM009067,ORD000009,PROD0285,1,44.51,10,0
ITEM009068,ORD004673,PROD0130,4,346.01,20,0
ITEM009069,ORD004673,PROD0014,2,320.6,0,0
ITEM009070,ORD004045,PROD0481,1,102.77,30,0
ITEM009071,ORD004045,PROD0051,1,150.08,0,0
ITEM009072,ORD004045,PROD0025,1,16.65,0,0
ITEM009073,ORD003937,PROD0247,3,190.28,0,0
ITEM009074,ORD003937,PROD0234,2,23.05,5,0
ITEM009075,ORD002527,PROD0057,1,55.97,15,0
ITEM009076,ORD002527,PROD0360,2,471.45,40,0
ITEM009077,ORD002527,PROD0267,4,51.04,0,0
ITEM009078,ORD002527,PROD0358,1,29.18,25,0
ITEM009079,ORD002527,PROD0406,1,79.47,40,0
ITEM009080,ORD000241,PROD0330,-2,28.44,10,1
ITEM009081,ORD004587,PROD0366,4,880.87,5,0
ITEM009082,ORD004587,PROD0181,1,68.1,40,0
ITEM009083,ORD001703,PROD0134,1,18.65,20,0
ITEM009084,ORD001703,PROD0078,4,1664.96,0,0
ITEM009085,ORD001703,PROD0279,2,372.93,50,0
ITEM009086,ORD002885,PROD0129,1,370.12,0,0
ITEM009087,ORD002885,PROD0485,2,56.76,20,0
ITEM009088,ORD000238,PROD0379,3,14.99,5,0
ITEM009089,ORD000238,PROD0136,3,17.31,40,0
ITEM009090,ORD000238,PROD0206,1,65.4,30,0
ITEM009091,ORD001989,PROD0008,1,299.5,30,0
ITEM009092,ORD001989,PROD0016,2,402.15,25,0
ITEM009093,ORD001900,PROD0097,1,534.42,15,0
ITEM009094,ORD001900,PROD0379,1,15.04,30,0
ITEM009095,ORD004046,PROD0184,1,27.34,50,0
ITEM009096,ORD004046,PROD0304,2,112.06,0,0
ITEM009097,ORD003115,PROD0172,1,773.34,5,0
ITEM009098,ORD003115,PROD0017,1,60.34,0,0
ITEM009099,ORD004393,PROD0298,1,22.42,5,0
ITEM009100,ORD004393,PROD0052,4,140.65,25,0
ITEM009101,ORD004393,PROD0134,3,17.91,40,0
ITEM009102,ORD000101,PROD0106,1,527.31,5,0
ITEM009103,ORD000101,PROD0137,1,223.05,0,0
ITEM009104,ORD002597,PROD0048,2,73.41,0,0
ITEM009105,ORD002597,PROD0205,3,495.14,5,0
ITEM009106,ORD002597,PROD0266,1,20.01,30,0
ITEM009107,ORD002597,PROD0247,2,197.95,10,0
ITEM009108,ORD002597,PROD0124,1,1241.89,0,0
ITEM009109,ORD003250,PROD0225,1,188.08,40,0
ITEM009110,ORD000026,PROD0208,1,477.5,25,0
ITEM009111,ORD000026,PROD0181,1,65.24,30,0
ITEM009112,ORD004319,PROD0219,1,981.28,25,0
ITEM009113,ORD004319,PROD0186,2,35.98,15,0
ITEM009114,ORD002780,PROD0254,4,7.79,10,0
ITEM009115,ORD002780,PROD0447,1,1098.36,25,0
ITEM009116,ORD000906,PROD0132,1,64.4,15,0
ITEM009117,ORD000906,PROD0227,2,53.67,15,0
ITEM009118,ORD000906,PROD0465,1,182.83,25,0
ITEM009119,ORD000906,PROD0115,2,34.21,0,0
ITEM009120,ORD002581,PROD0186,1,36.55,20,0
ITEM009121,ORD002581,PROD0469,1,115.02,0,0
ITEM009122,ORD002581,PROD0326,1,64.03,30,0
ITEM009123,ORD000578,PROD0012,1,102.31,40,0
ITEM009124,ORD002470,PROD0018,2,1112.13,20,0
ITEM009125,ORD002470,PROD0275,4,113.71,20,0
ITEM009126,ORD002470,PROD0155,1,1121.92,20,0
ITEM009127,ORD002470,PROD0367,1,1223.64,25,0
ITEM009128,ORD001069,PROD0423,-1,91.01,0,1
ITEM009129,ORD001867,PROD0469,1,111.27,10,0
ITEM009130,ORD001867,PROD0366,1,883.28,15,0
ITEM009131,ORD000473,PROD0473,2,22.11,20,0
ITEM009132,ORD000473,PROD0258,3,199.45,15,0
ITEM009133,ORD002989,PROD0416,1,77.76,50,0
ITEM009134,ORD002989,PROD0215,3,15.91,10,0
ITEM009135,ORD002989,PROD0154,1,120.69,0,0
ITEM009136,ORD003073,PROD0454,-1,16.46,0,1
ITEM009137,ORD003894,PROD0232,1,24.08,50,0
ITEM009138,ORD004284,PROD0239,1,1408.57,10,0
ITEM009139,ORD004284,PROD0377,3,228.94,50,0
ITEM009140,ORD001630,PROD0282,-1,31.34,20,1
ITEM009141,ORD000633,PROD0181,2,65.61,10,0
ITEM009142,ORD000633,PROD0432,1,301.95,0,0
ITEM009143,ORD000248,PROD0153,2,56.58,30,0
ITEM009144,ORD000248,PROD0299,1,1982.79,0,0
ITEM009145,ORD000248,PROD0103,1,20.96,10,0
ITEM009146,ORD000248,PROD0396,1,57.74,10,0
ITEM009147,ORD000248,PROD0073,2,117.61,50,0
ITEM009148,ORD002931,PROD0108,1,281.4,25,0
ITEM009149,ORD002050,PROD0135,1,156.21,50,0
ITEM009150,ORD002050,PROD0315,1,11.23,10,0
ITEM009151,ORD000911,PROD0328,2,16.05,0,0
ITEM009152,ORD000911,PROD0403,4,305.69,30,0
ITEM009153,ORD000911,PROD0135,1,158.99,50,0
ITEM009154,ORD000911,PROD0084,1,1616.27,40,0
ITEM009155,ORD000469,PROD0105,1,174.89,25,0
ITEM009156,ORD000469,PROD0219,2,953.94,40,0
ITEM009157,ORD000160,PROD0101,2,371.4,0,0
ITEM009158,ORD003275,PROD0416,1,79.04,0,0
ITEM009159,ORD003275,PROD0199,2,18.88,0,0
ITEM009160,ORD003275,PROD0287,1,1329.89,0,0
ITEM009161,ORD000766,PROD0137,1,224.67,10,0
ITEM009162,ORD004668,PROD0086,1,237.11,0,0
ITEM009163,ORD004668,PROD0467,1,754.04,0,0
ITEM009164,ORD004668,PROD0100,4,1316.48,10,0
ITEM009165,ORD004668,PROD0211,2,88.79,0,0
ITEM009166,ORD002077,PROD0366,1,894.35,5,0
ITEM009167,ORD001182,PROD0477,3,208.95,0,0
ITEM009168,ORD001182,PROD0384,4,1563.29,5,0
ITEM009169,ORD001182,PROD0177,1,98.22,25,0
ITEM009170,ORD002583,PROD0374,1,105.06,40,0
ITEM009171,ORD002583,PROD0204,1,1447.18,5,0
ITEM009172,ORD002583,PROD0172,1,780.72,0,0
ITEM009173,ORD002583,PROD0445,1,1533.3,25,0
ITEM009174,ORD000979,PROD0007,1,17.28,10,0
ITEM009175,ORD000979,PROD0073,1,113.02,0,0
ITEM009176,ORD003188,PROD0227,1,55.16,0,0
ITEM009177,ORD003188,PROD0223,4,144.77,0,0
ITEM009178,ORD002598,PROD0432,3,297.89,0,0
ITEM009179,ORD002598,PROD0193,3,935.32,5,0
ITEM009180,ORD002598,PROD0194,1,68.7,0,0
ITEM009181,ORD002598,PROD0406,2,78.02,10,0
ITEM009182,ORD002174,PROD0305,3,682.1,50,0
ITEM009183,ORD002174,PROD0236,1,868.29,30,0
ITEM009184,ORD002174,PROD0155,1,1093.55,10,0
ITEM009185,ORD002174,PROD0025,1,16.31,50,0
ITEM009186,ORD002174,PROD0328,4,16.16,50,0
ITEM009187,ORD001335,PROD0233,1,837.74,40,0
ITEM009188,ORD003488,PROD0077,3,970.81,15,0
ITEM009189,ORD000826,PROD0006,1,5.48,20,0
ITEM009190,ORD000826,PROD0389,1,148.57,50,0
ITEM009191,ORD000826,PROD0305,1,669.48,10,0
ITEM009192,ORD000826,PROD0426,1,108.96,0,0
ITEM009193,ORD003333,PROD0067,1,94.75,30,0
ITEM009194,ORD003333,PROD0394,1,30.19,25,0
ITEM009195,ORD003333,PROD0465,2,173.63,30,0
ITEM009196,ORD003333,PROD0033,3,107.35,30,0
ITEM009197,ORD001745,PROD0192,1,216.65,0,0
ITEM009198,ORD001745,PROD0232,1,24.87,40,0
ITEM009199,ORD001745,PROD0007,1,16.86,50,0
ITEM009200,ORD000905,PROD0444,1,9.67,25,0
ITEM009201,ORD000905,PROD0062,1,321.36,0,0
ITEM009202,ORD002274,PROD0262,3,700.17,0,0
ITEM009203,ORD003261,PROD0193,1,923.46,10,0
ITEM009204,ORD003261,PROD0006,2,5.31,0,0
ITEM009205,ORD003415,PROD0034,1,6.47,25,0
ITEM009206,ORD003415,PROD0211,2,88.89,25,0
ITEM009207,ORD000943,PROD0469,1,116.35,40,0
ITEM009208,ORD000943,PROD0366,1,868.91,30,0
ITEM009209,ORD003168,PROD0432,3,293.48,50,0
ITEM009210,ORD003438,PROD0130,1,337.69,15,0
ITEM009211,ORD003438,PROD0034,1,6.69,10,0
ITEM009212,ORD000774,PROD0215,2,15.35,0,0
ITEM009213,ORD000774,PROD0142,1,30.83,30,0
ITEM009214,ORD000774,PROD0472,1,293.53,100,0
ITEM009215,ORD003408,PROD0009,1,17.64,0,0
ITEM009216,ORD003408,PROD0020,1,8.12,25,0
ITEM009217,ORD003408,PROD0181,1,67.98,25,0
ITEM009218,ORD000485,PROD0467,1,775.4,20,0
ITEM009219,ORD000485,PROD0208,3,477.75,5,0
ITEM009220,ORD001175,PROD0486,1,25.96,0,0
ITEM009221,ORD004182,PROD0184,1,27.86,40,0
ITEM009222,ORD004182,PROD0304,1,115.48,10,0
ITEM009223,ORD004170,PROD0130,2,338.63,15,0
ITEM009224,ORD004170,PROD0034,3,6.7,0,0
ITEM009225,ORD004656,PROD0177,1,98.15,5,0
ITEM009226,ORD004656,PROD0285,1,43.22,0,0
ITEM009227,ORD004656,PROD0217,1,41.52,20,0
ITEM009228,ORD002201,PROD0086,1,235.68,20,0
ITEM009229,ORD002201,PROD0467,1,763.73,10,0
ITEM009230,ORD002201,PROD0054,1,6.22,0,0
ITEM009231,ORD002201,PROD0252,1,22.45,30,0
ITEM009232,ORD003024,PROD0331,1,85.68,0,0
ITEM009233,ORD000966,PROD0297,1,15.06,0,0
ITEM009234,ORD000966,PROD0219,3,984.61,25,0
ITEM009235,ORD002765,PROD0023,1,31.43,0,0
ITEM009236,ORD002765,PROD0007,1,16.98,0,0
ITEM009237,ORD002765,PROD0118,3,34.57,0,0
ITEM009238,ORD002765,PROD0371,1,596.27,20,0
ITEM009239,ORD001112,PROD0086,1,228.58,0,0
ITEM009240,ORD001112,PROD0489,2,37.92,10,0
ITEM009241,ORD002500,PROD0203,-1,357.56,10,1
ITEM009242,ORD002500,PROD0465,-1,183.9,25,1
ITEM009243,ORD004196,PROD0380,2,49.46,20,0
ITEM009244,ORD004196,PROD0278,4,28.12,40,0
ITEM009245,ORD004648,PROD0030,1,402.43,10,0
ITEM009246,ORD004648,PROD0177,1,96.02,0,0
ITEM009247,ORD004648,PROD0063,2,17.76,20,0
ITEM009248,ORD004648,PROD0469,2,115.84,0,0
ITEM009249,ORD002659,PROD0086,1,226.87,30,0
ITEM009250,ORD004197,PROD0186,3,36.31,0,0
ITEM009251,ORD004197,PROD0469,1,111.83,30,0
ITEM009252,ORD002135,PROD0088,3,87.09,25,0
ITEM009253,ORD004099,PROD0267,1,49.94,40,0
ITEM009254,ORD002637,PROD0297,1,14.89,0,0
ITEM009255,ORD002637,PROD0179,1,378.71,15,0
ITEM009256,ORD003345,PROD0153,1,56.73,0,0
ITEM009257,ORD003345,PROD0204,1,1440.43,50,0
ITEM009258,ORD003345,PROD0341,1,190.08,15,0
ITEM009259,ORD001542,PROD0219,1,1001.41,0,0
ITEM009260,ORD001542,PROD0184,2,28.04,25,0
ITEM009261,ORD001542,PROD0232,1,23.85,40,0
ITEM009262,ORD003349,PROD0257,2,19.24,5,0
ITEM009263,ORD002735,PROD0135,2,156.84,0,0
ITEM009264,ORD002735,PROD0315,1,11.19,15,0
ITEM009265,ORD002735,PROD0153,2,55.96,0,0
ITEM009266,ORD001474,PROD0030,2,411.98,0,0
ITEM009267,ORD004308,PROD0269,3,1200.46,20,0
ITEM009268,ORD004308,PROD0030,1,391.12,30,0
ITEM009269,ORD001614,PROD0413,2,384.56,25,0
ITEM009270,ORD001614,PROD0200,1,767.71,20,0
ITEM009271,ORD001614,PROD0482,2,521.93,0,0
ITEM009272,ORD001614,PROD0055,1,61.45,50,0
ITEM009273,ORD000083,PROD0135,1,161.4,10,0
ITEM009274,ORD000083,PROD0315,1,10.83,20,0
ITEM009275,ORD000083,PROD0115,3,33.04,30,0
ITEM009276,ORD001211,PROD0105,1,170.78,25,0
ITEM009277,ORD001211,PROD0227,2,54.01,0,0
ITEM009278,ORD000475,PROD0275,2,110.66,5,0
ITEM009279,ORD000475,PROD0158,1,80.7,0,0
ITEM009280,ORD000475,PROD0219,2,952.33,50,0
ITEM009281,ORD002567,PROD0469,1,113.79,0,0
ITEM009282,ORD002567,PROD0035,4,6.82,15,0
ITEM009283,ORD002567,PROD0052,1,138.56,5,0
ITEM009284,ORD002567,PROD0117,1,362.73,0,0
ITEM009285,ORD002567,PROD0467,1,774.98,15,0
ITEM009286,ORD003078,PROD0130,1,330.52,30,0
ITEM009287,ORD003078,PROD0034,1,6.77,5,0
ITEM009288,ORD003581,PROD0481,1,101.41,40,0
ITEM009289,ORD003581,PROD0015,2,487.86,0,0
ITEM009290,ORD003867,PROD0202,2,7.13,0,0
ITEM009291,ORD003867,PROD0444,1,9.33,0,0
ITEM009292,ORD003867,PROD0074,1,31.81,25,0
ITEM009293,ORD002596,PROD0131,1,32.11,0,0
ITEM009294,ORD002596,PROD0083,4,41.45,0,0
ITEM009295,ORD002596,PROD0106,2,533.97,0,0
ITEM009296,ORD004392,PROD0014,1,309.26,25,0
ITEM009297,ORD000749,PROD0159,1,50.95,40,0
ITEM009298,ORD003540,PROD0117,1,362.99,20,0
ITEM009299,ORD003540,PROD0415,2,1536.67,10,0
ITEM009300,ORD003540,PROD0339,1,274.78,10,0
ITEM009301,ORD002044,PROD0114,3,228.93,10,0
ITEM009302,ORD002337,PROD0130,1,345.55,10,0
ITEM009303,ORD002337,PROD0014,2,322.48,15,0
ITEM009304,ORD003807,PROD0469,2,116.05,0,0
ITEM009305,ORD003807,PROD0366,1,898.44,15,0
ITEM009306,ORD003807,PROD0328,1,15.58,0,0
ITEM009307,ORD003807,PROD0075,1,14.26,0,0
ITEM009308,ORD003728,PROD0130,1,340.07,20,0
ITEM009309,ORD003728,PROD0444,1,9.36,0,0
ITEM009310,ORD004742,PROD0106,1,522.76,0,0
ITEM009311,ORD004742,PROD0137,1,223.0,20,0
ITEM009312,ORD003814,PROD0130,1,329.29,0,0
ITEM009313,ORD003814,PROD0014,1,316.8,0,0
ITEM009314,ORD003814,PROD0181,3,68.15,20,0
ITEM009315,ORD000024,PROD0297,1,15.35,10,0
ITEM009316,ORD000024,PROD0215,1,15.68,0,0
ITEM009317,ORD001776,PROD0431,2,2230.31,25,0
ITEM009318,ORD001776,PROD0488,2,99.15,10,0
ITEM009319,ORD003905,PROD0482,1,516.77,30,0
ITEM009320,ORD003905,PROD0030,2,402.77,10,0
ITEM009321,ORD002933,PROD0275,1,109.25,15,0
ITEM009322,ORD002933,PROD0086,1,225.95,15,0
ITEM009323,ORD002933,PROD0243,1,9.19,5,0
ITEM009324,ORD002933,PROD0493,4,44.6,0,0
ITEM009325,ORD001427,PROD0469,1,114.07,5,0
ITEM009326,ORD001427,PROD0366,3,858.21,0,0
ITEM009327,ORD003042,PROD0054,1,6.32,15,0
ITEM009328,ORD003042,PROD0179,1,381.74,25,0
ITEM009329,ORD003090,PROD0241,-2,48.85,20,1
ITEM009330,ORD001546,PROD0186,4,36.84,50,0
ITEM009331,ORD001546,PROD0469,3,111.64,50,0
ITEM009332,ORD004519,PROD0030,1,399.11,0,0
ITEM009333,ORD004519,PROD0177,1,98.42,20,0
ITEM009334,ORD000372,PROD0202,1,7.05,15,0
ITEM009335,ORD000372,PROD0444,1,9.71,0,0
ITEM009336,ORD002687,PROD0176,1,735.66,40,0
ITEM009337,ORD004682,PROD0119,4,16.37,10,0
ITEM009338,ORD000717,PROD0186,2,36.76,0,0
ITEM009339,ORD000717,PROD0469,1,115.37,0,0
ITEM009340,ORD003712,PROD0088,1,86.89,15,0
ITEM009341,ORD003712,PROD0446,1,210.05,40,0
ITEM009342,ORD001582,PROD0105,2,179.04,30,0
ITEM009343,ORD001582,PROD0227,2,56.27,10,0
ITEM009344,ORD001985,PROD0006,1,5.5,40,0
ITEM009345,ORD001985,PROD0429,1,144.79,15,0
ITEM009346,ORD001985,PROD0089,1,175.48,40,0
ITEM009347,ORD001985,PROD0282,2,30.15,0,0
ITEM009348,ORD001985,PROD0155,1,1108.79,0,0
ITEM009349,ORD001598,PROD0228,1,121.1,5,0
ITEM009350,ORD001598,PROD0060,2,273.0,50,0
ITEM009351,ORD001966,PROD0203,1,353.0,40,0
ITEM009352,ORD000631,PROD0208,1,480.43,10,0
ITEM009353,ORD000631,PROD0181,1,66.89,30,0
ITEM009354,ORD000556,PROD0208,2,466.84,20,0
ITEM009355,ORD000556,PROD0181,3,67.01,50,0
ITEM009356,ORD000873,PROD0432,2,296.53,25,0
ITEM009357,ORD000873,PROD0119,2,16.14,20,0
ITEM009358,ORD004343,PROD0097,3,525.25,0,0
ITEM009359,ORD004343,PROD0379,2,14.41,20,0
ITEM009360,ORD003285,PROD0181,4,67.56,15,0
ITEM009361,ORD003285,PROD0258,3,192.49,20,0
ITEM009362,ORD003285,PROD0495,2,76.68,20,0
ITEM009363,ORD000572,PROD0181,1,67.81,0,0
ITEM009364,ORD000572,PROD0432,1,298.21,0,0
ITEM009365,ORD001204,PROD0292,4,14.83,25,0
ITEM009366,ORD001204,PROD0312,1,1515.06,40,0
ITEM009367,ORD002269,PROD0114,2,236.19,40,0
ITEM009368,ORD002269,PROD0244,1,254.51,50,0
ITEM009369,ORD002269,PROD0292,1,15.53,15,0
ITEM009370,ORD002269,PROD0064,1,824.75,0,0
ITEM009371,ORD002076,PROD0485,1,55.86,30,0
ITEM009372,ORD002076,PROD0300,3,20.2,20,0
ITEM009373,ORD002076,PROD0114,1,228.73,40,0
ITEM009374,ORD000177,PROD0471,3,1075.87,40,0
ITEM009375,ORD003717,PROD0165,2,6.59,25,0
ITEM009376,ORD001045,PROD0344,2,2293.09,5,0
ITEM009377,ORD001045,PROD0465,1,177.84,30,0
ITEM009378,ORD001045,PROD0444,1,9.58,0,0
ITEM009379,ORD002094,PROD0082,2,541.11,20,0
ITEM009380,ORD002094,PROD0260,1,1301.07,25,0
ITEM009381,ORD000725,PROD0006,1,5.53,5,0
ITEM009382,ORD000725,PROD0382,2,1490.47,5,0
ITEM009383,ORD000725,PROD0181,1,65.93,0,0
ITEM009384,ORD000040,PROD0198,1,224.67,20,0
ITEM009385,ORD001047,PROD0241,-1,48.16,30,1
ITEM009386,ORD001047,PROD0200,-2,753.06,10,1
ITEM009387,ORD002045,PROD0006,1,5.4,0,0
ITEM009388,ORD002045,PROD0073,1,119.5,40,0
ITEM009389,ORD002045,PROD0232,2,24.43,15,0
ITEM009390,ORD002045,PROD0219,1,950.03,50,0
ITEM009391,ORD002045,PROD0249,1,8.02,50,0
ITEM009392,ORD002633,PROD0182,3,813.37,40,0
ITEM009393,ORD002633,PROD0307,1,36.76,25,0
ITEM009394,ORD002633,PROD0280,2,1071.32,5,0
ITEM009395,ORD002633,PROD0117,2,369.23,5,0
ITEM009396,ORD000626,PROD0086,2,229.26,10,0
ITEM009397,ORD000626,PROD0467,1,748.25,30,0
ITEM009398,ORD000944,PROD0051,2,147.93,30,0
ITEM009399,ORD001780,PROD0132,1,67.61,15,0
ITEM009400,ORD001780,PROD0227,4,55.69,10,0
ITEM009401,ORD002943,PROD0196,1,45.54,10,0
ITEM009402,ORD002943,PROD0371,1,599.37,10,0
ITEM009403,ORD001168,PROD0275,2,114.28,30,0
ITEM009404,ORD001168,PROD0086,1,232.15,0,0
ITEM009405,ORD001168,PROD0282,1,30.23,0,0
ITEM009406,ORD003056,PROD0270,2,40.89,40,0
ITEM009407,ORD000171,PROD0469,1,115.63,5,0
ITEM009408,ORD000171,PROD0366,1,904.72,15,0
ITEM009409,ORD000171,PROD0208,1,467.13,0,0
ITEM009410,ORD000171,PROD0253,3,90.52,0,0
ITEM009411,ORD002405,PROD0055,1,62.65,10,0
ITEM009412,ORD003494,PROD0326,1,64.28,5,0
ITEM009413,ORD003494,PROD0242,2,4.72,10,0
ITEM009414,ORD003494,PROD0006,2,5.5,10,0
ITEM009415,ORD003494,PROD0086,2,227.76,0,0
ITEM009416,ORD003494,PROD0066,1,31.59,20,0
ITEM009417,ORD004590,PROD0428,1,1816.46,5,0
ITEM009418,ORD000831,PROD0030,1,404.52,25,0
ITEM009419,ORD000831,PROD0177,1,100.82,5,0
ITEM009420,ORD002397,PROD0275,2,115.12,10,0
ITEM009421,ORD002397,PROD0086,1,237.02,0,0
ITEM009422,ORD000761,PROD0137,1,222.26,30,0
ITEM009423,ORD000761,PROD0389,1,142.02,5,0
ITEM009424,ORD000761,PROD0200,2,757.44,0,0
ITEM009425,ORD000761,PROD0105,1,170.69,30,0
ITEM009426,ORD003358,PROD0453,2,24.65,10,0
ITEM009427,ORD003358,PROD0238,1,46.18,10,0
ITEM009428,ORD002923,PROD0111,1,165.55,15,0
ITEM009429,ORD002923,PROD0149,1,1211.51,40,0
ITEM009430,ORD002923,PROD0446,4,203.09,20,0
ITEM009431,ORD004567,PROD0465,4,178.38,30,0
ITEM009432,ORD002613,PROD0238,1,46.11,20,0
ITEM009433,ORD004246,PROD0328,2,15.88,30,0
ITEM009434,ORD002396,PROD0489,1,37.4,10,0
ITEM009435,ORD002396,PROD0457,1,107.36,15,0
ITEM009436,ORD000672,PROD0292,1,15.4,30,0
ITEM009437,ORD000672,PROD0101,2,377.19,20,0
ITEM009438,ORD000672,PROD0366,1,860.46,5,0
ITEM009439,ORD000672,PROD0099,3,12.86,0,0
ITEM009440,ORD000672,PROD0264,1,33.71,0,0
ITEM009441,ORD003021,PROD0470,1,21.52,25,0
ITEM009442,ORD003671,PROD0259,1,1272.34,40,0
ITEM009443,ORD003671,PROD0485,4,56.38,5,0
ITEM009444,ORD003671,PROD0109,2,1285.98,50,0
ITEM009445,ORD003671,PROD0097,2,544.24,30,0
ITEM009446,ORD000946,PROD0054,3,6.04,15,0
ITEM009447,ORD000410,PROD0465,3,182.78,0,0
ITEM009448,ORD000751,PROD0181,1,65.92,0,0
ITEM009449,ORD000751,PROD0258,2,192.17,30,0
ITEM009450,ORD000751,PROD0471,2,1094.37,40,0
ITEM009451,ORD000751,PROD0434,1,42.56,25,0
ITEM009452,ORD003340,PROD0014,-1,323.04,25,1
ITEM009453,ORD003340,PROD0318,-2,481.31,40,1
ITEM009454,ORD001511,PROD0192,1,214.43,0,0
ITEM009455,ORD001511,PROD0232,1,25.0,10,0
ITEM009456,ORD002839,PROD0482,2,531.2,40,0
ITEM009457,ORD002839,PROD0030,1,410.27,0,0
ITEM009458,ORD002839,PROD0354,2,278.75,20,0
ITEM009459,ORD002839,PROD0447,2,1146.48,15,0
ITEM009460,ORD000857,PROD0186,1,36.22,10,0
ITEM009461,ORD000857,PROD0469,1,111.64,5,0
ITEM009462,ORD000741,PROD0432,1,294.44,0,0
ITEM009463,ORD000741,PROD0193,1,954.48,15,0
ITEM009464,ORD000741,PROD0267,1,51.63,20,0
ITEM009465,ORD000741,PROD0444,3,9.28,15,0
ITEM009466,ORD002112,PROD0467,1,764.96,50,0
ITEM009467,ORD002112,PROD0208,1,456.12,10,0
ITEM009468,ORD001853,PROD0106,3,552.69,0,0
ITEM009469,ORD001853,PROD0137,1,229.25,40,0
ITEM009470,ORD001853,PROD0444,1,9.19,15,0
ITEM009471,ORD001853,PROD0487,1,238.99,0,0
ITEM009472,ORD004354,PROD0299,1,2017.55,10,0
ITEM009473,ORD000802,PROD0446,2,207.13,40,0
ITEM009474,ORD000931,PROD0182,1,825.89,20,0
ITEM009475,ORD000931,PROD0477,3,207.05,5,0
ITEM009476,ORD000272,PROD0202,1,6.88,50,0
ITEM009477,ORD000272,PROD0444,1,9.35,0,0
ITEM009478,ORD002572,PROD0181,1,68.11,30,0
ITEM009479,ORD002572,PROD0258,1,202.88,0,0
ITEM009480,ORD000320,PROD0105,2,170.7,40,0
ITEM009481,ORD000320,PROD0219,1,991.77,5,0
ITEM009482,ORD004483,PROD0159,1,52.15,40,0
ITEM009483,ORD004483,PROD0183,1,267.99,10,0
ITEM009484,ORD001167,PROD0128,1,31.04,15,0
ITEM009485,ORD001167,PROD0270,3,41.02,15,0
ITEM009486,ORD001461,PROD0467,1,748.42,0,0
ITEM009487,ORD001461,PROD0208,1,457.31,25,0
ITEM009488,ORD001461,PROD0044,1,17.53,30,0
ITEM009489,ORD001461,PROD0299,4,1916.84,25,0
ITEM009490,ORD001650,PROD0482,2,535.73,20,0
ITEM009491,ORD001650,PROD0030,1,406.0,0,0
ITEM009492,ORD002116,PROD0067,1,95.25,10,0
ITEM009493,ORD002116,PROD0237,1,744.78,0,0
ITEM009494,ORD002116,PROD0090,1,1199.62,10,0
ITEM009495,ORD000252,PROD0254,2,7.5,50,0
ITEM009496,ORD000252,PROD0208,1,460.69,30,0
ITEM009497,ORD003228,PROD0486,4,27.02,30,0
ITEM009498,ORD003228,PROD0073,1,117.63,30,0
ITEM009499,ORD002953,PROD0186,4,37.01,10,0
ITEM009500,ORD002953,PROD0210,1,124.8,30,0
ITEM009501,ORD002953,PROD0389,1,148.25,10,0
ITEM009502,ORD003334,PROD0192,2,222.5,10,0
ITEM009503,ORD003334,PROD0232,1,25.22,15,0
ITEM009504,ORD001465,PROD0332,-1,1275.8,0,1
ITEM009505,ORD002272,PROD0058,1,746.05,10,0
ITEM009506,ORD001835,PROD0026,1,250.52,5,0
ITEM009507,ORD000789,PROD0236,1,845.24,0,0
ITEM009508,ORD000789,PROD0223,2,146.56,25,0
ITEM009509,ORD002192,PROD0021,2,362.81,50,0
ITEM009510,ORD002192,PROD0477,1,209.72,5,0
ITEM009511,ORD002843,PROD0399,2,34.26,50,0
ITEM009512,ORD002843,PROD0160,3,179.35,0,0
ITEM009513,ORD002843,PROD0024,1,8.29,5,0
ITEM009514,ORD003606,PROD0015,1,482.28,50,0
ITEM009515,ORD003606,PROD0195,2,62.54,5,0
ITEM009516,ORD003606,PROD0155,1,1130.67,30,0
ITEM009517,ORD002697,PROD0320,-1,319.53,10,1
ITEM009518,ORD000449,PROD0288,2,56.27,25,0
ITEM009519,ORD000449,PROD0407,1,210.14,50,0
ITEM009520,ORD001489,PROD0181,1,65.35,50,0
ITEM009521,ORD001489,PROD0432,1,305.08,10,0
ITEM009522,ORD001489,PROD0150,1,443.89,20,0
ITEM009523,ORD002432,PROD0105,2,176.86,0,0
ITEM009524,ORD000901,PROD0135,1,155.46,0,0
ITEM009525,ORD000901,PROD0315,1,10.7,5,0
ITEM009526,ORD000901,PROD0190,4,463.64,10,0
ITEM009527,ORD004617,PROD0382,1,1576.28,10,0
ITEM009528,ORD004617,PROD0108,3,283.69,15,0
ITEM009529,ORD004617,PROD0036,3,99.26,10,0
ITEM009530,ORD001222,PROD0025,1,16.27,10,0
ITEM009531,ORD001222,PROD0047,1,112.98,15,0
ITEM009532,ORD001222,PROD0176,2,742.34,15,0
ITEM009533,ORD001222,PROD0115,1,33.68,0,0
ITEM009534,ORD001222,PROD0147,1,616.62,0,0
ITEM009535,ORD004187,PROD0105,4,171.58,10,0
ITEM009536,ORD004187,PROD0219,1,981.33,10,0
ITEM009537,ORD004187,PROD0089,1,174.34,0,0
ITEM009538,ORD003380,PROD0353,1,1359.11,10,0
ITEM009539,ORD003380,PROD0137,3,219.75,0,0
ITEM009540,ORD003380,PROD0179,3,393.82,30,0
ITEM009541,ORD002281,PROD0232,1,24.99,20,0
ITEM009542,ORD002281,PROD0219,2,996.23,0,0
ITEM009543,ORD000493,PROD0009,1,17.6,50,0
ITEM009544,ORD002393,PROD0415,-1,1472.44,40,1
ITEM009545,ORD002205,PROD0133,1,56.25,10,0
ITEM009546,ORD002200,PROD0319,1,589.14,0,0
ITEM009547,ORD004112,PROD0437,1,31.05,25,0
ITEM009548,ORD004112,PROD0418,1,1518.85,15,0
ITEM009549,ORD001695,PROD0119,-3,16.5,0,1
ITEM009550,ORD001695,PROD0470,-1,22.65,10,1
ITEM009551,ORD004122,PROD0345,2,14.73,30,0
ITEM009552,ORD001901,PROD0467,2,764.33,0,0
ITEM009553,ORD001901,PROD0208,1,480.16,10,0
ITEM009554,ORD001144,PROD0030,1,392.3,10,0
ITEM009555,ORD001144,PROD0429,1,149.05,30,0
ITEM009556,ORD001144,PROD0471,2,1080.09,50,0
ITEM009557,ORD001680,PROD0286,1,31.78,25,0
ITEM009558,ORD001680,PROD0092,1,149.21,10,0
ITEM009559,ORD001680,PROD0418,1,1515.25,30,0
ITEM009560,ORD004741,PROD0136,4,17.46,40,0
ITEM009561,ORD003368,PROD0135,2,155.94,25,0
ITEM009562,ORD003368,PROD0315,3,10.77,40,0
ITEM009563,ORD003001,PROD0380,2,50.41,40,0
ITEM009564,ORD000336,PROD0277,1,883.64,0,0
ITEM009565,ORD000983,PROD0186,1,36.13,15,0
ITEM009566,ORD000983,PROD0366,1,891.65,5,0
ITEM009567,ORD000983,PROD0275,3,108.76,10,0
ITEM009568,ORD000983,PROD0246,1,25.55,0,0
ITEM009569,ORD000983,PROD0179,2,388.5,10,0
ITEM009570,ORD003167,PROD0414,1,166.89,5,0
ITEM009571,ORD001082,PROD0399,1,34.27,50,0
ITEM009572,ORD003041,PROD0186,1,36.13,5,0
ITEM009573,ORD003041,PROD0469,1,115.1,25,0
ITEM009574,ORD003041,PROD0233,1,798.79,0,0
ITEM009575,ORD003041,PROD0414,2,164.03,15,0
ITEM009576,ORD003041,PROD0074,1,31.74,50,0
ITEM009577,ORD000710,PROD0131,2,32.58,5,0
ITEM009578,ORD003109,PROD0441,1,734.36,30,0
ITEM009579,ORD002133,PROD0237,1,738.33,5,0
ITEM009580,ORD002133,PROD0136,1,17.03,10,0
ITEM009581,ORD001196,PROD0232,3,23.87,25,0
ITEM009582,ORD001196,PROD0219,4,970.8,15,0
ITEM009583,ORD002803,PROD0232,2,24.17,50,0
ITEM009584,ORD002803,PROD0086,2,234.5,0,0
ITEM009585,ORD002803,PROD0315,1,10.89,10,0
ITEM009586,ORD004303,PROD0393,1,39.45,0,0
ITEM009587,ORD001122,PROD0356,3,23.73,15,0
ITEM009588,ORD001122,PROD0277,3,908.24,30,0
ITEM009589,ORD001122,PROD0398,3,754.06,0,0
ITEM009590,ORD000813,PROD0441,3,741.98,10,0
ITEM009591,ORD001946,PROD0217,1,40.89,0,0
ITEM009592,ORD001946,PROD0254,3,7.79,0,0
ITEM009593,ORD001946,PROD0231,1,912.27,25,0
ITEM009594,ORD001478,PROD0442,1,11.63,0,0
ITEM009595,ORD001478,PROD0067,1,94.35,0,0
ITEM009596,ORD003756,PROD0082,1,546.42,0,0
ITEM009597,ORD003756,PROD0059,1,34.38,40,0
ITEM009598,ORD003756,PROD0051,1,151.59,50,0
ITEM009599,ORD003756,PROD0496,1,7.11,25,0
ITEM009600,ORD002115,PROD0420,1,14.82,5,0
ITEM009601,ORD002115,PROD0227,2,53.65,20,0
ITEM009602,ORD000956,PROD0106,1,534.78,10,0
ITEM009603,ORD000956,PROD0137,1,226.15,50,0
ITEM009604,ORD003113,PROD0146,2,241.45,20,0
ITEM009605,ORD001927,PROD0097,2,528.59,0,0
ITEM009606,ORD001927,PROD0379,1,15.12,10,0
ITEM009607,ORD004685,PROD0295,2,257.33,5,0
ITEM009608,ORD004685,PROD0497,3,51.62,0,0
ITEM009609,ORD004685,PROD0398,1,780.71,10,0
ITEM009610,ORD004685,PROD0458,3,894.05,50,0
ITEM009611,ORD004685,PROD0287,1,1314.51,10,0
ITEM009612,ORD003000,PROD0041,3,95.55,10,0
ITEM009613,ORD003000,PROD0459,2,40.07,40,0
ITEM009614,ORD003000,PROD0204,4,1438.15,25,0
ITEM009615,ORD003000,PROD0236,2,861.9,30,0
ITEM009616,ORD003266,PROD0382,-1,1553.81,0,1
ITEM009617,ORD000220,PROD0021,1,355.78,5,0
ITEM009618,ORD000669,PROD0478,4,1529.73,20,0
ITEM009619,ORD000669,PROD0102,1,20.98,50,0
ITEM009620,ORD001822,PROD0179,1,381.93,40,0
ITEM009621,ORD003858,PROD0432,1,309.08,15,0
ITEM009622,ORD003858,PROD0034,1,6.58,0,0
ITEM009623,ORD001186,PROD0186,2,36.1,10,0
ITEM009624,ORD001186,PROD0469,2,110.82,50,0
ITEM009625,ORD001055,PROD0486,2,26.63,10,0
ITEM009626,ORD004699,PROD0134,1,18.16,15,0
ITEM009627,ORD003477,PROD0308,4,20.37,25,0
ITEM009628,ORD001062,PROD0174,1,109.81,0,0
ITEM009629,ORD002221,PROD0175,1,516.38,10,0
ITEM009630,ORD002221,PROD0130,3,329.98,20,0
ITEM009631,ORD000679,PROD0135,3,162.32,10,0
ITEM009632,ORD000679,PROD0315,1,11.02,0,0
ITEM009633,ORD000959,PROD0106,1,523.34,0,0
ITEM009634,ORD000959,PROD0137,1,223.82,30,0
ITEM009635,ORD003590,PROD0214,2,516.46,30,0
ITEM009636,ORD003590,PROD0346,2,47.49,20,0
ITEM009637,ORD003406,PROD0155,2,1089.85,5,0
ITEM009638,ORD003406,PROD0373,1,279.8,5,0
ITEM009639,ORD002377,PROD0192,1,215.31,30,0
ITEM009640,ORD002377,PROD0042,3,556.09,25,0
ITEM009641,ORD002377,PROD0175,1,533.42,30,0
ITEM009642,ORD002377,PROD0389,2,145.2,40,0
ITEM009643,ORD004436,PROD0346,1,48.07,5,0
ITEM009644,ORD004436,PROD0305,4,675.18,0,0
ITEM009645,ORD003821,PROD0475,-1,85.94,10,1
ITEM009646,ORD000885,PROD0429,4,149.0,30,0
ITEM009647,ORD000885,PROD0203,3,346.98,100,0
ITEM009648,ORD003666,PROD0132,2,65.45,0,0
ITEM009649,ORD003666,PROD0282,1,29.98,15,0
ITEM009650,ORD003666,PROD0192,1,218.31,0,0
ITEM009651,ORD003666,PROD0115,2,33.46,0,0
ITEM009652,ORD003666,PROD0149,1,1224.96,50,0
ITEM009653,ORD000121,PROD0174,2,109.37,10,0
ITEM009654,ORD001021,PROD0326,1,65.13,0,0
ITEM009655,ORD002749,PROD0001,1,288.42,40,0
ITEM009656,ORD002749,PROD0156,1,194.4,5,0
ITEM009657,ORD002749,PROD0349,1,684.52,25,0
ITEM009658,ORD002749,PROD0121,1,1145.07,20,0
ITEM009659,ORD001633,PROD0154,2,119.17,30,0
ITEM009660,ORD001633,PROD0114,3,232.59,0,0
ITEM009661,ORD003818,PROD0130,1,335.64,10,0
ITEM009662,ORD003818,PROD0014,3,308.86,25,0
ITEM009663,ORD001868,PROD0006,1,5.42,0,0
ITEM009664,ORD001868,PROD0073,2,119.37,0,0
ITEM009665,ORD002477,PROD0008,1,297.88,5,0
ITEM009666,ORD002477,PROD0006,3,5.45,0,0
ITEM009667,ORD002477,PROD0127,1,20.36,20,0
ITEM009668,ORD002644,PROD0192,1,216.2,50,0
ITEM009669,ORD000357,PROD0158,2,81.9,10,0
ITEM009670,ORD000357,PROD0008,1,287.63,10,0
ITEM009671,ORD000357,PROD0296,2,1285.82,0,0
ITEM009672,ORD000306,PROD0110,1,71.54,25,0
ITEM009673,ORD000306,PROD0479,3,39.73,20,0
ITEM009674,ORD000306,PROD0269,3,1155.17,5,0
ITEM009675,ORD000306,PROD0131,1,31.71,0,0
ITEM009676,ORD000306,PROD0379,2,14.3,0,0
ITEM009677,ORD002442,PROD0431,3,2204.96,40,0
ITEM009678,ORD002442,PROD0189,4,76.92,0,0
ITEM009679,ORD002442,PROD0148,1,38.37,10,0
ITEM009680,ORD002442,PROD0356,1,24.31,0,0
ITEM009681,ORD002442,PROD0170,3,27.0,0,0
ITEM009682,ORD000146,PROD0297,1,15.4,0,0
ITEM009683,ORD000146,PROD0179,1,381.46,25,0
ITEM009684,ORD000146,PROD0372,1,613.1,5,0
ITEM009685,ORD002893,PROD0051,1,145.56,0,0
ITEM009686,ORD000613,PROD0179,2,391.81,10,0
ITEM009687,ORD000613,PROD0073,4,113.6,10,0
ITEM009688,ORD001552,PROD0406,1,80.7,10,0
ITEM009689,ORD001552,PROD0033,1,108.9,10,0
ITEM009690,ORD001552,PROD0219,1,972.98,10,0
ITEM009691,ORD003802,PROD0336,2,1692.13,50,0
ITEM009692,ORD003802,PROD0238,2,47.07,0,0
ITEM009693,ORD003973,PROD0103,1,20.7,15,0
ITEM009694,ORD003973,PROD0287,3,1330.1,0,0
ITEM009695,ORD004693,PROD0469,1,116.03,5,0
ITEM009696,ORD004693,PROD0366,1,875.76,50,0
ITEM009697,ORD004693,PROD0264,3,32.76,40,0
ITEM009698,ORD004693,PROD0172,1,764.3,10,0
ITEM009699,ORD000511,PROD0222,1,9.31,30,0
ITEM009700,ORD000511,PROD0009,4,17.45,0,0
ITEM009701,ORD004704,PROD0132,2,64.41,0,0
ITEM009702,ORD004704,PROD0227,2,53.72,50,0
ITEM009703,ORD004704,PROD0109,1,1305.38,25,0
ITEM009704,ORD004704,PROD0482,2,515.97,0,0
ITEM009705,ORD004740,PROD0183,3,275.71,20,0
ITEM009706,ORD004740,PROD0001,1,288.81,20,0
ITEM009707,ORD004740,PROD0297,1,14.91,0,0
ITEM009708,ORD004740,PROD0410,2,202.57,40,0
ITEM009709,ORD004002,PROD0105,1,171.9,15,0
ITEM009710,ORD004002,PROD0219,2,980.5,40,0
ITEM009711,ORD002963,PROD0186,1,36.05,20,0
ITEM009712,ORD002963,PROD0469,1,117.16,25,0
ITEM009713,ORD002963,PROD0364,1,1821.77,40,0
ITEM009714,ORD002963,PROD0362,1,302.55,5,0
ITEM009715,ORD001480,PROD0090,1,1199.63,0,0
ITEM009716,ORD001480,PROD0078,3,1606.9,15,0
ITEM009717,ORD000752,PROD0372,1,597.55,30,0
ITEM009718,ORD000752,PROD0066,3,30.76,0,0
ITEM009719,ORD000752,PROD0202,1,7.06,15,0
ITEM009720,ORD000752,PROD0078,1,1629.38,25,0
ITEM009721,ORD000244,PROD0477,1,204.0,25,0
ITEM009722,ORD000191,PROD0282,2,30.13,25,0
ITEM009723,ORD000191,PROD0130,1,334.7,10,0
ITEM009724,ORD000191,PROD0134,1,18.45,15,0
ITEM009725,ORD000191,PROD0379,1,14.75,0,0
ITEM009726,ORD004281,PROD0036,1,96.31,15,0
ITEM009727,ORD004281,PROD0482,1,509.05,0,0
ITEM009728,ORD004281,PROD0345,1,14.55,10,0
ITEM009729,ORD004281,PROD0494,2,180.82,0,0
ITEM009730,ORD000460,PROD0006,3,5.24,0,0
ITEM009731,ORD000460,PROD0073,1,114.57,50,0
ITEM009732,ORD002934,PROD0467,1,749.75,30,0
ITEM009733,ORD002934,PROD0208,2,473.11,30,0
ITEM009734,ORD002934,PROD0048,1,71.74,0,0
ITEM009735,ORD004440,PROD0430,1,174.94,10,0
ITEM009736,ORD001187,PROD0372,1,616.52,25,0
ITEM009737,ORD001187,PROD0137,2,228.9,0,0
ITEM009738,ORD001187,PROD0383,2,1297.57,30,0
ITEM009739,ORD001187,PROD0279,3,386.52,5,0
ITEM009740,ORD001725,PROD0116,2,24.01,0,0
ITEM009741,ORD001725,PROD0484,1,17.15,0,0
ITEM009742,ORD001725,PROD0229,1,1646.51,0,0
ITEM009743,ORD001725,PROD0072,1,745.46,50,0
ITEM009744,ORD001725,PROD0120,2,180.02,40,0
ITEM009745,ORD003773,PROD0030,2,411.07,0,0
ITEM009746,ORD003773,PROD0415,2,1496.66,0,0
ITEM009747,ORD000022,PROD0200,1,744.75,5,0
ITEM009748,ORD001513,PROD0179,1,389.54,10,0
ITEM009749,ORD001513,PROD0124,1,1217.39,20,0
ITEM009750,ORD004302,PROD0105,3,176.98,50,0
ITEM009751,ORD004302,PROD0227,1,54.34,40,0
ITEM009752,ORD004395,PROD0130,1,342.61,30,0
ITEM009753,ORD004395,PROD0014,1,315.42,30,0
ITEM009754,ORD004190,PROD0141,1,19.62,50,0
ITEM009755,ORD004190,PROD0051,1,146.25,0,0
ITEM009756,ORD001969,PROD0415,1,1520.44,50,0
ITEM009757,ORD001969,PROD0177,1,95.63,20,0
ITEM009758,ORD000933,PROD0086,1,231.96,40,0
ITEM009759,ORD000933,PROD0467,1,756.76,10,0
ITEM009760,ORD000096,PROD0225,3,191.01,30,0
ITEM009761,ORD000464,PROD0130,1,327.97,5,0
ITEM009762,ORD000464,PROD0034,1,6.6,30,0
ITEM009763,ORD000464,PROD0435,1,161.57,10,0
ITEM009764,ORD000464,PROD0131,2,31.42,15,0
ITEM009765,ORD003794,PROD0047,2,115.71,30,0
ITEM009766,ORD003794,PROD0155,2,1132.31,15,0
ITEM009767,ORD000167,PROD0487,3,236.96,25,0
ITEM009768,ORD000167,PROD0295,1,259.61,30,0
ITEM009769,ORD000167,PROD0148,3,37.93,0,0
ITEM009770,ORD000167,PROD0404,1,69.22,40,0
ITEM009771,ORD000099,PROD0237,2,734.02,0,0
ITEM009772,ORD000099,PROD0136,1,17.28,5,0
ITEM009773,ORD000099,PROD0051,1,146.17,50,0
ITEM009774,ORD000099,PROD0029,1,6.49,50,0
ITEM009775,ORD002484,PROD0084,2,1601.83,10,0
ITEM009776,ORD002484,PROD0229,1,1733.87,20,0
ITEM009777,ORD001403,PROD0467,1,749.17,0,0
ITEM009778,ORD000743,PROD0321,2,291.05,5,0
ITEM009779,ORD002043,PROD0130,1,339.1,0,0
ITEM009780,ORD002544,PROD0485,2,57.2,10,0
ITEM009781,ORD002227,PROD0018,-1,1123.21,50,1
ITEM009782,ORD002227,PROD0304,-1,115.09,50,1
ITEM009783,ORD001419,PROD0177,1,100.85,5,0
ITEM009784,ORD001419,PROD0500,1,1284.96,0,0
ITEM009785,ORD002251,PROD0297,1,15.41,5,0
ITEM009786,ORD002251,PROD0179,1,379.11,15,0
ITEM009787,ORD002251,PROD0225,1,195.86,10,0
ITEM009788,ORD000879,PROD0106,1,542.53,15,0
ITEM009789,ORD000879,PROD0137,1,223.48,10,0
ITEM009790,ORD000077,PROD0239,1,1457.25,50,0
ITEM009791,ORD000077,PROD0016,1,397.83,0,0
ITEM009792,ORD000198,PROD0105,2,177.63,0,0
ITEM009793,ORD000198,PROD0219,1,983.77,30,0
ITEM009794,ORD003956,PROD0208,4,456.55,0,0
ITEM009795,ORD003956,PROD0181,1,67.2,20,0
ITEM009796,ORD003956,PROD0072,1,715.29,0,0
ITEM009797,ORD003956,PROD0458,1,909.7,25,0
ITEM009798,ORD003956,PROD0102,1,20.67,30,0
ITEM009799,ORD002465,PROD0468,1,2759.05,5,0
ITEM009800,ORD002465,PROD0199,3,19.09,10,0
ITEM009801,ORD002465,PROD0149,2,1196.92,0,0
ITEM009802,ORD000440,PROD0402,2,8.27,50,0
ITEM009803,ORD001687,PROD0432,1,303.01,10,0
ITEM009804,ORD001687,PROD0193,2,966.12,0,0
ITEM009805,ORD003819,PROD0429,2,144.77,0,0
ITEM009806,ORD002407,PROD0396,2,57.61,10,0
ITEM009807,ORD000637,PROD0383,1,1268.84,10,0
ITEM009808,ORD000637,PROD0266,3,19.65,50,0
ITEM009809,ORD000637,PROD0324,1,304.02,0,0
ITEM009810,ORD000637,PROD0102,3,21.21,25,0
ITEM009811,ORD002754,PROD0262,1,707.37,20,0
ITEM009812,ORD002754,PROD0389,2,148.59,10,0
ITEM009813,ORD001931,PROD0078,3,1611.37,30,0
ITEM009814,ORD001931,PROD0131,2,32.25,15,0
ITEM009815,ORD000940,PROD0165,2,6.43,25,0
ITEM009816,ORD000940,PROD0018,1,1128.96,0,0
ITEM009817,ORD000940,PROD0174,1,113.77,10,0
ITEM009818,ORD000940,PROD0129,1,367.1,5,0
ITEM009819,ORD000116,PROD0054,2,6.17,25,0
ITEM009820,ORD000116,PROD0485,4,55.57,0,0
ITEM009821,ORD000116,PROD0473,1,22.21,20,0
ITEM009822,ORD004671,PROD0149,4,1264.3,25,0
ITEM009823,ORD004671,PROD0254,4,7.78,5,0
ITEM009824,ORD004671,PROD0472,3,293.59,50,0
ITEM009825,ORD003218,PROD0181,4,68.54,10,0
ITEM009826,ORD003218,PROD0258,1,193.23,20,0
ITEM009827,ORD003433,PROD0294,1,15.49,50,0
ITEM009828,ORD003789,PROD0079,2,94.16,50,0
ITEM009829,ORD003789,PROD0470,1,22.15,100,0
ITEM009830,ORD003789,PROD0147,1,638.23,40,0
ITEM009831,ORD000993,PROD0119,1,16.27,40,0
ITEM009832,ORD000208,PROD0266,1,20.4,0,0
ITEM009833,ORD000208,PROD0074,2,32.86,50,0
ITEM009834,ORD002574,PROD0298,-1,21.9,0,1
ITEM009835,ORD003893,PROD0237,2,703.16,25,0
ITEM009836,ORD001771,PROD0275,1,113.4,0,0
ITEM009837,ORD001771,PROD0086,2,236.41,5,0
ITEM009838,ORD002739,PROD0482,1,536.58,25,0
ITEM009839,ORD002739,PROD0030,1,403.07,0,0
ITEM009840,ORD002912,PROD0285,1,44.34,20,0
ITEM009841,ORD001583,PROD0486,1,26.36,5,0
ITEM009843,ORD004049,PROD0281,4,1535.48,30,0
ITEM009844,ORD002916,PROD0108,1,290.45,20,0
ITEM009845,ORD002916,PROD0297,2,15.21,20,0
ITEM009846,ORD002472,PROD0349,1,668.99,0,0
ITEM009847,ORD004608,PROD0097,1,534.42,15,0
ITEM009848,ORD004608,PROD0379,2,15.02,15,0
ITEM009849,ORD002495,PROD0075,2,14.97,15,0
ITEM009850,ORD000476,PROD0398,2,789.84,50,0
ITEM009851,ORD000476,PROD0134,3,18.24,25,0
ITEM009852,ORD001058,PROD0237,-1,724.61,20,1
ITEM009853,ORD001058,PROD0464,-1,351.89,10,1
ITEM009854,ORD004120,PROD0441,1,731.78,10,0
ITEM009855,ORD004120,PROD0311,3,15.73,20,0
ITEM009856,ORD004120,PROD0313,1,46.35,15,0
ITEM009857,ORD001037,PROD0081,1,59.73,15,0
ITEM009858,ORD001037,PROD0232,2,24.32,10,0
ITEM009859,ORD002928,PROD0432,1,296.5,0,0
ITEM009860,ORD002928,PROD0034,2,6.7,10,0
ITEM009861,ORD002928,PROD0155,1,1076.99,30,0
ITEM009862,ORD002928,PROD0259,3,1238.49,40,0
ITEM009863,ORD002172,PROD0111,1,170.09,5,0
ITEM009864,ORD002172,PROD0141,2,19.93,15,0
ITEM009865,ORD002172,PROD0223,1,149.97,20,0
ITEM009866,ORD002172,PROD0469,1,112.87,0,0
ITEM009867,ORD002172,PROD0366,1,888.33,30,0
ITEM009868,ORD002289,PROD0179,3,376.54,20,0
ITEM009869,ORD002289,PROD0299,2,2003.88,0,0
ITEM009870,ORD002690,PROD0018,1,1102.41,15,0
ITEM009871,ORD001281,PROD0295,2,259.99,5,0
ITEM009872,ORD001065,PROD0299,2,1998.34,0,0
ITEM009873,ORD002970,PROD0086,1,233.96,0,0
ITEM009874,ORD002970,PROD0467,1,781.88,40,0
ITEM009875,ORD002970,PROD0026,2,252.76,5,0
ITEM009876,ORD002970,PROD0415,2,1478.79,10,0
ITEM009877,ORD002970,PROD0281,1,1538.27,50,0
ITEM009878,ORD000297,PROD0482,2,517.38,0,0
ITEM009879,ORD000297,PROD0266,3,19.93,15,0
ITEM009880,ORD004474,PROD0236,1,894.11,0,0
ITEM009881,ORD004474,PROD0117,1,369.23,5,0
ITEM009882,ORD002969,PROD0105,1,174.56,15,0
ITEM009883,ORD002969,PROD0219,2,971.25,0,0
ITEM009884,ORD002969,PROD0366,2,881.38,50,0
ITEM009885,ORD002969,PROD0037,2,1256.18,20,0
ITEM009886,ORD004171,PROD0432,2,297.84,20,0
ITEM009887,ORD004171,PROD0034,2,6.82,0,0
ITEM009888,ORD004171,PROD0287,1,1365.46,25,0
ITEM009889,ORD004171,PROD0218,1,527.74,0,0
ITEM009890,ORD004589,PROD0181,1,66.42,0,0
ITEM009891,ORD001575,PROD0097,1,520.44,50,0
ITEM009892,ORD001575,PROD0379,2,14.8,10,0
ITEM009893,ORD001575,PROD0006,1,5.27,15,0
ITEM009894,ORD001575,PROD0168,2,490.67,5,0
ITEM009895,ORD001575,PROD0233,2,815.07,10,0
ITEM009896,ORD003870,PROD0117,1,369.41,40,0
ITEM009897,ORD001422,PROD0137,3,221.64,0,0
ITEM009898,ORD001422,PROD0389,1,148.87,30,0
ITEM009899,ORD003080,PROD0062,1,333.44,5,0
ITEM009900,ORD003080,PROD0203,1,341.56,10,0
ITEM009901,ORD003080,PROD0179,1,377.03,40,0
ITEM009902,ORD002599,PROD0092,1,152.92,20,0
ITEM009903,ORD002599,PROD0403,3,304.29,10,0
ITEM009904,ORD002860,PROD0440,1,203.69,10,0
ITEM009905,ORD003096,PROD0304,4,111.91,40,0
ITEM009906,ORD003096,PROD0227,1,55.75,40,0
ITEM009907,ORD003096,PROD0315,1,10.84,50,0
ITEM009908,ORD003907,PROD0163,4,380.5,40,0
ITEM009909,ORD001964,PROD0026,2,259.15,10,0
ITEM009910,ORD001964,PROD0366,2,902.01,40,0
ITEM009911,ORD000902,PROD0007,1,16.44,0,0
ITEM009912,ORD004034,PROD0432,1,302.22,0,0
ITEM009913,ORD004034,PROD0193,1,924.28,40,0
ITEM009914,ORD001941,PROD0219,2,976.53,5,0
ITEM009915,ORD001941,PROD0186,2,36.45,0,0
ITEM009916,ORD003871,PROD0275,1,112.63,50,0
ITEM009917,ORD003871,PROD0086,2,228.61,30,0
ITEM009918,ORD001423,PROD0469,1,115.52,10,0
ITEM009919,ORD001423,PROD0366,1,854.26,10,0
ITEM009920,ORD003371,PROD0170,2,26.46,10,0
ITEM009921,ORD002635,PROD0006,4,5.45,30,0
ITEM009923,ORD002635,PROD0002,2,1491.56,0,0
ITEM009924,ORD002300,PROD0421,2,268.39,0,0
ITEM009925,ORD002300,PROD0255,1,66.44,50,0
ITEM009926,ORD002300,PROD0491,1,26.91,40,0
ITEM009927,ORD000539,PROD0105,1,175.87,10,0
ITEM009928,ORD000539,PROD0227,1,56.33,0,0
ITEM009929,ORD000539,PROD0458,4,890.52,15,0
ITEM009930,ORD000539,PROD0102,1,20.79,15,0
ITEM009931,ORD003813,PROD0030,1,405.38,20,0
ITEM009932,ORD003813,PROD0177,1,97.35,10,0
ITEM009933,ORD002462,PROD0105,3,170.89,40,0
ITEM009934,ORD002462,PROD0227,2,53.72,0,0
ITEM009935,ORD002140,PROD0487,3,235.24,10,0
ITEM009936,ORD002140,PROD0249,3,8.17,0,0
ITEM009937,ORD002525,PROD0244,2,247.93,20,0
ITEM009938,ORD002525,PROD0190,1,475.97,20,0
ITEM009939,ORD000471,PROD0018,2,1086.28,15,0
ITEM009940,ORD000471,PROD0153,2,55.73,30,0
ITEM009941,ORD003953,PROD0219,2,958.69,10,0
ITEM009942,ORD003909,PROD0132,2,66.96,0,0
ITEM009943,ORD003909,PROD0227,1,56.11,25,0
ITEM009944,ORD004346,PROD0259,1,1282.56,10,0
ITEM009945,ORD003071,PROD0230,3,6.43,10,0
ITEM009946,ORD003071,PROD0196,1,46.49,10,0
ITEM009947,ORD003071,PROD0444,1,9.38,10,0
ITEM009948,ORD003071,PROD0440,1,201.06,25,0
ITEM009949,ORD000907,PROD0389,2,140.54,0,0
ITEM009950,ORD000907,PROD0008,1,296.52,40,0
ITEM009951,ORD000907,PROD0016,1,415.89,20,0
ITEM009952,ORD003641,PROD0101,3,380.91,50,0
ITEM009953,ORD003641,PROD0122,1,546.97,5,0
ITEM009954,ORD003641,PROD0134,1,18.39,0,0
ITEM009955,ORD002413,PROD0202,1,6.99,10,0
ITEM009956,ORD002413,PROD0444,2,9.6,0,0
ITEM009957,ORD002413,PROD0267,2,49.15,15,0
ITEM009958,ORD001772,PROD0243,-4,8.76,20,1
ITEM009959,ORD004452,PROD0056,1,1352.59,0,0
ITEM009960,ORD000072,PROD0306,1,26.15,30,0
ITEM009961,ORD004481,PROD0491,1,26.55,20,0
ITEM009962,ORD004481,PROD0354,2,282.83,0,0
ITEM009963,ORD000952,PROD0202,1,6.89,0,0
ITEM009964,ORD000952,PROD0444,1,9.59,0,0
ITEM009965,ORD004211,PROD0467,1,753.17,25,0
ITEM009966,ORD004211,PROD0208,2,464.25,5,0
ITEM009967,ORD001380,PROD0219,2,998.18,10,0
ITEM009968,ORD001380,PROD0211,1,90.97,10,0
ITEM009969,ORD001380,PROD0465,1,176.3,30,0
ITEM009970,ORD001380,PROD0117,3,366.62,25,0
ITEM009971,ORD003737,PROD0478,3,1487.2,5,0
ITEM009972,ORD003737,PROD0127,1,20.59,40,0
ITEM009973,ORD003737,PROD0022,1,122.95,0,0
ITEM009974,ORD000934,PROD0335,1,145.86,0,0
ITEM009975,ORD000934,PROD0287,1,1333.63,25,0
ITEM009976,ORD000604,PROD0440,1,200.98,5,0
ITEM009977,ORD000604,PROD0081,1,60.79,5,0
ITEM009978,ORD000604,PROD0308,2,20.27,0,0
ITEM009979,ORD000604,PROD0193,1,967.32,30,0
ITEM009980,ORD000190,PROD0407,2,210.09,0,0
ITEM009981,ORD000190,PROD0123,1,34.81,40,0
ITEM009982,ORD000190,PROD0485,2,57.7,20,0
ITEM009983,ORD002628,PROD0006,1,5.43,0,0
ITEM009984,ORD002628,PROD0192,2,224.98,0,0
ITEM009985,ORD002628,PROD0315,1,10.76,40,0
ITEM009986,ORD002027,PROD0074,1,31.98,30,0
ITEM009987,ORD002027,PROD0105,2,172.57,0,0
ITEM009988,ORD000089,PROD0304,1,110.94,0,0
ITEM009989,ORD000089,PROD0430,3,176.12,15,0
ITEM009990,ORD002321,PROD0193,1,937.37,20,0
ITEM009991,ORD002321,PROD0484,1,17.22,10,0
ITEM009992,ORD002321,PROD0485,1,55.97,40,0
ITEM009993,ORD002321,PROD0443,1,149.15,10,0
ITEM009994,ORD003860,PROD0202,2,7.0,25,0
ITEM009995,ORD003860,PROD0444,1,9.61,0,0
ITEM009996,ORD001790,PROD0252,1,23.03,10,0
ITEM009997,ORD000997,PROD0307,1,35.31,10,0
ITEM009998,ORD000997,PROD0183,2,276.98,25,0
ITEM009999,ORD000997,PROD0479,1,40.0,50,0
ITEM010000,ORD000997,PROD0160,1,174.5,30,0
ITEM010001,ORD001749,PROD0349,2,655.37,10,0
ITEM010002,ORD001749,PROD0447,1,1113.88,40,0
ITEM010003,ORD002190,PROD0090,1,1139.95,25,0
ITEM010004,ORD002190,PROD0094,1,12.96,0,0
ITEM010005,ORD004145,PROD0266,3,20.8,0,0
ITEM010006,ORD001009,PROD0477,1,215.48,40,0
ITEM010007,ORD004692,PROD0108,3,285.95,25,0
ITEM010008,ORD004692,PROD0496,1,7.21,20,0
ITEM010009,ORD004692,PROD0297,2,14.77,20,0
ITEM010010,ORD004692,PROD0033,1,107.78,15,0
ITEM010011,ORD002654,PROD0432,1,305.92,10,0
ITEM010012,ORD002654,PROD0193,1,934.15,0,0
ITEM010013,ORD004396,PROD0109,1,1271.57,25,0
ITEM010014,ORD004396,PROD0114,4,227.13,40,0
ITEM010015,ORD004396,PROD0183,1,262.59,50,0
ITEM010016,ORD003798,PROD0416,1,75.51,0,0
ITEM010017,ORD003798,PROD0315,1,10.98,15,0
ITEM010018,ORD001464,PROD0486,2,25.76,25,0
ITEM010019,ORD004138,PROD0195,2,63.89,30,0
ITEM010020,ORD004362,PROD0101,1,370.1,10,0
ITEM010021,ORD004362,PROD0408,1,22.88,15,0
ITEM010022,ORD004362,PROD0050,1,10.06,0,0
ITEM010023,ORD003944,PROD0012,1,103.86,20,0
ITEM010024,ORD003944,PROD0132,2,67.3,10,0
ITEM010025,ORD003944,PROD0078,1,1675.84,0,0
ITEM010026,ORD003944,PROD0254,1,7.79,10,0
ITEM010027,ORD002008,PROD0031,1,306.99,0,0
ITEM010028,ORD002585,PROD0469,1,113.65,20,0
ITEM010029,ORD002585,PROD0366,1,859.53,15,0
ITEM010030,ORD002585,PROD0149,4,1199.82,0,0
ITEM010031,ORD002585,PROD0459,2,41.08,10,0
ITEM010032,ORD002585,PROD0275,1,109.85,10,0
ITEM010033,ORD002980,PROD0354,3,283.95,25,0
ITEM010034,ORD002980,PROD0067,3,96.25,5,0
ITEM010035,ORD004043,PROD0149,1,1248.78,30,0
ITEM010036,ORD004043,PROD0396,4,57.67,20,0
ITEM010037,ORD001762,PROD0030,1,406.69,0,0
ITEM010038,ORD001762,PROD0177,1,99.77,5,0
ITEM010039,ORD001762,PROD0238,1,46.7,15,0
ITEM010040,ORD003772,PROD0175,2,517.69,0,0
ITEM010041,ORD003772,PROD0346,2,46.83,40,0
ITEM010042,ORD004321,PROD0134,1,18.31,0,0
ITEM010043,ORD004321,PROD0090,1,1167.75,40,0
ITEM010044,ORD004321,PROD0137,1,223.75,15,0
ITEM010045,ORD004321,PROD0203,1,350.0,10,0
ITEM010046,ORD003554,PROD0252,2,22.7,0,0
ITEM010047,ORD003554,PROD0331,4,85.52,15,0
ITEM010048,ORD000074,PROD0252,3,22.4,50,0
ITEM010049,ORD000074,PROD0034,1,6.52,40,0
ITEM010050,ORD000074,PROD0132,1,66.92,50,0
ITEM010051,ORD000074,PROD0150,1,434.09,10,0
ITEM010052,ORD002046,PROD0062,2,327.49,10,0
ITEM010053,ORD002046,PROD0304,1,114.7,0,0
ITEM010054,ORD002046,PROD0221,2,84.08,20,0
ITEM010055,ORD002046,PROD0051,2,144.74,0,0
ITEM010056,ORD002022,PROD0092,1,146.92,10,0
ITEM010057,ORD002022,PROD0315,3,10.88,30,0
ITEM010058,ORD000296,PROD0181,1,66.8,15,0
ITEM010059,ORD000296,PROD0258,4,195.05,25,0
ITEM010060,ORD000296,PROD0173,4,42.16,5,0
ITEM010061,ORD000296,PROD0007,2,16.48,40,0
ITEM010062,ORD003695,PROD0103,1,20.82,0,0
ITEM010063,ORD003695,PROD0137,3,226.43,0,0
ITEM010064,ORD003731,PROD0215,1,16.09,10,0
ITEM010065,ORD003731,PROD0027,1,76.31,0,0
ITEM010066,ORD003731,PROD0078,4,1617.73,15,0
ITEM010067,ORD000793,PROD0367,2,1165.36,15,0
ITEM010068,ORD000924,PROD0432,1,304.7,25,0
ITEM010069,ORD002696,PROD0226,1,1632.25,30,0
ITEM010070,ORD000315,PROD0053,1,34.5,0,0
ITEM010071,ORD002024,PROD0186,1,36.41,0,0
ITEM010072,ORD002024,PROD0469,1,114.45,25,0
ITEM010073,ORD004036,PROD0415,2,1507.07,10,0
ITEM010074,ORD004036,PROD0228,3,121.83,5,0
ITEM010075,ORD000976,PROD0497,1,52.53,50,0
ITEM010076,ORD000976,PROD0047,2,118.7,0,0
ITEM010077,ORD000976,PROD0237,1,723.11,40,0
ITEM010078,ORD000976,PROD0407,3,217.89,0,0
ITEM010079,ORD004290,PROD0275,3,114.27,15,0
ITEM010080,ORD004290,PROD0086,2,225.46,20,0
ITEM010081,ORD001319,PROD0487,3,236.77,0,0
ITEM010082,ORD001319,PROD0485,1,55.44,0,0
ITEM010083,ORD004701,PROD0432,1,294.76,25,0
ITEM010084,ORD004701,PROD0193,2,956.3,10,0
ITEM010085,ORD003655,PROD0051,3,153.38,15,0
ITEM010086,ORD003655,PROD0236,1,871.93,10,0
ITEM010087,ORD003587,PROD0106,2,527.99,15,0
ITEM010088,ORD004229,PROD0229,2,1735.26,30,0
ITEM010089,ORD004229,PROD0380,2,50.47,15,0
ITEM010090,ORD004229,PROD0067,1,92.96,0,0
ITEM010091,ORD004229,PROD0303,1,47.79,10,0
ITEM010092,ORD004355,PROD0208,1,469.92,40,0
ITEM010093,ORD004355,PROD0181,1,66.59,40,0
ITEM010094,ORD002468,PROD0354,1,284.25,0,0
ITEM010095,ORD002468,PROD0147,3,615.62,40,0
ITEM010096,ORD002468,PROD0305,2,688.21,0,0
ITEM010097,ORD002059,PROD0130,2,343.92,10,0
ITEM010098,ORD002059,PROD0034,4,6.85,0,0
ITEM010099,ORD003301,PROD0487,2,231.44,15,0
ITEM010100,ORD003506,PROD0106,3,524.67,40,0
ITEM010101,ORD003506,PROD0137,2,221.2,50,0
ITEM010102,ORD004479,PROD0346,1,48.86,0,0
ITEM010103,ORD004479,PROD0067,1,96.56,25,0
ITEM010104,ORD001982,PROD0297,1,14.93,25,0
ITEM010105,ORD001982,PROD0155,4,1109.45,15,0
ITEM010106,ORD001982,PROD0457,1,104.19,15,0
ITEM010107,ORD000245,PROD0109,1,1273.7,10,0
ITEM010108,ORD000245,PROD0497,1,51.76,5,0
ITEM010109,ORD000166,PROD0479,4,38.59,0,0
ITEM010110,ORD000166,PROD0489,4,37.55,0,0
ITEM010111,ORD000808,PROD0365,1,214.17,0,0
ITEM010112,ORD000286,PROD0484,1,17.17,5,0
ITEM010113,ORD000286,PROD0359,4,37.75,40,0
ITEM010114,ORD001551,PROD0230,1,6.39,10,0
ITEM010115,ORD001551,PROD0379,2,14.29,5,0
ITEM010116,ORD000715,PROD0181,2,65.0,0,0
ITEM010117,ORD000715,PROD0432,1,294.07,15,0
ITEM010118,ORD003545,PROD0173,1,42.85,50,0
ITEM010119,ORD003545,PROD0111,1,168.71,40,0
ITEM010120,ORD000807,PROD0138,-2,160.79,5,1
ITEM010121,ORD000807,PROD0464,-3,342.16,0,1
ITEM010122,ORD002152,PROD0268,2,152.38,15,0
ITEM010123,ORD002152,PROD0492,1,85.62,5,0
ITEM010124,ORD002582,PROD0371,1,584.98,5,0
ITEM010125,ORD002582,PROD0030,3,401.17,40,0
ITEM010126,ORD002582,PROD0109,2,1282.18,0,0
ITEM010127,ORD002582,PROD0101,1,383.69,20,0
ITEM010128,ORD003658,PROD0471,1,1102.58,40,0
ITEM010129,ORD003658,PROD0285,2,43.72,5,0
ITEM010130,ORD003658,PROD0237,1,705.56,10,0
ITEM010131,ORD003658,PROD0384,3,1551.02,20,0
ITEM010132,ORD002151,PROD0202,2,6.78,40,0
ITEM010133,ORD002151,PROD0444,2,9.68,25,0
ITEM010134,ORD002151,PROD0485,3,55.05,20,0
ITEM010135,ORD004337,PROD0300,1,21.13,15,0
ITEM010136,ORD004492,PROD0181,1,65.7,10,0
ITEM010137,ORD004492,PROD0190,3,467.48,5,0
ITEM010138,ORD004492,PROD0364,3,1796.79,20,0
ITEM010139,ORD002276,PROD0473,3,22.48,20,0
ITEM010140,ORD000549,PROD0025,1,17.11,25,0
ITEM010141,ORD000549,PROD0074,1,33.4,0,0
ITEM010142,ORD000549,PROD0052,1,138.95,5,0
ITEM010143,ORD001002,PROD0086,3,234.18,0,0
ITEM010144,ORD001002,PROD0467,1,739.36,5,0
ITEM010145,ORD001212,PROD0181,2,67.11,0,0
ITEM010146,ORD001212,PROD0258,1,198.13,30,0
ITEM010147,ORD001466,PROD0346,1,47.54,5,0
ITEM010148,ORD001466,PROD0264,1,32.2,5,0
ITEM010149,ORD001466,PROD0279,2,369.52,0,0
ITEM010150,ORD001466,PROD0210,1,119.45,25,0
ITEM010151,ORD001646,PROD0202,1,7.07,0,0
ITEM010152,ORD001646,PROD0444,1,9.46,10,0
ITEM010153,ORD001646,PROD0118,2,33.54,0,0
ITEM010154,ORD000988,PROD0262,2,704.95,50,0
ITEM010155,ORD000988,PROD0223,1,144.79,0,0
ITEM010156,ORD001014,PROD0081,2,60.53,10,0
ITEM010157,ORD001014,PROD0176,3,733.32,25,0
ITEM010158,ORD004517,PROD0459,2,40.59,50,0
ITEM010159,ORD000264,PROD0195,3,63.94,5,0
ITEM010160,ORD000264,PROD0077,1,936.39,20,0
ITEM010161,ORD000264,PROD0304,1,111.61,10,0
ITEM010162,ORD000264,PROD0211,1,89.64,15,0
ITEM010163,ORD001572,PROD0015,3,474.26,10,0
ITEM010164,ORD001572,PROD0469,1,114.81,15,0
ITEM010165,ORD002476,PROD0277,4,897.22,25,0
ITEM010166,ORD002476,PROD0482,3,513.76,20,0
ITEM010167,ORD002476,PROD0057,2,54.03,10,0
ITEM010168,ORD002119,PROD0132,1,67.7,0,0
ITEM010169,ORD002119,PROD0193,1,936.21,0,0
ITEM010170,ORD002119,PROD0117,1,377.33,0,0
ITEM010171,ORD002119,PROD0242,1,4.82,40,0
ITEM010172,ORD002119,PROD0141,1,19.98,20,0
ITEM010173,ORD002121,PROD0486,2,26.69,10,0
ITEM010174,ORD002056,PROD0137,2,223.52,40,0
ITEM010175,ORD002056,PROD0389,4,143.61,15,0
ITEM010176,ORD001850,PROD0186,2,35.75,20,0
ITEM010177,ORD001850,PROD0469,2,115.33,5,0
ITEM010178,ORD001850,PROD0370,1,51.26,20,0
ITEM010179,ORD002131,PROD0208,2,461.61,0,0
ITEM010180,ORD002131,PROD0181,1,68.76,0,0
ITEM010181,ORD002131,PROD0299,2,1902.97,0,0
ITEM010182,ORD001203,PROD0367,1,1173.57,50,0
ITEM010183,ORD001203,PROD0244,4,240.24,10,0
ITEM010184,ORD001203,PROD0242,1,4.76,20,0
ITEM010185,ORD001203,PROD0181,1,64.9,40,0
ITEM010186,ORD004639,PROD0084,1,1554.22,0,0
ITEM010187,ORD004639,PROD0455,1,6.12,0,0
ITEM010188,ORD004639,PROD0022,2,123.73,0,0
ITEM010189,ORD004639,PROD0300,2,21.22,5,0
ITEM010190,ORD004639,PROD0100,3,1328.45,25,0
ITEM010191,ORD003800,PROD0219,3,952.15,25,0
ITEM010192,ORD003800,PROD0186,2,36.08,10,0
ITEM010193,ORD003161,PROD0130,3,345.07,0,0
ITEM010194,ORD003161,PROD0014,2,323.47,30,0
ITEM010195,ORD003583,PROD0158,1,79.03,20,0
ITEM010196,ORD003583,PROD0465,4,174.19,40,0
ITEM010197,ORD003586,PROD0081,2,61.54,10,0
ITEM010198,ORD001475,PROD0202,2,6.82,0,0
ITEM010199,ORD001475,PROD0444,2,9.72,20,0
ITEM010200,ORD000804,PROD0097,1,526.13,0,0
ITEM010201,ORD000804,PROD0379,4,15.1,15,0
ITEM010202,ORD001432,PROD0084,1,1563.25,0,0
ITEM010203,ORD001432,PROD0114,3,223.85,0,0
ITEM010204,ORD000847,PROD0219,4,971.39,0,0
ITEM010205,ORD000847,PROD0186,2,37.33,50,0
ITEM010206,ORD000847,PROD0479,1,39.99,10,0
ITEM010207,ORD000370,PROD0006,4,5.52,5,0
ITEM010208,ORD000370,PROD0073,3,113.08,50,0
ITEM010209,ORD000370,PROD0054,2,6.14,0,0
ITEM010210,ORD000461,PROD0218,1,531.38,25,0
ITEM010211,ORD001863,PROD0059,4,33.87,40,0
ITEM010212,ORD001863,PROD0105,1,173.05,40,0
ITEM010213,ORD001863,PROD0398,1,779.92,5,0
ITEM010214,ORD004186,PROD0006,2,5.43,40,0
ITEM010215,ORD004186,PROD0101,1,372.07,10,0
ITEM010216,ORD002106,PROD0215,1,15.91,0,0
ITEM010217,ORD002106,PROD0238,1,46.2,0,0
ITEM010218,ORD002106,PROD0208,2,458.72,0,0
ITEM010219,ORD004118,PROD0132,1,65.52,0,0
ITEM010220,ORD004118,PROD0227,1,55.16,40,0
ITEM010221,ORD004118,PROD0068,2,35.82,30,0
ITEM010222,ORD003308,PROD0130,1,332.95,50,0
ITEM010223,ORD003308,PROD0034,3,6.47,50,0
ITEM010224,ORD002929,PROD0170,2,25.68,0,0
ITEM010225,ORD002340,PROD0184,3,27.26,50,0
ITEM010226,ORD002340,PROD0304,3,111.02,25,0
ITEM010227,ORD002282,PROD0105,1,178.32,15,0
ITEM010228,ORD002282,PROD0219,4,983.43,20,0
ITEM010229,ORD002282,PROD0242,2,4.8,25,0
ITEM010230,ORD002282,PROD0373,1,279.8,0,0
ITEM010231,ORD000294,PROD0130,3,339.28,25,0
ITEM010232,ORD000294,PROD0105,2,178.67,25,0
ITEM010233,ORD002727,PROD0371,1,591.77,40,0
ITEM010234,ORD002727,PROD0137,1,221.91,0,0
ITEM010235,ORD002727,PROD0381,1,29.6,25,0
ITEM010236,ORD001587,PROD0219,2,958.92,50,0
ITEM010237,ORD001587,PROD0186,1,36.2,50,0
ITEM010238,ORD002379,PROD0086,1,227.68,25,0
ITEM010239,ORD002379,PROD0467,1,759.91,10,0
ITEM010240,ORD003943,PROD0166,-2,1049.93,30,1
ITEM010241,ORD001953,PROD0280,2,1110.63,0,0
ITEM010242,ORD001953,PROD0062,1,328.91,15,0
ITEM010243,ORD001953,PROD0447,2,1105.66,10,0
ITEM010244,ORD001953,PROD0473,3,22.67,50,0
ITEM010245,ORD003785,PROD0252,3,22.45,15,0
ITEM010246,ORD003785,PROD0467,3,742.53,15,0
ITEM010247,ORD002748,PROD0181,1,67.49,0,0
ITEM010248,ORD002748,PROD0258,1,199.45,25,0
ITEM010249,ORD003752,PROD0287,1,1388.15,10,0
ITEM010250,ORD003752,PROD0416,1,75.75,40,0
ITEM010251,ORD003752,PROD0345,2,14.67,0,0
ITEM010252,ORD003752,PROD0376,3,156.66,15,0
ITEM010253,ORD001341,PROD0205,1,524.3,0,0
ITEM010254,ORD001341,PROD0025,1,16.64,5,0
ITEM010255,ORD001341,PROD0136,2,16.81,30,0
ITEM010256,ORD000359,PROD0469,1,110.69,5,0
ITEM010257,ORD000359,PROD0366,1,873.88,15,0
ITEM010258,ORD000023,PROD0297,1,15.15,0,0
ITEM010259,ORD000023,PROD0179,2,387.72,50,0
ITEM010260,ORD000023,PROD0073,3,115.21,50,0
ITEM010261,ORD000023,PROD0321,1,285.66,10,0
ITEM010262,ORD002999,PROD0331,1,85.42,40,0
ITEM010263,ORD002999,PROD0250,1,112.96,15,0
ITEM010264,ORD002999,PROD0052,2,137.09,5,0
ITEM010265,ORD002999,PROD0081,3,60.89,15,0
ITEM010266,ORD002999,PROD0440,1,209.72,0,0
ITEM010267,ORD002510,PROD0181,3,64.84,10,0
ITEM010268,ORD002510,PROD0258,2,201.08,0,0
ITEM010269,ORD004279,PROD0184,3,27.64,25,0
ITEM010270,ORD004279,PROD0304,1,115.17,40,0
ITEM010271,ORD004279,PROD0075,3,14.81,5,0
ITEM010272,ORD004279,PROD0135,1,156.19,15,0
ITEM010273,ORD003515,PROD0215,1,16.16,10,0
ITEM010274,ORD000193,PROD0469,1,114.45,0,0
ITEM010275,ORD000748,PROD0202,3,6.98,20,0
ITEM010276,ORD000748,PROD0444,1,9.52,0,0
ITEM010277,ORD003290,PROD0002,1,1530.94,0,0
ITEM010278,ORD003290,PROD0073,2,113.65,10,0
ITEM010279,ORD003290,PROD0005,1,672.6,50,0
ITEM010280,ORD003290,PROD0333,1,24.39,30,0
ITEM010281,ORD002779,PROD0202,1,6.93,0,0
ITEM010282,ORD002779,PROD0444,3,9.23,40,0
ITEM010283,ORD002779,PROD0055,1,60.82,0,0
ITEM010284,ORD000567,PROD0181,1,66.78,0,0
ITEM010285,ORD000567,PROD0258,2,198.95,20,0
ITEM010286,ORD000567,PROD0315,1,10.85,0,0
ITEM010287,ORD004568,PROD0496,4,7.2,10,0
ITEM010288,ORD002175,PROD0432,3,304.57,40,0
ITEM010289,ORD002175,PROD0193,2,970.77,30,0
ITEM010290,ORD004357,PROD0099,1,13.06,15,0
ITEM010291,ORD000920,PROD0135,2,153.81,25,0
ITEM010292,ORD000920,PROD0315,2,10.9,10,0
ITEM010293,ORD000920,PROD0012,1,104.37,20,0
ITEM010294,ORD004658,PROD0006,1,5.26,5,0
ITEM010295,ORD004658,PROD0073,4,118.76,10,0
ITEM010296,ORD004092,PROD0006,1,5.32,20,0
ITEM010297,ORD004092,PROD0073,1,118.48,10,0
ITEM010298,ORD001925,PROD0266,1,20.59,10,0
ITEM010299,ORD004737,PROD0275,4,112.86,0,0
ITEM010300,ORD004737,PROD0086,1,230.8,0,0
ITEM010301,ORD004238,PROD0179,1,388.02,0,0
ITEM010302,ORD003670,PROD0282,3,30.44,0,0
ITEM010303,ORD003670,PROD0347,1,18.85,30,0
ITEM010304,ORD003670,PROD0181,1,66.26,30,0
ITEM010305,ORD003670,PROD0159,1,51.29,40,0
ITEM010306,ORD001595,PROD0297,3,14.96,30,0
ITEM010307,ORD001595,PROD0179,1,375.53,20,0
ITEM010308,ORD003272,PROD0487,3,238.11,0,0
ITEM010309,ORD003979,PROD0371,1,616.45,20,0
ITEM010310,ORD003979,PROD0287,1,1354.82,30,0
ITEM010311,ORD001067,PROD0001,-2,276.4,30,1
ITEM010312,ORD001067,PROD0383,-1,1268.41,30,1
ITEM010313,ORD002680,PROD0078,2,1615.13,0,0
ITEM010314,ORD004449,PROD0398,2,786.72,0,0
ITEM010315,ORD004449,PROD0016,2,405.91,10,0
ITEM010316,ORD000427,PROD0106,1,543.66,25,0
ITEM010317,ORD000427,PROD0137,2,220.72,15,0
ITEM010318,ORD000427,PROD0432,2,306.43,10,0
ITEM010319,ORD000938,PROD0006,3,5.47,0,0
ITEM010320,ORD000938,PROD0073,1,115.21,50,0
ITEM010321,ORD000938,PROD0330,2,29.22,0,0
ITEM010322,ORD000746,PROD0259,1,1279.89,30,0
ITEM010323,ORD000746,PROD0014,1,317.76,0,0
ITEM010324,ORD000775,PROD0429,3,150.09,20,0
ITEM010325,ORD000775,PROD0364,2,1800.36,15,0
ITEM010326,ORD001450,PROD0303,2,48.23,0,0
ITEM010327,ORD001450,PROD0259,1,1280.69,0,0
ITEM010328,ORD001450,PROD0262,2,720.39,10,0
ITEM010329,ORD000143,PROD0472,4,290.79,0,0
ITEM010330,ORD000143,PROD0380,3,49.58,10,0
ITEM010331,ORD000143,PROD0415,1,1537.12,5,0
ITEM010332,ORD000143,PROD0155,1,1102.46,10,0
ITEM010333,ORD003803,PROD0373,1,275.37,25,0
ITEM010334,ORD003803,PROD0005,3,674.98,25,0
ITEM010335,ORD003803,PROD0414,2,167.49,10,0
ITEM010336,ORD003803,PROD0092,2,151.43,15,0
ITEM010337,ORD003803,PROD0097,1,543.47,15,0
ITEM010338,ORD001996,PROD0105,1,169.7,0,0
ITEM010339,ORD001996,PROD0227,1,53.62,20,0
ITEM010340,ORD000569,PROD0219,1,1002.63,40,0
ITEM010341,ORD000569,PROD0186,1,36.33,0,0
ITEM010342,ORD002306,PROD0121,1,1160.05,0,0
ITEM010343,ORD002306,PROD0414,1,169.08,10,0
ITEM010344,ORD004275,PROD0008,2,301.38,50,0
ITEM010345,ORD001711,PROD0237,1,742.28,30,0
ITEM010346,ORD001711,PROD0131,1,32.51,0,0
ITEM010347,ORD000429,PROD0244,1,248.25,0,0
ITEM010348,ORD000429,PROD0315,1,11.26,0,0
ITEM010349,ORD000429,PROD0156,1,186.27,0,0
ITEM010350,ORD004158,PROD0482,1,538.82,10,0
ITEM010351,ORD004158,PROD0030,4,401.88,20,0
ITEM010352,ORD004158,PROD0257,2,19.29,25,0
ITEM010353,ORD004158,PROD0130,2,334.68,10,0
ITEM010354,ORD004158,PROD0164,1,1610.81,5,0
ITEM010355,ORD003627,PROD0260,1,1232.21,40,0
ITEM010356,ORD003627,PROD0153,1,57.74,10,0
ITEM010357,ORD003627,PROD0423,1,89.41,0,0
ITEM010358,ORD003449,PROD0106,1,552.4,50,0
ITEM010359,ORD000097,PROD0192,2,220.67,30,0
ITEM010360,ORD000097,PROD0232,1,24.1,40,0
ITEM010361,ORD002147,PROD0116,1,24.28,25,0
ITEM010362,ORD002147,PROD0067,2,93.15,15,0
ITEM010363,ORD002147,PROD0236,1,843.22,5,0
ITEM010364,ORD002147,PROD0041,2,96.39,25,0
ITEM010365,ORD001997,PROD0249,1,7.85,0,0
ITEM010366,ORD001997,PROD0413,1,387.46,5,0
ITEM010367,ORD004305,PROD0432,2,301.31,40,0
ITEM010368,ORD004305,PROD0034,1,6.74,0,0
ITEM010369,ORD004455,PROD0040,1,76.48,40,0
ITEM010370,ORD004455,PROD0120,1,187.97,0,0
ITEM010371,ORD004455,PROD0491,2,26.39,40,0
ITEM010372,ORD004455,PROD0134,3,18.18,40,0
ITEM010373,ORD003612,PROD0272,2,97.7,0,0
ITEM010374,ORD003612,PROD0424,2,23.22,25,0
ITEM010375,ORD004356,PROD0275,1,114.68,30,0
ITEM010376,ORD004356,PROD0086,1,233.95,40,0
ITEM010377,ORD002813,PROD0181,2,66.29,50,0
ITEM010378,ORD002813,PROD0432,1,305.98,50,0
ITEM010379,ORD001838,PROD0324,4,292.27,10,0
ITEM010380,ORD004669,PROD0149,1,1230.57,0,0
ITEM010381,ORD004669,PROD0163,1,385.39,25,0
ITEM010382,ORD000853,PROD0269,2,1184.19,0,0
ITEM010383,ORD000853,PROD0441,3,720.98,0,0
ITEM010384,ORD002516,PROD0163,3,376.44,20,0
ITEM010385,ORD002516,PROD0465,1,176.95,10,0
ITEM010386,ORD003273,PROD0090,1,1187.99,30,0
ITEM010387,ORD003273,PROD0392,1,54.61,0,0
ITEM010388,ORD003273,PROD0132,4,66.67,10,0
ITEM010389,ORD000120,PROD0481,1,101.31,20,0
ITEM010390,ORD000435,PROD0482,1,522.6,0,0
ITEM010391,ORD000435,PROD0030,1,398.02,0,0
ITEM010392,ORD004657,PROD0202,2,6.98,0,0
ITEM010393,ORD004657,PROD0444,1,9.74,40,0
ITEM010394,ORD004407,PROD0195,1,63.93,25,0
ITEM010395,ORD000487,PROD0230,2,6.59,5,0
ITEM010396,ORD000487,PROD0184,1,28.25,20,0
ITEM010397,ORD004037,PROD0336,2,1702.99,0,0
ITEM010398,ORD004037,PROD0303,1,50.08,10,0
ITEM010399,ORD003327,PROD0234,2,22.96,0,0
ITEM010400,ORD003327,PROD0153,4,55.28,0,0
ITEM010401,ORD003327,PROD0420,1,15.07,20,0
ITEM010402,ORD003327,PROD0088,3,91.18,10,0
ITEM010403,ORD003327,PROD0264,1,32.22,10,0
ITEM010404,ORD002287,PROD0026,2,256.33,0,0
ITEM010405,ORD002287,PROD0094,1,13.37,20,0
ITEM010406,ORD002287,PROD0225,2,195.12,0,0
ITEM010407,ORD002231,PROD0311,1,15.21,25,0
ITEM010408,ORD002231,PROD0237,1,725.99,15,0
ITEM010409,ORD001635,PROD0006,1,5.53,40,0
ITEM010410,ORD001635,PROD0372,4,616.01,0,0
ITEM010411,ORD004119,PROD0219,1,961.58,25,0
ITEM010412,ORD004119,PROD0186,2,37.87,0,0
ITEM010413,ORD004119,PROD0132,2,64.72,40,0
ITEM010414,ORD003864,PROD0465,2,175.39,10,0
ITEM010415,ORD001382,PROD0258,3,192.33,10,0
ITEM010416,ORD001382,PROD0025,1,16.8,0,0
ITEM010417,ORD002384,PROD0243,-1,8.95,25,1
ITEM010418,ORD002384,PROD0064,-3,815.32,20,1
ITEM010419,ORD001755,PROD0105,2,171.91,30,0
ITEM010420,ORD001755,PROD0219,1,987.94,20,0
ITEM010421,ORD002464,PROD0202,2,6.9,0,0
ITEM010422,ORD002464,PROD0160,1,184.45,0,0
ITEM010423,ORD002464,PROD0287,2,1361.92,25,0
ITEM010424,ORD003993,PROD0219,1,985.37,5,0
ITEM010425,ORD003993,PROD0186,1,36.22,0,0
ITEM010426,ORD003993,PROD0193,1,926.81,15,0
ITEM010427,ORD003993,PROD0279,1,369.11,25,0
ITEM010428,ORD000414,PROD0096,2,842.79,15,0
ITEM010429,ORD000414,PROD0430,1,177.94,30,0
ITEM010430,ORD000414,PROD0123,4,34.34,0,0
ITEM010431,ORD000414,PROD0189,4,77.47,20,0
ITEM010432,ORD003284,PROD0072,2,729.89,10,0
ITEM010433,ORD003284,PROD0315,3,11.07,10,0
ITEM010434,ORD003284,PROD0024,2,8.34,0,0
ITEM010435,ORD003284,PROD0303,1,49.66,5,0
ITEM010436,ORD004320,PROD0163,4,376.64,0,0
ITEM010437,ORD000457,PROD0064,1,820.73,10,0
ITEM010438,ORD003544,PROD0195,3,61.78,50,0
ITEM010439,ORD003544,PROD0373,1,272.46,15,0
ITEM010440,ORD003544,PROD0186,1,36.08,20,0
ITEM010441,ORD003246,PROD0154,1,117.72,5,0
ITEM010442,ORD003899,PROD0454,-1,16.41,0,1
ITEM010443,ORD002968,PROD0193,1,928.06,0,0
ITEM010444,ORD002968,PROD0479,1,38.69,5,0
ITEM010445,ORD002968,PROD0078,4,1618.72,0,0
ITEM010446,ORD002968,PROD0430,1,174.85,40,0
ITEM010447,ORD003223,PROD0149,2,1220.34,15,0
ITEM010448,ORD003223,PROD0429,1,145.43,50,0
ITEM010449,ORD003223,PROD0136,2,16.78,25,0
ITEM010450,ORD000987,PROD0094,3,13.35,0,0
ITEM010451,ORD003187,PROD0279,1,370.47,20,0
ITEM010452,ORD003187,PROD0238,3,48.0,0,0
ITEM010453,ORD003187,PROD0017,4,59.21,0,0
ITEM010454,ORD003075,PROD0432,1,293.64,15,0
ITEM010455,ORD003075,PROD0034,2,6.83,40,0
ITEM010456,ORD000815,PROD0208,1,460.9,40,0
ITEM010457,ORD000815,PROD0181,1,68.29,0,0
ITEM010458,ORD001255,PROD0428,1,1726.69,25,0
ITEM010459,ORD001255,PROD0347,4,18.62,20,0
ITEM010460,ORD001255,PROD0026,2,248.48,20,0
ITEM010461,ORD001255,PROD0069,2,442.04,10,0
ITEM010462,ORD003955,PROD0441,1,745.56,0,0
ITEM010463,ORD003955,PROD0364,2,1806.02,0,0
ITEM010464,ORD002566,PROD0106,3,537.74,40,0
ITEM010465,ORD002566,PROD0137,1,220.96,20,0
ITEM010466,ORD000667,PROD0232,2,24.27,20,0
ITEM010467,ORD000667,PROD0219,1,981.37,0,0
ITEM010468,ORD000667,PROD0051,3,145.07,10,0
ITEM010469,ORD002602,PROD0097,1,538.51,15,0
ITEM010470,ORD002602,PROD0379,1,14.31,10,0
ITEM010471,ORD002532,PROD0208,1,476.28,30,0
ITEM010472,ORD002532,PROD0301,2,228.97,0,0
ITEM010473,ORD002532,PROD0300,1,20.18,15,0
ITEM010474,ORD002532,PROD0389,3,141.41,30,0
ITEM010475,ORD004566,PROD0465,1,181.84,10,0
ITEM010476,ORD002068,PROD0100,1,1331.53,10,0
ITEM010477,ORD002068,PROD0159,1,50.79,10,0
ITEM010478,ORD002068,PROD0225,4,190.01,0,0
ITEM010479,ORD000287,PROD0429,1,141.61,30,0
ITEM010480,ORD000136,PROD0432,2,295.17,15,0
ITEM010481,ORD000136,PROD0034,1,6.7,0,0
ITEM010482,ORD002600,PROD0238,2,47.94,30,0
ITEM010483,ORD002600,PROD0151,1,30.86,5,0
ITEM010484,ORD004506,PROD0393,3,39.9,0,0
ITEM010485,ORD001802,PROD0014,2,315.8,0,0
ITEM010486,ORD004420,PROD0195,1,62.07,0,0
ITEM010487,ORD004420,PROD0234,1,22.45,25,0
ITEM010488,ORD001038,PROD0105,1,169.81,40,0
ITEM010489,ORD001038,PROD0219,1,996.45,10,0
ITEM010490,ORD003306,PROD0403,2,309.48,0,0
ITEM010491,ORD002721,PROD0328,-1,15.56,0,1
ITEM010492,ORD003019,PROD0108,2,285.49,25,0
ITEM010493,ORD000723,PROD0181,1,65.62,10,0
ITEM010494,ORD000903,PROD0137,3,233.25,0,0
ITEM010495,ORD000903,PROD0389,1,148.32,0,0
ITEM010496,ORD000903,PROD0305,2,667.06,50,0
ITEM010497,ORD002074,PROD0175,2,519.35,50,0
ITEM010498,ORD002074,PROD0458,1,920.74,10,0
ITEM010499,ORD002074,PROD0182,2,846.12,15,0
ITEM010500,ORD002074,PROD0022,2,119.19,0,0
ITEM010501,ORD000611,PROD0007,2,17.39,5,0
ITEM010502,ORD000611,PROD0191,2,89.04,0,0
ITEM010503,ORD000611,PROD0275,1,114.5,40,0
ITEM010504,ORD002788,PROD0281,1,1540.16,10,0
ITEM010505,ORD000537,PROD0120,1,188.33,15,0
ITEM010506,ORD000675,PROD0255,1,65.25,0,0
ITEM010507,ORD001862,PROD0345,3,14.5,20,0
ITEM010508,ORD001862,PROD0275,4,110.01,25,0
ITEM010509,ORD001862,PROD0493,1,46.23,10,0
ITEM010510,ORD001862,PROD0252,1,22.42,25,0
ITEM010511,ORD001862,PROD0315,2,10.8,20,0
ITEM010512,ORD001564,PROD0181,3,68.66,0,0
ITEM010513,ORD001564,PROD0258,1,194.12,40,0
ITEM010514,ORD001564,PROD0179,1,395.29,10,0
ITEM010515,ORD001564,PROD0303,3,49.27,50,0
ITEM010516,ORD004554,PROD0127,3,21.0,0,0
ITEM010517,ORD004554,PROD0219,2,993.61,30,0
ITEM010518,ORD002313,PROD0249,3,8.12,5,0
ITEM010519,ORD002313,PROD0092,1,152.87,40,0
ITEM010520,ORD002313,PROD0281,3,1578.83,5,0
ITEM010521,ORD002313,PROD0470,2,22.31,0,0
ITEM010522,ORD000084,PROD0130,2,332.5,10,0
ITEM010523,ORD000084,PROD0034,3,6.49,0,0
ITEM010524,ORD003978,PROD0006,3,5.23,0,0
ITEM010525,ORD003978,PROD0389,3,145.46,50,0
ITEM010526,ORD000462,PROD0479,4,38.58,20,0
ITEM010527,ORD000462,PROD0097,1,551.81,30,0
ITEM010528,ORD001413,PROD0086,2,235.21,20,0
ITEM010529,ORD001413,PROD0326,2,65.74,5,0
ITEM010530,ORD003110,PROD0105,1,177.27,0,0
ITEM010531,ORD003110,PROD0227,1,54.76,0,0
ITEM010532,ORD003110,PROD0295,1,250.5,15,0
ITEM010533,ORD003110,PROD0329,2,953.28,15,0
ITEM010534,ORD003110,PROD0432,2,292.98,25,0
ITEM010535,ORD002333,PROD0062,2,338.62,10,0
ITEM010536,ORD002333,PROD0136,3,17.03,0,0
ITEM010537,ORD002333,PROD0196,3,46.4,50,0
ITEM010538,ORD002333,PROD0324,4,302.59,0,0
ITEM010539,ORD002333,PROD0234,1,22.75,10,0
ITEM010540,ORD001864,PROD0459,1,39.48,15,0
ITEM010541,ORD002049,PROD0366,3,875.24,15,0
ITEM010542,ORD002049,PROD0179,2,387.4,0,0
ITEM010543,ORD002049,PROD0475,1,84.35,0,0
ITEM010544,ORD002049,PROD0379,1,15.11,15,0
ITEM010545,ORD002049,PROD0252,3,22.1,0,0
ITEM010546,ORD001737,PROD0429,1,149.52,20,0
ITEM010547,ORD001737,PROD0285,1,43.67,10,0
ITEM010548,ORD001737,PROD0119,1,16.11,0,0
ITEM010549,ORD000076,PROD0356,3,23.72,25,0
ITEM010550,ORD001421,PROD0297,1,15.23,0,0
ITEM010551,ORD002129,PROD0496,2,7.15,10,0
ITEM010552,ORD002129,PROD0164,3,1679.08,0,0
ITEM010553,ORD001570,PROD0105,1,177.88,0,0
ITEM010554,ORD001570,PROD0219,1,990.98,5,0
ITEM010555,ORD001011,PROD0432,1,307.09,25,0
ITEM010556,ORD001011,PROD0193,1,965.98,20,0
ITEM010557,ORD001011,PROD0161,1,37.38,0,0
ITEM010558,ORD003639,PROD0132,3,67.19,10,0
ITEM010559,ORD003639,PROD0227,4,56.38,50,0
ITEM010560,ORD002107,PROD0461,3,994.27,15,0
ITEM010561,ORD002107,PROD0137,1,224.95,0,0
ITEM010562,ORD002907,PROD0179,1,379.04,50,0
ITEM010563,ORD002907,PROD0208,2,471.47,25,0
ITEM010564,ORD004003,PROD0131,1,31.34,10,0
ITEM010565,ORD000010,PROD0411,1,57.95,40,0
ITEM010566,ORD000010,PROD0011,1,943.23,5,0
ITEM010567,ORD000010,PROD0414,4,170.75,0,0
ITEM010568,ORD000010,PROD0105,1,178.64,25,0
ITEM010569,ORD004471,PROD0041,1,96.47,5,0
ITEM010570,ORD004471,PROD0017,3,61.23,5,0
ITEM010571,ORD004471,PROD0143,1,1473.63,50,0
ITEM010572,ORD001804,PROD0103,1,20.93,50,0
ITEM010573,ORD001804,PROD0116,1,24.16,10,0
ITEM010574,ORD001804,PROD0056,1,1365.53,5,0
ITEM010575,ORD003534,PROD0078,2,1604.79,10,0
ITEM010576,ORD003534,PROD0181,1,65.74,10,0
ITEM010577,ORD004394,PROD0274,4,72.56,10,0
ITEM010578,ORD004394,PROD0415,1,1470.58,10,0
ITEM010579,ORD004394,PROD0141,1,20.24,20,0
ITEM010580,ORD000034,PROD0297,1,14.76,25,0
ITEM010581,ORD000034,PROD0179,1,380.79,0,0
ITEM010582,ORD000034,PROD0383,2,1326.55,20,0
ITEM010583,ORD001813,PROD0292,-2,14.8,20,1
ITEM010584,ORD001813,PROD0407,-1,217.36,20,1
ITEM010585,ORD001078,PROD0469,4,116.88,15,0
ITEM010586,ORD001078,PROD0114,1,230.73,0,0
ITEM010587,ORD001078,PROD0323,1,211.7,5,0
ITEM010588,ORD001078,PROD0345,1,14.26,0,0
ITEM010589,ORD001218,PROD0155,1,1077.14,15,0
ITEM010590,ORD001808,PROD0418,2,1544.55,10,0
ITEM010591,ORD002073,PROD0208,1,458.28,25,0
ITEM010592,ORD002073,PROD0181,3,67.23,10,0
ITEM010593,ORD001193,PROD0113,1,44.98,0,0
ITEM010594,ORD003529,PROD0112,3,1905.26,0,0
ITEM010595,ORD003529,PROD0174,1,112.96,0,0
ITEM010596,ORD003529,PROD0431,1,2141.89,50,0
ITEM010597,ORD004745,PROD0105,1,172.61,0,0
ITEM010598,ORD004745,PROD0227,1,53.74,10,0
ITEM010599,ORD002155,PROD0137,1,230.49,15,0
ITEM010600,ORD002155,PROD0389,2,144.58,5,0
ITEM010601,ORD001361,PROD0187,-2,140.15,10,1
ITEM010602,ORD003617,PROD0314,2,37.71,20,0
ITEM010603,ORD003617,PROD0204,1,1395.24,30,0
ITEM010604,ORD003617,PROD0222,3,9.37,25,0
ITEM010605,ORD003617,PROD0036,3,99.55,5,0
ITEM010606,ORD003617,PROD0193,1,938.6,10,0
ITEM010607,ORD004507,PROD0384,2,1519.44,0,0
ITEM010608,ORD004507,PROD0193,3,966.7,20,0
ITEM010609,ORD004507,PROD0174,2,108.26,20,0
ITEM010610,ORD004507,PROD0108,1,287.44,0,0
ITEM010611,ORD004507,PROD0148,1,36.81,0,0
ITEM010612,ORD004253,PROD0398,1,754.45,30,0
ITEM010613,ORD004253,PROD0148,1,37.66,30,0
ITEM010614,ORD000969,PROD0469,1,114.23,30,0
ITEM010615,ORD000969,PROD0366,1,866.51,10,0
ITEM010616,ORD000691,PROD0482,2,532.91,0,0
ITEM010617,ORD000691,PROD0030,2,399.75,40,0
ITEM010618,ORD003516,PROD0095,2,519.65,25,0
ITEM010619,ORD003516,PROD0066,2,32.18,30,0
ITEM010620,ORD001709,PROD0082,3,535.7,15,0
ITEM010621,ORD000664,PROD0179,1,391.97,10,0
ITEM010622,ORD000664,PROD0073,1,114.57,15,0
ITEM010623,ORD000664,PROD0233,1,807.24,0,0
ITEM010624,ORD004217,PROD0227,1,56.91,30,0
ITEM010625,ORD001774,PROD0131,4,32.51,0,0
ITEM010626,ORD003994,PROD0086,1,235.6,20,0
ITEM010627,ORD003994,PROD0467,1,746.61,0,0
ITEM010628,ORD003994,PROD0396,2,58.85,30,0
ITEM010629,ORD003994,PROD0134,4,18.46,0,0
ITEM010630,ORD003994,PROD0497,1,52.19,25,0
ITEM010631,ORD000779,PROD0371,3,582.05,10,0
ITEM010632,ORD000779,PROD0287,1,1387.24,40,0
ITEM010633,ORD000779,PROD0429,1,143.03,0,0
ITEM010634,ORD000779,PROD0299,1,1917.92,0,0
ITEM010635,ORD000779,PROD0101,2,377.3,0,0
ITEM010636,ORD001558,PROD0158,1,79.03,0,0
ITEM010637,ORD001558,PROD0285,2,43.46,50,0
ITEM010638,ORD001558,PROD0484,1,17.22,20,0
ITEM010639,ORD001558,PROD0106,2,543.01,40,0
ITEM010640,ORD001558,PROD0088,2,91.95,5,0
ITEM010641,ORD003872,PROD0159,1,52.53,0,0
ITEM010642,ORD001795,PROD0312,1,1500.37,10,0
ITEM010643,ORD001795,PROD0045,1,202.13,5,0
ITEM010644,ORD000380,PROD0078,1,1590.21,0,0
ITEM010645,ORD000380,PROD0367,1,1209.02,10,0
ITEM010646,ORD002612,PROD0292,1,14.96,30,0
ITEM010647,ORD002612,PROD0381,2,29.83,10,0
ITEM010648,ORD002612,PROD0163,4,369.61,0,0
ITEM010649,ORD003839,PROD0192,1,215.41,0,0
ITEM010650,ORD003839,PROD0078,1,1639.16,0,0
ITEM010651,ORD003839,PROD0032,2,223.61,10,0
ITEM010652,ORD003839,PROD0090,1,1157.74,15,0
ITEM010653,ORD003839,PROD0086,2,226.06,0,0
ITEM010654,ORD002157,PROD0382,1,1533.4,20,0
ITEM010655,ORD002157,PROD0415,1,1527.54,5,0
ITEM010656,ORD003812,PROD0305,1,694.12,50,0
ITEM010657,ORD002156,PROD0232,1,24.37,0,0
ITEM010658,ORD002156,PROD0219,2,993.88,10,0
ITEM010659,ORD002220,PROD0134,4,17.95,15,0
ITEM010660,ORD002220,PROD0242,1,4.73,20,0
ITEM010661,ORD002220,PROD0349,1,690.0,40,0
ITEM010662,ORD004498,PROD0364,1,1790.29,25,0
ITEM010663,ORD004498,PROD0112,2,1937.6,20,0
ITEM010664,ORD004498,PROD0052,1,139.76,5,0
ITEM010665,ORD000861,PROD0054,1,6.29,25,0
ITEM010666,ORD002799,PROD0347,2,18.06,15,0
ITEM010667,ORD003914,PROD0309,-3,1222.97,50,1
ITEM010668,ORD004447,PROD0142,1,30.51,20,0
ITEM010669,ORD004447,PROD0315,1,10.78,50,0
ITEM010670,ORD001683,PROD0106,1,535.83,0,0
ITEM010671,ORD001824,PROD0469,1,112.66,20,0
ITEM010672,ORD001824,PROD0366,2,894.07,10,0
ITEM010673,ORD003689,PROD0184,1,27.07,40,0
ITEM010674,ORD003689,PROD0304,1,113.07,0,0
ITEM010675,ORD003689,PROD0242,1,4.81,10,0
ITEM010676,ORD003689,PROD0308,1,19.94,10,0
ITEM010677,ORD003689,PROD0077,1,943.14,30,0
ITEM010678,ORD000908,PROD0079,1,97.59,0,0
ITEM010679,ORD002604,PROD0298,1,21.28,15,0
ITEM010680,ORD002604,PROD0245,2,2211.5,50,0
ITEM010681,ORD002604,PROD0189,1,76.83,30,0
ITEM010682,ORD001967,PROD0182,1,842.11,20,0
ITEM010683,ORD004595,PROD0014,1,316.61,15,0
ITEM010684,ORD003732,PROD0017,2,61.21,0,0
ITEM010685,ORD003732,PROD0299,1,1969.37,50,0
ITEM010686,ORD003732,PROD0429,2,148.33,5,0
ITEM010687,ORD003732,PROD0074,1,33.16,20,0
ITEM010688,ORD004041,PROD0487,1,232.92,0,0
ITEM010689,ORD000571,PROD0482,1,520.97,40,0
ITEM010690,ORD000571,PROD0030,1,405.31,50,0
ITEM010691,ORD001629,PROD0136,3,17.44,50,0
ITEM010692,ORD001629,PROD0458,1,895.64,0,0
ITEM010693,ORD001469,PROD0202,3,7.08,50,0
ITEM010694,ORD001469,PROD0444,3,9.4,30,0
ITEM010695,ORD003015,PROD0311,1,15.51,25,0
ITEM010696,ORD003015,PROD0084,3,1594.33,10,0
ITEM010697,ORD003015,PROD0252,1,23.4,10,0
ITEM010698,ORD000551,PROD0379,1,14.81,30,0
ITEM010699,ORD003673,PROD0344,2,2262.52,0,0
ITEM010700,ORD003673,PROD0489,1,38.0,40,0
ITEM010704,ORD001339,PROD0090,1,1194.67,0,0
ITEM010705,ORD001306,PROD0482,1,508.95,10,0
ITEM010706,ORD001306,PROD0030,1,407.48,0,0
ITEM010707,ORD001306,PROD0113,1,44.94,25,0
ITEM010708,ORD002361,PROD0343,1,65.86,50,0
ITEM010709,ORD000285,PROD0335,1,141.92,5,0
ITEM010710,ORD000285,PROD0236,4,858.03,0,0
ITEM010711,ORD001005,PROD0349,1,694.47,50,0
ITEM010712,ORD001979,PROD0327,4,522.23,40,0
ITEM010713,ORD002362,PROD0181,2,68.39,10,0
ITEM010714,ORD002362,PROD0432,1,308.88,25,0
ITEM010715,ORD002362,PROD0440,4,206.4,15,0
ITEM010716,ORD002362,PROD0014,2,312.58,40,0
ITEM010717,ORD002362,PROD0002,1,1491.22,0,0
ITEM010718,ORD003875,PROD0478,1,1456.17,25,0
ITEM010719,ORD001566,PROD0173,1,42.5,20,0
ITEM010720,ORD001566,PROD0211,1,89.48,0,0
ITEM010721,ORD001043,PROD0366,2,900.44,0,0
ITEM010722,ORD002606,PROD0219,1,986.46,5,0
ITEM010723,ORD002606,PROD0186,2,37.48,0,0
ITEM010724,ORD000170,PROD0119,2,16.22,10,0
ITEM010725,ORD002475,PROD0181,2,68.72,0,0
ITEM010726,ORD002475,PROD0258,2,200.53,25,0
ITEM010727,ORD002475,PROD0349,2,689.94,5,0
ITEM010728,ORD002475,PROD0097,1,530.47,15,0
ITEM010729,ORD001138,PROD0030,2,399.76,40,0
ITEM010730,ORD001138,PROD0177,2,99.08,0,0
ITEM010731,ORD001138,PROD0190,1,473.14,50,0
ITEM010732,ORD001138,PROD0298,1,22.07,10,0
ITEM010733,ORD001138,PROD0465,1,177.44,40,0
ITEM010734,ORD003344,PROD0101,2,371.5,25,0
ITEM010735,ORD000666,PROD0219,2,991.33,15,0
ITEM010736,ORD004744,PROD0130,1,343.83,0,0
ITEM010737,ORD004744,PROD0227,1,56.57,15,0
ITEM010738,ORD000075,PROD0137,2,230.03,10,0
ITEM010739,ORD000221,PROD0137,4,230.39,15,0
ITEM010740,ORD000221,PROD0389,4,142.25,5,0
ITEM010741,ORD003650,PROD0219,2,991.01,20,0
ITEM010742,ORD003650,PROD0186,1,36.25,25,0
ITEM010743,ORD003249,PROD0467,1,752.72,10,0
ITEM010744,ORD003249,PROD0208,1,458.21,10,0
ITEM010745,ORD003715,PROD0432,1,291.76,50,0
ITEM010746,ORD003715,PROD0034,1,6.7,0,0
ITEM010747,ORD003715,PROD0366,1,892.96,30,0
ITEM010748,ORD003715,PROD0112,3,1933.54,40,0
ITEM010749,ORD004276,PROD0418,1,1552.42,5,0
ITEM010750,ORD000068,PROD0497,3,51.73,25,0
ITEM010751,ORD000068,PROD0134,1,18.61,30,0
ITEM010752,ORD001149,PROD0005,2,654.95,20,0
ITEM010753,ORD001149,PROD0315,2,10.95,10,0
ITEM010754,ORD001149,PROD0045,1,198.52,15,0
ITEM010755,ORD001149,PROD0073,1,113.96,50,0
ITEM010756,ORD001149,PROD0054,1,6.35,50,0
ITEM010757,ORD001054,PROD0006,1,5.5,10,0
ITEM010758,ORD001054,PROD0389,4,148.91,5,0
ITEM010759,ORD002262,PROD0022,2,120.03,40,0
ITEM010760,ORD002262,PROD0135,2,155.01,0,0
ITEM010761,ORD002725,PROD0186,2,35.85,20,0
ITEM010762,ORD002725,PROD0469,1,111.67,0,0
ITEM010763,ORD004751,PROD0300,1,20.1,0,0
ITEM010764,ORD002137,PROD0470,1,21.4,25,0
ITEM010765,ORD002137,PROD0258,1,197.89,0,0
ITEM010766,ORD002137,PROD0022,3,117.96,10,0
ITEM010767,ORD000870,PROD0374,3,106.13,20,0
ITEM010768,ORD000870,PROD0119,1,16.15,30,0
ITEM010769,ORD000870,PROD0422,1,16.81,20,0
ITEM010770,ORD000870,PROD0305,1,689.83,5,0
ITEM010771,ORD004383,PROD0219,1,980.65,15,0
ITEM010772,ORD004383,PROD0186,2,37.49,40,0
ITEM010773,ORD001338,PROD0263,3,66.1,25,0
ITEM010774,ORD001338,PROD0033,1,112.02,20,0
ITEM010775,ORD001207,PROD0135,2,155.19,5,0
ITEM010776,ORD001207,PROD0315,1,10.97,0,0
ITEM010777,ORD001536,PROD0193,1,929.77,50,0
ITEM010778,ORD001536,PROD0254,3,7.61,10,0
ITEM010779,ORD001536,PROD0482,1,512.16,25,0
ITEM010780,ORD002975,PROD0324,3,305.47,10,0
ITEM010781,ORD002975,PROD0204,1,1396.5,5,0
ITEM010782,ORD001254,PROD0010,3,75.26,50,0
ITEM010783,ORD001254,PROD0062,2,329.02,25,0
ITEM010784,ORD001254,PROD0200,1,779.92,20,0
ITEM010785,ORD001254,PROD0208,2,468.61,20,0
ITEM010786,ORD001254,PROD0078,1,1600.64,15,0
ITEM010787,ORD002737,PROD0186,1,37.37,5,0
ITEM010788,ORD002737,PROD0469,1,112.32,50,0
ITEM010789,ORD001060,PROD0074,4,33.17,30,0
ITEM010790,ORD001060,PROD0102,1,20.11,0,0
ITEM010791,ORD001060,PROD0163,1,378.19,0,0
ITEM010792,ORD001060,PROD0055,1,63.12,30,0
ITEM010793,ORD001060,PROD0486,3,27.05,0,0
ITEM010794,ORD001133,PROD0298,1,21.21,50,0
ITEM010795,ORD000036,PROD0142,2,31.05,30,0
ITEM010796,ORD002586,PROD0181,4,65.01,25,0
ITEM010797,ORD002586,PROD0432,1,301.72,25,0
ITEM010798,ORD000401,PROD0266,1,19.68,25,0
ITEM010799,ORD000401,PROD0142,1,30.45,0,0
ITEM010800,ORD003484,PROD0062,1,327.87,30,0
ITEM010801,ORD000561,PROD0237,1,743.3,0,0
ITEM010802,ORD000561,PROD0136,4,17.14,0,0
ITEM010803,ORD002804,PROD0219,2,986.65,10,0
ITEM010804,ORD002804,PROD0467,2,757.45,15,0
ITEM010805,ORD002142,PROD0055,1,62.6,20,0
ITEM010806,ORD002142,PROD0074,2,33.27,50,0
ITEM010807,ORD002815,PROD0396,1,57.44,30,0
ITEM010808,ORD002815,PROD0119,3,16.74,10,0
ITEM010809,ORD002815,PROD0420,2,14.56,30,0
ITEM010810,ORD002082,PROD0025,2,17.16,10,0
ITEM010811,ORD002082,PROD0208,3,469.66,30,0
ITEM010812,ORD002082,PROD0097,1,547.83,10,0
ITEM010813,ORD002148,PROD0030,3,397.14,0,0
ITEM010814,ORD002148,PROD0177,1,100.65,40,0
ITEM010815,ORD002146,PROD0379,1,14.5,10,0
ITEM010816,ORD002146,PROD0440,1,209.56,10,0
ITEM010817,ORD002146,PROD0066,2,30.72,5,0
ITEM010818,ORD002146,PROD0032,1,232.69,20,0
ITEM010819,ORD001459,PROD0267,1,50.1,10,0
ITEM010820,ORD001459,PROD0060,1,275.29,10,0
ITEM010821,ORD004654,PROD0275,1,113.83,10,0
ITEM010822,ORD004654,PROD0055,1,61.41,5,0
ITEM010823,ORD004654,PROD0407,3,218.28,30,0
ITEM010824,ORD002995,PROD0275,1,109.73,20,0
ITEM010825,ORD002995,PROD0086,3,225.46,0,0
ITEM010826,ORD000735,PROD0417,1,9.73,20,0
ITEM010827,ORD000735,PROD0027,1,77.71,0,0
ITEM010828,ORD003925,PROD0184,1,27.38,10,0
ITEM010829,ORD003925,PROD0304,1,110.3,10,0
ITEM010830,ORD003925,PROD0058,2,745.1,10,0
ITEM010831,ORD003925,PROD0209,1,28.17,0,0
ITEM010832,ORD003925,PROD0035,1,7.05,0,0
ITEM010833,ORD002445,PROD0328,1,16.04,30,0
ITEM010834,ORD003793,PROD0120,3,179.97,0,0
ITEM010835,ORD002244,PROD0006,1,5.41,10,0
ITEM010836,ORD002244,PROD0073,1,119.35,10,0
ITEM010837,ORD002244,PROD0078,1,1682.1,20,0
ITEM010838,ORD004749,PROD0172,1,758.11,5,0
ITEM010839,ORD004749,PROD0067,4,93.1,10,0
ITEM010840,ORD002011,PROD0192,1,219.08,0,0
ITEM010841,ORD002011,PROD0232,3,24.87,10,0
ITEM010842,ORD002350,PROD0049,3,2527.94,50,0
ITEM010843,ORD003638,PROD0379,1,14.88,15,0
ITEM010844,ORD003638,PROD0272,2,98.47,10,0
ITEM010845,ORD003307,PROD0241,-1,48.31,10,1
ITEM010846,ORD003874,PROD0413,1,390.48,10,0
ITEM010847,ORD003874,PROD0086,2,235.27,0,0
ITEM010848,ORD001048,PROD0117,2,364.89,40,0
ITEM010849,ORD001048,PROD0279,1,388.5,40,0
ITEM010850,ORD000050,PROD0482,1,514.18,0,0
ITEM010851,ORD000050,PROD0030,1,414.55,25,0
ITEM010852,ORD000050,PROD0097,1,543.38,15,0
ITEM010853,ORD000050,PROD0025,1,16.41,0,0
ITEM010854,ORD002676,PROD0197,1,967.38,20,0
ITEM010855,ORD000521,PROD0237,1,710.03,0,0
ITEM010856,ORD000521,PROD0136,1,17.3,50,0
ITEM010857,ORD004521,PROD0183,2,261.48,30,0
ITEM010858,ORD004521,PROD0493,3,44.56,50,0
ITEM010859,ORD004521,PROD0199,2,18.62,0,0
ITEM010860,ORD004521,PROD0339,1,277.02,0,0
ITEM010861,ORD003072,PROD0244,2,242.72,30,0
ITEM010862,ORD003072,PROD0084,1,1593.75,0,0
ITEM010863,ORD003072,PROD0120,4,182.64,10,0
ITEM010864,ORD001860,PROD0336,2,1645.71,25,0
ITEM010865,ORD001860,PROD0073,1,116.95,20,0
ITEM010866,ORD001860,PROD0101,1,377.15,25,0
ITEM010867,ORD001860,PROD0287,2,1393.03,0,0
ITEM010868,ORD004581,PROD0500,2,1304.51,25,0
ITEM010869,ORD004581,PROD0430,1,174.57,30,0
ITEM010870,ORD000439,PROD0202,2,6.74,0,0
ITEM010871,ORD000439,PROD0444,2,9.57,30,0
ITEM010872,ORD000686,PROD0467,2,769.75,20,0
ITEM010873,ORD000686,PROD0208,1,474.76,25,0
ITEM010874,ORD002154,PROD0341,1,190.84,15,0
ITEM010875,ORD002154,PROD0022,1,119.03,40,0
ITEM010876,ORD000518,PROD0420,-1,15.14,5,1
ITEM010877,ORD004216,PROD0008,2,290.63,15,0
ITEM010878,ORD004216,PROD0219,1,967.36,0,0
ITEM010879,ORD002012,PROD0086,1,230.93,10,0
ITEM010880,ORD002012,PROD0467,1,755.79,10,0
ITEM010881,ORD002012,PROD0208,1,459.49,25,0
ITEM010882,ORD001258,PROD0202,1,6.72,15,0
ITEM010883,ORD001258,PROD0266,1,19.7,50,0
ITEM010884,ORD001258,PROD0002,1,1493.73,50,0
ITEM010885,ORD001258,PROD0190,3,471.95,0,0
ITEM010886,ORD001722,PROD0089,1,172.43,0,0
ITEM010887,ORD001722,PROD0435,4,164.87,0,0
ITEM010888,ORD001722,PROD0141,2,19.36,20,0
ITEM010889,ORD002247,PROD0175,4,525.49,50,0
ITEM010890,ORD002247,PROD0246,2,26.46,50,0
ITEM010891,ORD002247,PROD0136,1,16.85,50,0
ITEM010892,ORD002806,PROD0135,2,154.43,20,0
ITEM010893,ORD003885,PROD0105,4,175.68,25,0
ITEM010894,ORD003885,PROD0308,1,20.08,5,0
ITEM010895,ORD003885,PROD0446,1,205.18,5,0
ITEM010896,ORD003885,PROD0001,1,287.43,30,0
ITEM010897,ORD001707,PROD0388,2,61.02,0,0
ITEM010898,ORD002592,PROD0383,2,1288.65,40,0
ITEM010899,ORD002053,PROD0467,3,768.86,50,0
ITEM010900,ORD002053,PROD0208,2,470.07,50,0
ITEM010901,ORD003920,PROD0062,4,321.75,30,0
ITEM010902,ORD002055,PROD0181,1,68.51,50,0
ITEM010903,ORD002055,PROD0117,1,379.2,10,0
ITEM010904,ORD002055,PROD0267,2,49.83,10,0
ITEM010905,ORD002055,PROD0315,2,11.32,0,0
ITEM010906,ORD004031,PROD0467,1,773.37,40,0
ITEM010907,ORD004031,PROD0208,2,461.05,30,0
ITEM010908,ORD002608,PROD0143,1,1449.84,10,0
ITEM010909,ORD000806,PROD0181,1,67.76,20,0
ITEM010910,ORD000806,PROD0258,2,193.86,30,0
ITEM010911,ORD001699,PROD0275,1,112.51,15,0
ITEM010912,ORD001699,PROD0134,3,17.98,30,0
ITEM010913,ORD001699,PROD0047,1,119.06,50,0
ITEM010914,ORD003476,PROD0181,1,66.71,0,0
ITEM010915,ORD003476,PROD0432,1,296.48,50,0
ITEM010916,ORD002446,PROD0006,2,5.42,10,0
ITEM010917,ORD002446,PROD0389,2,144.84,20,0
ITEM010918,ORD001700,PROD0186,2,36.65,10,0
ITEM010919,ORD001700,PROD0469,1,116.86,25,0
ITEM010920,ORD001434,PROD0219,1,947.75,20,0
ITEM010921,ORD001434,PROD0186,1,35.92,25,0
ITEM010922,ORD000128,PROD0445,1,1584.49,10,0
ITEM010923,ORD000128,PROD0204,1,1405.11,0,0
ITEM010924,ORD003535,PROD0320,-4,317.57,25,1
ITEM010925,ORD003535,PROD0118,-1,34.33,20,1
ITEM010926,ORD004288,PROD0190,1,460.12,0,0
ITEM010927,ORD004288,PROD0364,1,1836.82,10,0
ITEM010928,ORD004288,PROD0440,4,207.23,40,0
ITEM010929,ORD002747,PROD0469,1,110.5,0,0
ITEM010930,ORD002747,PROD0366,1,901.8,40,0
ITEM010931,ORD001151,PROD0442,1,11.5,0,0
ITEM010932,ORD001151,PROD0434,1,42.36,30,0
ITEM010933,ORD004060,PROD0297,2,15.35,20,0
ITEM010934,ORD004060,PROD0179,1,392.36,10,0
ITEM010935,ORD004060,PROD0172,1,779.11,0,0
ITEM010936,ORD000904,PROD0006,4,5.44,10,0
ITEM010937,ORD001602,PROD0202,2,6.9,50,0
ITEM010938,ORD001602,PROD0444,2,9.28,0,0
ITEM010939,ORD001701,PROD0469,1,115.47,20,0
ITEM010940,ORD001701,PROD0366,2,903.26,25,0
ITEM010941,ORD001701,PROD0254,1,7.52,50,0
ITEM010942,ORD001701,PROD0253,2,88.74,0,0
ITEM010943,ORD004340,PROD0298,1,22.05,10,0
ITEM010944,ORD004340,PROD0280,1,1064.54,10,0
ITEM010945,ORD002372,PROD0297,1,15.37,10,0
ITEM010946,ORD002372,PROD0179,1,390.24,10,0
ITEM010947,ORD002286,PROD0345,1,14.76,15,0
ITEM010948,ORD002286,PROD0120,3,184.55,10,0
ITEM010949,ORD002286,PROD0017,1,61.0,10,0
ITEM010950,ORD002286,PROD0252,1,22.73,30,0
ITEM010951,ORD003649,PROD0184,2,27.74,0,0
ITEM010952,ORD003649,PROD0304,1,112.53,50,0
ITEM010953,ORD001765,PROD0181,2,64.93,0,0
ITEM010954,ORD001765,PROD0258,2,197.9,25,0
ITEM010955,ORD004696,PROD0063,1,17.72,15,0
ITEM010956,ORD002632,PROD0137,3,220.71,0,0
ITEM010957,ORD002632,PROD0389,1,148.06,25,0
ITEM010958,ORD002689,PROD0103,-3,21.27,0,1
ITEM010959,ORD003647,PROD0135,1,154.64,40,0
ITEM010960,ORD003647,PROD0315,2,11.05,0,0
ITEM010961,ORD002897,PROD0266,2,20.79,0,0
ITEM010962,ORD002030,PROD0204,1,1386.72,15,0
ITEM010963,ORD002030,PROD0277,1,889.12,20,0
ITEM010964,ORD002071,PROD0332,-1,1275.59,0,1
ITEM010965,ORD000730,PROD0183,4,273.13,30,0
ITEM010966,ORD001181,PROD0127,2,19.94,50,0
ITEM010967,ORD004011,PROD0106,-1,548.47,30,1
ITEM010968,ORD002579,PROD0089,1,170.71,25,0
ITEM010969,ORD002579,PROD0202,1,7.1,0,0
ITEM010970,ORD003801,PROD0442,1,11.67,30,0
ITEM010971,ORD003801,PROD0321,2,278.72,40,0
ITEM010972,ORD003070,PROD0402,2,8.3,0,0
ITEM010973,ORD002380,PROD0006,3,5.26,30,0
ITEM010974,ORD002380,PROD0073,2,113.83,0,0
ITEM010975,ORD000654,PROD0258,1,199.52,10,0
ITEM010976,ORD000654,PROD0287,1,1366.55,15,0
ITEM010977,ORD000654,PROD0106,3,553.77,25,0
ITEM010978,ORD000654,PROD0026,2,251.29,5,0
ITEM010979,ORD000654,PROD0434,1,43.33,25,0
ITEM010981,ORD002909,PROD0347,2,18.11,30,0
ITEM010982,ORD002909,PROD0484,1,16.58,0,0
ITEM010983,ORD002909,PROD0389,3,141.47,0,0
ITEM010984,ORD003206,PROD0112,3,1928.28,0,0
ITEM010985,ORD003206,PROD0228,1,123.72,20,0
ITEM010986,ORD003206,PROD0297,1,15.2,5,0
ITEM010987,ORD003206,PROD0018,2,1140.95,0,0
ITEM010988,ORD003206,PROD0497,1,51.05,40,0
ITEM010989,ORD004579,PROD0219,1,994.3,10,0
ITEM010990,ORD004579,PROD0186,3,36.74,50,0
ITEM010991,ORD004579,PROD0428,4,1772.17,0,0
ITEM010992,ORD004579,PROD0150,3,435.43,20,0
ITEM010993,ORD004579,PROD0073,4,115.93,30,0
ITEM010994,ORD002667,PROD0175,1,537.54,50,0
ITEM010995,ORD002047,PROD0297,1,15.48,0,0
ITEM010996,ORD002047,PROD0179,3,387.58,25,0
ITEM010997,ORD001311,PROD0193,1,929.59,10,0
ITEM010998,ORD001311,PROD0409,1,19.87,15,0
ITEM010999,ORD000834,PROD0186,1,36.19,0,0
ITEM011000,ORD000834,PROD0098,2,65.07,30,0
ITEM011001,ORD000834,PROD0349,2,662.87,0,0
