order_id,customer_id,order_date,status,region_code
ORD004435,CUST00745,2024-08-30 14:54:21,DELIVERED,EAST
ORD001400,CUST00230,2024-09-01 03:53:44,DELIVERED,WEST
ORD002492,CUST00415,2024-09-01 13:09:25,DELIVERED,NORTH
ORD001404,CUST00230,2024-09-01 16:44:26,DELIVERED,WEST
ORD003390,CUST00570,2024-09-04 18:06:36,DELIVERED,WEST
ORD003186,CUST00539,2024-09-05 22:09:28,DELIVERED,NORTH
ORD003404,CUST00570,2024-09-07 18:30:21,PLACED,WEST
ORD002971,CUST00503,2024-09-09 07:25:03,DELIVERED,SOUTH
ORD002367,CUST00389,2024-09-17 12:29:24,PLACED,WEST
ORD003087,CUST00523,2024-09-17 15:11:57,DELIVERED,EAST
ORD004271,CUST00714,2024-09-18 08:32:23,DELIVERED,NORTH
ORD001405,CUST00230,2024-09-18 09:02:13,DELIVERED,WEST
ORD001401,CUST00230,2024-09-20 02:48:14,CANCELLED,WEST
ORD003177,CUST00539,2024-09-22 10:54:41,SHIPPED,NORTH
ORD000375,CUST00059,2024-09-23 08:26:35,PLACED,NORTH
ORD003530,CUST00588,2024-09-23 11:41:05,DELIVERED,CENTRAL
ORD003688,CUST00613,2024-09-24 08:59:33,DELIVERED,EAST
ORD000887,CUST00148,2024-09-24 11:43:54,CANCELLED,WEST
ORD003391,CUST00570,2024-09-24 15:27:31,DELIVERED,WEST
ORD002434,CUST00401,2024-09-25 14:31:38,RETURNED,NORTH
ORD003319,,2024-09-25 17:20:57,DELIVERED,NORTH
ORD002422,CUST00401,2024-09-26 12:44:25,CANCELLED,NORTH
ORD003147,CUST00533,2024-09-28 17:26:01,CANCELLED,SOUTH
ORD004326,CUST00725,2024-09-30 12:08:56,CANCELLED,CENTRAL
ORD000389,CUST00059,2024-10-01 16:15:52,DELIVERED,NORTH
ORD002974,CUST00503,2024-10-03 23:12:10,DELIVERED,SOUTH
ORD003325,CUST00557,2024-10-04 16:34:34,DELIVERED,NORTH
ORD003882,CUST00648,2024-10-06 08:08:55,DELIVERED,NORTH
ORD003139,CUST00533,2024-10-06 15:41:26,DELIVERED,SOUTH
ORD003687,CUST00613,2024-10-06 23:19:57,DELIVERED,EAST
ORD003523,CUST00588,2024-10-07 09:20:02,DELIVERED,CENTRAL
ORD000393,CUST00059,2024-10-07 16:00:52,DELIVERED,NORTH
ORD003184,,2024-10-09 11:19:56,SHIPPED,NORTH
ORD004728,CUST00797,2024-10-10 13:17:01,DELIVERED,NORTH
ORD002420,CUST00401,2024-10-12 11:35:56,DELIVERED,NORTH
ORD004475,CUST00749,2024-10-13 07:04:47,CANCELLED,WEST
ORD003622,CUST00606,2024-10-13 08:37:32,DELIVERED,WEST
ORD003674,CUST00613,2024-10-15 03:19:41,CANCELLED,EAST
ORD000087,CUST00014,2024-10-15 13:58:00,SHIPPED,EAST
ORD002424,CUST00401,2024-10-16 10:18:49,PLACED,NORTH
ORD000328,CUST00052,2024-10-17 17:44:34,PLACED,NORTH
ORD000841,CUST00139,2024-10-18 10:13:48,SHIPPED,SOUTH
ORD003996,CUST00668,2024-10-18 11:48:46,PLACED,CENTRAL
ORD001396,CUST00230,2024-10-18 13:34:03,DELIVERED,WEST
ORD003388,CUST00570,2024-10-18 00:00:00,SHIPPED,WEST
ORD002983,CUST00506,2024-10-19 16:04:13,RETURNED,SOUTH
ORD004441,CUST00745,2024-10-21 10:42:10,DELIVERED,EAST
ORD004735,CUST00797,2024-10-21 17:35:02,DELIVERED,NORTH
ORD003323,CUST00557,2024-10-23 09:23:58,CANCELLED,NORTH
ORD003381,CUST00570,2024-10-23 11:29:07,SHIPPED,WEST
ORD003047,CUST00516,2024-10-23 11:43:41,PLACED,CENTRAL
ORD001259,CUST00203,2024-10-27 16:07:10,CANCELLED,SOUTH
ORD003440,CUST00575,2024-10-27 19:49:32,DELIVERED,SOUTH
ORD002037,CUST00337,2024-10-28 08:21:15,SHIPPED,SOUTH
ORD004330,CUST00725,2024-10-28 18:39:00,DELIVERED,CENTRAL
ORD002808,CUST00467,2024-10-29 17:20:52,DELIVERED,SOUTH
ORD003143,CUST00533,2024-11-02 01:14:39,DELIVERED,SOUTH
ORD002254,,2024-11-02 12:52:10,CANCELLED,NORTH
ORD002985,CUST00506,2024-11-02 13:10:35,DELIVERED,SOUTH
ORD002260,,2024-11-02 14:40:38,SHIPPED,NORTH
ORD004073,CUST00681,2024-11-03 01:08:05,DELIVERED,NORTH
ORD001897,CUST00315,2024-11-05 12:03:39,SHIPPED,WEST
ORD003178,CUST00539,2024-11-06 10:29:32,RETURNED,NORTH
ORD002414,CUST00400,2024-11-06 16:38:05,DELIVERED,SOUTH
ORD001398,CUST00230,2024-11-07 19:28:10,DELIVERED,WEST
ORD001882,CUST00313,2024-11-07 20:26:56,SHIPPED,SOUTH
ORD004332,CUST00727,2024-11-08 15:48:07,DELIVERED,EAST
ORD003592,CUST00603,2024-11-09 08:44:00,DELIVERED,CENTRAL
ORD003403,,2024-11-09 15:33:09,CANCELLED,WEST
ORD003044,CUST00516,2024-11-09 16:53:38,PLACED,CENTRAL
ORD004348,CUST00730,2024-11-09 22:20:57,DELIVERED,CENTRAL
ORD003444,CUST00575,2024-11-09 23:12:44,PLACED,SOUTH
ORD002423,CUST00401,2024-11-10 15:51:25,DELIVERED,NORTH
ORD002437,CUST00401,2024-11-10 16:36:43,DELIVERED,NORTH
ORD002417,CUST00400,2024-11-12 10:53:47,DELIVERED,SOUTH
ORD000579,CUST00098,2024-11-12 23:03:13,DELIVERED,SOUTH
ORD003125,CUST00530,2024-11-14 08:29:45,DELIVERED,SOUTH
ORD003148,CUST00534,2024-11-17 11:17:25,DELIVERED,WEST
ORD000856,CUST00144,2024-11-18 11:35:56,DELIVERED,CENTRAL
ORD003382,CUST00570,2024-11-18 18:59:33,SHIPPED,WEST
ORD000373,CUST00059,2024-11-19 04:34:39,DELIVERED,NORTH
ORD001898,CUST00315,2024-11-20 10:38:04,CANCELLED,WEST
ORD001394,CUST00230,2024-11-20 14:45:15,DELIVERED,WEST
ORD002973,CUST00503,2024-11-20 17:41:55,DELIVERED,SOUTH
ORD001243,CUST00200,2024-11-21 09:05:19,CANCELLED,CENTRAL
ORD002256,CUST00368,2024-11-22 17:35:59,DELIVERED,NORTH
ORD003948,CUST00664,2024-11-25 05:41:25,CANCELLED,NORTH
ORD000230,CUST00036,2024-11-26 10:00:42,SHIPPED,NORTH
ORD002624,CUST00435,2024-11-26 13:11:11,DELIVERED,EAST
ORD002554,CUST00423,2024-11-26 18:19:39,DELIVERED,WEST
ORD002433,CUST00401,2024-11-27 16:54:32,SHIPPED,NORTH
ORD001848,CUST00307,2024-11-27 19:40:01,PLACED,EAST
ORD002523,CUST00420,2024-11-28 15:33:30,DELIVERED,WEST
ORD003057,CUST00517,2024-11-28 18:10:39,CANCELLED,WEST
ORD001787,CUST00294,2024-11-29 11:48:47,PLACED,NORTH
ORD001470,CUST00246,2024-11-29 21:28:04,DELIVERED,NORTH
ORD000884,CUST00148,2024-11-30 12:54:07,DELIVERED,WEST
ORD003694,CUST00613,2024-12-02 09:50:05,DELIVERED,EAST
ORD003527,CUST00588,2024-12-02 18:53:51,SHIPPED,CENTRAL
ORD003416,CUST00572,2024-12-03 17:02:40,DELIVERED,SOUTH
ORD004731,CUST00797,2024-12-03 17:25:47,RETURNED,NORTH
ORD001279,CUST00205,2024-12-03 19:49:36,DELIVERED,CENTRAL
ORD001263,CUST00203,2024-12-05 18:25:52,CANCELLED,SOUTH
ORD000390,CUST00059,2024-12-06 00:22:40,SHIPPED,NORTH
ORD003091,CUST00523,2024-12-07 15:46:14,RETURNED,EAST
ORD000377,CUST00059,2024-12-08 21:04:30,DELIVERED,NORTH
ORD003684,CUST00613,2024-12-10 11:30:06,CANCELLED,EAST
ORD001276,,2024-12-10 12:34:01,SHIPPED,CENTRAL
ORD002039,CUST00337,2024-12-11 09:45:57,PLACED,SOUTH
ORD002809,CUST00467,2024-12-11 19:45:07,DELIVERED,SOUTH
ORD001388,CUST00230,2024-12-12 03:20:35,DELIVERED,WEST
ORD004298,CUST00721,2024-12-12 03:48:56,CANCELLED,CENTRAL
ORD002430,CUST00401,2024-12-14 05:09:16,DELIVERED,NORTH
ORD003288,CUST00553,2024-12-14 11:45:41,DELIVERED,SOUTH
ORD002035,CUST00337,2024-12-15 08:28:38,CANCELLED,SOUTH
ORD002629,CUST00436,2024-12-15 17:52:12,DELIVERED,SOUTH
ORD000589,CUST00101,2024-12-16 13:23:06,DELIVERED,WEST
ORD003436,CUST00574,2024-12-16 17:11:43,DELIVERED,WEST
ORD001998,CUST00331,2024-12-16 00:00:00,PLACED,NORTH
ORD002761,CUST00460,2024-12-17 09:07:33,DELIVERED,WEST
ORD003685,CUST00613,2024-12-17 18:07:13,CANCELLED,EAST
ORD003144,CUST00533,2024-12-18 00:00:00,PLACED,SOUTH
ORD004070,CUST00681,2024-12-18 16:44:30,RETURNED,NORTH
ORD001527,CUST00255,2024-12-19 07:39:46,DELIVERED,NORTH
ORD002346,CUST00384,2024-12-19 08:26:48,PLACED,EAST
ORD000379,CUST00059,2024-12-20 10:36:03,PLACED,NORTH
ORD004157,CUST00694,2024-12-21 07:47:32,DELIVERED,EAST
ORD003786,CUST00631,2024-12-21 10:24:18,DELIVERED,EAST
ORD001393,CUST00230,2024-12-21 13:59:04,DELIVERED,WEST
ORD004627,CUST00776,2024-12-21 16:34:23,DELIVERED,NORTH
ORD000882,CUST00148,2024-12-22 02:01:39,CANCELLED,WEST
ORD001671,CUST00271,2024-12-22 22:04:49,PLACED,SOUTH
ORD000917,CUST00154,2024-12-24 08:10:59,DELIVERED,EAST
ORD000392,CUST00059,2024-12-24 12:39:18,DELIVERED,NORTH
ORD000188,CUST00030,2024-12-26 00:00:00,DELIVERED,WEST
ORD003004,CUST00509,2024-12-26 13:00:13,DELIVERED,SOUTH
ORD001402,CUST00230,2024-12-26 14:20:24,PLACED,WEST
ORD001840,CUST00307,2024-12-26 18:55:33,SHIPPED,EAST
ORD002429,CUST00401,2024-12-26 19:24:08,DELIVERED,NORTH
ORD003961,CUST00665,2024-12-26 22:08:37,RETURNED,CENTRAL
ORD002503,CUST00417,2024-12-27 20:15:53,CANCELLED,CENTRAL
ORD004438,CUST00745,2024-12-27 20:55:48,DELIVERED,EAST
ORD001103,CUST00181,2024-12-28 08:09:08,SHIPPED,WEST
ORD002415,CUST00400,2024-12-28 13:24:55,SHIPPED,SOUTH
ORD002041,CUST00337,2024-12-29 08:51:43,PLACED,SOUTH
ORD001845,CUST00307,2024-12-29 09:17:21,DELIVERED,EAST
ORD003686,CUST00613,2024-12-29 15:19:59,CANCELLED,EAST
ORD002790,CUST00463,2024-12-30 13:59:21,PLACED,CENTRAL
ORD001389,CUST00230,2024-12-31 11:46:24,DELIVERED,WEST
ORD002439,CUST00401,2024-12-31 17:18:29,RETURNED,NORTH
ORD001846,CUST00307,2025-01-01 05:59:02,SHIPPED,EAST
ORD003441,CUST00575,2025-01-01 09:33:41,DELIVERED,SOUTH
ORD002631,CUST00436,2025-01-01 10:53:33,DELIVERED,SOUTH
ORD001530,CUST00255,2025-01-01 14:20:48,DELIVERED,NORTH
ORD004074,CUST00681,2025-01-01 18:30:58,DELIVERED,NORTH
ORD003385,CUST00570,2025-01-02 14:12:56,DELIVERED,WEST
ORD004444,CUST00745,2025-01-02 19:51:39,CANCELLED,EAST
ORD002547,CUST00423,2025-01-03 08:10:29,DELIVERED,WEST
ORD004334,CUST00727,2025-01-03 14:37:22,CANCELLED,EAST
ORD001660,CUST00271,2025-01-04 14:46:50,PLACED,SOUTH
ORD004598,CUST00773,2025-01-04 17:17:59,CANCELLED,SOUTH
ORD001828,CUST00302,2025-01-06 06:38:29,DELIVERED,NORTH
ORD004499,CUST00755,2025-01-06 12:14:19,DELIVERED,WEST
ORD002040,CUST00337,2025-01-06 15:35:58,DELIVERED,SOUTH
ORD001020,CUST00168,2025-01-06 16:22:31,DELIVERED,EAST
ORD003293,CUST00553,2025-01-06 16:54:23,DELIVERED,SOUTH
ORD001830,CUST00302,2025-01-07 16:12:31,DELIVERED,NORTH
ORD000582,CUST00099,2025-01-07 21:14:58,DELIVERED,CENTRAL
ORD000388,CUST00059,2025-01-08 22:17:59,DELIVERED,NORTH
ORD000586,CUST00099,2025-01-11 09:57:29,DELIVERED,CENTRAL
ORD001957,CUST00324,2025-01-11 12:11:43,SHIPPED,WEST
ORD000187,CUST00030,2025-01-11 14:26:41,PLACED,WEST
ORD000229,CUST00035,2025-01-12 11:37:15,DELIVERED,CENTRAL
ORD003395,CUST00570,2025-01-12 11:48:10,PLACED,WEST
ORD004477,CUST00749,2025-01-12 15:29:00,DELIVERED,WEST
ORD003852,CUST00641,2025-01-12 20:18:25,DELIVERED,NORTH
ORD002949,CUST00499,2025-01-13 14:54:26,PLACED,SOUTH
ORD003879,CUST00648,2025-01-13 20:29:11,DELIVERED,NORTH
ORD000929,CUST00157,2025-01-14 09:38:11,PLACED,SOUTH
ORD002883,CUST00484,2025-01-14 13:05:41,DELIVERED,CENTRAL
ORD004442,CUST00745,2025-01-14 18:05:59,DELIVERED,EAST
ORD002122,CUST00350,2025-01-14 19:24:38,DELIVERED,NORTH
ORD004075,CUST00681,2025-01-15 12:17:35,DELIVERED,NORTH
ORD001385,CUST00230,2025-01-15 15:48:20,DELIVERED,WEST
ORD004433,CUST00744,2025-01-15 16:58:29,SHIPPED,EAST
ORD003060,CUST00517,2025-01-15 19:37:00,DELIVERED,WEST
ORD003428,CUST00574,2025-01-16 15:39:56,DELIVERED,WEST
ORD002792,CUST00463,2025-01-17 18:50:59,DELIVERED,CENTRAL
ORD004382,CUST00735,2025-01-17 19:53:21,DELIVERED,SOUTH
ORD001110,CUST00181,2025-01-17 20:02:47,CANCELLED,WEST
ORD001108,CUST00181,2025-01-18 13:19:25,SHIPPED,WEST
ORD002981,CUST00506,2025-01-18 15:18:54,RETURNED,SOUTH
ORD002297,CUST00374,2025-01-18 19:22:43,DELIVERED,WEST
ORD002856,CUST00476,2025-01-19 15:47:35,DELIVERED,SOUTH
ORD001278,CUST00205,2025-01-19 16:00:24,DELIVERED,CENTRAL
ORD003399,CUST00570,2025-01-20 02:15:43,DELIVERED,WEST
ORD002647,,2025-01-20 11:16:39,DELIVERED,EAST
ORD003602,CUST00604,2025-01-21 08:27:52,SHIPPED,NORTH
ORD004633,,2025-01-21 10:09:57,SHIPPED,NORTH
ORD001525,CUST00254,2025-01-22 19:17:06,DELIVERED,WEST
ORD003452,CUST00576,2025-01-23 12:22:57,DELIVERED,EAST
ORD002374,CUST00390,2025-01-23 00:00:00,CANCELLED,WEST
ORD004518,CUST00758,2025-01-23 21:50:35,DELIVERED,SOUTH
ORD002905,CUST00488,2025-01-24 00:33:36,PLACED,SOUTH
ORD001893,CUST00314,2025-01-24 00:00:00,DELIVERED,CENTRAL
ORD004353,CUST00730,2025-01-25 12:20:48,DELIVERED,CENTRAL
ORD000368,CUST00058,2025-01-26 16:49:55,DELIVERED,SOUTH
ORD001104,CUST00181,2025-01-27 03:51:13,CANCELLED,WEST
ORD003280,CUST00551,2025-01-27 12:01:00,CANCELLED,CENTRAL
ORD002491,CUST00415,2025-01-27 19:12:24,DELIVERED,NORTH
ORD002910,CUST00490,2025-01-28 12:34:50,PLACED,NORTH
ORD002891,CUST00485,2025-01-28 21:32:33,DELIVERED,EAST
ORD002347,CUST00384,2025-01-29 05:07:21,DELIVERED,EAST
ORD001805,CUST00301,2025-01-29 10:46:16,RETURNED,CENTRAL
ORD002786,CUST00463,2025-01-29 19:03:11,DELIVERED,CENTRAL
ORD000183,CUST00028,2025-01-30 09:39:48,CANCELLED,EAST
ORD002848,CUST00476,2025-01-31 21:04:41,CANCELLED,SOUTH
ORD001366,CUST00226,2025-02-01 11:30:04,DELIVERED,CENTRAL
ORD000174,CUST00028,2025-02-01 12:20:00,DELIVERED,EAST
ORD002387,CUST00393,2025-02-02 08:27:44,RETURNED,CENTRAL
ORD002913,CUST00490,2025-02-03 01:38:52,CANCELLED,NORTH
ORD004734,CUST00797,2025-02-03 12:51:28,DELIVERED,NORTH
ORD003788,CUST00631,2025-02-03 15:48:22,DELIVERED,EAST
ORD002824,CUST00470,2025-02-03 19:43:26,DELIVERED,EAST
ORD003155,CUST00534,2025-02-04 00:59:50,SHIPPED,WEST
ORD002623,,2025-02-04 15:47:56,CANCELLED,EAST
ORD001415,CUST00232,2025-02-04 16:14:36,CANCELLED,SOUTH
ORD002383,CUST00393,2025-02-04 20:09:29,DELIVERED,CENTRAL
ORD001698,CUST00275,2025-02-07 08:13:37,PLACED,CENTRAL
ORD002375,CUST00390,2025-02-07 11:00:40,PLACED,WEST
ORD000422,CUST00065,2025-02-07 12:46:50,PLACED,SOUTH
ORD003163,CUST00535,2025-02-07 14:28:01,RETURNED,SOUTH
ORD003005,CUST00509,2025-02-07 23:52:41,DELIVERED,SOUTH
ORD003398,CUST00570,2025-02-08 09:34:55,DELIVERED,WEST
ORD003830,CUST00637,2025-02-08 10:22:31,PLACED,NORTH
ORD001829,CUST00302,2025-02-09 14:38:12,DELIVERED,NORTH
ORD002762,CUST00460,2025-02-09 19:04:44,DELIVERED,WEST
ORD001908,CUST00315,2025-02-10 15:59:38,DELIVERED,WEST
ORD000883,,2025-02-10 17:11:55,CANCELLED,WEST
ORD003496,CUST00585,2025-02-10 21:59:09,DELIVERED,WEST
ORD004512,CUST00758,2025-02-12 08:43:36,DELIVERED,SOUTH
ORD003450,CUST00576,2025-02-13 03:34:03,SHIPPED,EAST
ORD000593,CUST00101,2025-02-13 09:03:57,DELIVERED,WEST
ORD004541,CUST00763,2025-02-14 16:02:14,PLACED,NORTH
ORD001914,CUST00315,2025-02-14 16:05:38,DELIVERED,WEST
ORD001837,CUST00307,2025-02-14 22:58:26,CANCELLED,EAST
ORD004478,CUST00749,2025-02-15 07:21:59,DELIVERED,WEST
ORD004083,CUST00683,2025-02-16 08:25:48,CANCELLED,NORTH
ORD001821,CUST00301,2025-02-16 18:46:06,DELIVERED,CENTRAL
ORD000707,CUST00119,2025-02-18 10:20:22,SHIPPED,CENTRAL
ORD000147,CUST00023,2025-02-18 10:56:58,DELIVERED,CENTRAL
ORD003150,CUST00534,2025-02-19 12:13:45,DELIVERED,WEST
ORD001956,CUST00324,2025-02-19 18:34:20,SHIPPED,WEST
ORD002457,CUST00406,2025-02-19 23:16:41,DELIVERED,CENTRAL
ORD003519,,2025-02-20 19:03:29,SHIPPED,NORTH
ORD001912,CUST00315,2025-02-21 09:58:25,DELIVERED,WEST
ORD002385,CUST00393,2025-02-21 17:08:00,CANCELLED,CENTRAL
ORD003605,CUST00604,2025-02-22 03:12:03,DELIVERED,NORTH
ORD003423,CUST00574,2025-02-22 10:28:17,DELIVERED,WEST
ORD002368,CUST00389,2025-02-22 11:00:13,DELIVERED,WEST
ORD004328,CUST00725,2025-02-22 14:00:59,DELIVERED,CENTRAL
ORD001892,CUST00314,2025-02-22 19:10:30,PLACED,CENTRAL
ORD002000,CUST00331,2025-02-22 22:08:41,CANCELLED,NORTH
ORD003500,CUST00585,2025-02-23 17:50:48,RETURNED,WEST
ORD003938,CUST00661,2025-02-23 19:58:45,DELIVERED,EAST
ORD002440,CUST00401,2025-02-23 20:42:03,DELIVERED,NORTH
ORD002621,CUST00434,2025-02-24 19:31:18,SHIPPED,NORTH
ORD004154,CUST00694,2025-02-25 16:42:01,DELIVERED,EAST
ORD002620,CUST00434,2025-02-25 16:57:57,DELIVERED,NORTH
ORD002427,CUST00401,2025-02-25 00:00:00,DELIVERED,NORTH
ORD003088,CUST00523,2025-02-26 09:11:00,RETURNED,EAST
ORD003434,CUST00574,2025-02-26 16:58:06,DELIVERED,WEST
ORD001670,CUST00271,2025-02-27 04:09:55,DELIVERED,SOUTH
ORD004136,CUST00692,2025-02-27 19:46:49,DELIVERED,NORTH
ORD000888,CUST00148,2025-02-27 20:37:46,CANCELLED,WEST
ORD003878,CUST00648,2025-02-28 00:50:32,DELIVERED,NORTH
ORD003832,CUST00638,2025-02-28 09:41:39,DELIVERED,NORTH
ORD000990,CUST00166,2025-02-28 10:57:01,DELIVERED,SOUTH
ORD004631,CUST00776,2025-02-28 11:22:20,DELIVERED,NORTH
ORD003054,CUST00517,2025-02-28 13:06:48,DELIVERED,WEST
ORD001275,CUST00205,2025-02-28 14:20:03,DELIVERED,CENTRAL
ORD002233,CUST00365,2025-02-28 15:24:15,CANCELLED,EAST
ORD002257,CUST00368,2025-03-01 07:52:07,DELIVERED,NORTH
ORD003098,CUST00525,2025-03-01 00:00:00,DELIVERED,NORTH
ORD003427,CUST00574,2025-03-01 10:58:45,DELIVERED,WEST
ORD000353,CUST00055,2025-03-01 16:21:27,RETURNED,SOUTH
ORD004664,CUST00786,2025-03-01 22:14:03,PLACED,EAST
ORD000280,CUST00047,2025-03-02 18:55:52,SHIPPED,EAST
ORD000821,CUST00135,2025-03-02 19:48:33,DELIVERED,EAST
ORD000881,CUST00148,2025-03-03 13:55:41,PLACED,WEST
ORD003675,CUST00613,2025-03-04 20:02:09,DELIVERED,EAST
ORD000525,CUST00086,2025-03-05 15:01:47,PLACED,CENTRAL
ORD000480,CUST00075,2025-03-06 08:06:58,RETURNED,NORTH
ORD001442,CUST00241,2025-03-06 11:22:41,DELIVERED,CENTRAL
ORD002881,CUST00484,2025-03-06 12:01:13,SHIPPED,CENTRAL
ORD000557,CUST00091,2025-03-06 15:41:26,SHIPPED,WEST
ORD001843,CUST00307,2025-03-06 18:26:12,DELIVERED,EAST
ORD004090,CUST00684,2025-03-07 04:29:26,PLACED,WEST
ORD000910,CUST00154,2025-03-07 08:22:19,DELIVERED,EAST
ORD003451,CUST00576,2025-03-07 12:24:25,DELIVERED,EAST
ORD004612,CUST00775,2025-03-08 00:00:00,DELIVERED,NORTH
ORD001329,CUST00216,2025-03-08 18:58:20,CANCELLED,WEST
ORD002685,CUST00444,2025-03-09 00:04:12,DELIVERED,WEST
ORD004296,CUST00721,2025-03-10 01:06:58,SHIPPED,CENTRAL
ORD001665,CUST00271,2025-03-10 11:15:30,DELIVERED,SOUTH
ORD000250,CUST00040,2025-03-10 16:59:34,SHIPPED,WEST
ORD001264,,2025-03-10 22:35:54,DELIVERED,SOUTH
ORD002176,CUST00358,2025-03-11 14:58:46,DELIVERED,WEST
ORD003392,CUST00570,2025-03-11 19:09:44,PLACED,WEST
ORD001532,CUST00255,2025-03-12 15:39:17,PLACED,NORTH
ORD002825,CUST00470,2025-03-12 15:44:29,RETURNED,EAST
ORD002955,CUST00499,2025-03-12 16:23:00,DELIVERED,SOUTH
ORD003269,CUST00550,2025-03-13 00:26:25,DELIVERED,WEST
ORD001803,CUST00301,2025-03-13 21:55:25,DELIVERED,CENTRAL
ORD002187,CUST00358,2025-03-14 11:04:30,DELIVERED,WEST
ORD001675,CUST00271,2025-03-14 00:00:00,DELIVERED,SOUTH
ORD001249,CUST00201,2025-03-14 17:31:13,SHIPPED,NORTH
ORD003176,CUST00539,2025-03-15 13:04:16,SHIPPED,NORTH
ORD003137,CUST00533,2025-03-15 18:15:59,DELIVERED,SOUTH
ORD000840,CUST00139,2025-03-16 00:00:00,SHIPPED,SOUTH
ORD001859,CUST00309,2025-03-16 00:00:00,DELIVERED,CENTRAL
ORD000454,CUST00069,2025-03-16 15:50:30,DELIVERED,EAST
ORD004609,CUST00774,2025-03-16 18:10:27,PLACED,NORTH
ORD003014,CUST00512,2025-03-16 19:56:48,DELIVERED,CENTRAL
ORD002886,CUST00485,2025-03-17 15:07:20,RETURNED,EAST
ORD003291,,2025-03-17 15:16:35,CANCELLED,SOUTH
ORD001677,,2025-03-17 23:10:09,DELIVERED,SOUTH
ORD003970,CUST00665,2025-03-18 11:00:04,SHIPPED,CENTRAL
ORD002228,CUST00365,2025-03-18 13:57:49,DELIVERED,EAST
ORD002184,CUST00358,2025-03-19 07:39:08,PLACED,WEST
ORD004501,CUST00755,2025-03-19 16:30:48,DELIVERED,WEST
ORD000523,CUST00086,2025-03-20 01:00:40,PLACED,CENTRAL
ORD004547,CUST00764,2025-03-20 10:10:51,DELIVERED,EAST
ORD000922,CUST00157,2025-03-20 17:09:43,DELIVERED,SOUTH
ORD004022,CUST00672,2025-03-21 23:08:54,DELIVERED,NORTH
ORD001426,CUST00238,2025-03-22 07:46:15,DELIVERED,WEST
ORD002543,CUST00423,2025-03-22 00:00:00,DELIVERED,WEST
ORD000772,CUST00128,2025-03-23 04:58:22,CANCELLED,NORTH
ORD000386,CUST00059,2025-03-23 10:17:35,DELIVERED,NORTH
ORD002915,CUST00490,2025-03-23 17:15:28,DELIVERED,NORTH
ORD002772,CUST00461,2025-03-23 17:28:47,DELIVERED,EAST
ORD004082,CUST00683,2025-03-23 19:15:37,DELIVERED,NORTH
ORD004376,CUST00735,2025-03-23 20:22:20,PLACED,SOUTH
ORD001895,CUST00315,2025-03-24 04:42:12,PLACED,WEST
ORD001028,CUST00170,2025-03-24 20:08:33,DELIVERED,EAST
ORD000224,CUST00035,2025-03-25 09:11:32,CANCELLED,CENTRAL
ORD003720,CUST00615,2025-03-25 13:10:12,DELIVERED,NORTH
ORD002416,CUST00400,2025-03-25 15:33:13,DELIVERED,SOUTH
ORD003768,CUST00625,2025-03-25 21:08:38,DELIVERED,EAST
ORD001305,CUST00209,2025-03-25 22:19:53,DELIVERED,EAST
ORD001844,CUST00307,2025-03-25 22:38:38,DELIVERED,EAST
ORD000926,CUST00157,2025-03-26 12:20:48,CANCELLED,SOUTH
ORD003547,CUST00593,2025-03-26 15:05:21,DELIVERED,SOUTH
ORD000038,CUST00009,2025-03-26 16:26:35,CANCELLED,CENTRAL
ORD000014,CUST00004,2025-03-26 19:20:24,DELIVERED,CENTRAL
ORD003841,CUST00638,2025-03-26 20:46:43,DELIVERED,NORTH
ORD004266,CUST00713,2025-03-27 01:57:47,CANCELLED,EAST
ORD000387,CUST00059,2025-03-27 02:15:18,DELIVERED,NORTH
ORD000866,CUST00145,2025-03-27 08:51:28,DELIVERED,EAST
ORD001023,CUST00170,2025-03-27 10:34:54,PLACED,EAST
ORD001277,CUST00205,2025-03-27 17:20:23,DELIVERED,CENTRAL
ORD002099,CUST00346,2025-03-28 12:06:15,DELIVERED,NORTH
ORD004636,CUST00777,2025-03-28 00:00:00,CANCELLED,EAST
ORD002438,CUST00401,2025-03-29 09:21:51,DELIVERED,NORTH
ORD000769,CUST00127,2025-03-29 14:33:58,DELIVERED,SOUTH
ORD003898,CUST00654,2025-03-30 01:45:23,DELIVERED,WEST
ORD000282,CUST00047,2025-03-30 05:31:41,SHIPPED,EAST
ORD000817,CUST00135,2025-03-30 16:33:13,DELIVERED,EAST
ORD002820,CUST00469,2025-03-30 19:58:15,DELIVERED,EAST
ORD001099,CUST00181,2025-03-31 00:00:00,DELIVERED,WEST
ORD001523,CUST00254,2025-03-31 13:24:20,DELIVERED,WEST
ORD003504,CUST00585,2025-03-31 16:28:26,DELIVERED,WEST
ORD000331,CUST00052,2025-03-31 16:56:48,DELIVERED,NORTH
ORD002828,CUST00470,2025-04-01 02:42:35,DELIVERED,EAST
ORD000584,CUST00099,2025-04-01 04:27:10,SHIPPED,CENTRAL
ORD003528,CUST00588,2025-04-01 06:21:21,SHIPPED,CENTRAL
ORD004109,CUST00688,2025-04-01 07:34:54,DELIVERED,EAST
ORD001809,CUST00301,2025-04-01 08:25:39,SHIPPED,CENTRAL
ORD004103,CUST00688,2025-04-01 14:01:05,DELIVERED,EAST
ORD002294,CUST00374,2025-04-02 08:38:30,DELIVERED,WEST
ORD003061,CUST00517,2025-04-02 08:57:11,PLACED,WEST
ORD001031,CUST00170,2025-04-02 09:07:28,DELIVERED,EAST
ORD001302,CUST00206,2025-04-02 18:31:20,SHIPPED,NORTH
ORD003279,CUST00551,2025-04-02 23:38:05,DELIVERED,CENTRAL
ORD003053,CUST00517,2025-04-03 03:11:11,CANCELLED,WEST
ORD001346,CUST00223,2025-04-04 15:52:27,DELIVERED,EAST
ORD002162,CUST00356,2025-04-04 20:08:16,DELIVERED,CENTRAL
ORD003152,,2025-04-05 09:27:05,DELIVERED,WEST
ORD003706,CUST00615,2025-04-06 11:37:40,PLACED,NORTH
ORD000580,CUST00098,2025-04-06 13:24:12,DELIVERED,SOUTH
ORD002770,CUST00461,2025-04-06 14:55:06,DELIVERED,EAST
ORD001330,CUST00216,2025-04-07 01:08:51,PLACED,WEST
ORD000310,,2025-04-07 06:14:24,RETURNED,NORTH
ORD000628,CUST00106,2025-04-07 10:02:30,CANCELLED,EAST
ORD003521,CUST00588,2025-04-07 10:45:32,SHIPPED,CENTRAL
ORD004676,CUST00790,2025-04-07 12:44:35,DELIVERED,EAST
ORD000530,CUST00086,2025-04-07 13:38:07,DELIVERED,CENTRAL
ORD002238,CUST00365,2025-04-07 14:45:55,DELIVERED,EAST
ORD003097,CUST00525,2025-04-07 19:50:17,PLACED,NORTH
ORD002189,CUST00359,2025-04-08 12:15:26,RETURNED,NORTH
ORD002524,CUST00420,2025-04-08 12:57:30,DELIVERED,WEST
ORD003599,CUST00604,2025-04-08 14:06:02,SHIPPED,NORTH
ORD003525,CUST00588,2025-04-08 23:12:21,DELIVERED,CENTRAL
ORD003142,CUST00533,2025-04-09 08:30:53,DELIVERED,SOUTH
ORD001024,CUST00170,2025-04-09 23:03:28,SHIPPED,EAST
ORD002639,CUST00438,2025-04-10 01:05:56,DELIVERED,EAST
ORD002645,CUST00438,2025-04-10 16:11:52,SHIPPED,EAST
ORD001072,,2025-04-10 19:03:58,RETURNED,WEST
ORD001046,CUST00171,2025-04-11 18:50:10,CANCELLED,NORTH
ORD003932,CUST00661,2025-04-11 21:45:14,SHIPPED,EAST
ORD000704,CUST00119,2025-04-12 05:00:14,DELIVERED,CENTRAL
ORD002548,CUST00423,2025-04-12 12:15:05,CANCELLED,WEST
ORD001902,CUST00315,2025-04-12 16:17:01,CANCELLED,WEST
ORD002814,CUST00468,2025-04-13 09:15:51,SHIPPED,NORTH
ORD003679,CUST00613,2025-04-13 10:57:47,CANCELLED,EAST
ORD004630,CUST00776,2025-04-13 11:52:01,DELIVERED,NORTH
ORD000627,CUST00106,2025-04-13 17:09:46,DELIVERED,EAST
ORD004273,CUST00714,2025-04-13 22:59:33,PLACED,NORTH
ORD000508,CUST00081,2025-04-14 05:01:39,CANCELLED,NORTH
ORD002441,CUST00401,2025-04-14 09:16:12,CANCELLED,NORTH
ORD003949,CUST00664,2025-04-14 13:25:11,SHIPPED,NORTH
ORD000509,CUST00081,2025-04-14 13:48:39,CANCELLED,NORTH
ORD001533,CUST00255,2025-04-15 06:54:26,DELIVERED,NORTH
ORD003753,CUST00622,2025-04-15 14:12:30,PLACED,SOUTH
ORD003322,CUST00557,2025-04-15 15:25:49,DELIVERED,NORTH
ORD003100,CUST00525,2025-04-15 22:07:09,DELIVERED,NORTH
ORD001287,CUST00206,2025-04-16 02:26:45,CANCELLED,NORTH
ORD000755,CUST00125,2025-04-16 15:42:33,DELIVERED,SOUTH
ORD003007,CUST00509,2025-04-16 15:55:14,SHIPPED,SOUTH
ORD003294,CUST00553,2025-04-16 20:05:30,SHIPPED,SOUTH
ORD004087,CUST00683,2025-04-17 17:13:43,SHIPPED,NORTH
ORD002178,CUST00358,2025-04-19 00:00:00,CANCELLED,WEST
ORD000506,CUST00080,2025-04-19 14:24:18,CANCELLED,SOUTH
ORD003089,CUST00523,2025-04-20 11:02:09,PLACED,EAST
ORD001819,CUST00301,2025-04-20 13:19:26,PLACED,CENTRAL
ORD003491,CUST00584,2025-04-21 12:11:53,SHIPPED,CENTRAL
ORD000268,CUST00046,2025-04-21 14:18:18,SHIPPED,WEST
ORD002906,CUST00488,2025-04-22 07:07:25,PLACED,SOUTH
ORD003681,CUST00613,2025-04-22 11:04:27,DELIVERED,EAST
ORD000625,CUST00105,2025-04-22 12:42:53,DELIVERED,WEST
ORD001673,CUST00271,2025-04-22 14:53:49,DELIVERED,SOUTH
ORD001019,CUST00168,2025-04-23 08:38:49,PLACED,EAST
ORD003623,CUST00606,2025-04-23 10:47:03,PLACED,WEST
ORD003881,CUST00648,2025-04-23 11:40:23,PLACED,NORTH
ORD001301,CUST00206,2025-04-23 12:29:15,CANCELLED,NORTH
ORD003862,CUST00646,2025-04-23 22:38:02,DELIVERED,NORTH
ORD001911,,2025-04-24 05:08:59,DELIVERED,WEST
ORD003517,CUST00587,2025-04-24 14:08:52,PLACED,NORTH
ORD001042,CUST00170,2025-04-24 21:28:21,SHIPPED,EAST
ORD003989,CUST00668,2025-04-25 12:25:53,DELIVERED,CENTRAL
ORD001284,CUST00206,2025-04-25 13:56:23,DELIVERED,NORTH
ORD002570,CUST00426,2025-04-25 19:09:57,PLACED,WEST
ORD000630,CUST00106,2025-04-25 20:58:19,SHIPPED,EAST
ORD000708,CUST00119,2025-04-25 23:08:38,DELIVERED,CENTRAL
ORD002365,CUST00389,2025-04-26 16:36:54,DELIVERED,WEST
ORD003957,CUST00665,2025-04-26 21:23:47,DELIVERED,CENTRAL
ORD003692,CUST00613,2025-04-26 23:30:54,DELIVERED,EAST
ORD000228,CUST00035,2025-04-27 05:05:24,DELIVERED,CENTRAL
ORD003974,CUST00665,2025-04-27 12:13:52,DELIVERED,CENTRAL
ORD004550,CUST00764,2025-04-28 12:15:12,PLACED,EAST
ORD001300,CUST00206,2025-04-28 16:36:50,PLACED,NORTH
ORD003536,CUST00592,2025-04-28 17:37:40,DELIVERED,WEST
ORD003267,CUST00550,2025-04-29 08:03:16,DELIVERED,WEST
ORD003936,CUST00661,2025-04-29 11:55:48,SHIPPED,EAST
ORD001297,CUST00206,2025-04-29 16:59:33,DELIVERED,NORTH
ORD003448,CUST00576,2025-04-29 20:34:15,RETURNED,EAST
ORD001239,CUST00200,2025-04-30 10:40:27,DELIVERED,CENTRAL
ORD002183,CUST00358,2025-04-30 11:37:16,RETURNED,WEST
ORD000706,CUST00119,2025-04-30 19:04:03,DELIVERED,CENTRAL
ORD001666,CUST00271,2025-04-30 21:46:16,DELIVERED,SOUTH
ORD004574,CUST00770,2025-05-01 11:40:58,DELIVERED,NORTH
ORD002847,CUST00476,2025-05-01 12:22:16,PLACED,SOUTH
ORD002164,CUST00356,2025-05-01 12:39:53,DELIVERED,CENTRAL
ORD002956,CUST00499,2025-05-01 00:00:00,SHIPPED,SOUTH
ORD001942,,2025-05-01 19:51:02,RETURNED,EAST
ORD001399,CUST00230,2025-05-02 09:03:41,SHIPPED,WEST
ORD000790,CUST00130,2025-05-02 13:27:31,DELIVERED,EAST
ORD004603,CUST00774,2025-05-02 14:08:58,SHIPPED,NORTH
ORD003304,CUST00554,2025-05-02 15:33:30,DELIVERED,NORTH
ORD001257,CUST00203,2025-05-02 15:40:44,DELIVERED,SOUTH
ORD004446,CUST00745,2025-05-02 16:17:24,CANCELLED,EAST
ORD000277,CUST00047,2025-05-02 16:25:15,DELIVERED,EAST
ORD003157,CUST00534,2025-05-02 17:24:22,DELIVERED,WEST
ORD003165,CUST00535,2025-05-03 02:10:18,SHIPPED,SOUTH
ORD002425,CUST00401,2025-05-03 10:02:28,RETURNED,NORTH
ORD001286,CUST00206,2025-05-03 11:01:27,PLACED,NORTH
ORD000505,CUST00080,2025-05-03 13:23:11,DELIVERED,SOUTH
ORD004331,CUST00727,2025-05-03 14:45:36,DELIVERED,EAST
ORD002034,CUST00337,2025-05-04 15:49:31,SHIPPED,SOUTH
ORD000598,CUST00102,2025-05-05 08:58:44,SHIPPED,WEST
ORD000308,CUST00049,2025-05-05 11:05:23,CANCELLED,NORTH
ORD003865,CUST00646,2025-05-05 12:06:23,DELIVERED,NORTH
ORD003710,CUST00615,2025-05-05 13:24:25,DELIVERED,NORTH
ORD002908,CUST00490,2025-05-05 16:12:59,DELIVERED,NORTH
ORD001115,CUST00181,2025-05-05 19:51:40,DELIVERED,WEST
ORD001261,CUST00203,2025-05-05 22:45:59,SHIPPED,SOUTH
ORD004069,CUST00681,2025-05-06 12:00:15,DELIVERED,NORTH
ORD003902,CUST00654,2025-05-06 15:48:16,DELIVERED,WEST
ORD001270,CUST00204,2025-05-06 22:21:55,RETURNED,NORTH
ORD002901,CUST00487,2025-05-06 23:12:47,PLACED,EAST
ORD003950,CUST00664,2025-05-07 12:27:28,DELIVERED,NORTH
ORD002937,CUST00497,2025-05-08 00:00:00,SHIPPED,NORTH
ORD003987,CUST00668,2025-05-08 16:59:22,SHIPPED,CENTRAL
ORD003154,CUST00534,2025-05-08 23:56:12,PLACED,WEST
ORD004078,,2025-05-09 15:51:41,DELIVERED,CENTRAL
ORD004077,CUST00682,2025-05-09 18:56:49,SHIPPED,CENTRAL
ORD003833,CUST00638,2025-05-10 00:00:00,CANCELLED,NORTH
ORD001227,CUST00198,2025-05-11 15:36:11,CANCELLED,EAST
ORD000529,CUST00086,2025-05-11 16:40:37,CANCELLED,CENTRAL
ORD004725,CUST00797,2025-05-11 18:22:48,CANCELLED,NORTH
ORD001274,CUST00204,2025-05-11 19:04:53,DELIVERED,NORTH
ORD004556,CUST00766,2025-05-12 03:56:17,DELIVERED,WEST
ORD000162,CUST00026,2025-05-12 16:00:43,DELIVERED,WEST
ORD001034,CUST00170,2025-05-12 17:28:49,SHIPPED,EAST
ORD002138,CUST00353,2025-05-12 23:59:25,CANCELLED,CENTRAL
ORD002671,CUST00441,2025-05-13 03:56:27,DELIVERED,CENTRAL
ORD000684,CUST00116,2025-05-13 13:40:24,CANCELLED,CENTRAL
ORD002672,CUST00441,2025-05-13 17:47:10,PLACED,CENTRAL
ORD002502,CUST00417,2025-05-13 19:39:21,DELIVERED,CENTRAL
ORD002501,CUST00417,2025-05-14 08:22:25,DELIVERED,CENTRAL
ORD000092,CUST00016,2025-05-14 09:18:11,DELIVERED,EAST
ORD000226,CUST00035,2025-05-14 18:12:16,RETURNED,CENTRAL
ORD003271,CUST00550,2025-05-14 20:24:39,RETURNED,WEST
ORD000008,CUST00002,2025-05-14 22:34:36,PLACED,NORTH
ORD003741,CUST00619,2025-05-15 06:52:42,SHIPPED,CENTRAL
ORD003085,,2025-05-15 08:04:57,DELIVERED,SOUTH
ORD003935,CUST00661,2025-05-15 08:08:43,SHIPPED,EAST
ORD003784,CUST00631,2025-05-15 08:14:05,RETURNED,EAST
ORD000383,CUST00059,2025-05-15 09:00:10,SHIPPED,NORTH
ORD003548,CUST00594,2025-05-15 09:19:05,DELIVERED,EAST
ORD000778,CUST00128,2025-05-15 09:31:21,DELIVERED,NORTH
ORD001825,CUST00302,2025-05-15 09:48:52,DELIVERED,NORTH
ORD001299,CUST00206,2025-05-15 10:47:43,SHIPPED,NORTH
ORD000681,CUST00114,2025-05-15 11:26:36,DELIVERED,WEST
ORD001372,,2025-05-15 11:56:06,DELIVERED,CENTRAL
ORD001386,CUST00230,2025-05-15 13:12:45,SHIPPED,WEST
ORD004545,CUST00764,2025-05-15 14:30:36,DELIVERED,EAST
ORD003287,CUST00553,2025-05-15 17:42:44,DELIVERED,SOUTH
ORD003123,CUST00530,2025-05-15 18:37:37,RETURNED,SOUTH
ORD002179,CUST00358,2025-05-15 18:53:20,SHIPPED,WEST
ORD003002,CUST00509,2025-05-16 05:03:47,DELIVERED,SOUTH
ORD002753,CUST00456,2025-05-16 23:20:31,DELIVERED,CENTRAL
ORD000235,CUST00038,2025-05-17 00:55:44,DELIVERED,EAST
ORD003721,CUST00615,2025-05-17 07:55:50,SHIPPED,NORTH
ORD000019,CUST00007,2025-05-17 18:37:15,DELIVERED,EAST
ORD002855,CUST00476,2025-05-18 08:17:34,RETURNED,SOUTH
ORD002821,CUST00469,2025-05-18 13:54:10,DELIVERED,EAST
ORD001938,CUST00322,2025-05-18 23:08:20,SHIPPED,CENTRAL
ORD004647,CUST00781,2025-05-19 11:35:42,DELIVERED,WEST
ORD002556,CUST00423,2025-05-19 19:54:16,DELIVERED,WEST
ORD001049,CUST00171,2025-05-19 21:30:59,CANCELLED,NORTH
ORD000524,CUST00086,2025-05-20 01:45:34,CANCELLED,CENTRAL
ORD003397,CUST00570,2025-05-20 08:30:58,DELIVERED,WEST
ORD000344,CUST00054,2025-05-20 00:00:00,RETURNED,SOUTH
ORD002504,CUST00418,2025-05-20 19:07:34,DELIVERED,WEST
ORD002575,CUST00426,2025-05-20 21:39:13,CANCELLED,WEST
ORD000791,CUST00130,2025-05-20 23:46:42,DELIVERED,EAST
ORD003939,CUST00661,2025-05-21 02:22:43,DELIVERED,EAST
ORD004076,CUST00682,2025-05-21 08:29:00,DELIVERED,CENTRAL
ORD004726,CUST00797,2025-05-21 11:08:48,DELIVERED,NORTH
ORD000007,CUST00001,2025-05-21 15:50:49,PLACED,EAST
ORD000274,CUST00046,2025-05-22 16:54:09,DELIVERED,WEST
ORD002529,CUST00420,2025-05-22 22:43:36,CANCELLED,WEST
ORD002618,CUST00433,2025-05-23 05:03:07,DELIVERED,CENTRAL
ORD000394,CUST00059,2025-05-23 08:01:34,SHIPPED,NORTH
ORD002767,CUST00460,2025-05-23 11:04:20,DELIVERED,WEST
ORD001955,CUST00324,2025-05-23 11:36:12,DELIVERED,WEST
ORD000623,CUST00105,2025-05-23 18:00:29,DELIVERED,WEST
ORD002096,CUST00346,2025-05-23 18:42:23,DELIVERED,NORTH
ORD003263,CUST00550,2025-05-23 22:14:27,DELIVERED,WEST
ORD003420,CUST00574,2025-05-24 00:02:15,PLACED,WEST
ORD002386,CUST00393,2025-05-24 05:22:53,DELIVERED,CENTRAL
ORD004412,CUST00739,2025-05-24 10:31:42,SHIPPED,WEST
ORD003026,CUST00513,2025-05-25 01:13:03,CANCELLED,SOUTH
ORD000685,CUST00116,2025-05-25 08:33:19,DELIVERED,CENTRAL
ORD001909,CUST00315,2025-05-26 01:59:33,SHIPPED,WEST
ORD001910,CUST00315,2025-05-26 04:12:12,DELIVERED,WEST
ORD002258,CUST00368,2025-05-26 08:00:01,DELIVERED,NORTH
ORD001387,CUST00230,2025-05-26 08:08:20,RETURNED,WEST
ORD000279,,2025-05-26 16:24:49,SHIPPED,EAST
ORD004643,CUST00780,2025-05-27 17:08:54,CANCELLED,SOUTH
ORD004351,CUST00730,2025-05-28 05:43:04,PLACED,CENTRAL
ORD003437,CUST00574,2025-05-28 08:12:52,SHIPPED,WEST
ORD000588,CUST00101,2025-05-28 08:32:27,DELIVERED,WEST
ORD004570,CUST00770,2025-05-28 14:46:22,DELIVERED,NORTH
ORD003532,CUST00588,2025-05-28 17:17:16,DELIVERED,CENTRAL
ORD001704,CUST00277,2025-05-28 20:02:30,PLACED,CENTRAL
ORD002627,CUST00435,2025-05-29 08:07:24,DELIVERED,EAST
ORD001225,CUST00198,2025-05-29 09:39:31,DELIVERED,EAST
ORD000498,CUST00079,2025-05-29 16:40:37,DELIVERED,EAST
ORD003278,CUST00551,2025-05-30 06:12:38,DELIVERED,CENTRAL
ORD004542,CUST00763,2025-05-30 00:00:00,DELIVERED,NORTH
ORD004134,CUST00692,2025-05-30 12:02:07,SHIPPED,NORTH
ORD004085,CUST00683,2025-05-30 13:12:34,CANCELLED,NORTH
ORD004688,CUST00792,2025-05-30 13:45:17,DELIVERED,EAST
ORD004626,CUST00776,2025-05-31 08:48:30,CANCELLED,NORTH
ORD001234,CUST00199,2025-05-31 11:15:52,DELIVERED,CENTRAL
ORD004207,CUST00704,2025-05-31 14:55:45,RETURNED,EAST
ORD004374,CUST00735,2025-05-31 17:52:22,DELIVERED,SOUTH
ORD004267,CUST00713,2025-05-31 21:14:50,DELIVERED,EAST
ORD003190,CUST00541,2025-06-01 09:15:28,DELIVERED,SOUTH
ORD003722,CUST00615,2025-06-01 09:35:09,DELIVERED,NORTH
ORD004539,CUST00763,2025-06-01 11:51:01,DELIVERED,NORTH
ORD004375,CUST00735,2025-06-01 18:23:47,DELIVERED,SOUTH
ORD004024,CUST00672,2025-06-02 18:16:56,DELIVERED,NORTH
ORD001971,CUST00327,2025-06-02 22:31:33,DELIVERED,CENTRAL
ORD004577,CUST00770,2025-06-02 23:57:50,DELIVERED,NORTH
ORD002673,CUST00441,2025-06-03 00:59:12,PLACED,CENTRAL
ORD001262,CUST00203,2025-06-03 14:18:54,SHIPPED,SOUTH
ORD001228,CUST00198,2025-06-03 14:52:52,DELIVERED,EAST
ORD003912,CUST00656,2025-06-03 15:06:18,SHIPPED,EAST
ORD002540,CUST00423,2025-06-03 19:02:01,DELIVERED,WEST
ORD001607,CUST00265,2025-06-04 13:09:59,DELIVERED,CENTRAL
ORD003709,CUST00615,2025-06-04 19:11:28,SHIPPED,NORTH
ORD004713,CUST00795,2025-06-04 19:52:37,PLACED,EAST
ORD003763,CUST00625,2025-06-06 10:23:28,DELIVERED,EAST
ORD000255,CUST00041,2025-06-06 11:37:59,DELIVERED,CENTRAL
ORD004379,CUST00735,2025-06-06 12:26:16,DELIVERED,SOUTH
ORD003199,CUST00541,2025-06-06 12:48:13,SHIPPED,SOUTH
ORD000500,CUST00080,2025-06-06 22:43:36,RETURNED,SOUTH
ORD003493,CUST00584,2025-06-06 23:33:59,CANCELLED,CENTRAL
ORD002691,CUST00446,2025-06-07 16:59:34,DELIVERED,EAST
ORD003136,CUST00533,2025-06-07 20:41:00,DELIVERED,SOUTH
ORD003255,CUST00549,2025-06-08 08:48:18,DELIVERED,SOUTH
ORD003883,CUST00648,2025-06-08 12:15:00,PLACED,NORTH
ORD002773,CUST00461,2025-06-08 15:25:37,CANCELLED,EAST
ORD004677,CUST00790,2025-06-09 19:06:23,DELIVERED,EAST
ORD001304,CUST00207,2025-06-09 21:55:03,DELIVERED,NORTH
ORD002033,CUST00337,2025-06-10 09:01:36,DELIVERED,SOUTH
ORD003402,CUST00570,2025-06-10 10:13:19,DELIVERED,WEST
ORD000519,,2025-06-10 12:20:33,DELIVERED,CENTRAL
ORD002230,CUST00365,2025-06-10 13:01:12,CANCELLED,EAST
ORD003851,,2025-06-10 21:59:13,DELIVERED,CENTRAL
ORD003976,CUST00666,2025-06-10 22:51:16,PLACED,WEST
ORD000144,CUST00023,2025-06-11 00:09:28,DELIVERED,CENTRAL
ORD002363,CUST00389,2025-06-11 02:44:57,DELIVERED,WEST
ORD002760,CUST00460,2025-06-12 02:14:31,DELIVERED,WEST
ORD004558,CUST00766,2025-06-12 11:25:43,SHIPPED,WEST
ORD001743,CUST00283,2025-06-12 15:40:25,SHIPPED,WEST
ORD003762,CUST00625,2025-06-12 19:36:51,DELIVERED,EAST
ORD002683,CUST00443,2025-06-12 20:34:58,PLACED,SOUTH
ORD004352,CUST00730,2025-06-12 23:24:43,CANCELLED,CENTRAL
ORD001106,CUST00181,2025-06-13 08:33:09,PLACED,WEST
ORD004386,CUST00735,2025-06-13 11:43:06,DELIVERED,SOUTH
ORD000673,CUST00114,2025-06-14 03:16:07,DELIVERED,WEST
ORD001524,CUST00254,2025-06-14 07:48:51,RETURNED,WEST
ORD000151,CUST00024,2025-06-14 10:40:34,DELIVERED,SOUTH
ORD002348,CUST00384,2025-06-14 21:22:51,SHIPPED,EAST
ORD004129,,2025-06-15 00:00:00,RETURNED,SOUTH
ORD000352,CUST00055,2025-06-15 11:00:49,SHIPPED,SOUTH
ORD002729,CUST00452,2025-06-15 14:10:26,CANCELLED,NORTH
ORD002951,CUST00499,2025-06-15 19:17:04,RETURNED,SOUTH
ORD003443,CUST00575,2025-06-16 04:33:03,DELIVERED,SOUTH
ORD003986,,2025-06-17 14:50:18,SHIPPED,CENTRAL
ORD000249,CUST00040,2025-06-17 17:42:30,RETURNED,WEST
ORD003769,CUST00625,2025-06-17 20:44:39,SHIPPED,EAST
ORD002136,CUST00352,2025-06-17 23:01:46,CANCELLED,NORTH
ORD000329,CUST00052,2025-06-17 23:42:58,CANCELLED,NORTH
ORD004066,CUST00680,2025-06-18 00:15:34,SHIPPED,EAST
ORD004510,CUST00757,2025-06-18 03:36:30,DELIVERED,NORTH
ORD003555,CUST00595,2025-06-18 12:28:00,DELIVERED,SOUTH
ORD001664,CUST00271,2025-06-18 14:12:00,SHIPPED,SOUTH
ORD004365,CUST00732,2025-06-18 22:51:40,CANCELLED,NORTH
ORD000886,CUST00148,2025-06-18 23:12:41,SHIPPED,WEST
ORD004733,CUST00797,2025-06-19 04:53:24,DELIVERED,NORTH
ORD000358,CUST00056,2025-06-19 17:32:39,DELIVERED,WEST
ORD004686,,2025-06-20 01:37:05,DELIVERED,EAST
ORD003023,CUST00513,2025-06-20 10:18:27,PLACED,SOUTH
ORD002649,CUST00438,2025-06-20 16:48:54,DELIVERED,EAST
ORD004600,CUST00774,2025-06-20 18:11:52,DELIVERED,NORTH
ORD000992,CUST00166,2025-06-20 18:29:32,SHIPPED,SOUTH
ORD002580,CUST00427,2025-06-20 19:12:19,DELIVERED,EAST
ORD002315,CUST00380,2025-06-20 20:53:41,DELIVERED,NORTH
ORD002675,CUST00441,2025-06-21 00:40:02,DELIVERED,CENTRAL
ORD004469,CUST00749,2025-06-21 06:39:05,DELIVERED,WEST
ORD000424,CUST00065,2025-06-21 08:20:08,DELIVERED,SOUTH
ORD002428,CUST00401,2025-06-21 16:24:10,DELIVERED,NORTH
ORD001888,CUST00314,2025-06-21 18:51:33,DELIVERED,CENTRAL
ORD001289,CUST00206,2025-06-21 22:26:56,DELIVERED,NORTH
ORD000090,CUST00015,2025-06-22 11:04:22,DELIVERED,WEST
ORD001107,CUST00181,2025-06-22 11:59:07,PLACED,WEST
ORD001885,CUST00314,2025-06-22 12:17:05,PLACED,CENTRAL
ORD001884,CUST00314,2025-06-22 12:48:22,DELIVERED,CENTRAL
ORD001071,CUST00177,2025-06-22 16:27:25,PLACED,WEST
ORD000919,CUST00155,2025-06-22 23:19:50,PLACED,CENTRAL
ORD002833,CUST00472,2025-06-23 12:25:16,SHIPPED,CENTRAL
ORD000994,CUST00166,2025-06-23 13:04:00,PLACED,SOUTH
ORD002132,CUST00352,2025-06-23 19:57:59,DELIVERED,NORTH
ORD002738,CUST00452,2025-06-25 11:27:49,DELIVERED,NORTH
ORD004700,CUST00792,2025-06-25 12:27:02,PLACED,EAST
ORD003421,CUST00574,2025-06-25 18:42:22,SHIPPED,WEST
ORD003076,CUST00520,2025-06-25 19:14:22,SHIPPED,WEST
ORD003840,CUST00638,2025-06-25 20:52:09,DELIVERED,NORTH
ORD000236,CUST00038,2025-06-26 01:07:55,DELIVERED,EAST
ORD000185,CUST00030,2025-06-26 08:13:41,DELIVERED,WEST
ORD001328,CUST00216,2025-06-27 13:17:05,CANCELLED,WEST
ORD002578,CUST00427,2025-06-27 00:00:00,DELIVERED,EAST
ORD001976,CUST00327,2025-06-27 21:07:58,DELIVERED,CENTRAL
ORD002551,CUST00423,2025-06-28 12:27:15,DELIVERED,WEST
ORD003543,CUST00592,2025-06-28 15:30:13,PLACED,WEST
ORD002371,CUST00390,2025-06-28 00:00:00,SHIPPED,WEST
ORD002211,CUST00363,2025-06-29 00:57:34,DELIVERED,WEST
ORD004065,,2025-06-29 06:15:17,DELIVERED,NORTH
ORD003257,CUST00549,2025-06-29 11:14:44,PLACED,SOUTH
ORD000201,CUST00032,2025-06-29 12:19:29,DELIVERED,NORTH
ORD001987,CUST00328,2025-06-29 17:33:30,SHIPPED,SOUTH
ORD003660,CUST00610,2025-06-29 23:07:11,SHIPPED,SOUTH
ORD003843,CUST00639,2025-06-29 00:00:00,CANCELLED,EAST
ORD004625,CUST00776,2025-06-30 03:14:27,DELIVERED,NORTH
ORD003245,CUST00545,2025-06-30 09:07:29,DELIVERED,NORTH
ORD001676,CUST00271,2025-06-30 14:16:46,DELIVERED,SOUTH
ORD000189,CUST00030,2025-06-30 14:58:58,SHIPPED,WEST
ORD002296,CUST00374,2025-06-30 17:23:17,CANCELLED,WEST
ORD000781,CUST00128,2025-07-01 00:00:00,RETURNED,NORTH
ORD004721,CUST00797,2025-07-01 13:32:23,DELIVERED,NORTH
ORD004339,CUST00728,2025-07-01 15:10:23,PLACED,CENTRAL
ORD003834,CUST00638,2025-07-01 18:12:28,SHIPPED,NORTH
ORD004155,CUST00694,2025-07-02 00:00:00,DELIVERED,EAST
ORD000161,CUST00026,2025-07-02 10:34:47,DELIVERED,WEST
ORD003829,CUST00637,2025-07-02 18:18:57,DELIVERED,NORTH
ORD001148,CUST00185,2025-07-03 03:26:08,DELIVERED,CENTRAL
ORD001316,,2025-07-03 08:39:19,SHIPPED,NORTH
ORD000256,CUST00041,2025-07-03 15:08:54,DELIVERED,CENTRAL
ORD003561,CUST00597,2025-07-03 15:46:55,DELIVERED,CENTRAL
ORD001041,CUST00170,2025-07-04 08:48:27,SHIPPED,EAST
ORD000360,CUST00056,2025-07-04 12:17:12,CANCELLED,WEST
ORD000621,CUST00105,2025-07-04 13:09:33,RETURNED,WEST
ORD003662,CUST00610,2025-07-04 00:00:00,DELIVERED,SOUTH
ORD003571,CUST00599,2025-07-04 17:27:35,DELIVERED,WEST
ORD004571,CUST00770,2025-07-04 17:36:28,CANCELLED,NORTH
ORD004251,CUST00709,2025-07-05 12:04:19,PLACED,CENTRAL
ORD000848,CUST00141,2025-07-05 12:18:46,CANCELLED,NORTH
ORD003538,CUST00592,2025-07-06 09:19:51,PLACED,WEST
ORD001917,CUST00316,2025-07-06 09:28:04,CANCELLED,EAST
ORD003708,CUST00615,2025-07-06 11:49:32,DELIVERED,NORTH
ORD003766,CUST00625,2025-07-06 19:20:40,DELIVERED,EAST
ORD002884,CUST00484,2025-07-07 17:01:43,DELIVERED,CENTRAL
ORD002226,CUST00365,2025-07-08 08:45:28,DELIVERED,EAST
ORD003254,CUST00549,2025-07-08 09:24:41,PLACED,SOUTH
ORD001751,CUST00284,2025-07-08 10:58:37,DELIVERED,SOUTH
ORD004662,CUST00786,2025-07-08 00:00:00,DELIVERED,EAST
ORD001332,CUST00217,2025-07-08 17:47:51,DELIVERED,NORTH
ORD000875,CUST00147,2025-07-09 09:23:33,DELIVERED,EAST
ORD004067,CUST00680,2025-07-09 11:15:11,DELIVERED,EAST
ORD004684,CUST00792,2025-07-09 12:00:12,PLACED,EAST
ORD003876,CUST00648,2025-07-09 14:17:59,DELIVERED,NORTH
ORD002560,CUST00424,2025-07-09 15:30:46,CANCELLED,NORTH
ORD003216,,2025-07-09 16:15:20,DELIVERED,SOUTH
ORD003417,CUST00572,2025-07-09 17:08:57,DELIVERED,SOUTH
ORD002553,CUST00423,2025-07-09 17:19:45,DELIVERED,WEST
ORD002979,CUST00505,2025-07-10 00:00:00,SHIPPED,WEST
ORD003126,CUST00530,2025-07-10 22:17:03,CANCELLED,SOUTH
ORD003854,CUST00642,2025-07-10 22:46:32,SHIPPED,NORTH
ORD001288,CUST00206,2025-07-10 23:08:53,SHIPPED,NORTH
ORD000131,CUST00021,2025-07-11 08:21:36,SHIPPED,CENTRAL
ORD000178,,2025-07-11 10:06:38,DELIVERED,EAST
ORD003966,CUST00665,2025-07-11 10:45:40,DELIVERED,CENTRAL
ORD003546,CUST00592,2025-07-11 16:14:06,DELIVERED,WEST
ORD002225,CUST00365,2025-07-11 19:04:07,DELIVERED,EAST
ORD002568,CUST00424,2025-07-11 19:08:02,DELIVERED,NORTH
ORD001880,CUST00313,2025-07-11 20:33:08,SHIPPED,SOUTH
ORD000762,CUST00126,2025-07-11 21:15:49,CANCELLED,SOUTH
ORD003430,,2025-07-12 08:26:49,CANCELLED,WEST
ORD003499,CUST00585,2025-07-12 09:43:52,SHIPPED,WEST
ORD001691,CUST00273,2025-07-12 10:52:27,DELIVERED,EAST
ORD003231,CUST00544,2025-07-12 11:12:28,PLACED,SOUTH
ORD000417,CUST00064,2025-07-12 12:21:38,DELIVERED,CENTRAL
ORD002880,CUST00484,2025-07-12 00:00:00,CANCELLED,CENTRAL
ORD003281,,2025-07-13 10:41:42,SHIPPED,CENTRAL
ORD003489,CUST00584,2025-07-13 13:53:30,DELIVERED,CENTRAL
ORD001178,CUST00189,2025-07-13 14:55:35,SHIPPED,EAST
ORD003835,CUST00638,2025-07-13 00:00:00,SHIPPED,NORTH
ORD001694,CUST00274,2025-07-13 23:23:04,DELIVERED,NORTH
ORD003657,CUST00610,2025-07-14 13:47:59,SHIPPED,SOUTH
ORD000259,CUST00041,2025-07-14 14:38:37,DELIVERED,CENTRAL
ORD001784,CUST00290,2025-07-14 14:39:28,DELIVERED,NORTH
ORD003138,CUST00533,2025-07-14 15:11:38,DELIVERED,SOUTH
ORD002097,CUST00346,2025-07-14 15:55:46,DELIVERED,NORTH
ORD000324,CUST00051,2025-07-14 22:10:36,DELIVERED,EAST
ORD003360,CUST00565,2025-07-15 08:29:22,CANCELLED,CENTRAL
ORD000180,CUST00028,2025-07-15 16:56:44,DELIVERED,EAST
ORD001668,CUST00271,2025-07-15 17:23:06,PLACED,SOUTH
ORD001226,CUST00198,2025-07-15 23:06:55,SHIPPED,EAST
ORD002577,CUST00427,2025-07-16 04:59:34,DELIVERED,EAST
ORD004470,CUST00749,2025-07-16 17:43:48,DELIVERED,WEST
ORD000546,,2025-07-16 18:46:31,DELIVERED,SOUTH
ORD004557,CUST00766,2025-07-16 19:20:41,PLACED,WEST
ORD001345,,2025-07-17 04:04:31,DELIVERED,EAST
ORD003811,CUST00634,2025-07-17 06:17:42,CANCELLED,CENTRAL
ORD000758,CUST00125,2025-07-17 13:47:07,SHIPPED,SOUTH
ORD003018,CUST00512,2025-07-17 14:04:57,DELIVERED,CENTRAL
ORD001810,CUST00301,2025-07-17 14:41:42,SHIPPED,CENTRAL
ORD004727,CUST00797,2025-07-17 16:30:38,DELIVERED,NORTH
ORD004341,CUST00728,2025-07-17 17:57:00,PLACED,CENTRAL
ORD002559,CUST00424,2025-07-18 09:37:21,DELIVERED,NORTH
ORD000002,CUST00001,2025-07-18 14:29:48,DELIVERED,EAST
ORD001414,CUST00232,2025-07-18 20:52:19,DELIVERED,SOUTH
ORD004153,CUST00694,2025-07-19 18:35:55,CANCELLED,EAST
ORD000846,CUST00140,2025-07-20 02:27:31,DELIVERED,WEST
ORD002209,CUST00363,2025-07-20 05:58:54,DELIVERED,WEST
ORD000865,CUST00145,2025-07-20 13:00:20,DELIVERED,EAST
ORD001373,CUST00227,2025-07-20 15:05:33,DELIVERED,CENTRAL
ORD002668,CUST00441,2025-07-20 19:26:37,SHIPPED,CENTRAL
ORD001975,CUST00327,2025-07-20 20:57:32,CANCELLED,CENTRAL
ORD000587,CUST00101,2025-07-21 07:35:05,DELIVERED,WEST
ORD002229,CUST00365,2025-07-21 09:18:41,SHIPPED,EAST
ORD003808,CUST00634,2025-07-21 00:00:00,PLACED,CENTRAL
ORD001951,CUST00323,2025-07-21 14:42:11,DELIVERED,EAST
ORD004349,CUST00730,2025-07-21 15:10:59,DELIVERED,CENTRAL
ORD001155,CUST00185,2025-07-21 18:38:30,DELIVERED,CENTRAL
ORD004638,CUST00777,2025-07-21 20:22:45,PLACED,EAST
ORD000594,CUST00101,2025-07-22 09:34:06,DELIVERED,WEST
ORD004709,CUST00794,2025-07-22 12:24:40,SHIPPED,NORTH
ORD003225,CUST00544,2025-07-22 12:32:55,CANCELLED,SOUTH
ORD003524,CUST00588,2025-07-22 13:39:26,CANCELLED,CENTRAL
ORD002584,CUST00428,2025-07-22 14:57:41,DELIVERED,WEST
ORD000915,CUST00154,2025-07-22 18:57:59,DELIVERED,EAST
ORD003425,CUST00574,2025-07-22 23:44:49,SHIPPED,WEST
ORD002418,CUST00400,2025-07-23 04:24:25,DELIVERED,SOUTH
ORD000999,CUST00167,2025-07-23 11:45:59,DELIVERED,EAST
ORD000757,CUST00125,2025-07-23 11:51:49,RETURNED,SOUTH
ORD002819,CUST00469,2025-07-23 12:43:39,DELIVERED,EAST
ORD003232,CUST00544,2025-07-23 13:59:38,RETURNED,SOUTH
ORD002105,CUST00347,2025-07-23 14:21:12,RETURNED,SOUTH
ORD002406,CUST00398,2025-07-23 16:03:17,CANCELLED,CENTRAL
ORD002563,CUST00424,2025-07-24 06:00:57,PLACED,NORTH
ORD002670,CUST00441,2025-07-24 14:12:07,PLACED,CENTRAL
ORD001806,CUST00301,2025-07-24 14:30:31,CANCELLED,CENTRAL
ORD002499,CUST00417,2025-07-24 23:22:35,RETURNED,CENTRAL
ORD001899,CUST00315,2025-07-25 03:26:49,DELIVERED,WEST
ORD003276,,2025-07-25 07:16:33,DELIVERED,CENTRAL
ORD002594,CUST00429,2025-07-25 08:08:21,DELIVERED,WEST
ORD004694,CUST00792,2025-07-25 09:08:14,CANCELLED,EAST
ORD004624,CUST00776,2025-07-25 10:15:40,CANCELLED,NORTH
ORD001662,CUST00271,2025-07-25 14:35:18,PLACED,SOUTH
ORD003747,CUST00621,2025-07-25 14:51:34,DELIVERED,EAST
ORD002163,,2025-07-25 23:48:33,DELIVERED,CENTRAL
ORD004347,CUST00730,2025-07-26 08:14:22,SHIPPED,CENTRAL
ORD003680,CUST00613,2025-07-26 14:56:09,RETURNED,EAST
ORD004126,CUST00691,2025-07-26 15:47:18,DELIVERED,SOUTH
ORD003156,CUST00534,2025-07-26 00:00:00,DELIVERED,WEST
ORD004051,CUST00676,2025-07-26 18:28:13,SHIPPED,EAST
ORD003787,CUST00631,2025-07-26 19:28:00,PLACED,EAST
ORD002538,CUST00423,2025-07-26 20:05:26,PLACED,WEST
ORD001271,CUST00204,2025-07-27 11:12:57,SHIPPED,NORTH
ORD002986,CUST00507,2025-07-27 13:49:29,SHIPPED,WEST
ORD004462,CUST00748,2025-07-27 17:23:00,DELIVERED,WEST
ORD004019,CUST00672,2025-07-27 17:44:02,CANCELLED,NORTH
ORD001605,CUST00265,2025-07-27 18:16:06,CANCELLED,CENTRAL
ORD003181,CUST00539,2025-07-27 20:16:57,DELIVERED,NORTH
ORD001923,CUST00316,2025-07-27 20:47:50,DELIVERED,EAST
ORD002317,CUST00380,2025-07-28 09:41:09,PLACED,NORTH
ORD002095,,2025-07-28 12:02:34,DELIVERED,NORTH
ORD003751,CUST00622,2025-07-28 12:35:04,DELIVERED,SOUTH
ORD003850,CUST00640,2025-07-29 08:39:23,PLACED,CENTRAL
ORD000094,CUST00016,2025-07-29 09:11:53,DELIVERED,EAST
ORD001292,CUST00206,2025-07-29 09:12:36,DELIVERED,NORTH
ORD003132,CUST00531,2025-07-29 17:05:50,SHIPPED,CENTRAL
ORD001865,CUST00311,2025-07-29 17:28:16,SHIPPED,CENTRAL
ORD002798,CUST00464,2025-07-29 17:39:42,CANCELLED,SOUTH
ORD002902,CUST00487,2025-07-29 19:22:57,DELIVERED,EAST
ORD000348,CUST00055,2025-07-29 22:42:17,DELIVERED,SOUTH
ORD003634,CUST00607,2025-07-30 10:28:49,RETURNED,WEST
ORD000527,CUST00086,2025-07-30 10:34:53,DELIVERED,CENTRAL
ORD003480,CUST00582,2025-07-30 13:54:19,DELIVERED,NORTH
ORD004336,CUST00727,2025-07-30 17:08:42,PLACED,EAST
ORD002810,CUST00467,2025-07-31 03:08:19,DELIVERED,SOUTH
ORD002185,CUST00358,2025-07-31 03:43:49,DELIVERED,WEST
ORD003158,CUST00534,2025-07-31 07:47:12,DELIVERED,WEST
ORD004179,CUST00700,2025-07-31 15:22:10,RETURNED,SOUTH
ORD004072,CUST00681,2025-07-31 16:27:30,DELIVERED,NORTH
ORD003128,CUST00531,2025-07-31 17:45:50,DELIVERED,CENTRAL
ORD001242,CUST00200,2025-07-31 18:44:03,DELIVERED,CENTRAL
ORD004268,CUST00713,2025-07-31 19:05:34,CANCELLED,EAST
ORD004206,CUST00704,2025-07-31 22:54:08,DELIVERED,EAST
ORD001266,CUST00204,2025-08-01 05:44:51,DELIVERED,NORTH
ORD000767,CUST00126,2025-08-01 07:16:48,DELIVERED,SOUTH
ORD001273,CUST00204,2025-08-01 16:21:42,PLACED,NORTH
ORD003990,CUST00668,2025-08-02 00:00:00,SHIPPED,CENTRAL
ORD000596,CUST00102,2025-08-02 13:10:50,DELIVERED,WEST
ORD000544,CUST00088,2025-08-02 16:56:45,DELIVERED,SOUTH
ORD001537,CUST00255,2025-08-03 06:05:26,PLACED,NORTH
ORD001818,CUST00301,2025-08-03 10:55:58,PLACED,CENTRAL
ORD001283,CUST00206,2025-08-03 11:40:29,DELIVERED,NORTH
ORD002023,CUST00335,2025-08-03 13:13:12,DELIVERED,NORTH
ORD002141,CUST00353,2025-08-03 15:28:32,DELIVERED,CENTRAL
ORD001269,,2025-08-03 18:46:20,DELIVERED,NORTH
ORD001113,CUST00181,2025-08-04 05:04:07,RETURNED,WEST
ORD000278,CUST00047,2025-08-04 12:19:44,SHIPPED,EAST
ORD000777,CUST00128,2025-08-04 14:37:17,CANCELLED,NORTH
ORD003570,CUST00599,2025-08-04 15:34:02,DELIVERED,WEST
ORD004621,CUST00775,2025-08-04 18:44:22,DELIVERED,NORTH
ORD002740,CUST00452,2025-08-04 21:41:42,DELIVERED,NORTH
ORD003792,CUST00632,2025-08-05 01:36:10,DELIVERED,WEST
ORD004409,CUST00739,2025-08-05 09:47:47,SHIPPED,WEST
ORD000134,CUST00021,2025-08-05 13:21:36,RETURNED,CENTRAL
ORD004377,,2025-08-05 00:00:00,SHIPPED,SOUTH
ORD003241,CUST00545,2025-08-06 04:34:00,DELIVERED,NORTH
ORD001753,,2025-08-06 11:15:39,DELIVERED,SOUTH
ORD004068,CUST00680,2025-08-06 16:04:56,PLACED,EAST
ORD000581,CUST00099,2025-08-06 17:41:09,CANCELLED,CENTRAL
ORD003761,CUST00625,2025-08-06 19:37:59,DELIVERED,EAST
ORD001229,CUST00199,2025-08-06 21:06:22,SHIPPED,CENTRAL
ORD004285,CUST00718,2025-08-07 14:09:30,CANCELLED,NORTH
ORD001890,CUST00314,2025-08-07 18:25:34,DELIVERED,CENTRAL
ORD001782,,2025-08-07 19:02:27,DELIVERED,NORTH
ORD000085,CUST00014,2025-08-07 19:36:21,SHIPPED,EAST
ORD001896,CUST00315,2025-08-07 19:52:54,DELIVERED,WEST
ORD001032,CUST00170,2025-08-08 06:37:13,SHIPPED,EAST
ORD000520,CUST00086,2025-08-08 06:51:08,DELIVERED,CENTRAL
ORD000035,CUST00009,2025-08-08 09:20:21,DELIVERED,CENTRAL
ORD004017,CUST00672,2025-08-08 11:05:30,SHIPPED,NORTH
ORD000640,CUST00108,2025-08-08 12:00:29,PLACED,WEST
ORD002693,CUST00446,2025-08-08 13:28:26,DELIVERED,EAST
ORD003626,CUST00607,2025-08-08 15:53:14,DELIVERED,WEST
ORD002782,CUST00463,2025-08-08 15:57:53,SHIPPED,CENTRAL
ORD003997,CUST00668,2025-08-08 18:23:46,DELIVERED,CENTRAL
ORD004079,CUST00682,2025-08-08 21:26:38,DELIVERED,CENTRAL
ORD003959,CUST00665,2025-08-09 07:28:06,CANCELLED,CENTRAL
ORD003603,CUST00604,2025-08-09 09:51:46,DELIVERED,NORTH
ORD001368,CUST00226,2025-08-09 16:57:30,PLACED,CENTRAL
ORD003621,,2025-08-09 00:00:00,DELIVERED,WEST
ORD001961,CUST00325,2025-08-09 00:00:00,DELIVERED,EAST
ORD001147,CUST00184,2025-08-10 04:45:35,SHIPPED,NORTH
ORD001160,CUST00186,2025-08-10 14:05:46,SHIPPED,WEST
ORD002650,CUST00438,2025-08-10 00:00:00,DELIVERED,EAST
ORD004610,CUST00774,2025-08-10 17:29:46,PLACED,NORTH
ORD001950,CUST00323,2025-08-10 20:25:28,DELIVERED,EAST
ORD000438,CUST00067,2025-08-11 00:53:52,DELIVERED,EAST
ORD001395,CUST00230,2025-08-11 23:21:05,DELIVERED,WEST
ORD001847,CUST00307,2025-08-12 08:34:26,CANCELLED,EAST
ORD003859,CUST00643,2025-08-12 13:29:20,DELIVERED,NORTH
ORD002769,CUST00461,2025-08-12 13:51:50,DELIVERED,EAST
ORD000200,CUST00032,2025-08-12 15:09:35,PLACED,NORTH
ORD004758,CUST00800,2025-08-12 17:45:07,RETURNED,NORTH
ORD003262,CUST00550,2025-08-12 22:25:26,DELIVERED,WEST
ORD004249,CUST00709,2025-08-12 23:05:35,DELIVERED,CENTRAL
ORD000030,CUST00009,2025-08-13 02:47:34,SHIPPED,CENTRAL
ORD001317,CUST00211,2025-08-13 07:59:50,RETURNED,NORTH
ORD000703,CUST00119,2025-08-13 09:27:58,DELIVERED,CENTRAL
ORD000332,,2025-08-13 14:03:27,DELIVERED,NORTH
ORD000845,CUST00140,2025-08-13 14:07:10,DELIVERED,WEST
ORD003705,CUST00615,2025-08-13 14:38:14,RETURNED,NORTH
ORD003934,CUST00661,2025-08-13 14:41:01,DELIVERED,EAST
ORD004451,CUST00746,2025-08-13 16:09:03,DELIVERED,SOUTH
ORD002506,CUST00418,2025-08-14 00:42:20,DELIVERED,WEST
ORD002235,CUST00365,2025-08-14 11:34:32,CANCELLED,EAST
ORD002616,CUST00433,2025-08-14 13:40:12,DELIVERED,CENTRAL
ORD004553,CUST00766,2025-08-14 17:41:48,DELIVERED,WEST
ORD001153,CUST00185,2025-08-15 09:09:43,DELIVERED,CENTRAL
ORD000555,CUST00091,2025-08-15 14:24:18,SHIPPED,WEST
ORD000091,CUST00015,2025-08-16 08:28:12,SHIPPED,WEST
ORD003175,CUST00538,2025-08-16 09:49:37,SHIPPED,EAST
ORD004132,CUST00691,2025-08-16 11:56:56,DELIVERED,SOUTH
ORD004642,CUST00780,2025-08-16 12:01:53,PLACED,SOUTH
ORD002143,CUST00353,2025-08-16 14:26:30,DELIVERED,CENTRAL
ORD004250,CUST00709,2025-08-16 14:47:28,PLACED,CENTRAL
ORD001663,CUST00271,2025-08-16 21:24:35,PLACED,SOUTH
ORD000818,CUST00135,2025-08-16 23:53:34,DELIVERED,EAST
ORD001331,CUST00216,2025-08-17 04:23:04,DELIVERED,WEST
ORD001746,CUST00283,2025-08-17 11:48:15,DELIVERED,WEST
ORD004363,CUST00732,2025-08-17 13:26:35,DELIVERED,NORTH
ORD002552,CUST00423,2025-08-17 18:55:57,CANCELLED,WEST
ORD001379,CUST00228,2025-08-17 19:41:12,RETURNED,SOUTH
ORD004635,CUST00777,2025-08-17 19:54:05,DELIVERED,EAST
ORD002849,CUST00476,2025-08-17 20:39:02,PLACED,SOUTH
ORD004464,CUST00748,2025-08-17 22:31:09,DELIVERED,WEST
ORD004502,CUST00755,2025-08-18 09:16:37,PLACED,WEST
ORD001029,CUST00170,2025-08-18 09:37:48,SHIPPED,EAST
ORD000851,CUST00141,2025-08-18 18:45:23,DELIVERED,NORTH
ORD003702,CUST00614,2025-08-19 00:40:23,DELIVERED,NORTH
ORD003781,CUST00629,2025-08-19 08:21:24,PLACED,SOUTH
ORD000400,CUST00061,2025-08-19 10:56:11,PLACED,SOUTH
ORD001407,CUST00230,2025-08-19 14:53:10,DELIVERED,WEST
ORD001150,CUST00185,2025-08-19 16:25:37,DELIVERED,CENTRAL
ORD001727,CUST00280,2025-08-19 17:33:18,DELIVERED,SOUTH
ORD001063,CUST00176,2025-08-19 19:37:19,SHIPPED,CENTRAL
ORD003713,CUST00615,2025-08-19 19:41:58,DELIVERED,NORTH
ORD001073,CUST00178,2025-08-19 22:55:51,DELIVERED,CENTRAL
ORD003332,CUST00559,2025-08-19 23:45:07,SHIPPED,NORTH
ORD003896,CUST00654,2025-08-20 02:39:46,SHIPPED,WEST
ORD004287,CUST00718,2025-08-20 09:05:21,CANCELLED,NORTH
ORD001658,CUST00271,2025-08-20 12:27:03,RETURNED,SOUTH
ORD001963,CUST00325,2025-08-20 19:39:18,DELIVERED,EAST
ORD003180,CUST00539,2025-08-21 05:48:28,CANCELLED,NORTH
ORD004220,CUST00705,2025-08-21 10:18:13,SHIPPED,NORTH
ORD000677,CUST00114,2025-08-21 10:28:43,DELIVERED,WEST
ORD004088,CUST00683,2025-08-21 16:04:19,DELIVERED,NORTH
ORD004005,CUST00669,2025-08-21 16:44:44,SHIPPED,EAST
ORD004487,CUST00753,2025-08-21 20:47:05,DELIVERED,EAST
ORD003303,CUST00554,2025-08-21 22:09:44,DELIVERED,NORTH
ORD000031,CUST00009,2025-08-22 05:44:07,CANCELLED,CENTRAL
ORD002807,CUST00467,2025-08-22 07:46:27,DELIVERED,SOUTH
ORD004430,CUST00744,2025-08-22 11:45:49,PLACED,EAST
ORD000391,CUST00059,2025-08-22 11:45:56,DELIVERED,NORTH
ORD004575,CUST00770,2025-08-22 18:04:27,CANCELLED,NORTH
ORD004718,CUST00795,2025-08-23 05:48:04,DELIVERED,EAST
ORD002642,CUST00438,2025-08-23 07:20:59,CANCELLED,EAST
ORD003931,CUST00661,2025-08-23 15:03:39,PLACED,EAST
ORD002622,CUST00434,2025-08-23 15:22:06,SHIPPED,NORTH
ORD002987,CUST00507,2025-08-23 17:29:07,CANCELLED,WEST
ORD001088,,2025-08-23 00:00:00,RETURNED,CENTRAL
ORD001919,CUST00316,2025-08-23 19:20:03,DELIVERED,EAST
ORD004221,CUST00705,2025-08-24 12:49:38,DELIVERED,NORTH
ORD000453,CUST00069,2025-08-24 16:02:15,DELIVERED,EAST
ORD000678,CUST00114,2025-08-24 17:27:52,DELIVERED,WEST
ORD002853,CUST00476,2025-08-24 19:41:04,DELIVERED,SOUTH
ORD002447,CUST00404,2025-08-25 12:36:30,RETURNED,WEST
ORD000269,CUST00046,2025-08-25 17:35:25,DELIVERED,WEST
ORD001416,CUST00232,2025-08-26 09:01:19,DELIVERED,SOUTH
ORD002409,CUST00398,2025-08-26 09:45:12,DELIVERED,CENTRAL
ORD003200,CUST00541,2025-08-26 10:52:10,SHIPPED,SOUTH
ORD003520,CUST00587,2025-08-26 13:09:37,DELIVERED,NORTH
ORD000436,CUST00067,2025-08-26 16:04:30,CANCELLED,EAST
ORD000600,CUST00102,2025-08-26 16:10:11,DELIVERED,WEST
ORD000273,CUST00046,2025-08-26 17:00:23,PLACED,WEST
ORD001831,,2025-08-26 20:54:02,PLACED,EAST
ORD001653,CUST00269,2025-08-27 12:40:50,DELIVERED,EAST
ORD003964,CUST00665,2025-08-27 14:02:03,CANCELLED,CENTRAL
ORD002002,CUST00332,2025-08-27 14:40:40,DELIVERED,NORTH
ORD004053,CUST00676,2025-08-27 15:43:28,DELIVERED,EAST
ORD003567,CUST00599,2025-08-27 17:58:15,DELIVERED,WEST
ORD004717,CUST00795,2025-08-28 04:02:14,DELIVERED,EAST
ORD000859,CUST00145,2025-08-28 04:09:06,PLACED,EAST
ORD001750,CUST00284,2025-08-28 09:13:13,DELIVERED,SOUTH
ORD004667,CUST00786,2025-08-28 12:57:05,DELIVERED,EAST
ORD002863,CUST00477,2025-08-28 13:09:34,DELIVERED,SOUTH
ORD001166,CUST00186,2025-08-28 15:14:37,DELIVERED,WEST
ORD004064,CUST00678,2025-08-28 20:53:35,SHIPPED,CENTRAL
ORD000043,CUST00010,2025-08-29 07:23:59,DELIVERED,WEST
ORD003917,CUST00657,2025-08-29 08:33:09,DELIVERED,SOUTH
ORD000044,CUST00010,2025-08-29 09:01:48,DELIVERED,WEST
ORD003633,CUST00607,2025-08-30 09:54:37,SHIPPED,WEST
ORD000756,CUST00125,2025-08-30 10:53:36,DELIVERED,SOUTH
ORD000325,CUST00051,2025-08-30 14:31:51,CANCELLED,EAST
ORD000223,CUST00035,2025-08-30 17:10:11,DELIVERED,CENTRAL
ORD000415,CUST00063,2025-08-31 06:18:22,DELIVERED,SOUTH
ORD004670,CUST00787,2025-08-31 12:22:27,DELIVERED,WEST
ORD001887,CUST00314,2025-09-01 00:30:51,DELIVERED,CENTRAL
ORD000333,CUST00053,2025-09-01 11:07:21,CANCELLED,NORTH
ORD004245,CUST00708,2025-09-01 19:02:16,DELIVERED,CENTRAL
ORD003354,CUST00563,2025-09-01 19:37:02,SHIPPED,NORTH
ORD003432,CUST00574,2025-09-01 20:06:08,DELIVERED,WEST
ORD002732,CUST00452,2025-09-01 21:19:16,DELIVERED,NORTH
ORD003533,CUST00588,2025-09-01 23:34:13,DELIVERED,CENTRAL
ORD003458,CUST00577,2025-09-02 10:03:22,DELIVERED,CENTRAL
ORD004324,CUST00725,2025-09-02 11:44:58,RETURNED,CENTRAL
ORD003880,CUST00648,2025-09-02 12:35:51,SHIPPED,NORTH
ORD004388,CUST00735,2025-09-02 14:41:21,SHIPPED,SOUTH
ORD000996,CUST00167,2025-09-02 17:38:41,RETURNED,EAST
ORD004457,CUST00747,2025-09-02 20:07:11,DELIVERED,EAST
ORD000641,CUST00109,2025-09-03 03:53:41,DELIVERED,WEST
ORD003755,CUST00622,2025-09-03 10:29:49,CANCELLED,SOUTH
ORD002344,CUST00383,2025-09-03 16:00:57,DELIVERED,SOUTH
ORD002646,CUST00438,2025-09-03 16:11:02,DELIVERED,EAST
ORD001136,CUST00183,2025-09-03 19:19:28,DELIVERED,SOUTH
ORD001637,CUST00269,2025-09-04 11:25:12,DELIVERED,EAST
ORD003765,CUST00625,2025-09-04 16:18:22,DELIVERED,EAST
ORD001409,CUST00231,2025-09-04 18:16:21,DELIVERED,NORTH
ORD001371,CUST00227,2025-09-04 19:15:31,SHIPPED,CENTRAL
ORD002299,CUST00375,2025-09-04 19:23:31,CANCELLED,NORTH
ORD003958,CUST00665,2025-09-05 01:04:58,PLACED,CENTRAL
ORD000602,,2025-09-05 01:16:56,DELIVERED,WEST
ORD004467,CUST00748,2025-09-05 02:56:52,SHIPPED,WEST
ORD003239,CUST00545,2025-09-05 14:42:37,RETURNED,NORTH
ORD000312,CUST00049,2025-09-05 15:51:31,DELIVERED,NORTH
ORD004167,CUST00700,2025-09-05 19:40:52,DELIVERED,SOUTH
ORD000656,CUST00110,2025-09-05 22:31:23,SHIPPED,NORTH
ORD003856,CUST00643,2025-09-06 04:25:24,CANCELLED,NORTH
ORD004050,CUST00676,2025-09-06 06:35:15,DELIVERED,EAST
ORD003478,CUST00582,2025-09-06 11:33:38,RETURNED,NORTH
ORD003116,CUST00528,2025-09-06 14:28:31,CANCELLED,SOUTH
ORD003954,CUST00665,2025-09-06 00:00:00,DELIVERED,CENTRAL
ORD004278,CUST00716,2025-09-06 18:11:13,DELIVERED,NORTH
ORD000961,CUST00162,2025-09-06 18:42:08,DELIVERED,NORTH
ORD002369,CUST00389,2025-09-06 19:04:31,DELIVERED,WEST
ORD001318,CUST00211,2025-09-06 22:20:18,PLACED,NORTH
ORD001858,CUST00309,2025-09-06 23:53:16,DELIVERED,CENTRAL
ORD003234,CUST00544,2025-09-07 01:40:34,DELIVERED,SOUTH
ORD002576,CUST00427,2025-09-07 10:20:25,DELIVERED,EAST
ORD002323,CUST00381,2025-09-07 11:09:22,PLACED,NORTH
ORD001651,CUST00269,2025-09-07 00:00:00,DELIVERED,EAST
ORD000522,CUST00086,2025-09-07 19:10:20,DELIVERED,CENTRAL
ORD004634,CUST00777,2025-09-08 10:05:37,SHIPPED,EAST
ORD000782,,2025-09-08 12:17:36,CANCELLED,NORTH
ORD002139,CUST00353,2025-09-08 14:10:48,DELIVERED,CENTRAL
ORD001798,CUST00299,2025-09-08 14:20:23,SHIPPED,NORTH
ORD001945,CUST00323,2025-09-08 16:19:56,SHIPPED,EAST
ORD000281,CUST00047,2025-09-08 16:28:23,DELIVERED,EAST
ORD003141,CUST00533,2025-09-08 19:03:37,DELIVERED,SOUTH
ORD001529,CUST00255,2025-09-08 21:22:53,DELIVERED,NORTH
ORD001522,CUST00254,2025-09-09 03:27:40,RETURNED,WEST
ORD004262,CUST00710,2025-09-09 11:13:56,DELIVERED,SOUTH
ORD002541,CUST00423,2025-09-09 11:14:30,DELIVERED,WEST
ORD002234,CUST00365,2025-09-09 11:40:12,DELIVERED,EAST
ORD001285,CUST00206,2025-09-09 16:11:24,RETURNED,NORTH
ORD001376,CUST00228,2025-09-10 09:00:20,DELIVERED,SOUTH
ORD002448,CUST00404,2025-09-10 12:59:46,SHIPPED,WEST
ORD000541,CUST00088,2025-09-10 13:05:22,PLACED,SOUTH
ORD001075,CUST00178,2025-09-10 15:35:49,DELIVERED,CENTRAL
ORD000093,CUST00016,2025-09-10 17:21:54,DELIVERED,EAST
ORD000864,CUST00145,2025-09-11 05:51:39,DELIVERED,EAST
ORD000434,CUST00067,2025-09-11 07:44:45,DELIVERED,EAST
ORD001958,CUST00324,2025-09-11 11:44:17,CANCELLED,WEST
ORD000852,CUST00141,2025-09-11 13:13:59,DELIVERED,NORTH
ORD004661,CUST00785,2025-09-11 17:35:07,SHIPPED,NORTH
ORD000624,CUST00105,2025-09-11 19:07:03,DELIVERED,WEST
ORD001984,CUST00328,2025-09-11 22:09:44,CANCELLED,SOUTH
ORD001638,CUST00269,2025-09-12 02:54:51,DELIVERED,EAST
ORD001783,CUST00290,2025-09-12 08:50:14,SHIPPED,NORTH
ORD001044,CUST00170,2025-09-12 09:32:19,DELIVERED,EAST
ORD003131,CUST00531,2025-09-12 10:13:55,PLACED,CENTRAL
ORD003707,CUST00615,2025-09-12 12:22:42,CANCELLED,NORTH
ORD002339,,2025-09-12 13:32:24,DELIVERED,SOUTH
ORD004107,CUST00688,2025-09-12 15:28:39,SHIPPED,EAST
ORD003853,CUST00641,2025-09-12 18:33:45,SHIPPED,NORTH
ORD003006,CUST00509,2025-09-12 20:10:18,CANCELLED,SOUTH
ORD004445,CUST00745,2025-09-12 23:48:20,DELIVERED,EAST
ORD002858,CUST00477,2025-09-12 23:53:19,PLACED,SOUTH
ORD003049,CUST00517,2025-09-13 11:10:27,CANCELLED,WEST
ORD000732,CUST00122,2025-09-13 11:25:02,SHIPPED,NORTH
ORD001756,CUST00284,2025-09-13 16:44:46,DELIVERED,SOUTH
ORD000607,CUST00103,2025-09-13 18:21:28,DELIVERED,NORTH
ORD000620,CUST00105,2025-09-14 07:00:31,CANCELLED,WEST
ORD002757,CUST00460,2025-09-14 07:50:54,DELIVERED,WEST
ORD003620,,2025-09-14 08:19:11,DELIVERED,WEST
ORD002701,CUST00447,2025-09-14 11:14:38,DELIVERED,NORTH
ORD001468,CUST00246,2025-09-14 14:45:54,DELIVERED,NORTH
ORD003046,CUST00516,2025-09-14 15:28:27,RETURNED,CENTRAL
ORD003849,CUST00640,2025-09-14 15:53:03,DELIVERED,CENTRAL
ORD001728,CUST00280,2025-09-14 00:00:00,DELIVERED,SOUTH
ORD003668,CUST00610,2025-09-15 10:17:13,DELIVERED,SOUTH
ORD001706,CUST00278,2025-09-15 11:11:41,CANCELLED,NORTH
ORD004723,CUST00797,2025-09-15 13:18:42,PLACED,NORTH
ORD000819,CUST00135,2025-09-16 10:10:58,DELIVERED,EAST
ORD001109,CUST00181,2025-09-16 15:01:50,DELIVERED,WEST
ORD004619,CUST00775,2025-09-16 15:19:14,SHIPPED,NORTH
ORD000682,CUST00116,2025-09-16 19:36:52,DELIVERED,CENTRAL
ORD000148,CUST00023,2025-09-17 12:52:51,CANCELLED,CENTRAL
ORD000760,CUST00125,2025-09-17 14:04:58,DELIVERED,SOUTH
ORD001512,,2025-09-17 18:44:18,DELIVERED,EAST
ORD000029,CUST00009,2025-09-17 19:13:37,CANCELLED,CENTRAL
ORD000258,CUST00041,2025-09-17 19:27:20,PLACED,CENTRAL
ORD002832,CUST00472,2025-09-17 00:00:00,SHIPPED,CENTRAL
ORD001832,CUST00303,2025-09-17 21:39:48,DELIVERED,EAST
ORD003791,CUST00631,2025-09-18 00:00:00,DELIVERED,EAST
ORD000398,CUST00060,2025-09-18 08:30:05,DELIVERED,CENTRAL
ORD003574,CUST00600,2025-09-18 10:01:39,DELIVERED,WEST
ORD002988,,2025-09-18 12:35:44,DELIVERED,WEST
ORD004094,CUST00685,2025-09-18 12:36:24,SHIPPED,SOUTH
ORD004239,CUST00708,2025-09-18 15:17:47,DELIVERED,CENTRAL
ORD004274,CUST00714,2025-09-18 16:44:07,DELIVERED,NORTH
ORD000892,CUST00149,2025-09-19 10:35:22,DELIVERED,WEST
ORD003183,CUST00539,2025-09-19 14:51:57,RETURNED,NORTH
ORD000322,CUST00051,2025-09-19 16:05:19,DELIVERED,EAST
ORD004130,CUST00691,2025-09-20 15:09:09,CANCELLED,SOUTH
ORD002490,CUST00415,2025-09-20 15:50:07,PLACED,NORTH
ORD003855,CUST00643,2025-09-20 16:03:18,DELIVERED,NORTH
ORD000234,CUST00037,2025-09-20 19:23:42,DELIVERED,NORTH
ORD002426,CUST00401,2025-09-20 23:43:19,SHIPPED,NORTH
ORD000437,CUST00067,2025-09-21 01:23:09,DELIVERED,EAST
ORD001535,CUST00255,2025-09-21 06:15:42,DELIVERED,NORTH
ORD002327,CUST00382,2025-09-21 12:17:34,DELIVERED,WEST
ORD002236,CUST00365,2025-09-21 15:14:21,CANCELLED,EAST
ORD004679,CUST00790,2025-09-21 16:08:23,RETURNED,EAST
ORD001672,CUST00271,2025-09-21 22:07:48,DELIVERED,SOUTH
ORD002401,CUST00398,2025-09-22 03:05:17,DELIVERED,CENTRAL
ORD002223,CUST00365,2025-09-22 00:00:00,DELIVERED,EAST
ORD001915,CUST00315,2025-09-22 07:48:27,DELIVERED,WEST
ORD004488,CUST00753,2025-09-22 08:34:15,DELIVERED,EAST
ORD003760,,2025-09-22 22:25:38,DELIVERED,SOUTH
ORD002984,CUST00506,2025-09-23 09:33:10,PLACED,SOUTH
ORD000645,CUST00110,2025-09-23 09:43:40,CANCELLED,NORTH
ORD000354,CUST00056,2025-09-23 10:05:48,DELIVERED,WEST
ORD001092,CUST00179,2025-09-23 13:47:54,PLACED,NORTH
ORD003743,CUST00620,2025-09-23 19:35:20,RETURNED,CENTRAL
ORD004454,CUST00746,2025-09-24 14:57:17,CANCELLED,SOUTH
ORD002191,CUST00359,2025-09-24 15:24:31,DELIVERED,NORTH
ORD001718,CUST00279,2025-09-24 17:43:25,DELIVERED,CENTRAL
ORD004485,CUST00752,2025-09-24 20:20:54,DELIVERED,EAST
ORD004504,CUST00755,2025-09-24 23:21:07,PLACED,WEST
ORD001026,CUST00170,2025-09-25 09:45:29,DELIVERED,EAST
ORD003134,CUST00532,2025-09-25 11:50:42,CANCELLED,SOUTH
ORD001659,CUST00271,2025-09-25 14:57:34,CANCELLED,SOUTH
ORD003940,CUST00661,2025-09-25 16:47:15,DELIVERED,EAST
ORD003133,CUST00532,2025-09-25 19:00:48,DELIVERED,SOUTH
ORD003635,CUST00607,2025-09-25 21:25:27,PLACED,WEST
ORD002852,CUST00476,2025-09-26 00:00:00,DELIVERED,SOUTH
ORD002456,CUST00406,2025-09-26 08:07:59,PLACED,CENTRAL
ORD000629,CUST00106,2025-09-26 18:40:24,DELIVERED,EAST
ORD002449,CUST00405,2025-09-26 20:08:05,DELIVERED,NORTH
ORD002827,,2025-09-27 12:16:02,RETURNED,EAST
ORD000313,,2025-09-27 17:55:18,DELIVERED,NORTH
ORD000323,CUST00051,2025-09-27 19:40:05,DELIVERED,EAST
ORD004538,CUST00763,2025-09-27 00:00:00,RETURNED,NORTH
ORD002508,CUST00418,2025-09-28 08:56:42,DELIVERED,WEST
ORD001025,CUST00170,2025-09-28 09:51:47,DELIVERED,EAST
ORD003625,,2025-09-28 16:35:40,SHIPPED,WEST
ORD000610,CUST00103,2025-09-28 20:49:42,CANCELLED,NORTH
ORD003505,CUST00586,2025-09-28 23:56:55,DELIVERED,CENTRAL
ORD002723,,2025-09-29 03:13:02,SHIPPED,WEST
ORD004645,CUST00781,2025-09-29 08:55:49,DELIVERED,WEST
ORD000404,CUST00061,2025-09-29 12:01:07,CANCELLED,SOUTH
ORD001205,CUST00193,2025-09-29 13:28:31,SHIPPED,CENTRAL
ORD004448,CUST00746,2025-09-29 14:51:49,SHIPPED,SOUTH
ORD001169,CUST00187,2025-09-29 15:07:48,DELIVERED,WEST
ORD002903,CUST00487,2025-09-29 18:00:03,DELIVERED,EAST
ORD002345,CUST00383,2025-09-30 08:57:20,PLACED,SOUTH
ORD001974,CUST00327,2025-09-30 09:12:19,SHIPPED,CENTRAL
ORD000531,CUST00086,2025-09-30 10:11:05,DELIVERED,CENTRAL
ORD002382,CUST00393,2025-09-30 12:51:56,DELIVERED,CENTRAL
ORD001142,CUST00184,2025-09-30 16:40:40,CANCELLED,NORTH
ORD003414,CUST00572,2025-09-30 18:21:39,DELIVERED,SOUTH
ORD002710,CUST00447,2025-09-30 18:51:32,CANCELLED,NORTH
ORD000764,CUST00126,2025-10-01 11:07:05,DELIVERED,SOUTH
ORD003479,CUST00582,2025-10-01 11:17:39,CANCELLED,NORTH
ORD004345,CUST00729,2025-10-01 15:25:17,DELIVERED,SOUTH
ORD003842,CUST00639,2025-10-01 00:00:00,DELIVERED,EAST
ORD004698,CUST00792,2025-10-02 06:33:54,SHIPPED,EAST
ORD002655,CUST00439,2025-10-02 06:37:07,DELIVERED,NORTH
ORD000648,CUST00110,2025-10-02 15:07:33,DELIVERED,NORTH
ORD003900,CUST00654,2025-10-02 16:23:12,PLACED,WEST
ORD002607,CUST00431,2025-10-03 03:23:03,DELIVERED,SOUTH
ORD003435,CUST00574,2025-10-03 14:21:14,DELIVERED,WEST
ORD001879,CUST00313,2025-10-03 16:38:58,DELIVERED,SOUTH
ORD000018,CUST00007,2025-10-03 22:57:07,DELIVERED,EAST
ORD002851,CUST00476,2025-10-04 04:03:45,SHIPPED,SOUTH
ORD001839,CUST00307,2025-10-04 08:03:04,DELIVERED,EAST
ORD001131,CUST00183,2025-10-04 10:51:55,DELIVERED,SOUTH
ORD001410,CUST00231,2025-10-04 12:41:18,DELIVERED,NORTH
ORD004515,,2025-10-04 14:22:47,DELIVERED,SOUTH
ORD004387,CUST00735,2025-10-04 15:11:33,PLACED,SOUTH
ORD003439,CUST00575,2025-10-04 17:47:32,SHIPPED,SOUTH
ORD003196,CUST00541,2025-10-04 18:39:01,PLACED,SOUTH
ORD000595,CUST00102,2025-10-05 06:46:52,CANCELLED,WEST
ORD001321,CUST00211,2025-10-05 09:17:33,CANCELLED,NORTH
ORD002700,CUST00447,2025-10-05 10:32:37,SHIPPED,NORTH
ORD004385,CUST00735,2025-10-05 10:50:19,SHIPPED,SOUTH
ORD003347,CUST00562,2025-10-05 11:00:08,PLACED,NORTH
ORD002100,CUST00346,2025-10-05 11:03:52,CANCELLED,NORTH
ORD004432,,2025-10-05 14:01:12,PLACED,EAST
ORD002842,CUST00474,2025-10-05 14:13:35,DELIVERED,CENTRAL
ORD001807,CUST00301,2025-10-05 14:24:45,PLACED,CENTRAL
ORD002210,CUST00363,2025-10-05 14:33:40,DELIVERED,WEST
ORD001163,CUST00186,2025-10-05 19:46:17,CANCELLED,WEST
ORD001206,CUST00193,2025-10-05 22:10:01,DELIVERED,CENTRAL
ORD002630,CUST00436,2025-10-06 10:28:56,CANCELLED,SOUTH
ORD001367,CUST00226,2025-10-06 12:13:20,SHIPPED,CENTRAL
ORD004690,CUST00792,2025-10-06 12:24:09,DELIVERED,EAST
ORD003541,CUST00592,2025-10-06 19:27:46,CANCELLED,WEST
ORD003151,CUST00534,2025-10-07 00:36:20,DELIVERED,WEST
ORD001159,CUST00185,2025-10-07 07:29:27,SHIPPED,CENTRAL
ORD002545,CUST00423,2025-10-07 09:13:03,SHIPPED,WEST
ORD000430,CUST00066,2025-10-07 11:13:54,DELIVERED,WEST
ORD003466,CUST00578,2025-10-07 14:26:03,DELIVERED,CENTRAL
ORD001408,CUST00231,2025-10-07 14:32:24,DELIVERED,NORTH
ORD004128,CUST00691,2025-10-07 16:58:37,DELIVERED,SOUTH
ORD003299,CUST00554,2025-10-07 22:42:12,DELIVERED,NORTH
ORD000608,CUST00103,2025-10-07 23:16:42,DELIVERED,NORTH
ORD001814,CUST00301,2025-10-08 05:55:02,CANCELLED,CENTRAL
ORD003462,CUST00577,2025-10-08 09:26:58,DELIVERED,CENTRAL
ORD002370,CUST00389,2025-10-08 11:08:57,DELIVERED,WEST
ORD000425,CUST00065,2025-10-08 00:00:00,DELIVERED,SOUTH
ORD003387,CUST00570,2025-10-08 14:00:23,SHIPPED,WEST
ORD002734,CUST00452,2025-10-08 22:35:57,CANCELLED,NORTH
ORD000412,,2025-10-09 00:14:01,DELIVERED,NORTH
ORD000874,CUST00147,2025-10-09 12:11:59,PLACED,EAST
ORD002181,CUST00358,2025-10-09 17:37:25,SHIPPED,WEST
ORD003632,CUST00607,2025-10-10 06:30:50,RETURNED,WEST
ORD001697,CUST00275,2025-10-10 07:16:49,DELIVERED,CENTRAL
ORD004604,CUST00774,2025-10-10 09:21:39,DELIVERED,NORTH
ORD004212,CUST00705,2025-10-10 09:46:53,DELIVERED,NORTH
ORD001669,CUST00271,2025-10-10 10:34:44,DELIVERED,SOUTH
ORD002431,CUST00401,2025-10-10 16:58:53,PLACED,NORTH
ORD004623,CUST00775,2025-10-10 19:52:32,DELIVERED,NORTH
ORD003549,CUST00594,2025-10-11 04:22:40,PLACED,EAST
ORD002959,CUST00500,2025-10-11 08:21:50,SHIPPED,WEST
ORD003431,CUST00574,2025-10-11 09:08:47,DELIVERED,WEST
ORD003962,CUST00665,2025-10-11 19:22:51,DELIVERED,CENTRAL
ORD000334,CUST00053,2025-10-11 19:54:49,CANCELLED,NORTH
ORD002590,CUST00429,2025-10-12 08:35:39,CANCELLED,WEST
ORD002539,CUST00423,2025-10-12 20:27:44,RETURNED,WEST
ORD003696,CUST00613,2025-10-13 07:36:18,DELIVERED,EAST
ORD001503,,2025-10-13 11:25:17,DELIVERED,SOUTH
ORD001866,CUST00311,2025-10-13 12:38:45,SHIPPED,CENTRAL
ORD002830,CUST00472,2025-10-13 16:43:17,DELIVERED,CENTRAL
ORD003067,CUST00518,2025-10-13 22:18:37,DELIVERED,SOUTH
ORD004695,CUST00792,2025-10-14 02:24:47,DELIVERED,EAST
ORD004361,CUST00732,2025-10-14 08:33:17,PLACED,NORTH
ORD004108,CUST00688,2025-10-14 08:55:08,DELIVERED,EAST
ORD000609,CUST00103,2025-10-14 00:00:00,DELIVERED,NORTH
ORD000130,CUST00021,2025-10-14 15:36:50,DELIVERED,CENTRAL
ORD001667,CUST00271,2025-10-14 16:26:10,CANCELLED,SOUTH
ORD004711,CUST00795,2025-10-15 05:16:29,CANCELLED,EAST
ORD004651,CUST00783,2025-10-15 05:18:48,PLACED,NORTH
ORD000397,CUST00060,2025-10-15 08:14:46,PLACED,CENTRAL
ORD003604,CUST00604,2025-10-15 08:47:12,DELIVERED,NORTH
ORD001105,CUST00181,2025-10-15 11:26:52,DELIVERED,WEST
ORD003118,CUST00528,2025-10-15 11:47:16,CANCELLED,SOUTH
ORD003204,CUST00541,2025-10-15 15:08:53,DELIVERED,SOUTH
ORD004071,CUST00681,2025-10-15 15:29:47,DELIVERED,NORTH
ORD002958,CUST00499,2025-10-15 18:19:03,DELIVERED,SOUTH
ORD000788,CUST00130,2025-10-15 22:36:27,PLACED,EAST
ORD003058,CUST00517,2025-10-16 07:17:53,DELIVERED,WEST
ORD000237,,2025-10-16 11:39:43,SHIPPED,EAST
ORD003258,CUST00549,2025-10-16 14:05:44,DELIVERED,SOUTH
ORD001836,,2025-10-16 17:21:30,SHIPPED,SOUTH
ORD003394,CUST00570,2025-10-17 10:02:11,CANCELLED,WEST
ORD003566,CUST00599,2025-10-17 12:04:00,DELIVERED,WEST
ORD001378,CUST00228,2025-10-17 13:20:38,CANCELLED,SOUTH
ORD001980,CUST00327,2025-10-17 13:20:52,DELIVERED,CENTRAL
ORD004335,CUST00727,2025-10-17 13:40:03,CANCELLED,EAST
ORD001027,CUST00170,2025-10-17 14:05:47,DELIVERED,EAST
ORD002461,,2025-10-17 14:43:46,DELIVERED,SOUTH
ORD002911,CUST00490,2025-10-17 14:53:05,CANCELLED,NORTH
ORD003384,CUST00570,2025-10-17 15:27:21,DELIVERED,WEST
ORD002342,CUST00383,2025-10-17 16:25:45,SHIPPED,SOUTH
ORD002421,CUST00401,2025-10-17 19:58:25,DELIVERED,NORTH
ORD003514,CUST00586,2025-10-17 21:50:42,SHIPPED,CENTRAL
ORD003065,,2025-10-17 21:51:05,DELIVERED,SOUTH
ORD003130,CUST00531,2025-10-18 13:42:37,PLACED,CENTRAL
ORD000651,CUST00110,2025-10-18 19:53:54,DELIVERED,NORTH
ORD001874,CUST00311,2025-10-18 20:06:11,CANCELLED,CENTRAL
ORD004439,CUST00745,2025-10-18 22:06:05,PLACED,EAST
ORD000889,CUST00149,2025-10-19 04:52:48,DELIVERED,WEST
ORD002816,CUST00468,2025-10-19 05:40:18,DELIVERED,NORTH
ORD004596,CUST00773,2025-10-19 10:09:59,DELIVERED,SOUTH
ORD000088,CUST00015,2025-10-19 00:00:00,DELIVERED,WEST
ORD001079,CUST00178,2025-10-19 16:04:11,SHIPPED,CENTRAL
ORD001291,CUST00206,2025-10-19 16:08:46,DELIVERED,NORTH
ORD002658,CUST00439,2025-10-19 18:11:36,CANCELLED,NORTH
ORD004680,CUST00790,2025-10-20 11:01:42,DELIVERED,EAST
ORD003412,CUST00572,2025-10-20 12:19:46,DELIVERED,SOUTH
ORD003965,CUST00665,2025-10-20 18:00:45,SHIPPED,CENTRAL
ORD003064,CUST00518,2025-10-20 19:28:29,CANCELLED,SOUTH
ORD001441,CUST00241,2025-10-20 22:05:38,DELIVERED,CENTRAL
ORD000293,CUST00048,2025-10-21 05:07:32,DELIVERED,NORTH
ORD002064,CUST00342,2025-10-21 10:12:27,DELIVERED,CENTRAL
ORD004018,CUST00672,2025-10-21 11:22:20,PLACED,NORTH
ORD003572,CUST00599,2025-10-21 13:39:47,DELIVERED,WEST
ORD000687,CUST00116,2025-10-21 19:18:59,CANCELLED,CENTRAL
ORD000299,CUST00048,2025-10-22 09:19:54,CANCELLED,NORTH
ORD001100,,2025-10-22 09:44:05,SHIPPED,WEST
ORD002511,CUST00419,2025-10-22 11:17:50,DELIVERED,WEST
ORD001036,CUST00170,2025-10-22 13:11:21,DELIVERED,EAST
ORD004255,CUST00709,2025-10-22 14:09:45,SHIPPED,CENTRAL
ORD002826,CUST00470,2025-10-22 16:13:21,DELIVERED,EAST
ORD002120,CUST00350,2025-10-22 18:33:31,SHIPPED,NORTH
ORD002784,CUST00463,2025-10-22 19:56:31,DELIVERED,CENTRAL
ORD003013,CUST00512,2025-10-23 10:05:05,DELIVERED,CENTRAL
ORD003359,CUST00563,2025-10-23 15:52:11,RETURNED,NORTH
ORD001076,CUST00178,2025-10-23 18:54:54,DELIVERED,CENTRAL
ORD002513,CUST00419,2025-10-24 11:27:46,DELIVERED,WEST
ORD002335,CUST00383,2025-10-24 17:00:38,DELIVERED,SOUTH
ORD004413,CUST00739,2025-10-24 23:07:35,DELIVERED,WEST
ORD004172,CUST00700,2025-10-25 09:19:43,DELIVERED,SOUTH
ORD001721,CUST00279,2025-10-25 11:28:09,DELIVERED,CENTRAL
ORD001705,CUST00278,2025-10-25 15:35:57,PLACED,NORTH
ORD001905,CUST00315,2025-10-25 16:38:08,DELIVERED,WEST
ORD003129,CUST00531,2025-10-25 18:01:47,DELIVERED,CENTRAL
ORD001791,CUST00295,2025-10-25 18:32:41,DELIVERED,NORTH
ORD003326,CUST00558,2025-10-25 23:24:18,SHIPPED,SOUTH
ORD002736,CUST00452,2025-10-26 08:49:08,DELIVERED,NORTH
ORD003739,CUST00618,2025-10-26 09:22:31,RETURNED,EAST
ORD003750,CUST00622,2025-10-26 11:28:26,DELIVERED,SOUTH
ORD004594,CUST00772,2025-10-26 13:30:26,DELIVERED,CENTRAL
ORD001936,CUST00321,2025-10-26 14:28:59,DELIVERED,EAST
ORD004168,CUST00700,2025-10-26 15:01:53,SHIPPED,SOUTH
ORD001796,CUST00299,2025-10-26 17:17:33,DELIVERED,NORTH
ORD001754,CUST00284,2025-10-26 18:34:47,SHIPPED,SOUTH
ORD003238,CUST00544,2025-10-26 19:20:48,CANCELLED,SOUTH
ORD004434,CUST00745,2025-10-26 19:35:52,DELIVERED,EAST
ORD004629,CUST00776,2025-10-26 21:25:03,DELIVERED,NORTH
ORD003770,CUST00625,2025-10-27 08:31:18,RETURNED,EAST
ORD002994,CUST00507,2025-10-27 18:35:00,SHIPPED,WEST
ORD004133,,2025-10-27 19:55:26,CANCELLED,SOUTH
ORD000295,CUST00048,2025-10-27 22:33:57,PLACED,NORTH
ORD002455,CUST00405,2025-10-28 00:55:17,DELIVERED,NORTH
ORD000649,CUST00110,2025-10-28 06:01:53,DELIVERED,NORTH
ORD004687,CUST00792,2025-10-28 08:19:39,CANCELLED,EAST
ORD001644,CUST00269,2025-10-28 09:38:31,RETURNED,EAST
ORD001799,CUST00299,2025-10-28 10:10:50,SHIPPED,NORTH
ORD002537,CUST00423,2025-10-28 10:28:37,DELIVERED,WEST
ORD003980,,2025-10-28 12:42:38,DELIVERED,NORTH
ORD000644,CUST00110,2025-10-28 14:35:47,RETURNED,NORTH
ORD004373,CUST00735,2025-10-28 15:04:06,SHIPPED,SOUTH
ORD001349,CUST00223,2025-10-28 17:20:28,DELIVERED,EAST
ORD003043,CUST00516,2025-10-28 18:16:00,DELIVERED,CENTRAL
ORD001661,,2025-10-28 18:42:03,DELIVERED,SOUTH
ORD000785,CUST00128,2025-10-28 23:48:06,CANCELLED,NORTH
ORD003429,CUST00574,2025-10-29 00:18:38,PLACED,WEST
ORD000482,CUST00075,2025-10-29 11:38:31,DELIVERED,NORTH
ORD001715,CUST00279,2025-10-29 12:12:47,DELIVERED,CENTRAL
ORD002514,CUST00419,2025-10-29 15:58:43,DELIVERED,WEST
ORD000897,CUST00149,2025-10-29 20:15:19,CANCELLED,WEST
ORD002237,CUST00365,2025-10-30 00:54:58,CANCELLED,EAST
ORD004582,CUST00771,2025-10-30 08:41:36,RETURNED,SOUTH
ORD003351,,2025-10-30 12:02:25,DELIVERED,NORTH
ORD004411,CUST00739,2025-10-30 12:37:28,SHIPPED,WEST
ORD002459,CUST00407,2025-10-30 13:26:14,SHIPPED,SOUTH
ORD004606,,2025-10-30 19:48:41,PLACED,NORTH
ORD002823,CUST00469,2025-10-30 21:18:11,DELIVERED,EAST
ORD001240,CUST00200,2025-10-31 05:01:31,DELIVERED,CENTRAL
ORD002593,CUST00429,2025-10-31 08:09:39,PLACED,WEST
ORD000254,CUST00041,2025-10-31 09:07:18,DELIVERED,CENTRAL
ORD004030,CUST00673,2025-10-31 10:02:45,DELIVERED,NORTH
ORD004486,,2025-10-31 11:16:24,SHIPPED,EAST
ORD001501,CUST00251,2025-10-31 12:01:26,DELIVERED,SOUTH
ORD001973,CUST00327,2025-10-31 18:49:43,DELIVERED,CENTRAL
ORD004244,CUST00708,2025-10-31 22:27:02,SHIPPED,CENTRAL
ORD000365,CUST00057,2025-11-01 08:00:03,SHIPPED,CENTRAL
ORD000895,CUST00149,2025-11-01 08:37:40,RETURNED,WEST
ORD000335,CUST00053,2025-11-01 00:00:00,DELIVERED,NORTH
ORD001126,CUST00182,2025-11-02 08:02:53,PLACED,EAST
ORD002373,CUST00390,2025-11-02 11:06:04,DELIVERED,WEST
ORD003081,CUST00521,2025-11-02 13:00:32,CANCELLED,WEST
ORD004505,CUST00755,2025-11-02 14:57:34,CANCELLED,WEST
ORD001087,CUST00178,2025-11-03 06:34:38,CANCELLED,CENTRAL
ORD003274,CUST00551,2025-11-03 14:29:45,DELIVERED,CENTRAL
ORD001797,CUST00299,2025-11-03 15:15:26,DELIVERED,NORTH
ORD000909,CUST00152,2025-11-03 17:40:22,CANCELLED,WEST
ORD000759,CUST00125,2025-11-03 17:56:26,DELIVERED,SOUTH
ORD002818,CUST00469,2025-11-03 18:07:06,DELIVERED,EAST
ORD003915,CUST00656,2025-11-03 19:43:53,DELIVERED,EAST
ORD004110,CUST00688,2025-11-03 23:22:33,PLACED,EAST
ORD002868,CUST00479,2025-11-04 01:29:13,SHIPPED,WEST
ORD000086,CUST00014,2025-11-04 11:06:29,CANCELLED,EAST
ORD002992,CUST00507,2025-11-04 13:53:14,DELIVERED,WEST
ORD001440,CUST00240,2025-11-04 00:00:00,SHIPPED,NORTH
ORD001003,CUST00167,2025-11-04 18:13:16,DELIVERED,EAST
ORD004023,CUST00672,2025-11-04 19:23:27,PLACED,NORTH
ORD003846,CUST00640,2025-11-05 00:21:40,SHIPPED,CENTRAL
ORD001596,CUST00264,2025-11-05 08:02:16,PLACED,SOUTH
ORD003513,CUST00586,2025-11-05 09:25:43,DELIVERED,CENTRAL
ORD001597,CUST00264,2025-11-05 09:58:10,CANCELLED,SOUTH
ORD002859,CUST00477,2025-11-05 10:16:53,CANCELLED,SOUTH
ORD003343,CUST00562,2025-11-05 10:47:04,CANCELLED,NORTH
ORD002207,CUST00363,2025-11-05 12:48:20,SHIPPED,WEST
ORD000914,CUST00154,2025-11-05 13:25:19,DELIVERED,EAST
ORD000288,CUST00048,2025-11-05 14:37:34,PLACED,NORTH
ORD001716,CUST00279,2025-11-05 15:52:41,SHIPPED,CENTRAL
ORD002505,CUST00418,2025-11-05 16:31:17,DELIVERED,WEST
ORD001502,CUST00251,2025-11-05 17:49:09,PLACED,SOUTH
ORD003099,CUST00525,2025-11-05 18:25:20,CANCELLED,NORTH
ORD003460,,2025-11-05 00:00:00,PLACED,CENTRAL
ORD000601,CUST00102,2025-11-06 08:00:42,DELIVERED,WEST
ORD002774,CUST00461,2025-11-06 09:52:25,DELIVERED,EAST
ORD001978,CUST00327,2025-11-06 15:17:50,DELIVERED,CENTRAL
ORD000426,CUST00065,2025-11-06 15:40:21,DELIVERED,SOUTH
ORD002794,CUST00464,2025-11-06 16:13:33,DELIVERED,SOUTH
ORD002990,CUST00507,2025-11-06 16:56:48,SHIPPED,WEST
ORD003411,CUST00572,2025-11-06 00:00:00,RETURNED,SOUTH
ORD003836,CUST00638,2025-11-07 11:45:59,DELIVERED,NORTH
ORD002882,CUST00484,2025-11-07 16:22:20,DELIVERED,CENTRAL
ORD003512,CUST00586,2025-11-07 00:00:00,DELIVERED,CENTRAL
ORD001235,CUST00199,2025-11-08 02:03:58,RETURNED,CENTRAL
ORD003613,CUST00605,2025-11-08 02:20:14,CANCELLED,NORTH
ORD003356,CUST00563,2025-11-08 11:01:38,DELIVERED,NORTH
ORD003208,CUST00542,2025-11-08 15:43:57,CANCELLED,NORTH
ORD002802,,2025-11-08 19:23:05,SHIPPED,SOUTH
ORD002651,CUST00439,2025-11-09 00:00:00,CANCELLED,NORTH
ORD004295,,2025-11-09 08:26:19,SHIPPED,CENTRAL
ORD004573,CUST00770,2025-11-09 15:32:10,SHIPPED,NORTH
ORD002682,CUST00443,2025-11-09 20:05:32,DELIVERED,SOUTH
ORD003362,CUST00565,2025-11-09 23:37:08,DELIVERED,CENTRAL
ORD000545,CUST00088,2025-11-10 06:50:49,SHIPPED,SOUTH
ORD003565,CUST00599,2025-11-10 07:47:24,RETURNED,WEST
ORD003999,CUST00669,2025-11-10 10:58:48,SHIPPED,EAST
ORD001517,CUST00253,2025-11-10 12:45:17,CANCELLED,EAST
ORD000877,CUST00147,2025-11-10 14:00:38,DELIVERED,EAST
ORD004000,CUST00669,2025-11-10 15:44:29,DELIVERED,EAST
ORD004408,CUST00739,2025-11-10 16:07:49,DELIVERED,WEST
ORD001752,CUST00284,2025-11-10 16:56:28,CANCELLED,SOUTH
ORD004147,CUST00693,2025-11-10 17:11:19,DELIVERED,NORTH
ORD003984,CUST00667,2025-11-10 17:17:24,SHIPPED,NORTH
ORD003348,CUST00562,2025-11-10 17:19:01,DELIVERED,NORTH
ORD004209,CUST00705,2025-11-10 18:15:33,SHIPPED,NORTH
ORD002145,CUST00354,2025-11-10 00:00:00,DELIVERED,SOUTH
ORD003539,CUST00592,2025-11-11 11:32:18,DELIVERED,WEST
ORD001137,CUST00184,2025-11-11 12:56:32,DELIVERED,NORTH
ORD002003,CUST00332,2025-11-11 16:18:19,DELIVERED,NORTH
ORD003522,CUST00588,2025-11-11 16:38:57,DELIVERED,CENTRAL
ORD004652,CUST00783,2025-11-11 19:46:13,SHIPPED,NORTH
ORD003727,CUST00617,2025-11-11 19:49:20,DELIVERED,CENTRAL
ORD004152,CUST00693,2025-11-12 06:34:06,SHIPPED,NORTH
ORD004219,CUST00705,2025-11-12 08:12:47,DELIVERED,NORTH
ORD000133,CUST00021,2025-11-12 00:00:00,DELIVERED,CENTRAL
ORD001875,CUST00311,2025-11-12 10:09:49,RETURNED,CENTRAL
ORD001070,CUST00177,2025-11-12 10:47:59,DELIVERED,WEST
ORD000784,CUST00128,2025-11-12 13:14:56,DELIVERED,NORTH
ORD004272,CUST00714,2025-11-12 18:34:52,DELIVERED,NORTH
ORD003616,CUST00605,2025-11-12 00:00:00,DELIVERED,NORTH
ORD000862,CUST00145,2025-11-12 22:47:55,SHIPPED,EAST
ORD001154,CUST00185,2025-11-13 00:07:33,DELIVERED,CENTRAL
ORD000340,CUST00054,2025-11-13 00:27:31,DELIVERED,SOUTH
ORD002866,CUST00479,2025-11-13 00:29:30,SHIPPED,WEST
ORD002867,CUST00479,2025-11-13 03:31:15,DELIVERED,WEST
ORD003510,CUST00586,2025-11-13 12:35:13,DELIVERED,CENTRAL
ORD003084,CUST00521,2025-11-13 14:42:45,CANCELLED,WEST
ORD004009,CUST00670,2025-11-13 19:48:31,SHIPPED,EAST
ORD003456,CUST00577,2025-11-14 00:03:24,DELIVERED,CENTRAL
ORD001519,CUST00253,2025-11-14 07:24:52,DELIVERED,EAST
ORD001090,CUST00178,2025-11-14 10:27:17,DELIVERED,CENTRAL
ORD000115,CUST00019,2025-11-14 11:05:18,CANCELLED,WEST
ORD000163,CUST00026,2025-11-14 11:13:45,DELIVERED,WEST
ORD001827,CUST00302,2025-11-14 17:51:09,PLACED,NORTH
ORD001001,CUST00167,2025-11-14 18:37:48,PLACED,EAST
ORD002957,CUST00499,2025-11-14 23:08:15,DELIVERED,SOUTH
ORD001102,CUST00181,2025-11-15 02:54:15,DELIVERED,WEST
ORD002918,CUST00493,2025-11-15 04:13:20,PLACED,SOUTH
ORD003481,,2025-11-15 06:47:28,SHIPPED,NORTH
ORD004616,CUST00775,2025-11-15 08:15:07,DELIVERED,NORTH
ORD000860,CUST00145,2025-11-15 08:36:06,DELIVERED,EAST
ORD000418,CUST00064,2025-11-15 08:42:43,DELIVERED,CENTRAL
ORD001272,CUST00204,2025-11-15 12:18:32,DELIVERED,NORTH
ORD004259,CUST00710,2025-11-15 13:58:18,CANCELLED,SOUTH
ORD002758,CUST00460,2025-11-15 15:44:51,RETURNED,WEST
ORD003357,CUST00563,2025-11-15 17:49:29,PLACED,NORTH
ORD004169,CUST00700,2025-11-15 18:19:08,DELIVERED,SOUTH
ORD003665,CUST00610,2025-11-15 18:36:01,DELIVERED,SOUTH
ORD001922,CUST00316,2025-11-15 19:25:30,DELIVERED,EAST
ORD001190,CUST00191,2025-11-15 19:47:52,CANCELLED,EAST
ORD000456,CUST00069,2025-11-15 22:32:12,DELIVERED,EAST
ORD000303,CUST00048,2025-11-15 22:43:27,CANCELLED,NORTH
ORD002398,CUST00397,2025-11-15 23:08:10,PLACED,EAST
ORD004663,CUST00786,2025-11-16 01:33:14,PLACED,EAST
ORD004166,CUST00700,2025-11-16 09:24:05,SHIPPED,SOUTH
ORD003960,CUST00665,2025-11-16 11:35:37,DELIVERED,CENTRAL
ORD000512,CUST00083,2025-11-16 11:50:58,DELIVERED,CENTRAL
ORD002330,CUST00383,2025-11-16 12:51:58,SHIPPED,SOUTH
ORD002939,CUST00498,2025-11-16 13:27:27,PLACED,CENTRAL
ORD002967,CUST00501,2025-11-16 14:17:37,PLACED,EAST
ORD002641,CUST00438,2025-11-16 15:59:10,DELIVERED,EAST
ORD003363,CUST00565,2025-11-16 17:38:18,SHIPPED,CENTRAL
ORD003748,,2025-11-17 04:03:24,DELIVERED,EAST
ORD000786,CUST00128,2025-11-17 08:13:35,CANCELLED,NORTH
ORD003256,CUST00549,2025-11-17 08:48:57,SHIPPED,SOUTH
ORD001768,CUST00287,2025-11-17 00:00:00,SHIPPED,SOUTH
ORD001820,CUST00301,2025-11-17 14:52:33,DELIVERED,CENTRAL
ORD004390,CUST00735,2025-11-17 15:02:30,DELIVERED,SOUTH
ORD003052,CUST00517,2025-11-17 00:00:00,PLACED,WEST
ORD000346,CUST00054,2025-11-17 20:45:12,DELIVERED,SOUTH
ORD004101,CUST00687,2025-11-18 03:47:59,SHIPPED,CENTRAL
ORD002614,CUST00432,2025-11-18 08:20:38,DELIVERED,WEST
ORD003985,CUST00668,2025-11-18 11:55:32,DELIVERED,CENTRAL
ORD001325,CUST00214,2025-11-18 12:57:30,DELIVERED,NORTH
ORD001940,CUST00323,2025-11-18 15:34:18,PLACED,EAST
ORD000590,CUST00101,2025-11-18 17:27:12,DELIVERED,WEST
ORD000501,CUST00080,2025-11-18 19:01:19,CANCELLED,SOUTH
ORD001508,CUST00252,2025-11-18 00:00:00,SHIPPED,CENTRAL
ORD001815,CUST00301,2025-11-18 22:40:24,DELIVERED,CENTRAL
ORD003355,CUST00563,2025-11-19 03:47:15,SHIPPED,NORTH
ORD001696,CUST00274,2025-11-19 08:05:55,DELIVERED,NORTH
ORD000533,CUST00087,2025-11-19 09:26:24,CANCELLED,SOUTH
ORD004729,CUST00797,2025-11-19 10:39:40,SHIPPED,NORTH
ORD002343,,2025-11-19 11:58:59,DELIVERED,SOUTH
ORD000385,CUST00059,2025-11-19 14:46:33,DELIVERED,NORTH
ORD002109,,2025-11-19 15:33:15,CANCELLED,SOUTH
ORD003526,CUST00588,2025-11-20 00:31:28,DELIVERED,CENTRAL
ORD001642,CUST00269,2025-11-20 00:50:10,RETURNED,EAST
ORD002678,CUST00442,2025-11-20 03:25:34,SHIPPED,SOUTH
ORD004588,CUST00771,2025-11-20 00:00:00,PLACED,SOUTH
ORD002731,CUST00452,2025-11-20 11:44:07,DELIVERED,NORTH
ORD000197,CUST00032,2025-11-20 12:30:28,DELIVERED,NORTH
ORD004289,CUST00720,2025-11-20 13:05:42,PLACED,EAST
ORD002161,CUST00356,2025-11-20 14:34:44,DELIVERED,CENTRAL
ORD002796,CUST00464,2025-11-20 15:31:53,DELIVERED,SOUTH
ORD001007,CUST00167,2025-11-20 15:48:08,DELIVERED,EAST
ORD004063,CUST00678,2025-11-20 18:34:32,DELIVERED,CENTRAL
ORD003971,CUST00665,2025-11-20 19:02:31,DELIVERED,CENTRAL
ORD003207,CUST00542,2025-11-20 19:48:04,DELIVERED,NORTH
ORD001158,CUST00185,2025-11-20 20:02:24,CANCELLED,CENTRAL
ORD003810,,2025-11-20 20:58:33,DELIVERED,CENTRAL
ORD001436,CUST00240,2025-11-21 05:23:29,CANCELLED,NORTH
ORD004450,CUST00746,2025-11-21 12:28:12,DELIVERED,SOUTH
ORD000858,CUST00144,2025-11-21 15:19:23,SHIPPED,CENTRAL
ORD001033,CUST00170,2025-11-21 00:00:00,CANCELLED,EAST
ORD003575,CUST00600,2025-11-21 18:22:04,DELIVERED,WEST
ORD001639,CUST00269,2025-11-21 19:29:42,RETURNED,EAST
ORD003676,,2025-11-21 19:59:07,DELIVERED,EAST
ORD000051,CUST00010,2025-11-22 04:08:47,DELIVERED,WEST
ORD003562,CUST00597,2025-11-22 10:40:15,RETURNED,CENTRAL
ORD002945,CUST00499,2025-11-22 13:09:16,DELIVERED,SOUTH
ORD003598,CUST00603,2025-11-22 13:26:10,SHIPPED,CENTRAL
ORD001091,CUST00178,2025-11-22 18:01:08,CANCELLED,CENTRAL
ORD002703,CUST00447,2025-11-22 20:37:55,SHIPPED,NORTH
ORD001594,CUST00263,2025-11-22 22:12:26,SHIPPED,EAST
ORD003628,CUST00607,2025-11-22 00:00:00,PLACED,WEST
ORD002324,CUST00382,2025-11-23 04:57:18,DELIVERED,WEST
ORD002944,,2025-11-23 06:05:21,DELIVERED,CENTRAL
ORD000516,CUST00086,2025-11-23 08:36:27,DELIVERED,CENTRAL
ORD003182,CUST00539,2025-11-23 08:56:24,PLACED,NORTH
ORD000028,CUST00009,2025-11-23 10:16:53,SHIPPED,CENTRAL
ORD004012,CUST00671,2025-11-23 12:11:56,DELIVERED,SOUTH
ORD004292,CUST00720,2025-11-23 12:53:45,DELIVERED,EAST
ORD002768,CUST00461,2025-11-23 19:13:59,DELIVERED,EAST
ORD003094,CUST00524,2025-11-24 09:10:18,CANCELLED,NORTH
ORD001769,CUST00287,2025-11-24 10:33:45,DELIVERED,SOUTH
ORD003594,CUST00603,2025-11-24 12:32:12,DELIVERED,CENTRAL
ORD001903,CUST00315,2025-11-24 13:18:25,DELIVERED,WEST
ORD003122,CUST00529,2025-11-24 13:27:31,SHIPPED,NORTH
ORD001622,CUST00267,2025-11-24 15:52:59,DELIVERED,NORTH
ORD002526,CUST00420,2025-11-24 00:00:00,RETURNED,WEST
ORD002402,CUST00398,2025-11-24 16:46:08,CANCELLED,CENTRAL
ORD001708,CUST00278,2025-11-24 17:08:10,PLACED,NORTH
ORD002653,CUST00439,2025-11-24 17:34:09,CANCELLED,NORTH
ORD004096,CUST00686,2025-11-25 10:14:31,SHIPPED,SOUTH
ORD003025,CUST00513,2025-11-25 13:02:22,DELIVERED,SOUTH
ORD001842,CUST00307,2025-11-25 14:21:53,DELIVERED,EAST
ORD002755,,2025-11-25 16:22:49,DELIVERED,WEST
ORD000253,CUST00040,2025-11-25 21:47:47,PLACED,WEST
ORD003630,CUST00607,2025-11-25 22:23:50,DELIVERED,WEST
ORD001726,CUST00280,2025-11-26 00:29:10,DELIVERED,SOUTH
ORD001447,CUST00241,2025-11-26 05:26:56,DELIVERED,CENTRAL
ORD003027,CUST00513,2025-11-26 07:24:51,DELIVERED,SOUTH
ORD003983,CUST00667,2025-11-26 16:16:23,DELIVERED,NORTH
ORD003884,CUST00648,2025-11-26 19:58:00,DELIVERED,NORTH
ORD001008,CUST00167,2025-11-27 01:56:23,SHIPPED,EAST
ORD001327,CUST00216,2025-11-27 08:22:46,DELIVERED,WEST
ORD000005,CUST00001,2025-11-27 11:02:42,CANCELLED,EAST
ORD002319,CUST00380,2025-11-27 11:38:16,DELIVERED,NORTH
ORD001499,CUST00251,2025-11-27 13:50:32,CANCELLED,SOUTH
ORD002662,CUST00439,2025-11-27 15:46:08,DELIVERED,NORTH
ORD001493,CUST00251,2025-11-27 19:09:55,PLACED,SOUTH
ORD001293,CUST00206,2025-11-27 20:35:55,PLACED,NORTH
ORD004516,CUST00758,2025-11-28 12:37:46,SHIPPED,SOUTH
ORD004724,CUST00797,2025-11-28 14:04:01,DELIVERED,NORTH
ORD000949,CUST00161,2025-11-28 14:25:15,DELIVERED,EAST
ORD000960,CUST00162,2025-11-28 16:17:00,DELIVERED,NORTH
ORD004139,CUST00693,2025-11-28 16:27:44,SHIPPED,NORTH
ORD002962,CUST00501,2025-11-28 18:06:42,PLACED,EAST
ORD004592,CUST00772,2025-11-28 22:40:01,PLACED,CENTRAL
ORD000184,CUST00028,2025-11-29 09:27:48,DELIVERED,EAST
ORD003372,CUST00566,2025-11-29 10:55:40,DELIVERED,EAST
ORD001573,CUST00260,2025-11-29 15:23:53,DELIVERED,WEST
ORD003988,CUST00668,2025-11-29 16:54:26,CANCELLED,CENTRAL
ORD001645,CUST00269,2025-11-29 17:26:02,PLACED,EAST
ORD000998,CUST00167,2025-11-29 18:53:52,PLACED,EAST
ORD004468,CUST00748,2025-11-29 19:41:21,PLACED,WEST
ORD001223,CUST00196,2025-11-29 23:03:43,DELIVERED,EAST
ORD002458,CUST00407,2025-11-30 10:20:56,DELIVERED,SOUTH
ORD004605,CUST00774,2025-11-30 13:19:10,DELIVERED,NORTH
ORD001930,CUST00319,2025-11-30 13:44:37,DELIVERED,EAST
ORD000432,CUST00067,2025-11-30 13:53:54,DELIVERED,EAST
ORD001039,CUST00170,2025-11-30 16:07:48,CANCELLED,EAST
ORD001939,CUST00322,2025-11-30 18:02:35,SHIPPED,CENTRAL
ORD003463,CUST00578,2025-11-30 19:55:02,PLACED,CENTRAL
ORD004646,CUST00781,2025-11-30 22:20:02,DELIVERED,WEST
ORD003995,CUST00668,2025-11-30 00:00:00,CANCELLED,CENTRAL
ORD003124,CUST00530,2025-12-01 11:22:55,SHIPPED,SOUTH
ORD002006,CUST00332,2025-12-01 12:57:40,PLACED,NORTH
ORD000532,CUST00087,2025-12-01 13:01:26,DELIVERED,SOUTH
ORD003171,CUST00537,2025-12-01 17:11:12,DELIVERED,CENTRAL
ORD004674,CUST00790,2025-12-01 18:13:15,PLACED,EAST
ORD004014,CUST00671,2025-12-01 18:22:07,SHIPPED,SOUTH
ORD002947,CUST00499,2025-12-01 00:00:00,DELIVERED,SOUTH
ORD002388,CUST00395,2025-12-01 21:33:50,DELIVERED,SOUTH
ORD000361,CUST00056,2025-12-02 01:12:05,CANCELLED,WEST
ORD002463,CUST00407,2025-12-02 05:46:35,DELIVERED,SOUTH
ORD000396,,2025-12-02 09:17:13,SHIPPED,CENTRAL
ORD002817,CUST00469,2025-12-02 09:31:36,DELIVERED,EAST
ORD004659,CUST00785,2025-12-02 12:11:33,DELIVERED,NORTH
ORD001904,CUST00315,2025-12-02 20:46:25,PLACED,WEST
ORD003733,CUST00617,2025-12-03 01:19:06,SHIPPED,CENTRAL
ORD000489,CUST00078,2025-12-03 05:57:27,DELIVERED,WEST
ORD004614,CUST00775,2025-12-03 08:32:31,DELIVERED,NORTH
ORD002093,CUST00345,2025-12-03 09:51:58,PLACED,WEST
ORD001929,,2025-12-03 11:36:48,DELIVERED,EAST
ORD001685,CUST00272,2025-12-03 13:00:36,DELIVERED,CENTRAL
ORD000405,,2025-12-03 00:00:00,CANCELLED,NORTH
ORD001143,CUST00184,2025-12-03 19:48:45,DELIVERED,NORTH
ORD001972,CUST00327,2025-12-03 22:35:20,DELIVERED,CENTRAL
ORD000048,CUST00010,2025-12-03 23:40:25,DELIVERED,WEST
ORD003202,CUST00541,2025-12-04 01:54:20,PLACED,SOUTH
ORD004286,CUST00718,2025-12-04 05:05:18,PLACED,NORTH
ORD001811,CUST00301,2025-12-04 12:10:01,DELIVERED,CENTRAL
ORD001515,CUST00253,2025-12-04 16:13:38,PLACED,EAST
ORD001589,,2025-12-04 16:35:46,PLACED,EAST
ORD003310,CUST00556,2025-12-04 18:40:02,RETURNED,EAST
ORD004277,CUST00716,2025-12-04 19:55:07,DELIVERED,NORTH
ORD003697,CUST00614,2025-12-04 20:04:45,DELIVERED,NORTH
ORD001068,CUST00176,2025-12-04 20:28:47,CANCELLED,CENTRAL
ORD003413,CUST00572,2025-12-05 00:35:23,DELIVERED,SOUTH
ORD002193,CUST00361,2025-12-05 10:24:24,SHIPPED,CENTRAL
ORD000570,CUST00097,2025-12-05 10:50:02,DELIVERED,SOUTH
ORD000958,CUST00161,2025-12-05 11:30:13,PLACED,EAST
ORD003314,CUST00556,2025-12-05 14:22:32,DELIVERED,EAST
ORD001632,CUST00268,2025-12-05 15:07:09,DELIVERED,NORTH
ORD001141,CUST00184,2025-12-05 17:33:10,DELIVERED,NORTH
ORD000350,CUST00055,2025-12-05 18:49:56,DELIVERED,SOUTH
ORD002797,CUST00464,2025-12-05 22:21:36,DELIVERED,SOUTH
ORD001758,CUST00284,2025-12-06 06:32:37,DELIVERED,SOUTH
ORD004370,CUST00734,2025-12-06 09:09:57,DELIVERED,EAST
ORD003892,CUST00652,2025-12-06 11:42:30,CANCELLED,EAST
ORD004716,CUST00795,2025-12-06 12:35:42,PLACED,EAST
ORD001710,,2025-12-06 13:15:03,DELIVERED,CENTRAL
ORD001010,CUST00167,2025-12-06 13:28:43,DELIVERED,EAST
ORD003219,CUST00544,2025-12-06 00:00:00,DELIVERED,SOUTH
ORD003826,CUST00636,2025-12-06 15:37:49,DELIVERED,CENTRAL
ORD000289,CUST00048,2025-12-06 18:13:42,CANCELLED,NORTH
ORD004597,CUST00773,2025-12-06 18:14:03,SHIPPED,SOUTH
ORD000995,CUST00166,2025-12-06 19:30:55,DELIVERED,SOUTH
ORD000058,CUST00011,2025-12-07 03:58:26,DELIVERED,CENTRAL
ORD002128,CUST00351,2025-12-07 04:52:58,DELIVERED,WEST
ORD003608,CUST00605,2025-12-07 06:50:09,DELIVERED,NORTH
ORD004369,,2025-12-07 11:17:26,CANCELLED,EAST
ORD004061,CUST00678,2025-12-07 12:44:29,SHIPPED,CENTRAL
ORD000547,CUST00088,2025-12-07 12:47:17,PLACED,SOUTH
ORD003193,CUST00541,2025-12-07 13:50:56,CANCELLED,SOUTH
ORD004524,CUST00759,2025-12-07 18:22:07,DELIVERED,CENTRAL
ORD001891,CUST00314,2025-12-07 19:17:40,CANCELLED,CENTRAL
ORD003501,CUST00585,2025-12-07 00:00:00,PLACED,WEST
ORD001990,CUST00329,2025-12-07 20:59:21,DELIVERED,SOUTH
ORD003364,CUST00565,2025-12-08 09:05:07,DELIVERED,CENTRAL
ORD004366,CUST00733,2025-12-08 09:19:35,DELIVERED,EAST
ORD002922,CUST00493,2025-12-08 14:17:56,SHIPPED,SOUTH
ORD000899,CUST00150,2025-12-08 15:26:14,CANCELLED,SOUTH
ORD001267,CUST00204,2025-12-08 15:28:47,DELIVERED,NORTH
ORD000301,CUST00048,2025-12-08 17:27:04,DELIVERED,NORTH
ORD003659,CUST00610,2025-12-08 19:16:32,CANCELLED,SOUTH
ORD003173,CUST00538,2025-12-08 19:40:56,DELIVERED,EAST
ORD000374,CUST00059,2025-12-08 23:12:34,PLACED,NORTH
ORD000591,CUST00101,2025-12-09 08:17:33,SHIPPED,WEST
ORD001741,CUST00282,2025-12-09 11:44:49,DELIVERED,EAST
ORD003454,CUST00577,2025-12-09 11:48:22,CANCELLED,CENTRAL
ORD003048,CUST00516,2025-12-09 13:47:30,DELIVERED,CENTRAL
ORD004560,CUST00767,2025-12-09 14:49:21,DELIVERED,EAST
ORD004258,CUST00710,2025-12-09 17:00:46,DELIVERED,SOUTH
ORD000494,CUST00078,2025-12-09 17:37:39,DELIVERED,WEST
ORD004208,CUST00704,2025-12-09 17:48:24,CANCELLED,EAST
ORD004523,CUST00759,2025-12-10 04:50:05,DELIVERED,CENTRAL
ORD002070,CUST00342,2025-12-10 08:18:24,DELIVERED,CENTRAL
ORD002114,CUST00348,2025-12-10 17:16:37,DELIVERED,WEST
ORD003189,CUST00541,2025-12-10 18:27:02,DELIVERED,SOUTH
ORD003195,CUST00541,2025-12-10 20:30:58,SHIPPED,SOUTH
ORD000536,,2025-12-10 23:22:30,RETURNED,SOUTH
ORD002838,CUST00474,2025-12-11 01:27:51,DELIVERED,CENTRAL
ORD003952,CUST00664,2025-12-11 05:25:52,DELIVERED,NORTH
ORD003252,CUST00549,2025-12-11 09:11:35,CANCELLED,SOUTH
ORD001921,CUST00316,2025-12-11 10:03:15,DELIVERED,EAST
ORD004555,CUST00766,2025-12-11 14:39:08,SHIPPED,WEST
ORD000300,CUST00048,2025-12-11 15:13:37,DELIVERED,NORTH
ORD001544,CUST00256,2025-12-11 17:57:14,DELIVERED,WEST
ORD000203,CUST00033,2025-12-12 00:32:46,PLACED,SOUTH
ORD002381,CUST00393,2025-12-12 08:02:14,RETURNED,CENTRAL
ORD000538,CUST00087,2025-12-12 09:01:34,DELIVERED,SOUTH
ORD001500,,2025-12-12 09:33:18,DELIVERED,SOUTH
ORD003410,CUST00572,2025-12-12 13:13:13,CANCELLED,SOUTH
ORD000402,CUST00061,2025-12-12 13:41:25,DELIVERED,SOUTH
ORD000012,CUST00004,2025-12-12 15:25:37,DELIVERED,CENTRAL
ORD000209,CUST00034,2025-12-12 16:59:27,PLACED,EAST
ORD003149,CUST00534,2025-12-12 19:03:30,RETURNED,WEST
ORD004649,CUST00781,2025-12-12 20:19:12,SHIPPED,WEST
ORD004162,CUST00698,2025-12-13 01:12:20,DELIVERED,CENTRAL
ORD000265,CUST00043,2025-12-13 08:45:13,CANCELLED,WEST
ORD002869,CUST00479,2025-12-13 09:49:02,SHIPPED,WEST
ORD003396,,2025-12-13 12:55:37,SHIPPED,WEST
ORD000138,CUST00022,2025-12-13 13:23:33,DELIVERED,EAST
ORD001657,CUST00269,2025-12-13 16:37:16,DELIVERED,EAST
ORD000896,CUST00149,2025-12-13 18:13:40,DELIVERED,WEST
ORD003297,CUST00554,2025-12-13 19:00:19,DELIVERED,NORTH
ORD001983,CUST00328,2025-12-13 19:02:01,RETURNED,SOUTH
ORD003542,CUST00592,2025-12-13 19:04:27,DELIVERED,WEST
ORD003342,CUST00562,2025-12-13 21:57:12,DELIVERED,NORTH
ORD002587,CUST00429,2025-12-14 04:16:12,RETURNED,WEST
ORD000568,CUST00097,2025-12-14 09:57:51,DELIVERED,SOUTH
ORD002450,CUST00405,2025-12-14 11:34:44,CANCELLED,NORTH
ORD001117,CUST00182,2025-12-14 13:47:53,CANCELLED,EAST
ORD003746,,2025-12-14 15:03:44,DELIVERED,EAST
ORD003778,CUST00629,2025-12-14 15:31:38,DELIVERED,SOUTH
ORD002845,CUST00475,2025-12-14 15:39:58,DELIVERED,EAST
ORD003977,CUST00666,2025-12-14 16:27:08,DELIVERED,WEST
ORD003093,CUST00524,2025-12-14 17:13:39,DELIVERED,NORTH
ORD002092,CUST00345,2025-12-14 18:51:50,DELIVERED,WEST
ORD001655,CUST00269,2025-12-14 21:53:37,DELIVERED,EAST
ORD002208,,2025-12-15 01:05:11,DELIVERED,WEST
ORD002305,CUST00376,2025-12-15 03:31:33,SHIPPED,NORTH
ORD002811,CUST00467,2025-12-15 09:04:57,DELIVERED,SOUTH
ORD002519,CUST00419,2025-12-15 12:10:42,DELIVERED,WEST
ORD000271,CUST00046,2025-12-15 13:10:36,DELIVERED,WEST
ORD003897,,2025-12-15 19:12:18,PLACED,WEST
ORD003857,CUST00643,2025-12-16 04:13:53,DELIVERED,NORTH
ORD002751,CUST00456,2025-12-16 08:37:42,DELIVERED,CENTRAL
ORD000046,CUST00010,2025-12-16 09:31:23,DELIVERED,WEST
ORD003316,CUST00556,2025-12-16 11:53:28,DELIVERED,EAST
ORD000304,CUST00048,2025-12-16 14:04:40,PLACED,NORTH
ORD000967,CUST00163,2025-12-16 14:10:43,DELIVERED,WEST
ORD003457,CUST00577,2025-12-16 14:51:26,PLACED,CENTRAL
ORD003913,CUST00656,2025-12-16 15:52:16,DELIVERED,EAST
ORD001960,CUST00324,2025-12-16 16:36:02,DELIVERED,WEST
ORD003551,CUST00595,2025-12-16 18:54:30,PLACED,SOUTH
ORD003704,CUST00615,2025-12-16 21:22:27,DELIVERED,NORTH
ORD001693,CUST00274,2025-12-16 23:17:21,CANCELLED,NORTH
ORD002777,CUST00462,2025-12-17 07:34:38,DELIVERED,EAST
ORD003236,CUST00544,2025-12-17 08:10:38,CANCELLED,SOUTH
ORD001412,CUST00231,2025-12-17 09:07:02,DELIVERED,NORTH
ORD001219,CUST00196,2025-12-17 10:11:45,DELIVERED,EAST
ORD003191,CUST00541,2025-12-17 15:15:13,DELIVERED,SOUTH
ORD000646,CUST00110,2025-12-17 16:46:59,DELIVERED,NORTH
ORD001720,CUST00279,2025-12-17 17:53:44,DELIVERED,CENTRAL
ORD000455,CUST00069,2025-12-18 05:19:00,RETURNED,EAST
ORD002557,CUST00423,2025-12-18 10:36:56,DELIVERED,WEST
ORD003366,CUST00565,2025-12-18 16:33:13,DELIVERED,CENTRAL
ORD001634,CUST00269,2025-12-18 17:27:26,DELIVERED,EAST
ORD003726,CUST00617,2025-12-18 17:59:15,DELIVERED,CENTRAL
ORD003619,CUST00605,2025-12-18 18:10:15,PLACED,NORTH
ORD004443,CUST00745,2025-12-18 18:34:36,PLACED,EAST
ORD000869,CUST00145,2025-12-18 19:20:33,DELIVERED,EAST
ORD000945,CUST00160,2025-12-19 07:31:29,DELIVERED,WEST
ORD002564,CUST00424,2025-12-19 08:44:11,DELIVERED,NORTH
ORD001324,CUST00213,2025-12-19 11:02:08,CANCELLED,SOUTH
ORD003153,CUST00534,2025-12-19 00:00:00,SHIPPED,WEST
ORD003981,CUST00667,2025-12-19 16:58:31,DELIVERED,NORTH
ORD001760,CUST00284,2025-12-19 00:00:00,DELIVERED,SOUTH
ORD003264,CUST00550,2025-12-19 18:38:49,SHIPPED,WEST
ORD000399,CUST00060,2025-12-20 08:55:11,DELIVERED,CENTRAL
ORD002925,CUST00495,2025-12-20 08:57:25,DELIVERED,CENTRAL
ORD001932,CUST00319,2025-12-20 12:31:15,CANCELLED,EAST
ORD004062,CUST00678,2025-12-20 16:34:45,PLACED,CENTRAL
ORD001590,CUST00263,2025-12-20 23:09:59,CANCELLED,EAST
ORD000963,CUST00162,2025-12-21 01:20:14,DELIVERED,NORTH
ORD003140,CUST00533,2025-12-21 02:26:25,DELIVERED,SOUTH
ORD002353,CUST00385,2025-12-21 03:25:18,RETURNED,EAST
ORD000825,CUST00137,2025-12-21 04:32:46,PLACED,SOUTH
ORD001152,CUST00185,2025-12-21 07:47:37,CANCELLED,CENTRAL
ORD000416,CUST00063,2025-12-21 07:59:59,CANCELLED,SOUTH
ORD004672,CUST00787,2025-12-21 09:48:05,DELIVERED,WEST
ORD001719,CUST00279,2025-12-21 10:07:36,DELIVERED,CENTRAL
ORD000838,CUST00138,2025-12-21 12:53:30,DELIVERED,WEST
ORD002850,CUST00476,2025-12-21 13:08:00,DELIVERED,SOUTH
ORD004410,CUST00739,2025-12-21 13:19:01,DELIVERED,WEST
ORD002699,CUST00447,2025-12-21 15:06:08,DELIVERED,NORTH
ORD004100,CUST00687,2025-12-21 15:17:04,DELIVERED,CENTRAL
ORD000754,CUST00125,2025-12-21 17:54:56,DELIVERED,SOUTH
ORD004297,CUST00721,2025-12-21 23:24:44,SHIPPED,CENTRAL
ORD004520,CUST00759,2025-12-22 02:41:13,SHIPPED,CENTRAL
ORD000428,CUST00066,2025-12-22 05:45:26,DELIVERED,WEST
ORD002588,CUST00429,2025-12-22 09:20:03,DELIVERED,WEST
ORD003468,CUST00580,2025-12-22 10:37:00,SHIPPED,EAST
ORD002331,CUST00383,2025-12-22 12:08:34,DELIVERED,SOUTH
ORD004425,CUST00743,2025-12-22 13:29:08,DELIVERED,SOUTH
ORD003418,CUST00574,2025-12-22 14:27:29,DELIVERED,WEST
ORD004522,CUST00759,2025-12-22 15:56:47,PLACED,CENTRAL
ORD000054,CUST00011,2025-12-22 16:56:29,DELIVERED,CENTRAL
ORD000836,CUST00138,2025-12-22 00:00:00,SHIPPED,WEST
ORD004580,CUST00770,2025-12-22 18:52:15,SHIPPED,NORTH
ORD001326,CUST00216,2025-12-22 18:54:50,DELIVERED,WEST
ORD001457,,2025-12-22 22:12:01,DELIVERED,NORTH
ORD001165,CUST00186,2025-12-23 05:06:45,PLACED,WEST
ORD000783,CUST00128,2025-12-23 06:18:10,DELIVERED,NORTH
ORD004313,CUST00723,2025-12-23 11:32:56,CANCELLED,EAST
ORD002326,CUST00382,2025-12-23 11:58:09,DELIVERED,WEST
ORD001689,CUST00272,2025-12-23 15:30:31,DELIVERED,CENTRAL
ORD002960,CUST00500,2025-12-23 15:48:22,DELIVERED,WEST
ORD003233,CUST00544,2025-12-23 16:02:28,CANCELLED,SOUTH
ORD000420,CUST00064,2025-12-23 16:59:16,PLACED,CENTRAL
ORD004149,CUST00693,2025-12-23 17:33:56,PLACED,NORTH
ORD003601,CUST00604,2025-12-23 18:53:03,DELIVERED,NORTH
ORD001233,CUST00199,2025-12-23 22:42:35,DELIVERED,CENTRAL
ORD002625,CUST00435,2025-12-23 22:47:16,DELIVERED,EAST
ORD001406,CUST00230,2025-12-24 00:00:00,SHIPPED,WEST
ORD003455,CUST00577,2025-12-24 06:11:16,DELIVERED,CENTRAL
ORD000606,CUST00103,2025-12-24 08:09:49,DELIVERED,NORTH
ORD003701,CUST00614,2025-12-24 08:41:31,PLACED,NORTH
ORD000003,CUST00001,2025-12-24 08:46:20,DELIVERED,EAST
ORD001467,CUST00245,2025-12-24 13:47:21,DELIVERED,WEST
ORD003718,CUST00615,2025-12-24 15:43:17,RETURNED,NORTH
ORD001557,CUST00257,2025-12-24 15:50:50,CANCELLED,NORTH
ORD000689,CUST00116,2025-12-25 04:36:15,CANCELLED,CENTRAL
ORD003614,CUST00605,2025-12-25 08:11:03,DELIVERED,NORTH
ORD002961,CUST00500,2025-12-25 15:11:01,RETURNED,WEST
ORD002652,CUST00439,2025-12-25 18:23:47,DELIVERED,NORTH
ORD002619,CUST00434,2025-12-25 23:35:26,PLACED,NORTH
ORD001096,CUST00179,2025-12-26 07:31:47,SHIPPED,NORTH
ORD004233,CUST00708,2025-12-26 13:29:26,DELIVERED,CENTRAL
ORD001448,CUST00242,2025-12-26 15:16:59,DELIVERED,NORTH
ORD001873,CUST00311,2025-12-26 15:50:54,DELIVERED,CENTRAL
ORD001999,CUST00331,2025-12-26 16:37:41,CANCELLED,NORTH
ORD000319,CUST00050,2025-12-26 17:15:43,SHIPPED,SOUTH
ORD000844,CUST00140,2025-12-26 17:24:08,PLACED,WEST
ORD001516,CUST00253,2025-12-27 08:41:51,DELIVERED,EAST
ORD004615,CUST00775,2025-12-27 11:42:03,PLACED,NORTH
ORD001948,,2025-12-27 13:51:48,CANCELLED,EAST
ORD003419,CUST00574,2025-12-27 15:00:53,CANCELLED,WEST
ORD000573,CUST00097,2025-12-27 15:07:08,DELIVERED,SOUTH
ORD004241,CUST00708,2025-12-27 17:46:16,DELIVERED,CENTRAL
ORD004125,CUST00690,2025-12-27 18:02:19,SHIPPED,SOUTH
ORD003389,CUST00570,2025-12-27 18:05:34,DELIVERED,WEST
ORD000214,CUST00034,2025-12-27 18:41:45,CANCELLED,EAST
ORD003077,CUST00520,2025-12-27 23:36:52,DELIVERED,WEST
ORD000950,CUST00161,2025-12-28 08:09:40,DELIVERED,EAST
ORD000477,CUST00075,2025-12-28 08:25:54,DELIVERED,NORTH
ORD004135,CUST00692,2025-12-28 09:38:16,DELIVERED,NORTH
ORD000108,CUST00018,2025-12-28 09:57:12,DELIVERED,SOUTH
ORD002964,CUST00501,2025-12-28 13:00:54,SHIPPED,EAST
ORD001455,CUST00242,2025-12-28 13:58:04,SHIPPED,NORTH
ORD000891,CUST00149,2025-12-28 17:26:11,SHIPPED,WEST
ORD000583,CUST00099,2025-12-28 19:32:12,PLACED,CENTRAL
ORD001688,CUST00272,2025-12-28 19:38:33,SHIPPED,CENTRAL
ORD002329,CUST00382,2025-12-28 20:59:34,DELIVERED,WEST
ORD004033,CUST00673,2025-12-28 22:13:17,PLACED,NORTH
ORD001260,,2025-12-29 04:34:20,DELIVERED,SOUTH
ORD002663,CUST00439,2025-12-29 07:09:45,CANCELLED,NORTH
ORD002123,CUST00351,2025-12-29 08:31:18,RETURNED,WEST
ORD002643,CUST00438,2025-12-29 09:09:37,DELIVERED,EAST
ORD001161,CUST00186,2025-12-29 09:54:42,DELIVERED,WEST
ORD000206,CUST00033,2025-12-29 12:02:58,DELIVERED,SOUTH
ORD000676,CUST00114,2025-12-29 12:40:36,DELIVERED,WEST
ORD000658,CUST00111,2025-12-29 13:36:24,DELIVERED,SOUTH
ORD002245,CUST00366,2025-12-29 16:07:09,DELIVERED,SOUTH
ORD000574,CUST00097,2025-12-29 18:56:54,RETURNED,SOUTH
ORD000239,CUST00038,2025-12-30 01:23:55,DELIVERED,EAST
ORD003442,CUST00575,2025-12-30 03:42:34,RETURNED,SOUTH
ORD001265,CUST00204,2025-12-30 06:14:02,CANCELLED,NORTH
ORD003698,CUST00614,2025-12-30 00:00:00,SHIPPED,NORTH
ORD000670,CUST00113,2025-12-30 09:42:06,DELIVERED,WEST
ORD002111,CUST00348,2025-12-30 10:21:40,SHIPPED,WEST
ORD000930,CUST00157,2025-12-30 11:32:52,DELIVERED,SOUTH
ORD003298,CUST00554,2025-12-30 13:07:45,DELIVERED,NORTH
ORD002684,CUST00444,2025-12-30 13:15:27,DELIVERED,WEST
ORD003930,CUST00660,2025-12-30 14:14:21,SHIPPED,CENTRAL
ORD000145,CUST00023,2025-12-30 15:15:33,DELIVERED,CENTRAL
ORD003615,CUST00605,2025-12-30 16:06:42,PLACED,NORTH
ORD003735,CUST00617,2025-12-30 18:32:48,CANCELLED,CENTRAL
ORD001232,CUST00199,2025-12-30 21:35:53,DELIVERED,CENTRAL
ORD001656,CUST00269,2025-12-31 10:41:54,DELIVERED,EAST
ORD000953,CUST00161,2025-12-31 12:46:05,DELIVERED,EAST
ORD003991,CUST00668,2025-12-31 13:33:30,DELIVERED,CENTRAL
ORD000227,CUST00035,2025-12-31 13:58:39,DELIVERED,CENTRAL
ORD003197,CUST00541,2025-12-31 14:32:27,DELIVERED,SOUTH
ORD004473,CUST00749,2025-12-31 16:14:19,DELIVERED,WEST
ORD003393,CUST00570,2026-01-01 09:43:08,DELIVERED,WEST
ORD004093,CUST00685,2026-01-01 10:01:53,DELIVERED,SOUTH
ORD001918,CUST00316,2026-01-01 10:37:03,PLACED,EAST
ORD004184,CUST00700,2026-01-01 15:53:55,DELIVERED,SOUTH
ORD000612,CUST00103,2026-01-01 00:00:00,RETURNED,NORTH
ORD002836,CUST00474,2026-01-01 19:49:21,DELIVERED,CENTRAL
ORD002108,CUST00347,2026-01-01 20:27:52,DELIVERED,SOUTH
ORD001539,CUST00255,2026-01-02 01:48:17,DELIVERED,NORTH
ORD003205,CUST00541,2026-01-02 00:00:00,SHIPPED,SOUTH
ORD003573,CUST00600,2026-01-02 08:19:17,PLACED,WEST
ORD004010,CUST00670,2026-01-02 09:51:46,PLACED,EAST
ORD002224,CUST00365,2026-01-02 10:29:21,PLACED,EAST
ORD000021,CUST00007,2026-01-02 14:04:30,DELIVERED,EAST
ORD002787,CUST00463,2026-01-02 17:29:46,DELIVERED,CENTRAL
ORD003824,CUST00636,2026-01-02 18:56:26,PLACED,CENTRAL
ORD004482,CUST00751,2026-01-02 19:59:38,DELIVERED,CENTRAL
ORD002486,CUST00412,2026-01-02 20:38:38,DELIVERED,WEST
ORD004232,CUST00708,2026-01-02 20:55:01,RETURNED,CENTRAL
ORD003729,CUST00617,2026-01-02 21:00:50,CANCELLED,CENTRAL
ORD004006,CUST00669,2026-01-02 23:01:42,DELIVERED,EAST
ORD001889,CUST00314,2026-01-02 00:00:00,DELIVERED,CENTRAL
ORD000140,CUST00022,2026-01-03 00:00:00,PLACED,EAST
ORD004312,CUST00723,2026-01-03 10:11:57,PLACED,EAST
ORD003911,CUST00656,2026-01-03 14:13:22,DELIVERED,EAST
ORD000240,CUST00038,2026-01-03 16:14:38,DELIVERED,EAST
ORD000768,CUST00126,2026-01-03 17:08:55,DELIVERED,SOUTH
ORD001439,CUST00240,2026-01-04 08:25:23,DELIVERED,NORTH
ORD003346,CUST00562,2026-01-04 09:44:48,SHIPPED,NORTH
ORD003903,CUST00655,2026-01-04 11:18:30,SHIPPED,NORTH
ORD000284,CUST00048,2026-01-04 12:41:44,DELIVERED,NORTH
ORD002452,CUST00405,2026-01-04 14:52:21,DELIVERED,NORTH
ORD003845,CUST00640,2026-01-04 17:40:05,SHIPPED,CENTRAL
ORD000231,CUST00037,2026-01-04 18:24:38,DELIVERED,NORTH
ORD000270,CUST00046,2026-01-04 18:37:55,PLACED,WEST
ORD000290,CUST00048,2026-01-04 19:44:11,DELIVERED,NORTH
ORD000052,CUST00010,2026-01-04 21:54:14,CANCELLED,WEST
ORD000923,CUST00157,2026-01-05 00:10:22,DELIVERED,SOUTH
ORD001531,CUST00255,2026-01-05 09:39:01,RETURNED,NORTH
ORD000729,,2026-01-05 10:24:29,PLACED,NORTH
ORD002240,CUST00366,2026-01-05 10:42:23,DELIVERED,SOUTH
ORD002444,CUST00404,2026-01-05 11:29:25,SHIPPED,WEST
ORD002404,CUST00398,2026-01-05 15:45:12,PLACED,CENTRAL
ORD002565,CUST00424,2026-01-05 18:30:20,DELIVERED,NORTH
ORD003243,CUST00545,2026-01-05 19:10:51,DELIVERED,NORTH
ORD002865,CUST00479,2026-01-06 04:23:12,DELIVERED,WEST
ORD001717,CUST00279,2026-01-06 08:02:14,RETURNED,CENTRAL
ORD001576,CUST00260,2026-01-06 13:37:50,PLACED,WEST
ORD001872,CUST00311,2026-01-06 15:18:01,PLACED,CENTRAL
ORD004548,CUST00764,2026-01-06 18:11:36,PLACED,EAST
ORD001201,CUST00193,2026-01-06 18:37:08,DELIVERED,CENTRAL
ORD000528,CUST00086,2026-01-06 18:42:03,DELIVERED,CENTRAL
ORD003823,CUST00636,2026-01-06 19:03:55,DELIVERED,CENTRAL
ORD003485,CUST00583,2026-01-06 19:20:50,SHIPPED,WEST
ORD002752,CUST00456,2026-01-07 08:54:20,DELIVERED,CENTRAL
ORD001119,CUST00182,2026-01-07 09:05:47,DELIVERED,EAST
ORD002203,CUST00362,2026-01-07 12:21:38,SHIPPED,EAST
ORD002750,CUST00456,2026-01-07 14:45:43,DELIVERED,CENTRAL
ORD002874,CUST00481,2026-01-07 15:35:51,RETURNED,SOUTH
ORD001411,CUST00231,2026-01-07 15:41:42,DELIVERED,NORTH
ORD000378,CUST00059,2026-01-07 18:10:38,DELIVERED,NORTH
ORD000643,CUST00109,2026-01-07 19:07:47,SHIPPED,WEST
ORD000925,CUST00157,2026-01-07 19:45:15,PLACED,SOUTH
ORD000001,CUST00001,2026-01-07 19:53:38,DELIVERED,EAST
ORD000659,CUST00111,2026-01-08 02:41:57,SHIPPED,SOUTH
ORD000552,CUST00089,2026-01-08 08:20:27,PLACED,CENTRAL
ORD003244,CUST00545,2026-01-08 08:35:02,DELIVERED,NORTH
ORD004007,CUST00670,2026-01-08 00:00:00,CANCELLED,EAST
ORD003459,CUST00577,2026-01-08 11:20:06,DELIVERED,CENTRAL
ORD004414,CUST00739,2026-01-08 15:02:33,PLACED,WEST
ORD001124,CUST00182,2026-01-08 15:59:54,DELIVERED,EAST
ORD003906,CUST00655,2026-01-08 17:06:02,DELIVERED,NORTH
ORD003300,CUST00554,2026-01-08 19:06:00,DELIVERED,NORTH
ORD004601,CUST00774,2026-01-08 21:16:31,RETURNED,NORTH
ORD000111,CUST00018,2026-01-09 08:05:18,DELIVERED,SOUTH
ORD003490,CUST00584,2026-01-09 09:54:28,DELIVERED,CENTRAL
ORD001156,CUST00185,2026-01-09 10:07:34,PLACED,CENTRAL
ORD004380,,2026-01-09 00:00:00,DELIVERED,SOUTH
ORD000261,CUST00042,2026-01-09 16:09:38,DELIVERED,EAST
ORD003916,CUST00657,2026-01-09 17:52:42,DELIVERED,SOUTH
ORD003162,,2026-01-09 18:30:20,CANCELLED,SOUTH
ORD002336,CUST00383,2026-01-09 20:20:06,DELIVERED,SOUTH
ORD004561,CUST00767,2026-01-09 21:51:12,DELIVERED,EAST
ORD003318,CUST00557,2026-01-10 00:00:00,SHIPPED,NORTH
ORD002332,,2026-01-10 03:52:28,CANCELLED,SOUTH
ORD003146,CUST00533,2026-01-10 05:37:14,DELIVERED,SOUTH
ORD001734,CUST00282,2026-01-10 07:46:23,DELIVERED,EAST
ORD004720,CUST00796,2026-01-10 08:40:07,DELIVERED,CENTRAL
ORD002013,CUST00333,2026-01-10 12:00:56,DELIVERED,EAST
ORD003068,CUST00518,2026-01-10 12:29:11,DELIVERED,SOUTH
ORD000535,CUST00087,2026-01-10 16:40:38,CANCELLED,SOUTH
ORD004254,CUST00709,2026-01-10 17:26:25,SHIPPED,CENTRAL
ORD000305,CUST00048,2026-01-10 17:36:42,SHIPPED,NORTH
ORD000222,CUST00034,2026-01-10 19:00:06,DELIVERED,EAST
ORD003353,CUST00563,2026-01-10 19:39:34,SHIPPED,NORTH
ORD000478,CUST00075,2026-01-10 19:42:05,DELIVERED,NORTH
ORD002677,CUST00442,2026-01-10 21:53:51,SHIPPED,SOUTH
ORD000543,CUST00088,2026-01-10 22:59:12,DELIVERED,SOUTH
ORD003790,CUST00631,2026-01-10 23:27:26,PLACED,EAST
ORD004178,CUST00700,2026-01-11 01:17:13,DELIVERED,SOUTH
ORD002471,CUST00409,2026-01-11 10:03:41,CANCELLED,NORTH
ORD001619,CUST00267,2026-01-11 10:53:23,SHIPPED,NORTH
ORD001681,CUST00272,2026-01-11 15:30:49,SHIPPED,CENTRAL
ORD003447,CUST00576,2026-01-11 15:36:49,PLACED,EAST
ORD004640,CUST00779,2026-01-11 17:54:48,DELIVERED,WEST
ORD000423,CUST00065,2026-01-11 19:07:36,DELIVERED,SOUTH
ORD002679,CUST00442,2026-01-11 19:48:27,CANCELLED,SOUTH
ORD002872,CUST00481,2026-01-12 01:52:16,DELIVERED,SOUTH
ORD001429,CUST00239,2026-01-12 02:27:53,DELIVERED,WEST
ORD004013,CUST00671,2026-01-12 08:27:53,SHIPPED,SOUTH
ORD000053,CUST00010,2026-01-12 09:43:01,RETURNED,WEST
ORD002745,CUST00453,2026-01-12 10:46:22,DELIVERED,CENTRAL
ORD001294,CUST00206,2026-01-12 11:19:13,DELIVERED,NORTH
ORD000316,CUST00050,2026-01-12 13:08:16,DELIVERED,SOUTH
ORD002009,CUST00333,2026-01-12 14:51:52,DELIVERED,EAST
ORD004637,CUST00777,2026-01-13 04:05:54,DELIVERED,EAST
ORD004146,CUST00693,2026-01-13 07:42:14,PLACED,NORTH
ORD002391,CUST00395,2026-01-13 09:23:21,DELIVERED,SOUTH
ORD000382,CUST00059,2026-01-13 12:49:24,DELIVERED,NORTH
ORD000728,CUST00122,2026-01-13 13:36:46,SHIPPED,NORTH
ORD002698,,2026-01-13 14:48:10,SHIPPED,NORTH
ORD001247,CUST00201,2026-01-13 16:02:58,DELIVERED,NORTH
ORD001198,CUST00193,2026-01-13 17:23:51,PLACED,CENTRAL
ORD001061,CUST00176,2026-01-13 21:07:30,DELIVERED,CENTRAL
ORD001479,CUST00247,2026-01-14 08:38:36,DELIVERED,EAST
ORD002805,CUST00466,2026-01-14 09:37:05,DELIVERED,NORTH
ORD003703,CUST00615,2026-01-14 14:45:39,DELIVERED,NORTH
ORD000504,CUST00080,2026-01-14 14:48:21,DELIVERED,SOUTH
ORD000049,CUST00010,2026-01-14 15:31:10,DELIVERED,WEST
ORD004307,CUST00723,2026-01-14 18:35:40,DELIVERED,EAST
ORD002395,CUST00397,2026-01-15 04:24:38,CANCELLED,EAST
ORD001012,CUST00167,2026-01-15 10:14:01,CANCELLED,EAST
ORD003185,CUST00539,2026-01-15 11:33:47,SHIPPED,NORTH
ORD003066,CUST00518,2026-01-15 13:49:02,CANCELLED,SOUTH
ORD003079,CUST00521,2026-01-15 14:19:22,RETURNED,WEST
ORD004127,CUST00691,2026-01-15 14:21:44,DELIVERED,SOUTH
ORD003825,CUST00636,2026-01-15 15:14:47,DELIVERED,CENTRAL
ORD000771,CUST00128,2026-01-15 15:39:06,RETURNED,NORTH
ORD001959,CUST00324,2026-01-15 18:24:24,PLACED,WEST
ORD002711,CUST00448,2026-01-15 19:33:40,DELIVERED,WEST
ORD000216,CUST00034,2026-01-15 20:10:53,DELIVERED,EAST
ORD001296,CUST00206,2026-01-16 03:13:21,DELIVERED,NORTH
ORD001420,CUST00233,2026-01-16 04:06:56,DELIVERED,EAST
ORD000854,CUST00142,2026-01-16 08:04:00,DELIVERED,SOUTH
ORD000149,CUST00023,2026-01-16 09:57:39,PLACED,CENTRAL
ORD002714,CUST00448,2026-01-16 11:50:38,DELIVERED,WEST
ORD001127,CUST00182,2026-01-16 12:00:36,DELIVERED,EAST
ORD003967,CUST00665,2026-01-16 14:56:31,DELIVERED,CENTRAL
ORD003947,CUST00664,2026-01-16 14:57:42,SHIPPED,NORTH
ORD003192,CUST00541,2026-01-16 16:42:13,DELIVERED,SOUTH
ORD000554,CUST00089,2026-01-16 18:07:00,DELIVERED,CENTRAL
ORD001748,CUST00284,2026-01-16 19:13:29,DELIVERED,SOUTH
ORD001851,CUST00308,2026-01-16 22:12:55,RETURNED,WEST
ORD002355,CUST00385,2026-01-17 00:22:08,CANCELLED,EAST
ORD001540,CUST00256,2026-01-17 01:32:39,DELIVERED,WEST
ORD004234,CUST00708,2026-01-17 01:55:09,DELIVERED,CENTRAL
ORD003292,CUST00553,2026-01-17 08:36:52,PLACED,SOUTH
ORD003135,CUST00532,2026-01-17 08:56:19,DELIVERED,SOUTH
ORD001157,CUST00185,2026-01-17 08:56:48,CANCELLED,CENTRAL
ORD000118,CUST00019,2026-01-17 00:00:00,DELIVERED,WEST
ORD001084,CUST00178,2026-01-17 14:41:42,DELIVERED,CENTRAL
ORD002065,CUST00342,2026-01-17 14:42:11,DELIVERED,CENTRAL
ORD000292,,2026-01-17 16:05:35,DELIVERED,NORTH
ORD003453,CUST00576,2026-01-17 16:26:17,DELIVERED,EAST
ORD000369,CUST00058,2026-01-17 17:23:47,PLACED,SOUTH
ORD002125,CUST00351,2026-01-17 18:27:11,DELIVERED,WEST
ORD001089,CUST00178,2026-01-17 19:59:14,SHIPPED,CENTRAL
ORD002834,CUST00473,2026-01-18 08:32:34,PLACED,CENTRAL
ORD001612,CUST00266,2026-01-18 11:23:07,DELIVERED,NORTH
ORD002364,CUST00389,2026-01-18 14:44:43,DELIVERED,WEST
ORD002265,CUST00369,2026-01-18 15:48:03,PLACED,CENTRAL
ORD001364,CUST00225,2026-01-18 16:21:40,DELIVERED,SOUTH
ORD002488,CUST00412,2026-01-18 18:14:08,DELIVERED,WEST
ORD002840,CUST00474,2026-01-18 18:49:53,DELIVERED,CENTRAL
ORD000407,CUST00062,2026-01-18 19:05:12,DELIVERED,NORTH
ORD002835,CUST00474,2026-01-18 19:48:22,DELIVERED,CENTRAL
ORD001588,CUST00263,2026-01-18 20:48:31,DELIVERED,EAST
ORD002611,CUST00432,2026-01-18 21:03:24,DELIVERED,WEST
ORD002822,CUST00469,2026-01-18 23:41:24,DELIVERED,EAST
ORD002443,CUST00403,2026-01-19 01:46:17,DELIVERED,NORTH
ORD002001,CUST00332,2026-01-19 04:00:20,DELIVERED,NORTH
ORD002334,CUST00383,2026-01-19 05:25:10,DELIVERED,SOUTH
ORD000517,CUST00086,2026-01-19 09:41:25,CANCELLED,CENTRAL
ORD003179,CUST00539,2026-01-19 10:13:29,DELIVERED,NORTH
ORD002705,CUST00447,2026-01-19 12:19:04,PLACED,NORTH
ORD004252,CUST00709,2026-01-19 13:59:05,DELIVERED,CENTRAL
ORD002783,CUST00463,2026-01-19 15:28:10,SHIPPED,CENTRAL
ORD000326,CUST00051,2026-01-19 16:59:46,DELIVERED,EAST
ORD000614,CUST00104,2026-01-19 17:12:58,RETURNED,WEST
ORD000298,CUST00048,2026-01-19 17:42:52,DELIVERED,NORTH
ORD000481,CUST00075,2026-01-19 18:12:25,DELIVERED,NORTH
ORD003259,CUST00549,2026-01-19 18:49:17,SHIPPED,SOUTH
ORD003055,CUST00517,2026-01-19 19:41:56,DELIVERED,WEST
ORD004230,CUST00708,2026-01-19 19:45:21,DELIVERED,CENTRAL
ORD001636,CUST00269,2026-01-19 21:13:57,DELIVERED,EAST
ORD000661,CUST00112,2026-01-19 23:22:32,CANCELLED,WEST
ORD001786,CUST00290,2026-01-20 08:17:54,DELIVERED,NORTH
ORD004260,CUST00710,2026-01-20 10:30:43,DELIVERED,SOUTH
ORD000770,CUST00127,2026-01-20 11:25:44,DELIVERED,SOUTH
ORD002278,,2026-01-20 12:46:36,SHIPPED,WEST
ORD003736,CUST00618,2026-01-20 14:51:29,DELIVERED,EAST
ORD001618,CUST00267,2026-01-20 00:00:00,DELIVERED,NORTH
ORD001833,,2026-01-20 23:06:29,RETURNED,EAST
ORD002938,CUST00497,2026-01-21 04:05:08,DELIVERED,NORTH
ORD000855,CUST00142,2026-01-21 09:06:34,DELIVERED,SOUTH
ORD001994,CUST00330,2026-01-21 14:21:46,SHIPPED,SOUTH
ORD004176,CUST00700,2026-01-21 18:11:18,DELIVERED,SOUTH
ORD001431,CUST00239,2026-01-21 22:56:17,PLACED,WEST
ORD004199,CUST00703,2026-01-21 23:23:39,CANCELLED,SOUTH
ORD000765,CUST00126,2026-01-21 23:36:31,SHIPPED,SOUTH
ORD001977,CUST00327,2026-01-22 08:12:33,CANCELLED,CENTRAL
ORD004048,CUST00676,2026-01-22 08:39:05,PLACED,EAST
ORD002301,CUST00375,2026-01-22 09:45:57,DELIVERED,NORTH
ORD001556,CUST00257,2026-01-22 14:14:55,DELIVERED,NORTH
ORD003682,CUST00613,2026-01-22 15:42:06,DELIVERED,EAST
ORD000576,CUST00097,2026-01-22 15:42:31,RETURNED,SOUTH
ORD004044,CUST00675,2026-01-22 16:37:30,DELIVERED,SOUTH
ORD000964,CUST00162,2026-01-22 17:38:52,DELIVERED,NORTH
ORD001690,CUST00273,2026-01-22 18:50:53,SHIPPED,EAST
ORD003312,CUST00556,2026-01-22 19:37:22,DELIVERED,EAST
ORD001101,CUST00181,2026-01-22 20:01:17,PLACED,WEST
ORD000059,CUST00011,2026-01-23 00:12:21,DELIVERED,CENTRAL
ORD000451,CUST00068,2026-01-23 11:49:54,DELIVERED,NORTH
ORD002351,,2026-01-23 13:35:03,CANCELLED,EAST
ORD001080,CUST00178,2026-01-23 13:49:44,PLACED,CENTRAL
ORD000973,CUST00163,2026-01-23 14:31:15,DELIVERED,WEST
ORD001626,CUST00267,2026-01-23 16:44:32,DELIVERED,NORTH
ORD000448,CUST00068,2026-01-23 19:29:30,DELIVERED,NORTH
ORD003495,CUST00585,2026-01-23 19:36:19,DELIVERED,WEST
ORD000827,CUST00137,2026-01-24 06:37:50,DELIVERED,SOUTH
ORD002870,CUST00479,2026-01-24 08:06:13,DELIVERED,WEST
ORD001747,CUST00283,2026-01-24 09:35:01,SHIPPED,WEST
ORD002412,CUST00400,2026-01-24 13:25:57,SHIPPED,SOUTH
ORD004084,CUST00683,2026-01-24 14:01:23,DELIVERED,NORTH
ORD001871,CUST00311,2026-01-24 15:40:36,DELIVERED,CENTRAL
ORD000837,CUST00138,2026-01-24 19:31:37,DELIVERED,WEST
ORD001520,CUST00253,2026-01-25 00:12:51,CANCELLED,EAST
ORD004174,CUST00700,2026-01-25 06:47:33,DELIVERED,SOUTH
ORD004131,CUST00691,2026-01-25 06:51:17,DELIVERED,SOUTH
ORD002977,CUST00504,2026-01-25 10:59:30,PLACED,NORTH
ORD004342,CUST00729,2026-01-25 11:02:27,CANCELLED,SOUTH
ORD004653,,2026-01-25 15:02:17,PLACED,CENTRAL
ORD002482,CUST00411,2026-01-25 15:11:36,PLACED,WEST
ORD002634,CUST00437,2026-01-25 15:55:20,DELIVERED,NORTH
ORD000507,CUST00080,2026-01-25 16:44:39,CANCELLED,SOUTH
ORD003558,CUST00596,2026-01-25 18:19:53,DELIVERED,SOUTH
ORD001236,CUST00199,2026-01-25 18:58:42,PLACED,CENTRAL
ORD003483,CUST00582,2026-01-25 22:07:42,DELIVERED,NORTH
ORD002857,CUST00476,2026-01-25 23:55:59,SHIPPED,SOUTH
ORD002302,CUST00376,2026-01-26 09:08:17,CANCELLED,NORTH
ORD001713,CUST00279,2026-01-26 10:39:54,CANCELLED,CENTRAL
ORD004602,CUST00774,2026-01-26 12:50:00,CANCELLED,NORTH
ORD000605,CUST00103,2026-01-26 16:18:53,DELIVERED,NORTH
ORD001449,CUST00242,2026-01-26 17:43:45,PLACED,NORTH
ORD001628,CUST00267,2026-01-26 17:51:28,DELIVERED,NORTH
ORD004052,CUST00676,2026-01-26 18:07:49,DELIVERED,EAST
ORD003198,CUST00541,2026-01-26 18:43:38,PLACED,SOUTH
ORD004404,CUST00738,2026-01-26 19:34:23,RETURNED,EAST
ORD003296,CUST00554,2026-01-26 23:09:48,PLACED,NORTH
ORD003370,CUST00566,2026-01-26 23:26:06,PLACED,EAST
ORD000339,CUST00053,2026-01-27 11:22:06,DELIVERED,NORTH
ORD000801,CUST00132,2026-01-27 12:16:39,DELIVERED,NORTH
ORD000056,CUST00011,2026-01-27 00:00:00,DELIVERED,CENTRAL
ORD002212,CUST00363,2026-01-27 15:25:30,PLACED,WEST
ORD004181,CUST00700,2026-01-27 15:56:58,DELIVERED,SOUTH
ORD002562,CUST00424,2026-01-27 15:59:17,DELIVERED,NORTH
ORD002746,CUST00453,2026-01-27 17:55:57,SHIPPED,CENTRAL
ORD002320,CUST00380,2026-01-27 18:26:53,PLACED,NORTH
ORD003577,CUST00600,2026-01-27 19:07:35,DELIVERED,WEST
ORD002507,CUST00418,2026-01-27 22:49:07,SHIPPED,WEST
ORD001245,CUST00201,2026-01-28 09:34:03,CANCELLED,NORTH
ORD003159,CUST00534,2026-01-28 13:57:24,DELIVERED,WEST
ORD000033,CUST00009,2026-01-28 14:51:20,CANCELLED,CENTRAL
ORD000984,,2026-01-28 15:08:39,SHIPPED,EAST
ORD001610,CUST00265,2026-01-28 22:42:04,PLACED,CENTRAL
ORD001484,CUST00249,2026-01-29 01:05:36,DELIVERED,NORTH
ORD000176,CUST00028,2026-01-29 02:56:13,DELIVERED,EAST
ORD002743,CUST00453,2026-01-29 06:52:52,DELIVERED,CENTRAL
ORD002322,CUST00380,2026-01-29 09:19:51,DELIVERED,NORTH
ORD002536,CUST00422,2026-01-29 12:35:29,DELIVERED,NORTH
ORD000210,CUST00034,2026-01-29 13:58:52,DELIVERED,EAST
ORD004311,CUST00723,2026-01-29 14:07:09,SHIPPED,EAST
ORD004564,CUST00768,2026-01-29 19:21:28,RETURNED,EAST
ORD003422,CUST00574,2026-01-29 20:50:16,CANCELLED,WEST
ORD003691,CUST00613,2026-01-29 21:04:49,CANCELLED,EAST
ORD000540,,2026-01-30 01:08:14,DELIVERED,SOUTH
ORD002497,CUST00416,2026-01-30 08:13:44,RETURNED,CENTRAL
ORD004599,CUST00774,2026-01-30 08:15:06,CANCELLED,NORTH
ORD004081,CUST00682,2026-01-30 08:27:31,DELIVERED,CENTRAL
ORD000062,CUST00011,2026-01-30 10:40:40,DELIVERED,CENTRAL
ORD000916,CUST00154,2026-01-30 12:17:36,DELIVERED,EAST
ORD004368,CUST00734,2026-01-30 12:47:31,DELIVERED,EAST
ORD001730,CUST00282,2026-01-30 13:44:55,DELIVERED,EAST
ORD001640,CUST00269,2026-01-30 13:52:20,PLACED,EAST
ORD001560,CUST00257,2026-01-30 15:04:04,PLACED,NORTH
ORD004247,CUST00708,2026-01-30 15:48:42,DELIVERED,CENTRAL
ORD004054,CUST00676,2026-01-30 16:22:54,SHIPPED,EAST
ORD004691,CUST00792,2026-01-30 17:22:06,DELIVERED,EAST
ORD004423,CUST00743,2026-01-30 18:31:15,DELIVERED,SOUTH
ORD002982,CUST00506,2026-01-30 19:21:55,DELIVERED,SOUTH
ORD003580,CUST00600,2026-01-30 20:40:21,DELIVERED,WEST
ORD001623,CUST00267,2026-01-30 00:00:00,DELIVERED,NORTH
ORD000168,CUST00027,2026-01-31 05:26:01,RETURNED,NORTH
ORD000117,CUST00019,2026-01-31 06:04:23,DELIVERED,WEST
ORD000991,CUST00166,2026-01-31 13:43:38,DELIVERED,SOUTH
ORD002702,CUST00447,2026-01-31 16:00:48,DELIVERED,NORTH
ORD004148,CUST00693,2026-01-31 16:47:54,CANCELLED,NORTH
ORD003111,CUST00527,2026-01-31 16:56:34,CANCELLED,EAST
ORD004164,CUST00700,2026-01-31 17:27:37,SHIPPED,SOUTH
ORD000927,CUST00157,2026-01-31 18:57:18,PLACED,SOUTH
ORD002451,CUST00405,2026-01-31 21:59:39,CANCELLED,NORTH
ORD004028,CUST00673,2026-02-01 01:54:15,CANCELLED,NORTH
ORD000650,CUST00110,2026-02-01 03:07:19,DELIVERED,NORTH
ORD000890,CUST00149,2026-02-01 05:28:02,DELIVERED,WEST
ORD004059,CUST00677,2026-02-01 08:20:32,DELIVERED,NORTH
ORD004210,CUST00705,2026-02-01 09:47:26,CANCELLED,NORTH
ORD002186,CUST00358,2026-02-01 09:59:24,CANCELLED,WEST
ORD003723,CUST00616,2026-02-01 10:20:55,DELIVERED,EAST
ORD000657,CUST00110,2026-02-01 12:51:06,DELIVERED,NORTH
ORD002972,CUST00503,2026-02-01 12:52:15,DELIVERED,SOUTH
ORD004269,CUST00713,2026-02-01 12:59:55,CANCELLED,EAST
ORD004203,CUST00703,2026-02-01 13:19:02,DELIVERED,SOUTH
ORD001617,CUST00266,2026-02-01 18:00:09,DELIVERED,NORTH
ORD002194,CUST00361,2026-02-01 18:47:55,DELIVERED,CENTRAL
ORD000810,CUST00133,2026-02-01 20:50:26,DELIVERED,WEST
ORD001970,,2026-02-02 06:45:25,DELIVERED,CENTRAL
ORD001358,CUST00225,2026-02-02 09:31:25,DELIVERED,SOUTH
ORD004323,CUST00725,2026-02-02 14:32:28,PLACED,CENTRAL
ORD000212,CUST00034,2026-02-02 15:43:09,DELIVERED,EAST
ORD002007,CUST00333,2026-02-02 17:08:23,CANCELLED,EAST
ORD001476,CUST00247,2026-02-02 18:02:19,DELIVERED,EAST
ORD001933,CUST00319,2026-02-02 19:00:23,PLACED,EAST
ORD000064,,2026-02-02 19:15:06,DELIVERED,CENTRAL
ORD002498,CUST00416,2026-02-02 22:58:45,DELIVERED,CENTRAL
ORD003968,CUST00665,2026-02-02 23:40:14,SHIPPED,CENTRAL
ORD004381,,2026-02-03 00:35:39,PLACED,SOUTH
ORD003008,CUST00510,2026-02-03 01:19:58,DELIVERED,EAST
ORD000135,CUST00022,2026-02-03 06:35:11,DELIVERED,EAST
ORD001118,CUST00182,2026-02-03 08:32:08,PLACED,EAST
ORD000362,CUST00057,2026-02-03 09:27:30,DELIVERED,CENTRAL
ORD000433,CUST00067,2026-02-03 09:52:14,DELIVERED,EAST
ORD002674,CUST00441,2026-02-03 00:00:00,DELIVERED,CENTRAL
ORD004214,CUST00705,2026-02-03 12:21:05,RETURNED,NORTH
ORD003022,CUST00513,2026-02-03 13:14:46,DELIVERED,SOUTH
ORD004491,CUST00754,2026-02-03 13:31:05,CANCELLED,CENTRAL
ORD004372,CUST00734,2026-02-03 16:08:31,DELIVERED,EAST
ORD004142,CUST00693,2026-02-03 17:29:30,SHIPPED,NORTH
ORD000617,CUST00104,2026-02-03 21:22:56,DELIVERED,WEST
ORD002793,CUST00464,2026-02-03 23:06:05,DELIVERED,SOUTH
ORD004047,CUST00676,2026-02-04 09:10:32,DELIVERED,EAST
ORD003901,CUST00654,2026-02-04 09:44:11,DELIVERED,WEST
ORD004585,CUST00771,2026-02-04 10:40:19,DELIVERED,SOUTH
ORD001724,CUST00280,2026-02-04 11:55:42,CANCELLED,SOUTH
ORD003693,CUST00613,2026-02-04 12:55:27,DELIVERED,EAST
ORD004730,CUST00797,2026-02-04 13:38:14,DELIVERED,NORTH
ORD000800,CUST00132,2026-02-04 13:39:13,PLACED,NORTH
ORD001738,CUST00282,2026-02-04 00:00:00,DELIVERED,EAST
ORD003102,CUST00526,2026-02-04 21:24:11,SHIPPED,EAST
ORD003758,CUST00624,2026-02-05 00:02:17,DELIVERED,SOUTH
ORD001603,CUST00264,2026-02-05 09:01:27,DELIVERED,SOUTH
ORD002704,CUST00447,2026-02-05 10:30:09,PLACED,NORTH
ORD002016,,2026-02-05 16:11:50,DELIVERED,EAST
ORD000446,CUST00068,2026-02-05 17:25:39,DELIVERED,NORTH
ORD004710,CUST00795,2026-02-05 18:42:36,DELIVERED,EAST
ORD001550,CUST00257,2026-02-05 19:41:33,SHIPPED,NORTH
ORD000065,CUST00011,2026-02-05 00:00:00,DELIVERED,CENTRAL
ORD002841,CUST00474,2026-02-05 22:37:32,PLACED,CENTRAL
ORD001647,CUST00269,2026-02-06 00:30:49,CANCELLED,EAST
ORD002020,,2026-02-06 14:49:54,SHIPPED,EAST
ORD000381,CUST00059,2026-02-06 19:04:10,DELIVERED,NORTH
ORD003576,CUST00600,2026-02-06 21:27:56,DELIVERED,WEST
ORD000276,CUST00046,2026-02-06 23:11:03,DELIVERED,WEST
ORD001916,CUST00315,2026-02-06 23:20:08,DELIVERED,WEST
ORD003464,CUST00578,2026-02-07 01:15:26,DELIVERED,CENTRAL
ORD000314,CUST00049,2026-02-07 06:03:10,DELIVERED,NORTH
ORD000345,CUST00054,2026-02-07 08:22:47,DELIVERED,SOUTH
ORD002063,CUST00342,2026-02-07 09:39:47,PLACED,CENTRAL
ORD002991,CUST00507,2026-02-07 10:31:49,DELIVERED,WEST
ORD000597,CUST00102,2026-02-07 10:38:18,PLACED,WEST
ORD003017,CUST00512,2026-02-07 11:48:58,CANCELLED,CENTRAL
ORD004080,CUST00682,2026-02-07 12:21:24,CANCELLED,CENTRAL
ORD001139,CUST00184,2026-02-07 14:49:09,SHIPPED,NORTH
ORD001348,CUST00223,2026-02-07 17:38:43,RETURNED,EAST
ORD001454,CUST00242,2026-02-07 17:57:50,RETURNED,NORTH
ORD002864,CUST00478,2026-02-07 18:02:38,DELIVERED,SOUTH
ORD002756,CUST00460,2026-02-07 19:46:47,CANCELLED,WEST
ORD002217,CUST00364,2026-02-07 21:03:13,DELIVERED,EAST
ORD001584,CUST00263,2026-02-08 00:06:09,PLACED,EAST
ORD003809,CUST00634,2026-02-08 12:36:04,CANCELLED,CENTRAL
ORD004427,CUST00743,2026-02-08 18:52:06,PLACED,SOUTH
ORD003095,CUST00524,2026-02-08 21:37:27,DELIVERED,NORTH
ORD001174,CUST00188,2026-02-09 01:21:06,DELIVERED,NORTH
ORD001111,CUST00181,2026-02-09 02:24:48,SHIPPED,WEST
ORD000351,CUST00055,2026-02-09 08:06:50,DELIVERED,SOUTH
ORD004143,CUST00693,2026-02-09 11:48:59,DELIVERED,NORTH
ORD002656,,2026-02-09 14:03:24,DELIVERED,NORTH
ORD004025,CUST00673,2026-02-09 00:00:00,SHIPPED,NORTH
ORD000510,CUST00083,2026-02-09 19:13:14,PLACED,CENTRAL
ORD003270,CUST00550,2026-02-09 22:36:37,DELIVERED,WEST
ORD000515,CUST00084,2026-02-10 00:58:26,DELIVERED,WEST
ORD000371,CUST00058,2026-02-10 05:06:08,SHIPPED,SOUTH
ORD004537,CUST00762,2026-02-10 08:22:19,CANCELLED,CENTRAL
ORD002965,CUST00501,2026-02-10 10:21:43,SHIPPED,EAST
ORD001224,CUST00197,2026-02-10 11:19:01,PLACED,CENTRAL
ORD002197,CUST00361,2026-02-10 11:55:23,DELIVERED,CENTRAL
ORD002479,CUST00411,2026-02-10 13:10:58,DELIVERED,WEST
ORD002609,CUST00431,2026-02-10 13:49:06,CANCELLED,SOUTH
ORD000985,CUST00165,2026-02-10 15:46:26,CANCELLED,EAST
ORD000150,CUST00024,2026-02-10 17:02:15,CANCELLED,SOUTH
ORD001816,CUST00301,2026-02-10 18:55:55,DELIVERED,CENTRAL
ORD002950,CUST00499,2026-02-10 21:59:44,PLACED,SOUTH
ORD003160,CUST00534,2026-02-10 22:57:58,PLACED,WEST
ORD002222,CUST00364,2026-02-11 07:35:44,PLACED,EAST
ORD004714,CUST00795,2026-02-11 08:20:54,CANCELLED,EAST
ORD000413,CUST00062,2026-02-11 08:41:18,DELIVERED,NORTH
ORD003045,CUST00516,2026-02-11 09:26:47,DELIVERED,CENTRAL
ORD004494,CUST00754,2026-02-11 10:59:44,DELIVERED,CENTRAL
ORD004513,CUST00758,2026-02-11 11:43:01,PLACED,SOUTH
ORD001962,CUST00325,2026-02-11 12:37:25,DELIVERED,EAST
ORD003283,CUST00552,2026-02-11 17:36:04,DELIVERED,SOUTH
ORD003003,CUST00509,2026-02-11 20:52:09,DELIVERED,SOUTH
ORD003919,CUST00658,2026-02-12 02:02:44,CANCELLED,EAST
ORD003302,CUST00554,2026-02-12 00:00:00,PLACED,NORTH
ORD004593,CUST00772,2026-02-12 10:38:04,DELIVERED,CENTRAL
ORD000020,CUST00007,2026-02-12 12:07:17,DELIVERED,EAST
ORD004021,CUST00672,2026-02-12 13:15:28,DELIVERED,NORTH
ORD001200,CUST00193,2026-02-12 14:04:44,DELIVERED,CENTRAL
ORD002888,CUST00485,2026-02-12 14:25:48,PLACED,EAST
ORD004291,CUST00720,2026-02-12 14:42:49,DELIVERED,EAST
ORD003214,CUST00543,2026-02-12 15:10:25,SHIPPED,WEST
ORD000225,,2026-02-12 15:13:11,DELIVERED,CENTRAL
ORD001600,CUST00264,2026-02-12 15:35:56,CANCELLED,SOUTH
ORD003222,CUST00544,2026-02-12 17:17:42,PLACED,SOUTH
ORD000577,CUST00097,2026-02-12 18:30:14,DELIVERED,SOUTH
ORD002298,CUST00374,2026-02-12 19:02:20,DELIVERED,WEST
ORD004562,CUST00768,2026-02-12 20:44:35,DELIVERED,EAST
ORD000503,CUST00080,2026-02-13 12:22:22,CANCELLED,SOUTH
ORD004552,CUST00766,2026-02-13 16:09:01,DELIVERED,WEST
ORD003618,CUST00605,2026-02-13 16:23:11,DELIVERED,NORTH
ORD001924,CUST00317,2026-02-13 19:40:05,CANCELLED,SOUTH
ORD000067,CUST00012,2026-02-13 21:24:20,CANCELLED,NORTH
ORD002215,CUST00364,2026-02-13 23:26:50,DELIVERED,EAST
ORD000199,CUST00032,2026-02-14 01:24:27,CANCELLED,NORTH
ORD004020,CUST00672,2026-02-14 08:11:34,CANCELLED,NORTH
ORD004042,CUST00675,2026-02-14 12:39:23,DELIVERED,SOUTH
ORD000302,CUST00048,2026-02-14 12:57:10,DELIVERED,NORTH
ORD001554,CUST00257,2026-02-14 13:18:09,CANCELLED,NORTH
ORD002408,CUST00398,2026-02-14 13:54:59,DELIVERED,CENTRAL
ORD002862,CUST00477,2026-02-14 14:06:44,DELIVERED,SOUTH
ORD002292,CUST00373,2026-02-14 14:51:53,SHIPPED,NORTH
ORD003754,CUST00622,2026-02-14 15:40:39,CANCELLED,SOUTH
ORD003092,CUST00524,2026-02-14 15:52:35,PLACED,NORTH
ORD000900,CUST00150,2026-02-14 20:11:18,DELIVERED,SOUTH
ORD002733,CUST00452,2026-02-14 22:25:30,DELIVERED,NORTH
ORD004666,CUST00786,2026-02-15 06:16:22,RETURNED,EAST
ORD004565,CUST00768,2026-02-15 09:25:31,DELIVERED,EAST
ORD001526,CUST00255,2026-02-15 09:57:42,SHIPPED,NORTH
ORD001006,CUST00167,2026-02-15 11:28:44,DELIVERED,EAST
ORD000233,CUST00037,2026-02-15 12:23:43,CANCELLED,NORTH
ORD004532,CUST00761,2026-02-15 15:05:08,DELIVERED,SOUTH
ORD002202,CUST00362,2026-02-15 18:21:44,DELIVERED,EAST
ORD000441,CUST00067,2026-02-15 18:44:00,DELIVERED,EAST
ORD000037,CUST00009,2026-02-15 21:38:30,DELIVERED,CENTRAL
ORD001604,CUST00265,2026-02-15 23:25:03,RETURNED,CENTRAL
ORD001298,CUST00206,2026-02-16 01:13:24,SHIPPED,NORTH
ORD002277,,2026-02-16 12:35:12,DELIVERED,WEST
ORD001779,CUST00288,2026-02-17 03:11:34,CANCELLED,CENTRAL
ORD004757,CUST00800,2026-02-17 08:40:25,RETURNED,NORTH
ORD003891,CUST00652,2026-02-17 10:18:31,DELIVERED,EAST
ORD000109,CUST00018,2026-02-17 12:19:27,CANCELLED,SOUTH
ORD003877,CUST00648,2026-02-17 13:55:13,DELIVERED,NORTH
ORD001486,CUST00250,2026-02-17 14:14:12,DELIVERED,SOUTH
ORD001561,CUST00257,2026-02-17 19:11:34,DELIVERED,NORTH
ORD002101,CUST00346,2026-02-17 23:17:31,DELIVERED,NORTH
ORD001471,CUST00246,2026-02-18 00:00:00,PLACED,NORTH
ORD004224,CUST00706,2026-02-18 13:14:53,DELIVERED,SOUTH
ORD001485,CUST00249,2026-02-18 13:34:23,DELIVERED,NORTH
ORD004465,CUST00748,2026-02-18 14:33:25,SHIPPED,WEST
ORD001886,CUST00314,2026-02-18 15:22:26,SHIPPED,CENTRAL
ORD000705,CUST00119,2026-02-18 15:51:00,CANCELLED,CENTRAL
ORD000850,CUST00141,2026-02-18 16:09:18,DELIVERED,NORTH
ORD000776,CUST00128,2026-02-18 16:29:24,DELIVERED,NORTH
ORD000179,CUST00028,2026-02-18 16:49:44,DELIVERED,EAST
ORD003992,CUST00668,2026-02-18 20:18:15,DELIVERED,CENTRAL
ORD003194,CUST00541,2026-02-18 21:11:47,DELIVERED,SOUTH
ORD003699,CUST00614,2026-02-18 22:11:24,DELIVERED,NORTH
ORD001195,CUST00192,2026-02-18 22:54:39,DELIVERED,NORTH
ORD001430,,2026-02-18 23:36:57,DELIVERED,WEST
ORD001315,CUST00210,2026-02-18 23:42:36,DELIVERED,CENTRAL
ORD001935,CUST00319,2026-02-19 09:22:20,SHIPPED,EAST
ORD002480,CUST00411,2026-02-19 09:39:22,DELIVERED,WEST
ORD002895,CUST00485,2026-02-19 10:03:25,SHIPPED,EAST
ORD003711,CUST00615,2026-02-19 11:23:01,DELIVERED,NORTH
ORD001794,CUST00297,2026-02-19 12:02:32,DELIVERED,EAST
ORD001097,CUST00179,2026-02-19 12:13:05,PLACED,NORTH
ORD004301,CUST00722,2026-02-19 16:40:51,DELIVERED,NORTH
ORD000720,CUST00121,2026-02-19 19:24:28,DELIVERED,EAST
ORD002103,CUST00347,2026-02-19 19:43:22,DELIVERED,SOUTH
ORD001679,CUST00272,2026-02-19 19:50:48,DELIVERED,CENTRAL
ORD000027,CUST00009,2026-02-19 23:00:03,CANCELLED,CENTRAL
ORD004719,,2026-02-20 00:21:58,DELIVERED,CENTRAL
ORD001307,CUST00209,2026-02-20 11:11:18,DELIVERED,EAST
ORD002728,CUST00451,2026-02-20 12:36:03,DELIVERED,WEST
ORD001191,CUST00191,2026-02-20 15:05:20,RETURNED,EAST
ORD004215,CUST00705,2026-02-20 16:00:48,DELIVERED,NORTH
ORD001854,CUST00308,2026-02-20 16:04:20,CANCELLED,WEST
ORD001135,CUST00183,2026-02-20 19:07:35,PLACED,SOUTH
ORD001555,CUST00257,2026-02-20 19:11:14,DELIVERED,NORTH
ORD002781,CUST00462,2026-02-20 20:10:41,DELIVERED,EAST
ORD000142,,2026-02-21 10:52:45,SHIPPED,EAST
ORD002487,CUST00412,2026-02-21 11:30:44,SHIPPED,WEST
ORD000977,CUST00164,2026-02-21 12:38:17,DELIVERED,SOUTH
ORD004708,CUST00793,2026-02-21 13:19:23,DELIVERED,CENTRAL
ORD001952,,2026-02-21 13:24:49,DELIVERED,EAST
ORD003553,CUST00595,2026-02-21 14:41:05,CANCELLED,SOUTH
ORD003928,CUST00658,2026-02-21 15:33:52,SHIPPED,EAST
ORD004165,CUST00700,2026-02-21 15:49:10,SHIPPED,SOUTH
ORD004417,CUST00740,2026-02-21 16:02:48,DELIVERED,EAST
ORD002216,CUST00364,2026-02-21 16:27:04,DELIVERED,EAST
ORD003286,CUST00553,2026-02-21 16:53:42,DELIVERED,SOUTH
ORD001736,CUST00282,2026-02-21 17:01:04,SHIPPED,EAST
ORD002719,CUST00450,2026-02-21 19:51:02,DELIVERED,SOUTH
ORD001340,,2026-02-22 05:12:16,DELIVERED,SOUTH
ORD000653,CUST00110,2026-02-22 08:01:11,DELIVERED,NORTH
ORD001528,CUST00255,2026-02-22 09:14:39,SHIPPED,NORTH
ORD000514,CUST00084,2026-02-22 10:57:50,CANCELLED,WEST
ORD001221,CUST00196,2026-02-22 11:41:40,DELIVERED,EAST
ORD002591,CUST00429,2026-02-22 12:11:28,PLACED,WEST
ORD002636,CUST00437,2026-02-22 12:40:42,DELIVERED,NORTH
ORD003866,CUST00646,2026-02-22 12:51:33,RETURNED,NORTH
ORD003822,CUST00636,2026-02-22 12:59:21,CANCELLED,CENTRAL
ORD003063,CUST00518,2026-02-22 13:04:03,DELIVERED,SOUTH
ORD002325,CUST00382,2026-02-22 13:33:48,CANCELLED,WEST
ORD001781,,2026-02-22 14:16:16,DELIVERED,NORTH
ORD000796,CUST00132,2026-02-22 15:55:14,SHIPPED,NORTH
ORD000066,CUST00012,2026-02-22 16:37:07,DELIVERED,NORTH
ORD001487,CUST00250,2026-02-22 17:25:00,DELIVERED,SOUTH
ORD003282,CUST00552,2026-02-22 17:42:14,CANCELLED,SOUTH
ORD000165,CUST00026,2026-02-22 18:41:42,PLACED,WEST
ORD002019,CUST00334,2026-02-22 19:02:20,DELIVERED,EAST
ORD003629,,2026-02-22 19:17:31,PLACED,WEST
ORD001312,CUST00210,2026-02-23 08:24:30,DELIVERED,CENTRAL
ORD002014,CUST00334,2026-02-23 09:35:29,DELIVERED,EAST
ORD001878,CUST00312,2026-02-23 16:11:47,DELIVERED,CENTRAL
ORD002561,CUST00424,2026-02-23 16:34:41,PLACED,NORTH
ORD001729,CUST00280,2026-02-23 18:30:50,PLACED,SOUTH
ORD002534,CUST00421,2026-02-23 18:31:51,DELIVERED,EAST
ORD004231,CUST00708,2026-02-23 19:28:47,DELIVERED,CENTRAL
ORD001282,CUST00206,2026-02-23 21:15:43,DELIVERED,NORTH
ORD004418,CUST00740,2026-02-23 22:29:36,PLACED,EAST
ORD001370,CUST00227,2026-02-23 23:14:45,SHIPPED,CENTRAL
ORD003172,CUST00538,2026-02-24 00:00:38,DELIVERED,EAST
ORD002521,CUST00419,2026-02-24 04:12:36,DELIVERED,WEST
ORD003888,CUST00649,2026-02-24 00:00:00,DELIVERED,WEST
ORD002067,CUST00342,2026-02-24 08:05:18,DELIVERED,CENTRAL
ORD003848,CUST00640,2026-02-24 08:35:23,CANCELLED,CENTRAL
ORD001712,CUST00279,2026-02-24 08:37:26,CANCELLED,CENTRAL
ORD003040,CUST00514,2026-02-24 00:00:00,PLACED,CENTRAL
ORD000119,CUST00019,2026-02-24 09:38:08,RETURNED,WEST
ORD000045,CUST00010,2026-02-24 09:52:39,SHIPPED,WEST
ORD003383,CUST00570,2026-02-24 12:47:59,DELIVERED,WEST
ORD000042,CUST00010,2026-02-24 12:53:49,PLACED,WEST
ORD002812,CUST00467,2026-02-24 13:24:48,DELIVERED,SOUTH
ORD000701,CUST00118,2026-02-24 14:03:24,PLACED,NORTH
ORD000081,CUST00013,2026-02-24 14:42:43,DELIVERED,NORTH
ORD000070,CUST00012,2026-02-24 16:35:03,DELIVERED,NORTH
ORD003215,CUST00544,2026-02-24 16:42:15,RETURNED,SOUTH
ORD001022,CUST00168,2026-02-24 20:47:12,DELIVERED,EAST
ORD003640,CUST00608,2026-02-25 10:21:30,DELIVERED,CENTRAL
ORD004016,CUST00671,2026-02-25 11:21:05,DELIVERED,SOUTH
ORD003220,CUST00544,2026-02-25 13:00:23,DELIVERED,SOUTH
ORD002993,,2026-02-25 14:06:57,CANCELLED,WEST
ORD003591,CUST00603,2026-02-25 14:37:52,DELIVERED,CENTRAL
ORD003844,CUST00639,2026-02-25 15:01:50,DELIVERED,EAST
ORD000928,CUST00157,2026-02-25 15:34:04,DELIVERED,SOUTH
ORD004104,CUST00688,2026-02-25 17:49:25,SHIPPED,EAST
ORD003374,CUST00566,2026-02-25 18:04:23,DELIVERED,EAST
ORD002795,CUST00464,2026-02-25 19:07:49,DELIVERED,SOUTH
ORD001757,CUST00284,2026-02-25 19:13:50,DELIVERED,SOUTH
ORD003036,CUST00514,2026-02-26 00:41:57,DELIVERED,CENTRAL
ORD002744,CUST00453,2026-02-26 11:31:53,DELIVERED,CENTRAL
ORD004201,CUST00703,2026-02-26 11:58:01,SHIPPED,SOUTH
ORD004525,CUST00759,2026-02-26 12:11:42,PLACED,CENTRAL
ORD004263,CUST00710,2026-02-26 12:19:31,DELIVERED,SOUTH
ORD001290,CUST00206,2026-02-26 13:24:29,DELIVERED,NORTH
ORD001453,CUST00242,2026-02-26 16:29:09,CANCELLED,NORTH
ORD001627,CUST00267,2026-02-26 17:02:25,CANCELLED,NORTH
ORD002831,CUST00472,2026-02-26 18:14:37,DELIVERED,CENTRAL
ORD003745,CUST00621,2026-02-26 20:00:53,DELIVERED,EAST
ORD002085,CUST00344,2026-02-27 09:45:55,DELIVERED,SOUTH
ORD002293,CUST00373,2026-02-27 10:38:45,SHIPPED,NORTH
ORD001857,CUST00308,2026-02-27 12:06:31,SHIPPED,WEST
ORD002610,CUST00432,2026-02-27 12:39:50,CANCELLED,WEST
ORD002626,CUST00435,2026-02-27 13:10:01,DELIVERED,EAST
ORD002481,CUST00411,2026-02-27 00:00:00,CANCELLED,WEST
ORD003127,CUST00531,2026-02-27 14:53:47,DELIVERED,CENTRAL
ORD000972,CUST00163,2026-02-27 00:00:00,DELIVERED,WEST
ORD001171,CUST00187,2026-02-27 17:02:22,SHIPPED,WEST
ORD001505,CUST00251,2026-02-27 19:30:32,DELIVERED,SOUTH
ORD001894,CUST00314,2026-02-27 21:24:04,RETURNED,CENTRAL
ORD002571,CUST00426,2026-02-28 06:49:07,DELIVERED,WEST
ORD002533,CUST00421,2026-02-28 08:37:04,DELIVERED,EAST
ORD001543,CUST00256,2026-02-28 09:20:22,DELIVERED,WEST
ORD003069,CUST00518,2026-02-28 00:00:00,DELIVERED,SOUTH
ORD001518,CUST00253,2026-02-28 14:09:16,SHIPPED,EAST
ORD000603,CUST00102,2026-02-28 18:00:38,DELIVERED,WEST
ORD003595,CUST00603,2026-02-28 18:32:03,DELIVERED,CENTRAL
ORD001268,CUST00204,2026-02-28 18:42:59,DELIVERED,NORTH
ORD003847,CUST00640,2026-02-28 00:00:00,CANCELLED,CENTRAL
ORD000364,CUST00057,2026-02-28 22:45:26,DELIVERED,CENTRAL
ORD002759,,2026-03-01 09:18:54,CANCELLED,WEST
ORD000692,CUST00117,2026-03-01 11:16:12,DELIVERED,CENTRAL
ORD000263,CUST00042,2026-03-01 11:32:44,DELIVERED,EAST
ORD001506,CUST00252,2026-03-01 11:44:31,RETURNED,CENTRAL
ORD000683,CUST00116,2026-03-01 11:57:35,CANCELLED,CENTRAL
ORD004195,CUST00702,2026-03-01 12:53:22,DELIVERED,WEST
ORD000564,CUST00096,2026-03-01 13:03:25,DELIVERED,EAST
ORD001514,CUST00253,2026-03-01 15:11:07,PLACED,EAST
ORD002316,CUST00380,2026-03-01 15:19:35,PLACED,NORTH
ORD000186,CUST00030,2026-03-01 17:21:08,DELIVERED,WEST
ORD002242,CUST00366,2026-03-01 17:30:38,SHIPPED,SOUTH
ORD003034,CUST00514,2026-03-01 20:11:35,DELIVERED,CENTRAL
ORD004544,CUST00764,2026-03-01 21:37:49,SHIPPED,EAST
ORD000697,CUST00118,2026-03-02 06:31:32,DELIVERED,NORTH
ORD004397,CUST00737,2026-03-02 07:21:41,DELIVERED,SOUTH
ORD000015,CUST00005,2026-03-02 08:16:49,DELIVERED,NORTH
ORD000839,CUST00139,2026-03-02 10:19:47,DELIVERED,SOUTH
ORD002800,CUST00464,2026-03-02 13:03:23,DELIVERED,SOUTH
ORD004304,CUST00722,2026-03-02 16:31:36,PLACED,NORTH
ORD004150,CUST00693,2026-03-02 18:03:26,SHIPPED,NORTH
ORD001355,CUST00224,2026-03-02 18:24:55,SHIPPED,EAST
ORD000563,CUST00096,2026-03-02 18:25:05,DELIVERED,EAST
ORD001834,CUST00303,2026-03-02 18:46:55,DELIVERED,EAST
ORD001173,CUST00187,2026-03-02 19:40:47,PLACED,WEST
ORD003361,CUST00565,2026-03-02 21:42:20,DELIVERED,CENTRAL
ORD001053,CUST00172,2026-03-02 23:49:17,DELIVERED,SOUTH
ORD001121,CUST00182,2026-03-03 00:00:00,DELIVERED,EAST
ORD003169,CUST00536,2026-03-03 08:55:18,PLACED,EAST
ORD003237,CUST00544,2026-03-03 08:55:49,DELIVERED,SOUTH
ORD004497,CUST00754,2026-03-03 09:24:35,DELIVERED,CENTRAL
ORD002713,CUST00448,2026-03-03 10:37:34,DELIVERED,WEST
ORD000733,CUST00123,2026-03-03 10:42:20,CANCELLED,EAST
ORD001145,CUST00184,2026-03-03 10:57:33,RETURNED,NORTH
ORD001684,CUST00272,2026-03-03 11:23:12,CANCELLED,CENTRAL
ORD000989,CUST00165,2026-03-03 13:46:55,DELIVERED,EAST
ORD004431,CUST00744,2026-03-03 13:52:56,DELIVERED,EAST
ORD003738,CUST00618,2026-03-03 16:59:39,DELIVERED,EAST
ORD001988,CUST00328,2026-03-03 17:08:48,DELIVERED,SOUTH
ORD001354,CUST00224,2026-03-03 17:24:26,CANCELLED,EAST
ORD002657,CUST00439,2026-03-03 18:53:53,SHIPPED,NORTH
ORD000122,CUST00020,2026-03-03 19:14:14,PLACED,WEST
ORD000843,CUST00140,2026-03-03 19:46:05,CANCELLED,WEST
ORD004056,CUST00677,2026-03-04 00:00:00,DELIVERED,NORTH
ORD002879,CUST00483,2026-03-04 08:46:58,CANCELLED,WEST
ORD002708,CUST00447,2026-03-04 10:22:43,SHIPPED,NORTH
ORD000172,CUST00027,2026-03-04 11:40:12,SHIPPED,NORTH
ORD001492,CUST00250,2026-03-04 12:40:40,DELIVERED,SOUTH
ORD000794,CUST00131,2026-03-04 12:59:45,PLACED,NORTH
ORD004222,CUST00706,2026-03-04 14:43:09,DELIVERED,SOUTH
ORD004422,CUST00742,2026-03-04 14:50:59,SHIPPED,SOUTH
ORD004715,CUST00795,2026-03-04 16:09:56,DELIVERED,EAST
ORD000078,CUST00013,2026-03-05 03:19:37,DELIVERED,NORTH
ORD000898,CUST00150,2026-03-05 03:45:18,DELIVERED,SOUTH
ORD004004,CUST00669,2026-03-05 08:35:22,DELIVERED,EAST
ORD003945,CUST00664,2026-03-05 12:57:08,SHIPPED,NORTH
ORD000622,,2026-03-05 00:00:00,DELIVERED,WEST
ORD004644,CUST00780,2026-03-05 16:34:42,DELIVERED,SOUTH
ORD004706,CUST00793,2026-03-05 17:09:16,DELIVERED,CENTRAL
ORD001336,CUST00220,2026-03-05 17:24:20,SHIPPED,SOUTH
ORD001995,CUST00330,2026-03-05 18:20:50,PLACED,SOUTH
ORD000803,CUST00132,2026-03-05 20:53:14,CANCELLED,NORTH
ORD000132,CUST00021,2026-03-05 21:36:55,DELIVERED,CENTRAL
ORD002940,CUST00498,2026-03-05 22:49:57,PLACED,CENTRAL
ORD002285,CUST00372,2026-03-06 01:05:08,DELIVERED,NORTH
ORD002199,CUST00362,2026-03-06 09:32:51,SHIPPED,EAST
ORD000452,CUST00068,2026-03-06 10:34:06,DELIVERED,NORTH
ORD003921,CUST00658,2026-03-06 10:47:24,PLACED,EAST
ORD003472,CUST00581,2026-03-06 10:58:02,DELIVERED,CENTRAL
ORD004256,CUST00710,2026-03-06 00:00:00,DELIVERED,SOUTH
ORD003105,CUST00526,2026-03-06 12:04:44,DELIVERED,EAST
ORD004191,CUST00701,2026-03-06 13:54:54,SHIPPED,EAST
ORD004461,CUST00747,2026-03-06 16:30:27,DELIVERED,EAST
ORD002066,CUST00342,2026-03-06 18:06:09,PLACED,CENTRAL
ORD000376,CUST00059,2026-03-06 23:57:23,DELIVERED,NORTH
ORD001855,CUST00308,2026-03-07 06:11:49,DELIVERED,WEST
ORD001538,CUST00255,2026-03-07 00:00:00,CANCELLED,NORTH
ORD000981,CUST00165,2026-03-07 12:00:34,CANCELLED,EAST
ORD004097,CUST00686,2026-03-07 12:14:44,CANCELLED,SOUTH
ORD002356,CUST00385,2026-03-07 12:32:39,SHIPPED,EAST
ORD001220,CUST00196,2026-03-07 13:11:16,DELIVERED,EAST
ORD003596,CUST00603,2026-03-07 13:15:05,DELIVERED,CENTRAL
ORD002660,CUST00439,2026-03-07 14:49:47,RETURNED,NORTH
ORD004689,CUST00792,2026-03-07 15:41:26,DELIVERED,EAST
ORD000912,CUST00154,2026-03-07 15:44:27,PLACED,EAST
ORD002341,CUST00383,2026-03-07 16:03:43,PLACED,SOUTH
ORD002180,CUST00358,2026-03-07 16:16:34,DELIVERED,WEST
ORD000575,CUST00097,2026-03-07 16:42:07,DELIVERED,SOUTH
ORD000169,CUST00027,2026-03-07 19:43:42,DELIVERED,NORTH
ORD001018,CUST00167,2026-03-07 20:00:42,CANCELLED,EAST
ORD001482,CUST00249,2026-03-07 20:42:22,DELIVERED,NORTH
ORD000719,CUST00121,2026-03-08 03:54:39,DELIVERED,EAST
ORD000693,CUST00117,2026-03-08 08:35:52,PLACED,CENTRAL
ORD000694,CUST00117,2026-03-08 09:04:51,CANCELLED,CENTRAL
ORD000830,CUST00138,2026-03-08 12:14:26,SHIPPED,WEST
ORD002280,CUST00371,2026-03-08 14:35:35,DELIVERED,WEST
ORD004310,CUST00723,2026-03-08 15:47:08,DELIVERED,EAST
ORD001491,CUST00250,2026-03-08 16:30:30,DELIVERED,SOUTH
ORD001017,,2026-03-08 16:55:33,DELIVERED,EAST
ORD003564,,2026-03-08 17:11:07,DELIVERED,EAST
ORD000822,CUST00135,2026-03-08 18:02:10,DELIVERED,EAST
ORD003367,CUST00566,2026-03-08 23:10:55,DELIVERED,EAST
ORD002354,CUST00385,2026-03-08 23:49:46,DELIVERED,EAST
ORD004055,CUST00677,2026-03-09 03:17:20,DELIVERED,NORTH
ORD001947,CUST00323,2026-03-09 05:22:28,SHIPPED,EAST
ORD001083,CUST00178,2026-03-09 00:00:00,SHIPPED,CENTRAL
ORD001428,CUST00238,2026-03-09 15:04:46,SHIPPED,WEST
ORD003642,CUST00608,2026-03-09 17:35:59,DELIVERED,CENTRAL
ORD000317,CUST00050,2026-03-09 17:42:08,DELIVERED,SOUTH
ORD002218,CUST00364,2026-03-09 17:56:30,DELIVERED,EAST
ORD000215,CUST00034,2026-03-09 17:57:05,DELIVERED,EAST
ORD004496,CUST00754,2026-03-09 18:40:35,SHIPPED,CENTRAL
ORD003277,CUST00551,2026-03-09 22:51:16,CANCELLED,CENTRAL
ORD004151,CUST00693,2026-03-10 08:15:27,DELIVERED,NORTH
ORD000355,CUST00056,2026-03-10 08:32:11,DELIVERED,WEST
ORD000558,CUST00091,2026-03-10 11:20:12,DELIVERED,WEST
ORD003032,CUST00514,2026-03-10 12:10:36,DELIVERED,CENTRAL
ORD001162,CUST00186,2026-03-10 12:40:06,CANCELLED,WEST
ORD004371,CUST00734,2026-03-10 13:17:59,PLACED,EAST
ORD002966,CUST00501,2026-03-10 14:55:32,PLACED,EAST
ORD003600,CUST00604,2026-03-10 16:20:27,DELIVERED,NORTH
ORD001322,CUST00213,2026-03-10 17:16:28,RETURNED,SOUTH
ORD001392,CUST00230,2026-03-10 18:02:56,DELIVERED,WEST
ORD004185,CUST00701,2026-03-10 18:33:12,DELIVERED,EAST
ORD000011,CUST00004,2026-03-10 19:37:28,DELIVERED,CENTRAL
ORD001374,CUST00227,2026-03-10 20:46:17,DELIVERED,CENTRAL
ORD002204,CUST00362,2026-03-10 21:00:44,CANCELLED,EAST
ORD001913,CUST00315,2026-03-10 21:29:00,DELIVERED,WEST
ORD000695,CUST00118,2026-03-10 22:38:47,SHIPPED,NORTH
ORD004111,CUST00689,2026-03-10 23:57:00,DELIVERED,CENTRAL
ORD002263,CUST00369,2026-03-11 03:46:15,CANCELLED,CENTRAL
ORD001870,CUST00311,2026-03-11 05:33:18,DELIVERED,CENTRAL
ORD001357,,2026-03-11 08:11:13,DELIVERED,EAST
ORD004306,CUST00722,2026-03-11 08:51:40,SHIPPED,NORTH
ORD000553,CUST00089,2026-03-11 09:13:42,DELIVERED,CENTRAL
ORD002846,,2026-03-11 09:52:40,CANCELLED,EAST
ORD002892,CUST00485,2026-03-11 10:32:47,DELIVERED,EAST
ORD002168,CUST00357,2026-03-11 11:15:02,CANCELLED,SOUTH
ORD000343,CUST00054,2026-03-11 12:19:23,DELIVERED,SOUTH
ORD002079,CUST00344,2026-03-11 12:23:39,DELIVERED,SOUTH
ORD000868,CUST00145,2026-03-11 12:24:45,DELIVERED,EAST
ORD000194,CUST00031,2026-03-11 12:29:19,DELIVERED,SOUTH
ORD001123,CUST00182,2026-03-11 18:08:20,DELIVERED,EAST
ORD003030,CUST00514,2026-03-11 20:18:52,DELIVERED,CENTRAL
ORD001981,CUST00328,2026-03-11 20:52:26,DELIVERED,SOUTH
ORD004095,CUST00685,2026-03-11 00:00:00,DELIVERED,SOUTH
ORD001766,CUST00287,2026-03-12 00:23:02,DELIVERED,SOUTH
ORD000941,CUST00160,2026-03-12 07:11:27,DELIVERED,WEST
ORD002213,CUST00363,2026-03-12 08:55:05,DELIVERED,WEST
ORD002669,CUST00441,2026-03-12 10:44:33,DELIVERED,CENTRAL
ORD004264,CUST00711,2026-03-12 13:47:32,DELIVERED,SOUTH
ORD000242,CUST00039,2026-03-12 17:18:38,DELIVERED,NORTH
ORD004367,CUST00734,2026-03-12 17:23:50,CANCELLED,EAST
ORD000918,CUST00155,2026-03-12 18:08:42,DELIVERED,CENTRAL
ORD001817,CUST00301,2026-03-12 18:46:43,DELIVERED,CENTRAL
ORD003112,CUST00527,2026-03-12 19:17:03,DELIVERED,EAST
ORD001081,CUST00178,2026-03-12 20:25:36,DELIVERED,CENTRAL
ORD000696,CUST00118,2026-03-12 20:30:08,DELIVERED,NORTH
ORD001928,CUST00318,2026-03-12 20:54:32,DELIVERED,WEST
ORD002264,CUST00369,2026-03-12 21:41:15,SHIPPED,CENTRAL
ORD004628,CUST00776,2026-03-13 08:15:14,DELIVERED,NORTH
ORD003107,CUST00527,2026-03-13 08:54:32,SHIPPED,EAST
ORD000497,CUST00079,2026-03-13 10:46:00,RETURNED,EAST
ORD002159,CUST00355,2026-03-13 12:10:59,DELIVERED,WEST
ORD004123,CUST00689,2026-03-13 12:51:44,DELIVERED,CENTRAL
ORD001098,CUST00179,2026-03-13 13:32:07,CANCELLED,NORTH
ORD002081,CUST00344,2026-03-13 13:46:05,DELIVERED,SOUTH
ORD003725,CUST00617,2026-03-13 13:51:07,DELIVERED,CENTRAL
ORD004058,CUST00677,2026-03-13 17:19:40,DELIVERED,NORTH
ORD002712,CUST00448,2026-03-13 17:34:51,DELIVERED,WEST
ORD001777,CUST00288,2026-03-13 17:34:54,DELIVERED,CENTRAL
ORD000016,CUST00005,2026-03-13 22:43:10,DELIVERED,NORTH
ORD002917,CUST00492,2026-03-14 08:36:51,DELIVERED,EAST
ORD002196,CUST00361,2026-03-14 10:00:52,PLACED,CENTRAL
ORD000792,CUST00131,2026-03-14 11:32:21,DELIVERED,NORTH
ORD002195,CUST00361,2026-03-14 12:26:03,DELIVERED,CENTRAL
ORD002177,CUST00358,2026-03-14 13:35:09,DELIVERED,WEST
ORD004702,CUST00793,2026-03-14 00:00:00,SHIPPED,CENTRAL
ORD004360,CUST00732,2026-03-14 13:40:09,DELIVERED,NORTH
ORD004533,CUST00761,2026-03-14 13:53:03,DELIVERED,SOUTH
ORD000164,CUST00026,2026-03-14 14:28:44,DELIVERED,WEST
ORD001615,CUST00266,2026-03-14 15:10:21,DELIVERED,NORTH
ORD004620,CUST00775,2026-03-14 15:17:20,CANCELLED,NORTH
ORD001343,CUST00221,2026-03-14 15:32:40,DELIVERED,SOUTH
ORD000347,CUST00055,2026-03-14 17:57:02,DELIVERED,SOUTH
ORD002153,CUST00355,2026-03-14 18:29:37,PLACED,WEST
ORD003373,CUST00566,2026-03-14 20:25:01,DELIVERED,EAST
ORD002485,CUST00411,2026-03-14 21:09:10,DELIVERED,WEST
ORD001549,CUST00257,2026-03-14 21:16:30,DELIVERED,NORTH
ORD000445,CUST00068,2026-03-14 23:33:24,RETURNED,NORTH
ORD003667,CUST00610,2026-03-15 02:48:05,DELIVERED,SOUTH
ORD001351,CUST00224,2026-03-15 09:10:02,SHIPPED,EAST
ORD004476,CUST00749,2026-03-15 15:12:25,RETURNED,WEST
ORD003020,CUST00512,2026-03-15 18:31:32,DELIVERED,CENTRAL
ORD002478,CUST00411,2026-03-15 18:33:51,SHIPPED,WEST
ORD004509,CUST00756,2026-03-15 19:45:56,DELIVERED,WEST
ORD003120,CUST00529,2026-03-15 21:50:07,SHIPPED,NORTH
ORD001433,CUST00239,2026-03-15 22:12:15,SHIPPED,WEST
ORD001295,CUST00206,2026-03-16 06:41:28,DELIVERED,NORTH
ORD003037,CUST00514,2026-03-16 08:04:55,CANCELLED,CENTRAL
ORD001504,CUST00251,2026-03-16 10:34:38,DELIVERED,SOUTH
ORD002378,CUST00391,2026-03-16 10:43:21,RETURNED,WEST
ORD001177,CUST00188,2026-03-16 10:50:03,DELIVERED,NORTH
ORD003114,CUST00527,2026-03-16 11:20:06,DELIVERED,EAST
ORD001016,CUST00167,2026-03-16 11:23:24,CANCELLED,EAST
ORD002198,CUST00361,2026-03-16 11:57:01,SHIPPED,CENTRAL
ORD000205,CUST00033,2026-03-16 12:19:41,RETURNED,SOUTH
ORD000246,CUST00039,2026-03-16 13:34:15,DELIVERED,NORTH
ORD004265,CUST00711,2026-03-16 13:55:19,CANCELLED,SOUTH
ORD001189,CUST00191,2026-03-16 14:25:08,CANCELLED,EAST
ORD000871,CUST00146,2026-03-16 14:31:44,PLACED,SOUTH
ORD002134,,2026-03-16 15:38:32,CANCELLED,NORTH
ORD002170,CUST00357,2026-03-16 21:23:58,RETURNED,SOUTH
ORD000566,CUST00096,2026-03-16 22:06:01,DELIVERED,EAST
ORD003038,CUST00514,2026-03-16 22:13:46,DELIVERED,CENTRAL
ORD001064,CUST00176,2026-03-17 05:15:20,SHIPPED,CENTRAL
ORD002946,CUST00499,2026-03-17 05:26:34,DELIVERED,SOUTH
ORD003407,CUST00571,2026-03-17 09:14:07,DELIVERED,EAST
ORD002766,CUST00460,2026-03-17 09:18:52,DELIVERED,WEST
ORD004705,CUST00793,2026-03-17 10:09:00,DELIVERED,CENTRAL
ORD002149,CUST00355,2026-03-17 10:50:05,PLACED,WEST
ORD002920,CUST00493,2026-03-17 10:56:45,DELIVERED,SOUTH
ORD003742,CUST00619,2026-03-17 10:58:57,DELIVERED,CENTRAL
ORD000039,CUST00009,2026-03-17 13:25:34,DELIVERED,CENTRAL
ORD000942,CUST00160,2026-03-17 19:05:09,DELIVERED,WEST
ORD001547,CUST00257,2026-03-18 01:27:46,DELIVERED,NORTH
ORD001643,CUST00269,2026-03-18 05:56:21,DELIVERED,EAST
ORD002474,CUST00409,2026-03-18 11:33:42,RETURNED,NORTH
ORD001176,CUST00188,2026-03-18 11:43:22,DELIVERED,NORTH
ORD000123,CUST00020,2026-03-18 13:33:37,PLACED,WEST
ORD001521,,2026-03-18 13:35:37,CANCELLED,EAST
ORD003164,CUST00535,2026-03-18 15:36:12,DELIVERED,SOUTH
ORD002530,CUST00421,2026-03-18 15:40:49,DELIVERED,EAST
ORD004736,CUST00798,2026-03-18 16:02:05,DELIVERED,WEST
ORD003895,CUST00653,2026-03-18 17:27:22,PLACED,WEST
ORD002467,CUST00408,2026-03-19 07:12:41,RETURNED,EAST
ORD000112,CUST00018,2026-03-19 09:02:29,DELIVERED,SOUTH
ORD003320,CUST00557,2026-03-19 10:01:48,DELIVERED,NORTH
ORD002878,CUST00483,2026-03-19 11:13:58,SHIPPED,WEST
ORD002318,CUST00380,2026-03-19 13:37:35,SHIPPED,NORTH
ORD001246,CUST00201,2026-03-19 17:33:54,DELIVERED,NORTH
ORD003212,CUST00542,2026-03-19 17:56:49,DELIVERED,NORTH
ORD004586,CUST00771,2026-03-19 19:39:57,DELIVERED,SOUTH
ORD003119,CUST00529,2026-03-19 19:40:51,SHIPPED,NORTH
ORD004453,CUST00746,2026-03-19 19:46:27,DELIVERED,SOUTH
ORD002394,CUST00397,2026-03-19 21:30:34,PLACED,EAST
ORD001444,CUST00241,2026-03-19 00:00:00,SHIPPED,CENTRAL
ORD001654,CUST00269,2026-03-19 21:58:56,SHIPPED,EAST
ORD000061,CUST00011,2026-03-19 22:58:15,DELIVERED,CENTRAL
ORD002311,CUST00376,2026-03-19 23:39:11,CANCELLED,NORTH
ORD002390,CUST00395,2026-03-20 06:06:49,DELIVERED,SOUTH
ORD004283,CUST00717,2026-03-20 06:38:56,DELIVERED,NORTH
ORD002062,CUST00341,2026-03-20 07:46:02,DELIVERED,CENTRAL
ORD004738,CUST00798,2026-03-20 08:14:25,DELIVERED,WEST
ORD002904,CUST00487,2026-03-20 09:18:47,PLACED,EAST
ORD003482,CUST00582,2026-03-20 10:27:29,DELIVERED,NORTH
ORD000932,CUST00158,2026-03-20 12:21:24,SHIPPED,WEST
ORD001377,CUST00228,2026-03-20 13:09:50,DELIVERED,SOUTH
ORD000814,CUST00133,2026-03-20 13:14:36,CANCELLED,WEST
ORD003690,CUST00613,2026-03-20 13:40:19,DELIVERED,EAST
ORD001541,CUST00256,2026-03-20 15:23:09,PLACED,WEST
ORD003166,CUST00536,2026-03-20 00:00:00,DELIVERED,EAST
ORD003837,CUST00638,2026-03-20 18:28:00,DELIVERED,NORTH
ORD000660,CUST00111,2026-03-21 02:58:22,RETURNED,SOUTH
ORD000366,CUST00057,2026-03-21 09:30:17,CANCELLED,CENTRAL
ORD002259,CUST00368,2026-03-21 12:27:24,DELIVERED,NORTH
ORD000431,CUST00066,2026-03-21 13:08:58,DELIVERED,WEST
ORD000632,CUST00107,2026-03-21 14:19:19,DELIVERED,WEST
ORD000647,CUST00110,2026-03-21 15:12:07,DELIVERED,NORTH
ORD001601,CUST00264,2026-03-21 16:20:33,DELIVERED,SOUTH
ORD000055,CUST00011,2026-03-21 16:41:03,CANCELLED,CENTRAL
ORD000955,CUST00161,2026-03-21 17:47:56,DELIVERED,EAST
ORD001906,CUST00315,2026-03-21 18:47:55,DELIVERED,WEST
ORD000639,CUST00108,2026-03-21 20:03:48,CANCELLED,WEST
ORD002411,CUST00399,2026-03-22 00:52:03,DELIVERED,SOUTH
ORD000251,CUST00040,2026-03-22 05:44:21,CANCELLED,WEST
ORD000017,CUST00005,2026-03-22 08:45:03,DELIVERED,NORTH
ORD004591,CUST00772,2026-03-22 10:18:30,SHIPPED,CENTRAL
ORD000542,CUST00088,2026-03-22 10:47:51,DELIVERED,SOUTH
ORD001702,CUST00276,2026-03-22 10:56:26,DELIVERED,EAST
ORD002454,CUST00405,2026-03-22 12:54:28,DELIVERED,NORTH
ORD002091,CUST00345,2026-03-22 13:00:07,DELIVERED,WEST
ORD002090,CUST00345,2026-03-22 13:06:08,CANCELLED,WEST
ORD001641,CUST00269,2026-03-22 16:58:48,SHIPPED,EAST
ORD004029,CUST00673,2026-03-22 22:27:47,DELIVERED,NORTH
ORD003492,CUST00584,2026-03-22 22:58:43,DELIVERED,CENTRAL
ORD001252,CUST00202,2026-03-22 23:52:14,DELIVERED,NORTH
ORD000716,CUST00121,2026-03-23 02:15:44,DELIVERED,EAST
ORD001093,CUST00179,2026-03-23 03:28:25,DELIVERED,NORTH
ORD003664,CUST00610,2026-03-23 07:06:24,DELIVERED,SOUTH
ORD004163,CUST00698,2026-03-23 00:00:00,RETURNED,CENTRAL
ORD002941,,2026-03-23 00:00:00,RETURNED,CENTRAL
ORD004240,,2026-03-23 11:22:46,DELIVERED,CENTRAL
ORD000491,CUST00078,2026-03-23 00:00:00,DELIVERED,WEST
ORD001094,CUST00179,2026-03-23 15:07:05,RETURNED,NORTH
ORD001172,CUST00187,2026-03-23 19:36:55,DELIVERED,WEST
ORD000243,,2026-03-23 19:56:36,PLACED,NORTH
ORD003730,CUST00617,2026-03-24 07:44:59,SHIPPED,CENTRAL
ORD000820,CUST00135,2026-03-24 09:46:15,CANCELLED,EAST
ORD001761,CUST00285,2026-03-24 10:11:52,DELIVERED,CENTRAL
ORD003051,CUST00517,2026-03-24 10:54:11,DELIVERED,WEST
ORD002512,CUST00419,2026-03-24 11:36:04,PLACED,WEST
ORD000702,CUST00118,2026-03-24 12:27:35,DELIVERED,NORTH
ORD002314,CUST00379,2026-03-24 13:51:27,SHIPPED,SOUTH
ORD003886,CUST00649,2026-03-24 14:45:54,DELIVERED,WEST
ORD004405,CUST00738,2026-03-24 14:53:49,SHIPPED,EAST
ORD001534,CUST00255,2026-03-24 00:00:00,CANCELLED,NORTH
ORD000004,,2026-03-24 16:26:24,DELIVERED,EAST
ORD000526,CUST00086,2026-03-24 16:49:22,DELIVERED,CENTRAL
ORD004333,CUST00727,2026-03-24 17:23:14,DELIVERED,EAST
ORD000913,CUST00154,2026-03-24 19:16:46,DELIVERED,EAST
ORD002069,CUST00342,2026-03-24 19:36:42,DELIVERED,CENTRAL
ORD000266,CUST00044,2026-03-24 19:46:25,DELIVERED,SOUTH
ORD002389,CUST00395,2026-03-24 21:46:00,SHIPPED,SOUTH
ORD004472,CUST00749,2026-03-25 00:00:00,PLACED,WEST
ORD000968,,2026-03-25 02:54:36,RETURNED,WEST
ORD002158,,2026-03-25 04:00:09,SHIPPED,WEST
ORD002718,CUST00450,2026-03-25 11:06:49,DELIVERED,SOUTH
ORD000025,CUST00008,2026-03-25 11:10:50,DELIVERED,NORTH
ORD002726,CUST00451,2026-03-25 12:06:35,DELIVERED,WEST
ORD001309,CUST00210,2026-03-25 14:40:30,SHIPPED,CENTRAL
ORD001197,CUST00193,2026-03-25 16:56:57,RETURNED,CENTRAL
ORD004722,CUST00797,2026-03-25 17:50:03,PLACED,NORTH
ORD003771,CUST00626,2026-03-26 05:29:34,CANCELLED,SOUTH
ORD003321,CUST00557,2026-03-26 08:05:51,DELIVERED,NORTH
ORD003552,CUST00595,2026-03-26 08:07:22,PLACED,SOUTH
ORD000947,CUST00161,2026-03-26 08:22:26,DELIVERED,EAST
ORD003377,CUST00568,2026-03-26 11:28:36,DELIVERED,SOUTH
ORD000636,CUST00107,2026-03-26 13:26:29,DELIVERED,WEST
ORD000797,CUST00132,2026-03-26 13:31:52,DELIVERED,NORTH
ORD003253,CUST00549,2026-03-26 13:52:52,CANCELLED,SOUTH
ORD003910,CUST00655,2026-03-26 15:55:35,CANCELLED,NORTH
ORD003578,CUST00600,2026-03-26 18:24:13,DELIVERED,WEST
ORD004035,CUST00673,2026-03-26 19:05:42,DELIVERED,NORTH
ORD001732,CUST00282,2026-03-26 20:01:49,DELIVERED,EAST
ORD004317,CUST00724,2026-03-26 20:16:28,RETURNED,WEST
ORD002569,CUST00426,2026-03-26 21:09:46,SHIPPED,WEST
ORD001213,CUST00194,2026-03-26 23:03:45,PLACED,NORTH
ORD003918,CUST00658,2026-03-26 23:31:42,DELIVERED,EAST
ORD001678,CUST00272,2026-03-26 23:48:40,DELIVERED,CENTRAL
ORD003010,CUST00511,2026-03-27 06:58:04,DELIVERED,SOUTH
ORD003339,CUST00561,2026-03-27 08:20:14,SHIPPED,SOUTH
ORD003998,CUST00669,2026-03-27 08:52:00,DELIVERED,EAST
ORD004540,CUST00763,2026-03-27 14:40:28,DELIVERED,NORTH
ORD001599,CUST00264,2026-03-27 15:23:54,DELIVERED,SOUTH
ORD003838,CUST00638,2026-03-27 16:42:08,CANCELLED,NORTH
ORD002695,CUST00447,2026-03-27 17:22:42,DELIVERED,NORTH
ORD000823,CUST00137,2026-03-27 17:52:50,DELIVERED,SOUTH
ORD001342,CUST00221,2026-03-27 00:00:00,DELIVERED,SOUTH
ORD004141,CUST00693,2026-03-27 21:02:35,RETURNED,NORTH
ORD000192,CUST00031,2026-03-27 22:08:05,DELIVERED,SOUTH
ORD003724,,2026-03-28 02:17:05,DELIVERED,CENTRAL
ORD002936,CUST00496,2026-03-28 05:35:15,DELIVERED,SOUTH
ORD000560,CUST00091,2026-03-28 08:20:37,DELIVERED,WEST
ORD003643,CUST00608,2026-03-28 09:42:18,DELIVERED,CENTRAL
ORD000811,CUST00133,2026-03-28 10:20:26,DELIVERED,WEST
ORD001826,CUST00302,2026-03-28 10:20:56,PLACED,NORTH
ORD000032,CUST00009,2026-03-28 14:17:56,DELIVERED,CENTRAL
ORD003145,CUST00533,2026-03-28 15:08:10,DELIVERED,SOUTH
ORD003103,CUST00526,2026-03-28 00:00:00,CANCELLED,EAST
ORD001313,CUST00210,2026-03-28 00:00:00,RETURNED,CENTRAL
ORD000104,CUST00018,2026-03-28 18:41:48,DELIVERED,SOUTH
ORD000342,CUST00054,2026-03-29 00:49:42,DELIVERED,SOUTH
ORD004248,CUST00708,2026-03-29 04:38:44,PLACED,CENTRAL
ORD001548,CUST00257,2026-03-29 05:16:22,DELIVERED,NORTH
ORD002312,CUST00377,2026-03-29 08:05:47,CANCELLED,NORTH
ORD001625,CUST00267,2026-03-29 08:29:38,CANCELLED,NORTH
ORD000548,CUST00089,2026-03-29 09:22:23,CANCELLED,CENTRAL
ORD003550,CUST00594,2026-03-29 09:27:51,DELIVERED,EAST
ORD002328,CUST00382,2026-03-29 13:37:35,DELIVERED,WEST
ORD000638,CUST00108,2026-03-29 14:08:39,DELIVERED,WEST
ORD001812,CUST00301,2026-03-29 18:08:23,PLACED,CENTRAL
ORD004338,CUST00728,2026-03-29 00:00:00,SHIPPED,CENTRAL
ORD001250,CUST00202,2026-03-29 20:07:59,DELIVERED,NORTH
ORD001559,CUST00257,2026-03-29 00:00:00,PLACED,NORTH
ORD000395,CUST00059,2026-03-30 06:47:44,DELIVERED,NORTH
ORD002102,CUST00346,2026-03-30 08:45:12,DELIVERED,NORTH
ORD000939,CUST00159,2026-03-30 10:16:47,SHIPPED,EAST
ORD002877,CUST00483,2026-03-30 11:05:41,DELIVERED,WEST
ORD004243,CUST00708,2026-03-30 11:21:11,CANCELLED,CENTRAL
ORD000951,CUST00161,2026-03-30 11:29:44,SHIPPED,EAST
ORD001723,CUST00279,2026-03-30 12:33:43,DELIVERED,CENTRAL
ORD001775,,2026-03-30 12:34:29,CANCELLED,CENTRAL
ORD003559,CUST00596,2026-03-30 12:56:03,PLACED,SOUTH
ORD003375,CUST00568,2026-03-30 13:43:46,SHIPPED,SOUTH
ORD003652,CUST00609,2026-03-30 14:08:24,PLACED,WEST
ORD001418,CUST00233,2026-03-30 15:10:58,DELIVERED,EAST
ORD001077,,2026-03-30 15:12:48,DELIVERED,CENTRAL
ORD001510,CUST00253,2026-03-30 16:17:16,SHIPPED,EAST
ORD000978,CUST00164,2026-03-30 16:42:56,SHIPPED,SOUTH
ORD000773,CUST00128,2026-03-30 16:47:53,DELIVERED,NORTH
ORD002403,CUST00398,2026-03-30 17:04:26,RETURNED,CENTRAL
ORD003033,CUST00514,2026-03-30 18:25:43,DELIVERED,CENTRAL
ORD000247,CUST00039,2026-03-30 18:42:44,DELIVERED,NORTH
ORD002214,CUST00363,2026-03-30 20:22:28,CANCELLED,WEST
ORD004460,CUST00747,2026-03-30 21:02:46,SHIPPED,EAST
ORD000731,CUST00122,2026-03-30 22:05:15,PLACED,NORTH
ORD000634,CUST00107,2026-03-31 06:33:28,SHIPPED,WEST
ORD001334,CUST00218,2026-03-31 07:45:08,DELIVERED,EAST
ORD000409,CUST00062,2026-03-31 08:03:34,SHIPPED,NORTH
ORD000816,CUST00133,2026-03-31 08:34:01,RETURNED,WEST
ORD003471,CUST00581,2026-03-31 09:24:39,DELIVERED,CENTRAL
ORD000599,CUST00102,2026-03-31 10:58:44,DELIVERED,WEST
ORD004105,CUST00688,2026-03-31 11:28:33,SHIPPED,EAST
ORD002919,CUST00493,2026-03-31 12:01:28,DELIVERED,SOUTH
ORD000734,CUST00124,2026-03-31 13:29:02,RETURNED,WEST
ORD000080,CUST00013,2026-03-31 13:38:21,DELIVERED,NORTH
ORD000257,CUST00041,2026-03-31 15:00:19,DELIVERED,CENTRAL
ORD000965,CUST00162,2026-03-31 16:21:34,DELIVERED,NORTH
ORD002072,CUST00342,2026-03-31 17:53:50,DELIVERED,CENTRAL
ORD003677,CUST00613,2026-03-31 23:47:04,CANCELLED,EAST
ORD001592,CUST00263,2026-04-01 08:48:58,DELIVERED,EAST
ORD001463,CUST00244,2026-04-01 10:30:55,PLACED,NORTH
ORD003644,CUST00609,2026-04-01 12:06:25,PLACED,WEST
ORD003221,CUST00544,2026-04-01 14:17:14,SHIPPED,SOUTH
ORD001608,CUST00265,2026-04-01 14:26:47,DELIVERED,CENTRAL
ORD002932,CUST00496,2026-04-01 16:50:40,RETURNED,SOUTH
ORD001209,CUST00194,2026-04-01 17:31:27,PLACED,NORTH
ORD003610,CUST00605,2026-04-01 17:36:09,DELIVERED,NORTH
ORD001943,CUST00323,2026-04-01 17:42:53,DELIVERED,EAST
ORD004529,CUST00760,2026-04-01 19:24:36,RETURNED,SOUTH
ORD002130,CUST00351,2026-04-02 03:29:52,CANCELLED,WEST
ORD003369,CUST00566,2026-04-02 03:44:26,DELIVERED,EAST
ORD002791,CUST00463,2026-04-02 10:16:59,DELIVERED,CENTRAL
ORD000747,CUST00124,2026-04-02 11:50:23,DELIVERED,WEST
ORD003631,CUST00607,2026-04-02 14:39:58,DELIVERED,WEST
ORD001507,CUST00252,2026-04-02 14:40:04,DELIVERED,CENTRAL
ORD001954,CUST00324,2026-04-02 14:45:54,DELIVERED,WEST
ORD001624,CUST00267,2026-04-02 15:33:04,CANCELLED,NORTH
ORD001949,CUST00323,2026-04-02 16:05:22,CANCELLED,EAST
ORD000479,CUST00075,2026-04-02 16:57:52,DELIVERED,NORTH
ORD002707,CUST00447,2026-04-02 18:29:19,SHIPPED,NORTH
ORD000100,CUST00017,2026-04-02 18:37:12,CANCELLED,SOUTH
ORD000502,CUST00080,2026-04-02 19:07:44,DELIVERED,SOUTH
ORD003121,CUST00529,2026-04-02 21:00:19,PLACED,NORTH
ORD000562,CUST00093,2026-04-02 21:02:21,SHIPPED,WEST
ORD004437,CUST00745,2026-04-02 22:45:49,PLACED,EAST
ORD001585,CUST00263,2026-04-03 03:32:13,SHIPPED,EAST
ORD002241,CUST00366,2026-04-03 03:34:13,PLACED,SOUTH
ORD004495,CUST00754,2026-04-03 05:25:16,DELIVERED,CENTRAL
ORD001767,CUST00287,2026-04-03 06:48:10,DELIVERED,SOUTH
ORD000458,CUST00070,2026-04-03 06:51:49,DELIVERED,EAST
ORD001458,CUST00242,2026-04-03 07:11:52,PLACED,NORTH
ORD002716,CUST00449,2026-04-03 08:08:29,DELIVERED,WEST
ORD000488,CUST00078,2026-04-03 09:57:16,DELIVERED,WEST
ORD003108,CUST00527,2026-04-03 10:06:57,CANCELLED,EAST
ORD004329,CUST00725,2026-04-03 00:00:00,CANCELLED,CENTRAL
ORD003324,CUST00557,2026-04-03 12:17:40,RETURNED,NORTH
ORD003446,CUST00575,2026-04-03 15:55:17,DELIVERED,SOUTH
ORD001462,,2026-04-03 16:02:31,DELIVERED,NORTH
ORD000330,CUST00052,2026-04-03 16:02:38,DELIVERED,NORTH
ORD004322,CUST00724,2026-04-03 16:22:27,PLACED,WEST
ORD004194,CUST00701,2026-04-03 18:16:50,RETURNED,EAST
ORD001545,CUST00256,2026-04-03 22:43:59,SHIPPED,WEST
ORD002248,CUST00367,2026-04-04 10:20:30,SHIPPED,CENTRAL
ORD001714,CUST00279,2026-04-04 10:38:31,DELIVERED,CENTRAL
ORD004378,CUST00735,2026-04-04 11:20:35,DELIVERED,SOUTH
ORD004503,CUST00755,2026-04-04 11:48:31,CANCELLED,WEST
ORD004089,CUST00684,2026-04-04 12:46:13,DELIVERED,WEST
ORD000327,CUST00051,2026-04-04 14:43:56,DELIVERED,EAST
ORD004358,CUST00731,2026-04-04 15:13:22,PLACED,SOUTH
ORD001616,CUST00266,2026-04-04 00:00:00,DELIVERED,NORTH
ORD003445,CUST00575,2026-04-04 00:00:00,DELIVERED,SOUTH
ORD002873,CUST00481,2026-04-04 00:00:00,RETURNED,SOUTH
ORD003927,,2026-04-04 18:05:58,DELIVERED,EAST
ORD004114,CUST00689,2026-04-04 19:10:38,DELIVERED,CENTRAL
ORD001424,CUST00237,2026-04-04 20:19:09,DELIVERED,NORTH
ORD004327,CUST00725,2026-04-05 01:05:06,PLACED,CENTRAL
ORD000740,,2026-04-05 08:32:55,DELIVERED,WEST
ORD001773,CUST00287,2026-04-05 08:53:50,DELIVERED,SOUTH
ORD003203,CUST00541,2026-04-05 11:01:54,SHIPPED,SOUTH
ORD003376,CUST00568,2026-04-05 12:51:06,DELIVERED,SOUTH
ORD003117,CUST00528,2026-04-05 00:00:00,SHIPPED,SOUTH
ORD002473,,2026-04-05 21:04:01,CANCELLED,NORTH
ORD003607,CUST00605,2026-04-05 21:08:10,DELIVERED,NORTH
ORD001731,CUST00282,2026-04-05 22:17:10,DELIVERED,EAST
ORD004641,CUST00779,2026-04-05 22:57:59,DELIVERED,WEST
ORD002844,CUST00475,2026-04-06 00:16:06,DELIVERED,EAST
ORD002573,CUST00426,2026-04-06 09:37:21,SHIPPED,WEST
ORD002666,CUST00440,2026-04-06 10:31:32,CANCELLED,SOUTH
ORD002469,,2026-04-06 13:08:36,DELIVERED,NORTH
ORD002036,CUST00337,2026-04-06 13:11:36,DELIVERED,SOUTH
ORD004403,CUST00738,2026-04-06 13:39:42,DELIVERED,EAST
ORD000565,CUST00096,2026-04-06 13:41:58,DELIVERED,EAST
ORD003783,CUST00630,2026-04-06 15:39:51,CANCELLED,WEST
ORD004121,CUST00689,2026-04-06 16:00:31,DELIVERED,CENTRAL
ORD000318,CUST00050,2026-04-06 17:03:58,PLACED,SOUTH
ORD003470,CUST00581,2026-04-06 19:21:09,DELIVERED,CENTRAL
ORD003240,CUST00545,2026-04-07 08:41:29,SHIPPED,NORTH
ORD002167,CUST00357,2026-04-07 09:30:46,DELIVERED,SOUTH
ORD002061,CUST00341,2026-04-07 12:06:08,CANCELLED,CENTRAL
ORD001733,CUST00282,2026-04-07 12:35:32,SHIPPED,EAST
ORD000592,CUST00101,2026-04-07 12:43:03,SHIPPED,WEST
ORD002124,,2026-04-07 13:17:15,DELIVERED,WEST
ORD004384,CUST00735,2026-04-07 13:23:04,DELIVERED,SOUTH
ORD004500,CUST00755,2026-04-07 16:42:53,DELIVERED,WEST
ORD001251,CUST00202,2026-04-07 16:58:53,DELIVERED,NORTH
ORD002952,CUST00499,2026-04-07 20:26:54,DELIVERED,SOUTH
ORD002996,CUST00507,2026-04-08 02:10:41,DELIVERED,WEST
ORD002057,CUST00341,2026-04-08 08:03:40,DELIVERED,CENTRAL
ORD004536,CUST00761,2026-04-08 09:07:37,SHIPPED,SOUTH
ORD002307,CUST00376,2026-04-08 09:08:26,DELIVERED,NORTH
ORD001456,CUST00242,2026-04-08 09:25:19,CANCELLED,NORTH
ORD000721,CUST00121,2026-04-08 12:42:27,DELIVERED,EAST
ORD001132,CUST00183,2026-04-08 13:06:42,CANCELLED,SOUTH
ORD004117,CUST00689,2026-04-08 13:35:32,DELIVERED,CENTRAL
ORD004531,CUST00761,2026-04-08 13:56:25,DELIVERED,SOUTH
ORD003260,CUST00550,2026-04-08 14:07:22,CANCELLED,WEST
ORD001562,CUST00257,2026-04-08 14:23:46,DELIVERED,NORTH
ORD002060,CUST00341,2026-04-08 15:47:43,DELIVERED,CENTRAL
ORD004508,CUST00756,2026-04-08 15:54:37,CANCELLED,WEST
ORD002976,CUST00503,2026-04-08 15:58:03,DELIVERED,SOUTH
ORD004484,CUST00752,2026-04-08 16:00:26,DELIVERED,EAST
ORD002113,CUST00348,2026-04-08 16:07:58,DELIVERED,WEST
ORD003556,CUST00596,2026-04-08 16:25:36,DELIVERED,SOUTH
ORD000384,CUST00059,2026-04-08 17:56:59,PLACED,NORTH
ORD000714,CUST00121,2026-04-08 21:53:33,DELIVERED,EAST
ORD004280,CUST00716,2026-04-08 22:05:35,CANCELLED,NORTH
ORD002930,,2026-04-08 23:35:08,DELIVERED,SOUTH
ORD001114,CUST00181,2026-04-08 23:54:57,DELIVERED,WEST
ORD002778,CUST00462,2026-04-09 09:01:34,CANCELLED,EAST
ORD003764,CUST00625,2026-04-09 09:42:09,SHIPPED,EAST
ORD001856,CUST00308,2026-04-09 11:52:27,DELIVERED,WEST
ORD002453,CUST00405,2026-04-09 15:20:50,CANCELLED,NORTH
ORD000450,,2026-04-09 16:12:17,DELIVERED,NORTH
ORD001194,,2026-04-09 16:13:09,DELIVERED,NORTH
ORD002028,CUST00336,2026-04-09 16:15:35,DELIVERED,NORTH
ORD004198,,2026-04-09 16:16:36,CANCELLED,WEST
ORD000688,CUST00116,2026-04-09 17:04:55,CANCELLED,CENTRAL
ORD004001,CUST00669,2026-04-09 21:54:37,DELIVERED,EAST
ORD003309,CUST00555,2026-04-09 21:56:00,SHIPPED,SOUTH
ORD004227,CUST00706,2026-04-09 22:28:34,DELIVERED,SOUTH
ORD003035,CUST00514,2026-04-09 23:28:26,DELIVERED,CENTRAL
ORD003400,CUST00570,2026-04-10 06:44:00,DELIVERED,WEST
ORD000483,,2026-04-10 07:29:02,DELIVERED,NORTH
ORD003328,CUST00558,2026-04-10 08:03:59,DELIVERED,SOUTH
ORD004399,CUST00737,2026-04-10 09:04:52,CANCELLED,SOUTH
ORD000195,,2026-04-10 09:11:38,DELIVERED,SOUTH
ORD001759,CUST00284,2026-04-10 10:27:44,DELIVERED,SOUTH
ORD004236,CUST00708,2026-04-10 11:19:05,DELIVERED,CENTRAL
ORD001384,CUST00229,2026-04-10 11:49:58,RETURNED,NORTH
ORD001199,CUST00193,2026-04-10 11:57:59,CANCELLED,CENTRAL
ORD002615,CUST00432,2026-04-10 12:48:34,DELIVERED,WEST
ORD001146,CUST00184,2026-04-10 13:08:46,CANCELLED,NORTH
ORD002496,CUST00416,2026-04-10 13:20:28,PLACED,CENTRAL
ORD001763,CUST00286,2026-04-10 13:39:08,DELIVERED,SOUTH
ORD004364,CUST00732,2026-04-10 14:16:27,SHIPPED,NORTH
ORD003031,CUST00514,2026-04-10 14:20:45,DELIVERED,CENTRAL
ORD002144,CUST00354,2026-04-10 15:19:38,DELIVERED,SOUTH
ORD004400,CUST00737,2026-04-10 17:30:08,DELIVERED,SOUTH
ORD002724,CUST00451,2026-04-10 18:25:06,SHIPPED,WEST
ORD001490,CUST00250,2026-04-10 21:55:30,PLACED,SOUTH
ORD004650,CUST00781,2026-04-10 22:01:58,CANCELLED,WEST
ORD003174,CUST00538,2026-04-10 22:11:05,DELIVERED,EAST
ORD001208,CUST00194,2026-04-10 22:17:36,DELIVERED,NORTH
ORD003951,CUST00664,2026-04-11 00:44:44,DELIVERED,NORTH
ORD003779,CUST00629,2026-04-11 03:03:41,DELIVERED,SOUTH
ORD000829,CUST00137,2026-04-11 10:12:06,DELIVERED,SOUTH
ORD002709,CUST00447,2026-04-11 10:17:04,RETURNED,NORTH
ORD001621,CUST00267,2026-04-11 11:02:37,DELIVERED,NORTH
ORD001179,CUST00189,2026-04-11 12:22:49,PLACED,EAST
ORD001337,CUST00220,2026-04-11 13:12:45,RETURNED,SOUTH
ORD001498,CUST00251,2026-04-11 00:00:00,DELIVERED,SOUTH
ORD000787,CUST00129,2026-04-11 14:12:00,DELIVERED,NORTH
ORD000700,CUST00118,2026-04-11 14:55:24,SHIPPED,NORTH
ORD004490,CUST00753,2026-04-11 15:00:59,DELIVERED,EAST
ORD001631,CUST00267,2026-04-11 16:13:15,DELIVERED,NORTH
ORD000936,CUST00159,2026-04-11 16:25:51,PLACED,EAST
ORD000421,CUST00064,2026-04-11 18:50:00,CANCELLED,CENTRAL
ORD002206,CUST00362,2026-04-12 08:48:51,DELIVERED,EAST
ORD004611,CUST00774,2026-04-12 11:02:46,DELIVERED,NORTH
ORD001883,CUST00314,2026-04-12 11:35:51,CANCELLED,CENTRAL
ORD000737,,2026-04-12 13:16:49,PLACED,WEST
ORD002706,CUST00447,2026-04-12 15:31:01,SHIPPED,NORTH
ORD001350,CUST00224,2026-04-12 18:20:34,RETURNED,EAST
ORD001320,CUST00211,2026-04-12 20:26:10,DELIVERED,NORTH
ORD001248,CUST00201,2026-04-12 22:57:14,PLACED,NORTH
ORD001497,CUST00251,2026-04-13 01:42:46,CANCELLED,SOUTH
ORD003929,CUST00658,2026-04-13 04:28:33,DELIVERED,EAST
ORD003734,CUST00617,2026-04-13 09:04:39,DELIVERED,CENTRAL
ORD002595,CUST00430,2026-04-13 00:00:00,DELIVERED,SOUTH
ORD001920,CUST00316,2026-04-13 10:02:52,DELIVERED,EAST
ORD003776,CUST00627,2026-04-13 10:49:52,DELIVERED,NORTH
ORD000954,CUST00161,2026-04-13 12:01:11,RETURNED,EAST
ORD003295,,2026-04-13 12:59:33,DELIVERED,NORTH
ORD000935,CUST00159,2026-04-13 13:05:22,SHIPPED,EAST
ORD002017,CUST00334,2026-04-13 13:20:16,PLACED,EAST
ORD003507,CUST00586,2026-04-13 14:22:37,DELIVERED,CENTRAL
ORD002359,CUST00387,2026-04-13 16:21:09,DELIVERED,EAST
ORD002303,CUST00376,2026-04-13 00:00:00,CANCELLED,NORTH
ORD000159,CUST00025,2026-04-14 05:42:15,PLACED,SOUTH
ORD004480,CUST00750,2026-04-14 08:27:36,PLACED,WEST
ORD000447,CUST00068,2026-04-14 08:47:35,SHIPPED,NORTH
ORD002789,CUST00463,2026-04-14 09:38:58,CANCELLED,CENTRAL
ORD001606,CUST00265,2026-04-14 09:50:14,CANCELLED,CENTRAL
ORD003029,CUST00514,2026-04-14 10:14:33,DELIVERED,CENTRAL
ORD003646,CUST00609,2026-04-14 12:22:55,DELIVERED,WEST
ORD001051,CUST00172,2026-04-14 12:25:48,DELIVERED,SOUTH
ORD003963,CUST00665,2026-04-14 13:41:07,CANCELLED,CENTRAL
ORD004463,CUST00748,2026-04-14 13:53:04,SHIPPED,WEST
ORD001473,CUST00246,2026-04-14 13:57:28,DELIVERED,NORTH
ORD000986,CUST00165,2026-04-14 15:10:36,SHIPPED,EAST
ORD000957,CUST00161,2026-04-14 15:34:54,PLACED,EAST
ORD004391,CUST00736,2026-04-14 16:19:14,RETURNED,CENTRAL
ORD003469,CUST00580,2026-04-14 00:00:00,DELIVERED,EAST
ORD000125,CUST00020,2026-04-14 00:00:00,CANCELLED,WEST
ORD002978,CUST00505,2026-04-14 19:48:41,DELIVERED,WEST
ORD000260,CUST00041,2026-04-15 00:54:29,DELIVERED,CENTRAL
ORD003378,CUST00568,2026-04-15 08:19:04,DELIVERED,SOUTH
ORD004282,CUST00717,2026-04-15 08:38:52,DELIVERED,NORTH
ORD002894,CUST00485,2026-04-15 10:54:36,DELIVERED,EAST
ORD001256,CUST00202,2026-04-15 12:00:26,CANCELLED,NORTH
ORD000204,CUST00033,2026-04-15 12:26:25,RETURNED,SOUTH
ORD001362,CUST00225,2026-04-15 15:09:15,DELIVERED,SOUTH
ORD001944,CUST00323,2026-04-15 15:44:16,DELIVERED,EAST
ORD002243,CUST00366,2026-04-15 17:35:06,DELIVERED,SOUTH
ORD000153,CUST00025,2026-04-15 18:32:49,PLACED,SOUTH
ORD003904,CUST00655,2026-04-16 03:07:21,DELIVERED,NORTH
ORD002309,CUST00376,2026-04-16 04:50:22,CANCELLED,NORTH
ORD003636,CUST00607,2026-04-16 09:13:35,SHIPPED,WEST
ORD003209,CUST00542,2026-04-16 09:51:37,SHIPPED,NORTH
ORD004270,CUST00713,2026-04-16 10:13:05,RETURNED,EAST
ORD004466,CUST00748,2026-04-16 10:32:24,PLACED,WEST
ORD000736,CUST00124,2026-04-16 10:39:35,DELIVERED,WEST
ORD001965,CUST00326,2026-04-16 11:10:16,DELIVERED,SOUTH
ORD002018,CUST00334,2026-04-16 14:17:30,DELIVERED,EAST
ORD003104,CUST00526,2026-04-16 15:50:06,SHIPPED,EAST
ORD002942,CUST00498,2026-04-16 16:57:09,RETURNED,CENTRAL
ORD000828,CUST00137,2026-04-16 18:27:32,PLACED,SOUTH
ORD003409,CUST00571,2026-04-16 18:27:40,PLACED,EAST
ORD004421,CUST00742,2026-04-16 18:37:51,PLACED,SOUTH
ORD003799,CUST00633,2026-04-16 19:24:52,SHIPPED,NORTH
ORD000616,,2026-04-16 20:28:56,DELIVERED,WEST
ORD002058,CUST00341,2026-04-17 07:10:07,CANCELLED,CENTRAL
ORD003337,CUST00561,2026-04-17 08:07:07,SHIPPED,SOUTH
ORD003889,CUST00649,2026-04-17 08:46:30,SHIPPED,WEST
ORD000849,CUST00141,2026-04-17 10:20:39,CANCELLED,NORTH
ORD000780,CUST00128,2026-04-17 10:24:20,PLACED,NORTH
ORD001793,CUST00296,2026-04-17 10:33:58,PLACED,SOUTH
ORD000063,CUST00011,2026-04-17 12:01:37,PLACED,CENTRAL
ORD004747,CUST00799,2026-04-17 13:06:07,CANCELLED,WEST
ORD000835,CUST00138,2026-04-17 13:06:41,DELIVERED,WEST
ORD004618,CUST00775,2026-04-17 13:23:51,CANCELLED,NORTH
ORD004124,CUST00690,2026-04-17 15:33:21,DELIVERED,SOUTH
ORD002357,CUST00386,2026-04-17 16:58:06,RETURNED,NORTH
ORD002005,CUST00332,2026-04-18 08:54:44,RETURNED,NORTH
ORD003700,CUST00614,2026-04-18 10:22:21,DELIVERED,NORTH
ORD002742,CUST00453,2026-04-18 11:14:38,DELIVERED,CENTRAL
ORD001565,CUST00257,2026-04-18 14:03:25,DELIVERED,NORTH
ORD003217,CUST00544,2026-04-18 15:01:07,DELIVERED,SOUTH
ORD000763,CUST00126,2026-04-18 15:08:38,DELIVERED,SOUTH
ORD000103,CUST00018,2026-04-18 18:39:04,DELIVERED,SOUTH
ORD000833,CUST00138,2026-04-18 18:45:06,DELIVERED,WEST
ORD000338,CUST00053,2026-04-18 19:03:22,DELIVERED,NORTH
ORD004534,CUST00761,2026-04-18 19:16:16,DELIVERED,SOUTH
ORD002160,,2026-04-18 19:26:17,DELIVERED,WEST
ORD003235,CUST00544,2026-04-18 00:00:00,DELIVERED,SOUTH
ORD000699,CUST00118,2026-04-19 01:03:01,PLACED,NORTH
ORD001496,CUST00251,2026-04-19 00:00:00,CANCELLED,SOUTH
ORD002601,CUST00430,2026-04-19 05:57:11,CANCELLED,SOUTH
ORD004026,CUST00673,2026-04-19 08:37:39,CANCELLED,NORTH
ORD000550,CUST00089,2026-04-19 10:26:18,SHIPPED,CENTRAL
ORD003651,CUST00609,2026-04-19 10:39:27,PLACED,WEST
ORD000095,CUST00017,2026-04-19 11:13:19,DELIVERED,SOUTH
ORD003560,CUST00597,2026-04-19 13:28:18,DELIVERED,CENTRAL
ORD000805,CUST00132,2026-04-19 14:18:06,DELIVERED,NORTH
ORD002686,CUST00444,2026-04-19 18:12:57,DELIVERED,WEST
ORD000513,CUST00084,2026-04-19 18:32:18,DELIVERED,WEST
ORD002550,CUST00423,2026-04-19 18:39:25,DELIVERED,WEST
ORD000727,CUST00122,2026-04-19 21:18:54,RETURNED,NORTH
ORD002555,CUST00423,2026-04-19 21:37:15,PLACED,WEST
ORD000114,CUST00019,2026-04-20 01:28:14,DELIVERED,WEST
ORD002360,CUST00387,2026-04-20 04:03:26,RETURNED,EAST
ORD000680,CUST00114,2026-04-20 06:02:51,DELIVERED,WEST
ORD000129,CUST00020,2026-04-20 09:27:43,PLACED,WEST
ORD001128,CUST00182,2026-04-20 09:55:52,RETURNED,EAST
ORD004086,CUST00683,2026-04-20 13:18:52,RETURNED,NORTH
ORD002038,CUST00337,2026-04-20 13:33:58,DELIVERED,SOUTH
ORD004459,CUST00747,2026-04-20 13:49:25,CANCELLED,EAST
ORD001116,CUST00181,2026-04-20 13:57:16,DELIVERED,WEST
ORD003350,CUST00562,2026-04-20 14:03:21,CANCELLED,NORTH
ORD001481,CUST00249,2026-04-20 14:27:04,DELIVERED,NORTH
ORD000275,CUST00046,2026-04-20 16:10:59,DELIVERED,WEST
ORD004188,CUST00701,2026-04-20 17:39:41,DELIVERED,EAST
ORD003588,CUST00601,2026-04-20 22:04:16,CANCELLED,SOUTH
ORD002605,CUST00430,2026-04-20 22:51:37,PLACED,SOUTH
ORD003502,CUST00585,2026-04-21 03:56:35,DELIVERED,WEST
ORD001937,CUST00322,2026-04-21 04:41:49,CANCELLED,CENTRAL
ORD000842,CUST00140,2026-04-21 00:00:00,DELIVERED,WEST
ORD000655,CUST00110,2026-04-21 09:30:18,DELIVERED,NORTH
ORD002661,CUST00439,2026-04-21 10:55:25,PLACED,NORTH
ORD003101,CUST00525,2026-04-21 12:04:30,DELIVERED,NORTH
ORD003795,,2026-04-21 12:40:35,SHIPPED,NORTH
ORD000182,CUST00028,2026-04-21 12:40:47,DELIVERED,EAST
ORD002239,CUST00365,2026-04-21 14:32:57,DELIVERED,EAST
ORD000962,CUST00162,2026-04-21 15:40:20,DELIVERED,NORTH
ORD002720,CUST00450,2026-04-21 16:34:35,DELIVERED,SOUTH
ORD003242,CUST00545,2026-04-21 16:46:38,CANCELLED,NORTH
ORD004318,CUST00724,2026-04-21 17:38:21,DELIVERED,WEST
ORD001050,CUST00172,2026-04-21 17:53:47,DELIVERED,SOUTH
ORD002589,CUST00429,2026-04-21 18:53:23,CANCELLED,WEST
ORD002166,CUST00357,2026-04-21 23:55:13,PLACED,SOUTH
ORD002837,CUST00474,2026-04-22 08:31:07,DELIVERED,CENTRAL
ORD002078,CUST00343,2026-04-22 10:04:56,PLACED,NORTH
ORD002232,CUST00365,2026-04-22 11:00:41,DELIVERED,EAST
ORD001991,CUST00329,2026-04-22 12:20:55,PLACED,SOUTH
ORD002694,CUST00447,2026-04-22 12:54:34,SHIPPED,NORTH
ORD004748,CUST00799,2026-04-22 13:36:45,PLACED,WEST
ORD002899,CUST00486,2026-04-22 14:07:14,SHIPPED,CENTRAL
ORD003740,CUST00618,2026-04-22 16:01:43,RETURNED,EAST
ORD001238,CUST00200,2026-04-22 16:18:20,DELIVERED,CENTRAL
ORD003426,CUST00574,2026-04-22 17:53:34,PLACED,WEST
ORD004293,CUST00720,2026-04-22 18:20:56,DELIVERED,EAST
ORD001443,CUST00241,2026-04-22 19:10:56,DELIVERED,CENTRAL
ORD001495,CUST00251,2026-04-22 19:23:14,CANCELLED,SOUTH
ORD000880,CUST00147,2026-04-22 19:55:45,CANCELLED,EAST
ORD000832,CUST00138,2026-04-23 01:31:46,DELIVERED,WEST
ORD004632,CUST00776,2026-04-23 03:37:17,SHIPPED,NORTH
ORD000744,CUST00124,2026-04-23 04:28:07,DELIVERED,WEST
ORD002025,CUST00336,2026-04-23 08:36:36,CANCELLED,NORTH
ORD001509,CUST00253,2026-04-23 09:19:12,CANCELLED,EAST
ORD002182,CUST00358,2026-04-23 10:32:24,SHIPPED,WEST
ORD004697,CUST00792,2026-04-23 11:36:47,DELIVERED,EAST
ORD000158,CUST00025,2026-04-23 11:47:29,DELIVERED,SOUTH
ORD003268,CUST00550,2026-04-23 12:10:26,SHIPPED,WEST
ORD003933,CUST00661,2026-04-23 12:15:49,DELIVERED,EAST
ORD004315,CUST00723,2026-04-23 12:51:24,DELIVERED,EAST
ORD000082,CUST00013,2026-04-23 14:53:35,CANCELLED,NORTH
ORD003424,CUST00574,2026-04-23 16:13:06,DELIVERED,WEST
ORD001445,CUST00241,2026-04-23 16:47:10,CANCELLED,CENTRAL
ORD002249,CUST00367,2026-04-23 19:06:17,CANCELLED,CENTRAL
ORD003597,,2026-04-24 05:05:04,DELIVERED,CENTRAL
ORD003923,CUST00658,2026-04-24 09:09:31,CANCELLED,EAST
ORD002250,CUST00367,2026-04-24 10:14:02,PLACED,CENTRAL
ORD001581,CUST00261,2026-04-24 11:58:24,CANCELLED,EAST
ORD004204,CUST00704,2026-04-24 12:30:53,PLACED,EAST
ORD003315,CUST00556,2026-04-24 14:05:46,PLACED,EAST
ORD004576,CUST00770,2026-04-24 15:28:05,DELIVERED,NORTH
ORD004419,CUST00740,2026-04-24 15:31:34,DELIVERED,EAST
ORD003498,CUST00585,2026-04-24 15:37:01,RETURNED,WEST
ORD003461,CUST00577,2026-04-24 15:59:18,DELIVERED,CENTRAL
ORD002948,CUST00499,2026-04-24 16:11:25,DELIVERED,SOUTH
ORD001214,CUST00194,2026-04-24 18:04:39,DELIVERED,NORTH
ORD000098,CUST00017,2026-04-24 18:12:34,DELIVERED,SOUTH
ORD001363,CUST00225,2026-04-24 18:26:31,DELIVERED,SOUTH
ORD004237,CUST00708,2026-04-24 18:41:49,DELIVERED,CENTRAL
ORD001611,CUST00266,2026-04-24 19:09:26,DELIVERED,NORTH
ORD000139,CUST00022,2026-04-24 19:26:25,DELIVERED,EAST
ORD003229,CUST00544,2026-04-24 19:56:49,SHIPPED,SOUTH
ORD000948,CUST00161,2026-04-25 10:02:38,DELIVERED,EAST
ORD003806,CUST00633,2026-04-25 10:22:38,SHIPPED,NORTH
ORD000718,CUST00121,2026-04-25 10:24:19,CANCELLED,EAST
ORD003593,CUST00603,2026-04-25 11:15:28,DELIVERED,CENTRAL
ORD004683,CUST00791,2026-04-25 12:29:15,DELIVERED,CENTRAL
ORD002764,CUST00460,2026-04-25 13:34:56,DELIVERED,WEST
ORD000105,CUST00018,2026-04-25 14:11:20,PLACED,SOUTH
ORD000619,CUST00104,2026-04-25 14:21:53,SHIPPED,WEST
ORD001310,CUST00210,2026-04-25 17:57:15,RETURNED,CENTRAL
ORD000486,CUST00076,2026-04-25 22:43:27,DELIVERED,SOUTH
ORD004514,CUST00758,2026-04-26 00:32:16,RETURNED,SOUTH
ORD004743,CUST00799,2026-04-26 01:03:58,CANCELLED,WEST
ORD004040,CUST00674,2026-04-26 07:21:18,SHIPPED,SOUTH
ORD001609,CUST00265,2026-04-26 11:05:15,DELIVERED,CENTRAL
ORD002031,CUST00336,2026-04-26 11:19:17,DELIVERED,NORTH
ORD001360,,2026-04-26 12:54:10,DELIVERED,SOUTH
ORD004344,CUST00729,2026-04-26 13:26:40,DELIVERED,SOUTH
ORD002080,,2026-04-26 14:17:03,DELIVERED,SOUTH
ORD001435,CUST00239,2026-04-26 14:44:31,PLACED,WEST
ORD000726,,2026-04-26 18:51:06,DELIVERED,NORTH
ORD003083,CUST00521,2026-04-26 18:54:55,DELIVERED,WEST
ORD003805,CUST00633,2026-04-26 19:44:44,DELIVERED,NORTH
ORD001563,CUST00257,2026-04-26 21:15:50,DELIVERED,NORTH
ORD000971,CUST00163,2026-04-27 01:39:37,DELIVERED,WEST
ORD001861,CUST00310,2026-04-27 02:14:41,DELIVERED,CENTRAL
ORD003828,CUST00636,2026-04-27 07:27:55,PLACED,CENTRAL
ORD002664,CUST00440,2026-04-27 08:19:44,DELIVERED,SOUTH
ORD004456,CUST00747,2026-04-27 09:15:20,DELIVERED,EAST
ORD002771,CUST00461,2026-04-27 09:17:55,DELIVERED,EAST
ORD004426,CUST00743,2026-04-27 09:49:05,RETURNED,SOUTH
ORD000218,CUST00034,2026-04-27 10:26:48,CANCELLED,EAST
ORD004389,CUST00735,2026-04-27 10:28:27,DELIVERED,SOUTH
ORD003749,CUST00622,2026-04-27 10:28:57,DELIVERED,SOUTH
ORD002515,CUST00419,2026-04-27 10:36:59,SHIPPED,WEST
ORD001013,CUST00167,2026-04-27 10:37:00,DELIVERED,EAST
ORD000937,CUST00159,2026-04-27 11:36:32,DELIVERED,EAST
ORD003313,CUST00556,2026-04-27 12:16:02,SHIPPED,EAST
ORD000618,CUST00104,2026-04-27 12:17:19,DELIVERED,WEST
ORD003265,CUST00550,2026-04-27 12:37:04,DELIVERED,WEST
ORD004607,CUST00774,2026-04-27 16:58:44,DELIVERED,NORTH
ORD003637,CUST00607,2026-04-27 17:26:08,PLACED,WEST
ORD003869,CUST00647,2026-04-27 17:55:01,DELIVERED,CENTRAL
ORD001391,,2026-04-27 19:02:41,DELIVERED,WEST
ORD001477,CUST00247,2026-04-27 19:37:54,DELIVERED,EAST
ORD002261,CUST00368,2026-04-27 21:43:30,PLACED,NORTH
ORD001188,CUST00190,2026-04-28 05:38:58,CANCELLED,SOUTH
ORD004102,CUST00687,2026-04-28 06:34:28,DELIVERED,CENTRAL
ORD000921,CUST00155,2026-04-28 08:56:11,DELIVERED,CENTRAL
ORD001369,CUST00227,2026-04-28 09:08:20,PLACED,CENTRAL
ORD002935,CUST00496,2026-04-28 09:16:27,DELIVERED,SOUTH
ORD001742,CUST00282,2026-04-28 11:30:12,DELIVERED,EAST
ORD004235,,2026-04-28 12:22:05,DELIVERED,CENTRAL
ORD000173,CUST00027,2026-04-28 12:27:07,DELIVERED,NORTH
ORD003585,CUST00601,2026-04-28 18:59:43,DELIVERED,SOUTH
ORD002522,CUST00419,2026-04-28 20:39:25,DELIVERED,WEST
ORD000321,CUST00051,2026-04-28 22:56:59,PLACED,EAST
ORD001210,CUST00194,2026-04-28 23:13:42,DELIVERED,NORTH
ORD001323,CUST00213,2026-04-29 02:47:48,SHIPPED,SOUTH
ORD003311,CUST00556,2026-04-29 05:44:15,RETURNED,EAST
ORD000127,CUST00020,2026-04-29 08:55:08,DELIVERED,WEST
ORD002048,CUST00340,2026-04-29 10:19:15,CANCELLED,CENTRAL
ORD002876,CUST00483,2026-04-29 10:50:59,CANCELLED,WEST
ORD003589,CUST00601,2026-04-29 12:47:44,DELIVERED,SOUTH
ORD004675,CUST00790,2026-04-29 13:15:01,SHIPPED,EAST
ORD003508,CUST00586,2026-04-29 15:35:37,DELIVERED,CENTRAL
ORD003475,CUST00581,2026-04-29 15:43:01,CANCELLED,CENTRAL
ORD003716,CUST00615,2026-04-29 17:28:49,PLACED,NORTH
ORD002117,CUST00348,2026-04-30 00:15:42,RETURNED,WEST
ORD002086,CUST00344,2026-04-30 03:01:39,DELIVERED,SOUTH
ORD002875,,2026-04-30 09:03:09,CANCELLED,WEST
ORD000876,CUST00147,2026-04-30 10:06:58,DELIVERED,EAST
ORD002219,CUST00364,2026-04-30 11:37:46,DELIVERED,EAST
ORD002924,CUST00495,2026-04-30 13:59:49,DELIVERED,CENTRAL
ORD002253,CUST00367,2026-04-30 14:15:36,PLACED,CENTRAL
ORD000443,CUST00068,2026-04-30 14:53:16,CANCELLED,NORTH
ORD002535,CUST00421,2026-04-30 15:29:51,CANCELLED,EAST
ORD002854,CUST00476,2026-04-30 17:19:06,RETURNED,SOUTH
ORD003213,CUST00543,2026-04-30 17:59:00,DELIVERED,WEST
ORD003744,CUST00621,2026-04-30 18:34:48,DELIVERED,EAST
ORD000711,CUST00121,2026-04-30 19:15:33,CANCELLED,EAST
ORD002801,,2026-04-30 19:59:27,SHIPPED,SOUTH
ORD002029,CUST00336,2026-04-30 20:20:41,DELIVERED,NORTH
ORD004665,CUST00786,2026-04-30 22:33:48,SHIPPED,EAST
ORD001035,,2026-04-30 23:16:48,DELIVERED,EAST
ORD003777,CUST00627,2026-05-01 08:26:06,SHIPPED,NORTH
ORD004038,CUST00674,2026-05-01 09:08:30,DELIVERED,SOUTH
ORD001648,CUST00269,2026-05-01 09:09:21,SHIPPED,EAST
ORD000175,CUST00028,2026-05-01 09:42:52,DELIVERED,EAST
ORD002271,CUST00370,2026-05-01 11:57:44,DELIVERED,CENTRAL
ORD001849,CUST00308,2026-05-01 12:50:47,DELIVERED,WEST
ORD000337,CUST00053,2026-05-01 14:57:02,CANCELLED,NORTH
ORD000213,CUST00034,2026-05-01 15:42:53,DELIVERED,EAST
ORD001926,CUST00318,2026-05-01 17:31:50,PLACED,WEST
ORD001452,CUST00242,2026-05-01 17:44:48,RETURNED,NORTH
ORD004549,CUST00764,2026-05-01 21:36:25,DELIVERED,EAST
ORD002308,,2026-05-01 21:50:49,DELIVERED,NORTH
ORD001788,CUST00295,2026-05-01 22:06:28,PLACED,NORTH
ORD004681,CUST00791,2026-05-01 23:46:02,SHIPPED,CENTRAL
ORD004316,CUST00723,2026-05-02 01:50:59,CANCELLED,EAST
ORD002042,CUST00339,2026-05-02 08:56:02,DELIVERED,WEST
ORD004755,CUST00800,2026-05-02 09:15:58,DELIVERED,NORTH
ORD003645,CUST00609,2026-05-02 10:30:37,SHIPPED,WEST
ORD002528,CUST00420,2026-05-02 12:15:53,SHIPPED,WEST
ORD002127,CUST00351,2026-05-02 15:07:39,DELIVERED,WEST
ORD003251,CUST00546,2026-05-02 16:23:13,DELIVERED,EAST
ORD004180,CUST00700,2026-05-02 16:59:33,PLACED,SOUTH
ORD002366,CUST00389,2026-05-02 17:23:55,DELIVERED,WEST
ORD000106,CUST00018,2026-05-02 17:45:31,DELIVERED,SOUTH
ORD001059,CUST00173,2026-05-02 18:24:44,RETURNED,NORTH
ORD002638,CUST00437,2026-05-02 21:30:20,PLACED,NORTH
ORD002273,CUST00370,2026-05-03 04:57:41,DELIVERED,CENTRAL
ORD002489,CUST00412,2026-05-03 05:22:02,DELIVERED,WEST
ORD003767,CUST00625,2026-05-03 08:24:14,DELIVERED,EAST
ORD004177,CUST00700,2026-05-03 08:39:08,DELIVERED,SOUTH
ORD002603,CUST00430,2026-05-03 00:00:00,PLACED,SOUTH
ORD004160,CUST00697,2026-05-03 10:20:05,SHIPPED,CENTRAL
ORD001649,CUST00269,2026-05-03 10:25:56,DELIVERED,EAST
ORD000411,CUST00062,2026-05-03 10:32:56,CANCELLED,NORTH
ORD004113,CUST00689,2026-05-03 12:15:06,RETURNED,CENTRAL
ORD001968,CUST00326,2026-05-03 12:37:14,CANCELLED,SOUTH
ORD003012,CUST00511,2026-05-03 12:50:15,DELIVERED,SOUTH
ORD004032,CUST00673,2026-05-03 13:43:51,DELIVERED,NORTH
ORD002004,CUST00332,2026-05-03 14:24:24,SHIPPED,NORTH
ORD000196,CUST00031,2026-05-03 15:40:12,DELIVERED,SOUTH
ORD004678,CUST00790,2026-05-03 16:00:54,DELIVERED,EAST
ORD001472,,2026-05-03 16:03:16,SHIPPED,NORTH
ORD002494,CUST00416,2026-05-03 16:53:40,DELIVERED,CENTRAL
ORD002861,CUST00477,2026-05-03 19:03:02,DELIVERED,SOUTH
ORD000739,CUST00124,2026-05-03 19:41:03,DELIVERED,WEST
ORD002763,CUST00460,2026-05-03 21:11:27,CANCELLED,WEST
ORD002084,CUST00344,2026-05-03 22:10:52,CANCELLED,SOUTH
ORD001347,CUST00223,2026-05-04 00:47:43,DELIVERED,EAST
ORD003922,CUST00658,2026-05-04 05:01:35,PLACED,EAST
ORD000207,CUST00033,2026-05-04 08:48:27,RETURNED,SOUTH
ORD002926,CUST00495,2026-05-04 11:56:04,DELIVERED,CENTRAL
ORD000753,CUST00124,2026-05-04 12:41:05,RETURNED,WEST
ORD004202,CUST00703,2026-05-04 00:00:00,PLACED,SOUTH
ORD003201,CUST00541,2026-05-04 00:00:00,PLACED,SOUTH
ORD001591,CUST00263,2026-05-04 16:28:46,PLACED,EAST
ORD003497,CUST00585,2026-05-04 17:14:41,DELIVERED,WEST
ORD003210,CUST00542,2026-05-04 00:00:00,RETURNED,NORTH
ORD002692,CUST00446,2026-05-04 19:15:49,DELIVERED,EAST
ORD003663,CUST00610,2026-05-04 00:00:00,DELIVERED,SOUTH
ORD000047,CUST00010,2026-05-04 20:45:38,DELIVERED,WEST
ORD000750,CUST00124,2026-05-04 21:01:06,SHIPPED,WEST
ORD004750,CUST00799,2026-05-04 21:17:18,DELIVERED,WEST
ORD000635,CUST00107,2026-05-04 21:45:22,DELIVERED,WEST
ORD004493,CUST00754,2026-05-04 21:57:36,DELIVERED,CENTRAL
ORD003775,,2026-05-05 07:14:37,DELIVERED,NORTH
ORD001568,CUST00259,2026-05-05 08:38:48,DELIVERED,SOUTH
ORD000403,CUST00061,2026-05-05 08:48:51,DELIVERED,SOUTH
ORD000309,CUST00049,2026-05-05 10:55:51,DELIVERED,NORTH
ORD003465,CUST00578,2026-05-05 10:59:17,DELIVERED,CENTRAL
ORD002290,,2026-05-05 11:20:07,DELIVERED,NORTH
ORD001074,CUST00178,2026-05-05 13:36:21,SHIPPED,CENTRAL
ORD003039,CUST00514,2026-05-05 13:44:08,DELIVERED,CENTRAL
ORD003582,CUST00601,2026-05-05 15:01:13,CANCELLED,SOUTH
ORD000724,CUST00122,2026-05-05 15:48:01,DELIVERED,NORTH
ORD001620,CUST00267,2026-05-05 16:05:02,DELIVERED,NORTH
ORD000585,CUST00099,2026-05-05 16:09:29,CANCELLED,CENTRAL
ORD004584,CUST00771,2026-05-05 17:29:30,DELIVERED,SOUTH
ORD001375,CUST00228,2026-05-06 08:54:49,DELIVERED,SOUTH
ORD002255,CUST00368,2026-05-06 09:11:33,CANCELLED,NORTH
ORD000283,CUST00047,2026-05-06 09:37:36,RETURNED,EAST
ORD000232,CUST00037,2026-05-06 10:31:30,PLACED,NORTH
ORD004228,CUST00708,2026-05-06 10:31:49,CANCELLED,CENTRAL
ORD003329,CUST00558,2026-05-06 10:54:01,DELIVERED,SOUTH
ORD001460,CUST00244,2026-05-06 11:23:13,DELIVERED,NORTH
ORD000071,CUST00012,2026-05-06 12:39:48,DELIVERED,NORTH
ORD004401,CUST00737,2026-05-06 13:32:21,DELIVERED,SOUTH
ORD002688,CUST00445,2026-05-06 14:20:45,CANCELLED,NORTH
ORD004027,CUST00673,2026-05-06 15:05:38,CANCELLED,NORTH
ORD004098,CUST00686,2026-05-06 15:11:47,RETURNED,SOUTH
ORD003062,CUST00517,2026-05-06 18:00:06,RETURNED,WEST
ORD002358,CUST00386,2026-05-06 20:39:57,DELIVERED,NORTH
ORD001580,CUST00261,2026-05-06 20:59:06,DELIVERED,EAST
ORD003774,CUST00627,2026-05-06 23:52:22,PLACED,NORTH
ORD001383,CUST00229,2026-05-07 01:41:41,PLACED,NORTH
ORD001192,CUST00192,2026-05-07 08:17:01,DELIVERED,NORTH
ORD004458,CUST00747,2026-05-07 09:24:00,DELIVERED,EAST
ORD002531,CUST00421,2026-05-07 00:00:00,PLACED,EAST
ORD004732,CUST00797,2026-05-07 10:11:52,SHIPPED,NORTH
ORD003656,CUST00609,2026-05-07 00:00:00,DELIVERED,WEST
ORD000057,CUST00011,2026-05-07 13:23:33,PLACED,CENTRAL
ORD001241,CUST00200,2026-05-07 13:24:19,DELIVERED,CENTRAL
ORD004218,CUST00705,2026-05-07 13:57:13,DELIVERED,NORTH
ORD000202,CUST00032,2026-05-07 15:04:21,DELIVERED,NORTH
ORD000712,CUST00121,2026-05-07 17:32:06,DELIVERED,EAST
ORD004703,CUST00793,2026-05-07 18:26:05,DELIVERED,CENTRAL
ORD003719,CUST00615,2026-05-07 18:31:08,DELIVERED,NORTH
ORD003016,CUST00512,2026-05-07 19:07:20,DELIVERED,CENTRAL
ORD000311,CUST00049,2026-05-07 21:11:33,PLACED,NORTH
ORD002052,CUST00340,2026-05-08 01:09:41,SHIPPED,CENTRAL
ORD004739,CUST00798,2026-05-08 01:17:28,DELIVERED,WEST
ORD003908,CUST00655,2026-05-08 02:25:22,SHIPPED,NORTH
ORD001030,CUST00170,2026-05-08 06:56:50,DELIVERED,EAST
ORD003227,CUST00544,2026-05-08 07:56:41,DELIVERED,SOUTH
ORD002054,CUST00340,2026-05-08 10:30:17,SHIPPED,CENTRAL
ORD001185,CUST00190,2026-05-08 11:07:12,SHIPPED,SOUTH
ORD001356,CUST00224,2026-05-08 11:27:50,PLACED,EAST
ORD002998,CUST00508,2026-05-08 12:02:50,RETURNED,SOUTH
ORD004613,CUST00775,2026-05-08 12:55:53,SHIPPED,NORTH
ORD002517,CUST00419,2026-05-08 14:22:51,DELIVERED,WEST
ORD001140,CUST00184,2026-05-08 14:51:34,DELIVERED,NORTH
ORD003804,CUST00633,2026-05-08 15:34:36,CANCELLED,NORTH
ORD004257,CUST00710,2026-05-08 16:04:17,PLACED,SOUTH
ORD003248,CUST00546,2026-05-08 16:21:33,SHIPPED,EAST
ORD002542,CUST00423,2026-05-08 17:17:36,DELIVERED,WEST
ORD003863,CUST00646,2026-05-08 18:42:06,DELIVERED,NORTH
ORD004325,CUST00725,2026-05-08 19:04:13,DELIVERED,CENTRAL
ORD003224,CUST00544,2026-05-08 19:04:29,PLACED,SOUTH
ORD001483,CUST00249,2026-05-08 21:58:59,CANCELLED,NORTH
ORD002617,CUST00433,2026-05-08 22:50:11,DELIVERED,CENTRAL
ORD003509,CUST00586,2026-05-08 23:48:45,SHIPPED,CENTRAL
ORD003086,CUST00523,2026-05-09 02:16:34,SHIPPED,EAST
ORD004359,CUST00731,2026-05-09 03:07:25,PLACED,SOUTH
ORD001052,,2026-05-09 03:26:22,SHIPPED,SOUTH
ORD004572,CUST00770,2026-05-09 10:41:54,DELIVERED,NORTH
ORD002954,CUST00499,2026-05-09 13:05:42,DELIVERED,SOUTH
ORD003941,CUST00661,2026-05-09 13:12:38,DELIVERED,EAST
ORD000559,CUST00091,2026-05-09 13:17:26,DELIVERED,WEST
ORD001353,CUST00224,2026-05-09 13:57:29,DELIVERED,EAST
ORD004294,CUST00720,2026-05-09 14:11:38,SHIPPED,EAST
ORD002083,CUST00344,2026-05-09 14:57:06,DELIVERED,SOUTH
ORD002890,CUST00485,2026-05-09 16:08:13,DELIVERED,EAST
ORD003782,CUST00630,2026-05-09 17:22:38,DELIVERED,WEST
ORD003946,CUST00664,2026-05-09 18:13:26,CANCELLED,NORTH
ORD004140,CUST00693,2026-05-09 20:37:34,DELIVERED,NORTH
ORD004578,CUST00770,2026-05-09 21:19:44,CANCELLED,NORTH
ORD003568,CUST00599,2026-05-09 22:02:08,PLACED,WEST
ORD000495,CUST00078,2026-05-09 23:46:47,CANCELLED,WEST
ORD002288,CUST00372,2026-05-10 00:05:35,CANCELLED,NORTH
ORD002349,CUST00385,2026-05-10 02:18:02,RETURNED,EAST
ORD004712,CUST00795,2026-05-10 05:32:36,CANCELLED,EAST
ORD000615,CUST00104,2026-05-10 06:17:56,SHIPPED,WEST
ORD002435,CUST00401,2026-05-10 06:39:59,DELIVERED,NORTH
ORD000126,CUST00020,2026-05-10 09:28:54,DELIVERED,WEST
ORD000722,CUST00122,2026-05-10 11:01:58,SHIPPED,NORTH
ORD002021,CUST00334,2026-05-10 12:42:35,DELIVERED,EAST
ORD004159,CUST00697,2026-05-10 00:00:00,CANCELLED,CENTRAL
ORD001352,CUST00224,2026-05-10 13:29:20,CANCELLED,EAST
ORD000341,CUST00054,2026-05-10 14:09:26,DELIVERED,SOUTH
ORD001801,,2026-05-10 15:50:01,PLACED,CENTRAL
ORD001739,CUST00282,2026-05-10 15:59:33,CANCELLED,EAST
ORD004569,CUST00768,2026-05-10 16:01:39,DELIVERED,EAST
ORD003305,CUST00555,2026-05-10 18:54:19,DELIVERED,SOUTH
ORD002715,CUST00449,2026-05-10 22:07:53,CANCELLED,WEST
ORD003503,CUST00585,2026-05-10 23:37:20,PLACED,WEST
ORD004546,CUST00764,2026-05-11 08:56:33,DELIVERED,EAST
ORD004223,CUST00706,2026-05-11 13:26:05,DELIVERED,SOUTH
ORD003816,CUST00635,2026-05-11 13:53:23,SHIPPED,SOUTH
ORD003365,CUST00565,2026-05-11 14:45:35,SHIPPED,CENTRAL
ORD002188,CUST00359,2026-05-11 14:49:35,PLACED,NORTH
ORD002871,CUST00479,2026-05-11 15:47:32,DELIVERED,WEST
ORD001125,CUST00182,2026-05-11 16:50:12,RETURNED,EAST
ORD002252,CUST00367,2026-05-11 19:41:14,SHIPPED,CENTRAL
ORD001692,CUST00274,2026-05-11 22:08:44,DELIVERED,NORTH
ORD000470,CUST00073,2026-05-12 04:45:49,DELIVERED,CENTRAL
ORD000442,CUST00068,2026-05-12 08:25:53,DELIVERED,NORTH
ORD000444,CUST00068,2026-05-12 10:14:27,CANCELLED,NORTH
ORD002722,CUST00450,2026-05-12 12:55:15,DELIVERED,SOUTH
ORD004261,CUST00710,2026-05-12 12:58:09,DELIVERED,SOUTH
ORD000468,CUST00073,2026-05-12 13:29:20,DELIVERED,CENTRAL
ORD003386,CUST00570,2026-05-12 13:40:42,DELIVERED,WEST
ORD000671,CUST00113,2026-05-12 13:48:14,RETURNED,WEST
ORD002246,CUST00366,2026-05-12 14:16:55,DELIVERED,SOUTH
ORD003336,CUST00561,2026-05-12 14:21:10,PLACED,SOUTH
ORD000809,CUST00133,2026-05-12 16:01:18,DELIVERED,WEST
ORD004106,CUST00688,2026-05-12 16:53:36,DELIVERED,EAST
ORD002927,CUST00496,2026-05-12 18:22:40,RETURNED,SOUTH
ORD003557,CUST00596,2026-05-12 19:18:57,RETURNED,SOUTH
ORD003975,,2026-05-13 01:10:56,DELIVERED,CENTRAL
ORD004213,CUST00705,2026-05-13 05:48:09,DELIVERED,NORTH
ORD002640,CUST00438,2026-05-13 05:51:38,DELIVERED,EAST
ORD000894,CUST00149,2026-05-13 05:58:05,DELIVERED,WEST
ORD004707,CUST00793,2026-05-13 09:04:15,CANCELLED,CENTRAL
ORD003672,CUST00611,2026-05-13 09:04:16,CANCELLED,WEST
ORD002165,CUST00357,2026-05-13 11:48:38,SHIPPED,SOUTH
ORD003611,CUST00605,2026-05-13 12:15:13,CANCELLED,NORTH
ORD001390,CUST00230,2026-05-13 12:20:25,DELIVERED,WEST
ORD002546,CUST00423,2026-05-13 13:00:11,DELIVERED,WEST
ORD001740,CUST00282,2026-05-13 13:33:00,DELIVERED,EAST
ORD002776,CUST00462,2026-05-13 15:37:50,DELIVERED,EAST
ORD000408,CUST00062,2026-05-13 20:52:10,DELIVERED,NORTH
ORD001764,CUST00286,2026-05-13 21:13:23,SHIPPED,SOUTH
ORD001686,CUST00272,2026-05-13 21:41:21,DELIVERED,CENTRAL
ORD000110,CUST00018,2026-05-14 08:53:23,DELIVERED,SOUTH
ORD000307,,2026-05-14 12:38:15,DELIVERED,NORTH
ORD001579,CUST00261,2026-05-14 13:26:03,DELIVERED,EAST
ORD003059,CUST00517,2026-05-14 14:02:23,DELIVERED,WEST
ORD004189,CUST00701,2026-05-14 14:27:27,DELIVERED,EAST
ORD003942,CUST00662,2026-05-14 15:07:47,DELIVERED,SOUTH
ORD000893,CUST00149,2026-05-14 15:44:05,SHIPPED,WEST
ORD000363,CUST00057,2026-05-14 16:19:07,DELIVERED,CENTRAL
ORD002010,CUST00333,2026-05-14 18:06:47,DELIVERED,EAST
ORD003579,CUST00600,2026-05-14 18:22:47,CANCELLED,WEST
ORD003352,CUST00562,2026-05-14 19:23:02,DELIVERED,NORTH
ORD002466,CUST00408,2026-05-14 19:41:56,SHIPPED,EAST
ORD003661,CUST00610,2026-05-14 21:45:18,SHIPPED,SOUTH
ORD004660,CUST00785,2026-05-14 22:45:31,DELIVERED,NORTH
ORD004526,CUST00760,2026-05-15 08:12:43,CANCELLED,SOUTH
ORD000795,CUST00131,2026-05-15 09:35:42,CANCELLED,NORTH
ORD001129,CUST00183,2026-05-15 10:28:07,PLACED,SOUTH
ORD002785,CUST00463,2026-05-15 11:33:08,CANCELLED,CENTRAL
ORD003654,CUST00609,2026-05-15 15:19:50,PLACED,WEST
ORD003531,CUST00588,2026-05-15 15:56:47,DELIVERED,CENTRAL
ORD003648,CUST00609,2026-05-15 17:05:01,DELIVERED,WEST
ORD001015,CUST00167,2026-05-15 20:22:41,DELIVERED,EAST
ORD001613,CUST00266,2026-05-15 20:31:59,RETURNED,NORTH
ORD004428,CUST00743,2026-05-16 00:17:12,DELIVERED,SOUTH
ORD002376,CUST00391,2026-05-16 00:56:57,DELIVERED,WEST
ORD001216,CUST00195,2026-05-16 01:59:31,PLACED,SOUTH
ORD003331,CUST00558,2026-05-16 02:46:38,DELIVERED,SOUTH
ORD001333,CUST00217,2026-05-16 04:37:40,RETURNED,NORTH
ORD003584,CUST00601,2026-05-16 04:46:13,CANCELLED,SOUTH
ORD002900,CUST00487,2026-05-16 08:45:54,DELIVERED,EAST
ORD002266,CUST00370,2026-05-16 11:26:55,RETURNED,CENTRAL
ORD001778,CUST00288,2026-05-16 12:41:37,PLACED,CENTRAL
ORD000113,CUST00019,2026-05-16 12:51:31,DELIVERED,WEST
ORD000107,CUST00018,2026-05-16 12:58:50,SHIPPED,SOUTH
ORD001744,CUST00283,2026-05-16 15:22:06,DELIVERED,WEST
ORD000262,CUST00042,2026-05-16 16:51:52,PLACED,EAST
ORD000459,CUST00070,2026-05-16 18:30:37,CANCELLED,EAST
ORD002110,CUST00347,2026-05-16 19:01:02,DELIVERED,SOUTH
ORD004115,CUST00689,2026-05-16 19:28:52,DELIVERED,CENTRAL
ORD001314,CUST00210,2026-05-16 21:37:36,DELIVERED,CENTRAL
ORD004756,CUST00800,2026-05-17 03:39:44,PLACED,NORTH
ORD003759,CUST00624,2026-05-17 08:07:46,DELIVERED,SOUTH
ORD002410,CUST00399,2026-05-17 11:03:26,DELIVERED,SOUTH
ORD000463,CUST00073,2026-05-17 11:23:39,CANCELLED,CENTRAL
ORD000668,CUST00113,2026-05-17 11:37:22,SHIPPED,WEST
ORD002509,CUST00418,2026-05-17 12:25:42,DELIVERED,WEST
ORD000267,CUST00045,2026-05-17 12:27:43,DELIVERED,SOUTH
ORD000492,CUST00078,2026-05-17 12:58:44,SHIPPED,WEST
ORD003609,CUST00605,2026-05-17 13:06:20,DELIVERED,NORTH
ORD000474,CUST00073,2026-05-17 13:32:54,SHIPPED,CENTRAL
ORD004350,CUST00730,2026-05-17 13:34:45,DELIVERED,CENTRAL
ORD001244,CUST00200,2026-05-17 14:41:20,PLACED,CENTRAL
ORD004200,CUST00703,2026-05-17 15:20:01,CANCELLED,SOUTH
ORD003868,CUST00647,2026-05-17 16:10:26,DELIVERED,CENTRAL
ORD003317,CUST00556,2026-05-17 16:15:38,SHIPPED,EAST
ORD002268,CUST00370,2026-05-17 17:01:29,CANCELLED,CENTRAL
ORD001553,CUST00257,2026-05-17 17:03:16,DELIVERED,NORTH
ORD001303,CUST00206,2026-05-17 17:56:02,SHIPPED,NORTH
ORD000499,CUST00080,2026-05-17 18:38:24,DELIVERED,SOUTH
ORD000102,CUST00018,2026-05-17 20:13:46,DELIVERED,SOUTH
ORD002051,CUST00340,2026-05-17 22:55:46,SHIPPED,CENTRAL
ORD001253,CUST00202,2026-05-18 02:09:38,DELIVERED,NORTH
ORD002419,CUST00400,2026-05-18 05:55:12,CANCELLED,SOUTH
ORD003683,CUST00613,2026-05-18 06:58:34,DELIVERED,EAST
ORD003653,CUST00609,2026-05-18 07:07:18,DELIVERED,WEST
ORD001425,CUST00237,2026-05-18 07:40:47,RETURNED,NORTH
ORD003289,CUST00553,2026-05-18 08:21:53,DELIVERED,SOUTH
ORD004752,CUST00799,2026-05-18 09:14:42,SHIPPED,WEST
ORD004008,CUST00670,2026-05-18 10:43:43,SHIPPED,EAST
ORD002104,CUST00347,2026-05-18 12:16:31,DELIVERED,SOUTH
ORD001230,CUST00199,2026-05-18 14:57:06,DELIVERED,CENTRAL
ORD003537,CUST00592,2026-05-18 15:34:03,CANCELLED,WEST
ORD004299,CUST00721,2026-05-18 16:10:42,DELIVERED,CENTRAL
ORD002775,CUST00462,2026-05-18 18:16:57,DELIVERED,EAST
ORD001571,CUST00260,2026-05-18 18:33:59,DELIVERED,WEST
ORD003211,CUST00542,2026-05-18 21:31:07,SHIPPED,NORTH
ORD000472,CUST00073,2026-05-18 22:36:31,DELIVERED,CENTRAL
ORD003474,CUST00581,2026-05-18 23:00:36,DELIVERED,CENTRAL
ORD002075,CUST00343,2026-05-18 23:07:09,DELIVERED,NORTH
ORD001237,CUST00199,2026-05-19 00:00:00,SHIPPED,CENTRAL
ORD000872,CUST00146,2026-05-19 07:57:27,SHIPPED,SOUTH
ORD001577,CUST00261,2026-05-19 08:57:14,CANCELLED,EAST
ORD000980,,2026-05-19 10:59:28,DELIVERED,EAST
ORD003815,CUST00635,2026-05-19 11:22:14,RETURNED,SOUTH
ORD002304,CUST00376,2026-05-19 11:46:56,PLACED,NORTH
ORD003009,CUST00510,2026-05-19 15:51:04,PLACED,EAST
ORD002493,CUST00416,2026-05-19 16:40:11,PLACED,CENTRAL
ORD000982,CUST00165,2026-05-19 16:43:58,DELIVERED,EAST
ORD003341,CUST00561,2026-05-19 17:18:30,PLACED,SOUTH
ORD001202,CUST00193,2026-05-19 17:34:20,DELIVERED,CENTRAL
ORD000467,CUST00073,2026-05-19 18:19:35,CANCELLED,CENTRAL
ORD002665,CUST00440,2026-05-20 08:16:34,DELIVERED,SOUTH
ORD001308,CUST00209,2026-05-20 08:56:09,DELIVERED,EAST
ORD000006,CUST00001,2026-05-20 10:05:55,DELIVERED,EAST
ORD001344,CUST00221,2026-05-20 10:22:47,DELIVERED,SOUTH
ORD002717,CUST00449,2026-05-20 10:38:57,DELIVERED,WEST
ORD001120,CUST00182,2026-05-20 10:39:06,DELIVERED,EAST
ORD000698,,2026-05-20 12:19:50,CANCELLED,NORTH
ORD001578,CUST00261,2026-05-20 13:29:45,DELIVERED,EAST
ORD000466,CUST00073,2026-05-20 15:31:06,PLACED,CENTRAL
ORD000291,CUST00048,2026-05-20 18:07:02,DELIVERED,NORTH
ORD002997,CUST00508,2026-05-20 20:11:10,RETURNED,SOUTH
ORD002275,CUST00370,2026-05-20 23:00:51,DELIVERED,CENTRAL
ORD001652,CUST00269,2026-05-20 23:29:02,DELIVERED,EAST
ORD001682,CUST00272,2026-05-21 04:47:14,CANCELLED,CENTRAL
ORD004205,CUST00704,2026-05-21 08:21:51,DELIVERED,EAST
ORD002829,CUST00471,2026-05-21 08:26:13,DELIVERED,SOUTH
ORD002087,CUST00345,2026-05-21 12:50:19,SHIPPED,WEST
ORD002898,CUST00486,2026-05-21 14:17:28,CANCELLED,CENTRAL
ORD004753,CUST00799,2026-05-21 16:46:26,RETURNED,WEST
ORD003820,CUST00635,2026-05-21 17:53:07,DELIVERED,SOUTH
ORD002400,CUST00398,2026-05-21 21:14:08,SHIPPED,CENTRAL
ORD004242,CUST00708,2026-05-21 23:51:21,SHIPPED,CENTRAL
ORD001066,CUST00176,2026-05-22 01:49:49,DELIVERED,CENTRAL
ORD000069,CUST00012,2026-05-22 03:39:40,DELIVERED,NORTH
ORD000642,CUST00109,2026-05-22 06:18:36,DELIVERED,WEST
ORD003335,CUST00561,2026-05-22 06:21:34,DELIVERED,SOUTH
ORD001569,CUST00259,2026-05-22 08:18:29,DELIVERED,SOUTH
ORD002283,CUST00372,2026-05-22 08:29:54,DELIVERED,NORTH
ORD003401,CUST00570,2026-05-22 09:48:51,DELIVERED,WEST
ORD001359,CUST00225,2026-05-22 10:12:31,SHIPPED,SOUTH
ORD004528,CUST00760,2026-05-22 10:24:01,PLACED,SOUTH
ORD002648,CUST00438,2026-05-22 11:12:13,PLACED,EAST
ORD003106,CUST00526,2026-05-22 11:46:25,DELIVERED,EAST
ORD001574,CUST00260,2026-05-22 12:19:23,DELIVERED,WEST
ORD002088,CUST00345,2026-05-22 13:43:49,RETURNED,WEST
ORD000349,CUST00055,2026-05-22 14:51:43,PLACED,SOUTH
ORD004746,CUST00799,2026-05-22 15:51:12,PLACED,WEST
ORD003486,CUST00583,2026-05-22 17:51:17,DELIVERED,WEST
ORD001056,CUST00173,2026-05-22 18:39:32,DELIVERED,NORTH
ORD003011,CUST00511,2026-05-22 18:45:35,RETURNED,SOUTH
ORD002518,CUST00419,2026-05-22 18:51:08,DELIVERED,WEST
ORD003831,CUST00637,2026-05-22 19:08:23,DELIVERED,NORTH
ORD000041,CUST00009,2026-05-22 19:28:43,DELIVERED,CENTRAL
ORD001792,CUST00296,2026-05-22 19:38:42,SHIPPED,SOUTH
ORD000709,CUST00120,2026-05-22 22:13:31,PLACED,NORTH
ORD003873,CUST00647,2026-05-22 23:37:41,SHIPPED,CENTRAL
ORD003890,CUST00650,2026-05-23 03:28:58,DELIVERED,SOUTH
ORD003569,CUST00599,2026-05-23 00:00:00,RETURNED,WEST
ORD004137,CUST00693,2026-05-23 09:03:38,DELIVERED,NORTH
ORD002089,CUST00345,2026-05-23 10:53:11,CANCELLED,WEST
ORD000975,CUST00164,2026-05-23 10:55:10,PLACED,SOUTH
ORD004429,CUST00744,2026-05-23 16:39:14,DELIVERED,EAST
ORD004563,CUST00768,2026-05-23 17:00:27,DELIVERED,EAST
ORD004583,CUST00771,2026-05-23 17:15:48,CANCELLED,SOUTH
ORD000124,CUST00020,2026-05-23 17:29:21,PLACED,WEST
ORD002483,CUST00411,2026-05-23 18:22:08,PLACED,WEST
ORD004161,CUST00698,2026-05-23 19:42:57,CANCELLED,CENTRAL
ORD004543,CUST00763,2026-05-24 02:57:05,SHIPPED,NORTH
ORD004416,CUST00740,2026-05-24 06:04:29,DELIVERED,EAST
ORD002460,CUST00407,2026-05-24 09:58:43,CANCELLED,SOUTH
ORD000137,CUST00022,2026-05-24 10:14:18,SHIPPED,EAST
ORD000217,CUST00034,2026-05-24 10:34:42,CANCELLED,EAST
ORD002173,,2026-05-24 10:50:36,DELIVERED,SOUTH
ORD000079,CUST00013,2026-05-24 10:56:34,PLACED,NORTH
ORD004622,CUST00775,2026-05-24 14:14:21,DELIVERED,NORTH
ORD001451,CUST00242,2026-05-24 14:52:25,DELIVERED,NORTH
ORD002352,CUST00385,2026-05-24 16:58:14,SHIPPED,EAST
ORD003050,CUST00517,2026-05-24 17:01:15,CANCELLED,WEST
ORD001869,,2026-05-24 17:43:43,PLACED,CENTRAL
ORD003972,CUST00665,2026-05-24 18:01:25,SHIPPED,CENTRAL
ORD002681,CUST00443,2026-05-24 20:13:13,PLACED,SOUTH
ORD002896,CUST00485,2026-05-24 21:49:57,CANCELLED,EAST
ORD001085,CUST00178,2026-05-24 21:57:56,PLACED,CENTRAL
ORD001417,CUST00233,2026-05-24 22:24:46,DELIVERED,EAST
ORD001215,CUST00195,2026-05-24 23:49:48,RETURNED,SOUTH
ORD001586,CUST00263,2026-05-25 01:25:21,PLACED,EAST
ORD001134,CUST00183,2026-05-25 01:34:08,DELIVERED,SOUTH
ORD004314,CUST00723,2026-05-25 01:59:09,CANCELLED,EAST
ORD004527,CUST00760,2026-05-25 03:09:13,SHIPPED,SOUTH
ORD000181,CUST00028,2026-05-25 04:01:38,CANCELLED,EAST
ORD000356,CUST00056,2026-05-25 07:16:44,DELIVERED,WEST
ORD001437,CUST00240,2026-05-25 08:42:57,DELIVERED,NORTH
ORD002392,CUST00397,2026-05-25 08:44:06,DELIVERED,EAST
ORD001086,CUST00178,2026-05-25 08:49:09,DELIVERED,CENTRAL
ORD004173,CUST00700,2026-05-25 09:15:16,DELIVERED,SOUTH
ORD003714,CUST00615,2026-05-25 09:52:24,DELIVERED,NORTH
ORD000662,CUST00112,2026-05-25 09:57:45,DELIVERED,WEST
ORD000798,CUST00132,2026-05-25 10:12:40,CANCELLED,NORTH
ORD002914,CUST00490,2026-05-25 10:14:15,DELIVERED,NORTH
ORD002291,,2026-05-25 10:38:11,PLACED,NORTH
ORD004015,CUST00671,2026-05-25 11:14:33,DELIVERED,SOUTH
ORD001800,CUST00300,2026-05-25 13:26:13,DELIVERED,CENTRAL
ORD001494,CUST00251,2026-05-25 14:04:36,DELIVERED,SOUTH
ORD000652,CUST00110,2026-05-25 16:54:42,SHIPPED,NORTH
ORD004183,CUST00700,2026-05-25 19:27:18,DELIVERED,SOUTH
ORD001852,CUST00308,2026-05-25 20:23:24,DELIVERED,WEST
ORD003827,CUST00636,2026-05-25 20:55:08,DELIVERED,CENTRAL
ORD003924,CUST00658,2026-05-25 22:12:46,DELIVERED,EAST
ORD000157,CUST00025,2026-05-26 02:16:07,PLACED,SOUTH
ORD002338,CUST00383,2026-05-26 06:14:06,RETURNED,SOUTH
ORD001674,CUST00271,2026-05-26 00:00:00,DELIVERED,SOUTH
ORD003405,CUST00571,2026-05-26 08:24:03,CANCELLED,EAST
ORD004226,CUST00706,2026-05-26 08:26:56,DELIVERED,SOUTH
ORD001841,CUST00307,2026-05-26 10:34:18,DELIVERED,EAST
ORD000496,CUST00078,2026-05-26 11:09:57,DELIVERED,WEST
ORD004754,CUST00799,2026-05-26 11:10:14,SHIPPED,WEST
ORD003467,CUST00579,2026-05-26 15:34:14,DELIVERED,EAST
ORD003028,CUST00514,2026-05-26 16:03:13,DELIVERED,CENTRAL
ORD004309,CUST00723,2026-05-26 16:58:54,DELIVERED,EAST
ORD003330,CUST00558,2026-05-26 20:48:49,CANCELLED,SOUTH
ORD000141,CUST00022,2026-05-26 22:55:13,DELIVERED,EAST
ORD002741,CUST00452,2026-05-27 01:31:19,DELIVERED,NORTH
ORD002295,CUST00374,2026-05-27 04:03:51,PLACED,WEST
ORD001446,,2026-05-27 08:52:50,DELIVERED,CENTRAL
ORD004156,CUST00694,2026-05-27 10:26:22,PLACED,EAST
ORD004489,CUST00753,2026-05-27 11:32:40,SHIPPED,EAST
ORD001164,CUST00186,2026-05-27 11:42:53,DELIVERED,WEST
ORD002171,,2026-05-27 13:16:07,SHIPPED,SOUTH
ORD000211,CUST00034,2026-05-27 16:44:42,SHIPPED,EAST
ORD002310,CUST00376,2026-05-27 17:03:05,DELIVERED,NORTH
ORD001004,CUST00167,2026-05-27 17:29:57,PLACED,EAST
ORD001397,CUST00230,2026-05-27 18:44:09,DELIVERED,WEST
ORD000073,CUST00012,2026-05-27 18:56:39,SHIPPED,NORTH
ORD001095,CUST00179,2026-05-27 00:00:00,DELIVERED,NORTH
ORD002270,CUST00370,2026-05-27 22:47:37,DELIVERED,CENTRAL
ORD004551,CUST00765,2026-05-28 00:20:05,PLACED,CENTRAL
ORD004415,CUST00740,2026-05-28 02:29:01,DELIVERED,EAST
ORD000663,CUST00112,2026-05-28 04:41:09,DELIVERED,WEST
ORD000812,CUST00133,2026-05-28 12:16:58,DELIVERED,WEST
ORD003982,,2026-05-28 12:57:31,PLACED,NORTH
ORD000154,CUST00025,2026-05-28 13:16:13,DELIVERED,SOUTH
ORD003511,CUST00586,2026-05-28 14:26:13,DELIVERED,CENTRAL
ORD004192,,2026-05-28 15:05:54,DELIVERED,EAST
ORD001877,CUST00312,2026-05-28 16:29:48,DELIVERED,CENTRAL
ORD002558,CUST00424,2026-05-28 00:00:00,SHIPPED,NORTH
ORD003817,CUST00635,2026-05-28 21:24:39,DELIVERED,SOUTH
ORD003563,CUST00597,2026-05-28 21:51:09,DELIVERED,CENTRAL
ORD003624,CUST00606,2026-05-28 22:15:27,PLACED,WEST
ORD000152,CUST00025,2026-05-28 23:35:07,RETURNED,SOUTH
ORD003518,CUST00587,2026-05-29 00:25:24,PLACED,NORTH
ORD003678,CUST00613,2026-05-29 02:18:09,DELIVERED,EAST
ORD003338,CUST00561,2026-05-29 02:29:51,SHIPPED,SOUTH
ORD004116,CUST00689,2026-05-29 06:38:19,SHIPPED,CENTRAL
ORD001735,CUST00282,2026-05-29 06:55:42,DELIVERED,EAST
ORD002399,CUST00397,2026-05-29 08:03:11,DELIVERED,EAST
ORD001365,CUST00226,2026-05-29 08:18:21,PLACED,CENTRAL
ORD004300,CUST00722,2026-05-29 08:52:32,CANCELLED,NORTH
ORD003247,CUST00546,2026-05-29 09:51:38,DELIVERED,EAST
ORD004175,CUST00700,2026-05-29 10:02:32,DELIVERED,SOUTH
ORD000970,CUST00163,2026-05-29 11:18:48,DELIVERED,WEST
ORD004655,CUST00785,2026-05-29 13:34:46,DELIVERED,NORTH
ORD004144,CUST00693,2026-05-29 14:04:56,DELIVERED,NORTH
ORD001488,CUST00250,2026-05-29 18:07:33,SHIPPED,SOUTH
ORD000534,CUST00087,2026-05-29 18:11:19,DELIVERED,SOUTH
ORD003887,CUST00649,2026-05-29 18:30:29,CANCELLED,WEST
ORD004398,,2026-05-29 19:49:18,SHIPPED,SOUTH
ORD002284,CUST00372,2026-05-29 20:01:44,SHIPPED,NORTH
ORD000013,CUST00004,2026-05-29 21:21:27,DELIVERED,CENTRAL
ORD002126,CUST00351,2026-05-29 22:42:37,SHIPPED,WEST
ORD001770,CUST00287,2026-05-29 22:59:37,CANCELLED,SOUTH
ORD002015,CUST00334,2026-05-30 08:30:25,DELIVERED,EAST
ORD001986,CUST00328,2026-05-30 11:29:24,SHIPPED,SOUTH
ORD001934,CUST00319,2026-05-30 14:05:42,CANCELLED,EAST
ORD001789,CUST00295,2026-05-30 16:03:50,SHIPPED,NORTH
ORD004530,CUST00760,2026-05-30 17:43:58,DELIVERED,SOUTH
ORD001184,CUST00190,2026-05-30 18:57:23,PLACED,SOUTH
ORD000799,CUST00132,2026-05-30 19:47:13,DELIVERED,NORTH
ORD003926,CUST00658,2026-05-30 19:58:13,DELIVERED,EAST
ORD004193,CUST00701,2026-05-30 21:05:01,RETURNED,EAST
ORD000674,CUST00114,2026-05-31 00:00:00,SHIPPED,WEST
ORD001231,CUST00199,2026-05-31 08:39:58,DELIVERED,CENTRAL
ORD003797,CUST00633,2026-05-31 09:15:08,DELIVERED,NORTH
ORD004057,CUST00677,2026-05-31 09:31:35,SHIPPED,NORTH
ORD000465,CUST00073,2026-05-31 09:39:38,DELIVERED,CENTRAL
ORD000490,CUST00078,2026-05-31 10:12:22,CANCELLED,WEST
ORD001593,CUST00263,2026-05-31 10:14:02,DELIVERED,EAST
ORD000878,CUST00147,2026-05-31 10:30:25,DELIVERED,EAST
ORD004225,CUST00706,2026-05-31 10:55:22,DELIVERED,SOUTH
ORD000367,CUST00058,2026-05-31 11:19:07,DELIVERED,SOUTH
ORD000867,CUST00145,2026-05-31 11:32:48,DELIVERED,EAST
ORD001000,CUST00167,2026-05-31 13:50:07,DELIVERED,EAST
ORD001876,,2026-05-31 15:01:35,DELIVERED,CENTRAL
ORD002118,CUST00350,2026-05-31 15:02:51,SHIPPED,NORTH
ORD003230,CUST00544,2026-05-31 16:57:54,SHIPPED,SOUTH
ORD000713,CUST00121,2026-05-31 00:00:00,DELIVERED,EAST
ORD002889,,2026-05-31 20:16:30,DELIVERED,EAST
ORD000406,CUST00062,2026-06-01 00:00:50,DELIVERED,NORTH
ORD001040,CUST00170,2026-06-01 00:57:32,DELIVERED,EAST
ORD002730,CUST00452,2026-06-01 02:07:40,PLACED,NORTH
ORD001280,CUST00206,2026-06-01 04:41:52,CANCELLED,NORTH
ORD001057,CUST00173,2026-06-01 06:15:10,DELIVERED,NORTH
ORD002520,CUST00419,2026-06-01 06:46:42,DELIVERED,WEST
ORD000824,CUST00137,2026-06-01 08:47:56,DELIVERED,SOUTH
ORD000863,CUST00145,2026-06-01 09:00:50,DELIVERED,EAST
ORD002436,CUST00401,2026-06-01 09:19:58,CANCELLED,NORTH
ORD003082,CUST00521,2026-06-01 10:00:26,PLACED,WEST
ORD001992,CUST00329,2026-06-01 12:48:28,DELIVERED,SOUTH
ORD002169,CUST00357,2026-06-01 14:06:25,DELIVERED,SOUTH
ORD001438,CUST00240,2026-06-01 00:00:00,SHIPPED,NORTH
ORD002887,CUST00485,2026-06-01 15:53:05,DELIVERED,EAST
ORD002032,CUST00336,2026-06-01 17:29:47,PLACED,NORTH
ORD003473,CUST00581,2026-06-01 18:24:48,SHIPPED,CENTRAL
ORD004424,CUST00743,2026-06-01 18:45:33,SHIPPED,SOUTH
ORD001881,CUST00313,2026-06-01 18:53:52,RETURNED,SOUTH
ORD001130,CUST00183,2026-06-01 18:59:21,DELIVERED,SOUTH
ORD000738,CUST00124,2026-06-01 19:08:14,SHIPPED,WEST
ORD002267,CUST00370,2026-06-01 19:50:06,DELIVERED,CENTRAL
ORD001907,CUST00315,2026-06-01 19:59:24,CANCELLED,WEST
ORD000742,,2026-06-01 23:01:43,CANCELLED,WEST
ORD003796,CUST00633,2026-06-02 01:40:52,DELIVERED,NORTH
ORD000974,CUST00163,2026-06-02 08:38:54,DELIVERED,WEST
ORD001567,CUST00259,2026-06-02 09:11:45,DELIVERED,SOUTH
ORD004535,CUST00761,2026-06-02 11:34:30,PLACED,SOUTH
ORD000484,CUST00076,2026-06-02 15:38:49,DELIVERED,SOUTH
ORD000219,CUST00034,2026-06-02 19:06:40,SHIPPED,EAST
ORD003861,CUST00646,2026-06-02 19:28:35,DELIVERED,NORTH
ORD004559,CUST00767,2026-06-03 03:55:46,DELIVERED,EAST
ORD003074,CUST00519,2026-06-03 06:38:14,PLACED,SOUTH
ORD002150,CUST00355,2026-06-03 07:27:02,DELIVERED,WEST
ORD003757,CUST00624,2026-06-03 08:16:11,DELIVERED,SOUTH
ORD004402,CUST00738,2026-06-03 10:25:34,DELIVERED,EAST
ORD002549,CUST00423,2026-06-03 10:33:39,CANCELLED,WEST
ORD001381,CUST00229,2026-06-03 10:50:24,DELIVERED,NORTH
ORD004511,CUST00757,2026-06-03 11:43:47,DELIVERED,NORTH
ORD001180,CUST00189,2026-06-03 13:05:21,DELIVERED,EAST
ORD003780,CUST00629,2026-06-03 15:21:27,DELIVERED,SOUTH
ORD000690,CUST00117,2026-06-03 15:34:44,CANCELLED,CENTRAL
ORD001785,CUST00290,2026-06-03 16:05:47,PLACED,NORTH
ORD001170,CUST00187,2026-06-03 16:57:38,DELIVERED,WEST
ORD003170,,2026-06-03 17:24:53,PLACED,EAST
ORD000060,,2026-06-03 18:47:14,RETURNED,CENTRAL
ORD000155,CUST00025,2026-06-04 01:40:44,SHIPPED,SOUTH
ORD001217,CUST00195,2026-06-04 05:25:36,PLACED,SOUTH
ORD002279,CUST00371,2026-06-04 08:38:29,PLACED,WEST
ORD003487,,2026-06-04 08:41:49,DELIVERED,WEST
ORD001183,CUST00190,2026-06-04 09:54:45,DELIVERED,SOUTH
ORD003379,CUST00568,2026-06-04 10:36:16,DELIVERED,SOUTH
ORD003669,CUST00611,2026-06-04 10:50:06,DELIVERED,WEST
ORD000419,CUST00064,2026-06-04 10:56:06,DELIVERED,CENTRAL
ORD002921,CUST00493,2026-06-04 12:09:45,DELIVERED,SOUTH
ORD000156,CUST00025,2026-06-04 12:47:25,CANCELLED,SOUTH
ORD004039,CUST00674,2026-06-04 13:29:11,SHIPPED,SOUTH
ORD000009,CUST00002,2026-06-04 14:48:30,DELIVERED,NORTH
ORD004673,CUST00787,2026-06-04 16:13:37,CANCELLED,WEST
ORD004045,CUST00675,2026-06-04 16:20:01,DELIVERED,SOUTH
ORD003937,CUST00661,2026-06-04 20:16:49,DELIVERED,EAST
ORD002527,,2026-06-04 22:34:39,DELIVERED,WEST
ORD000241,CUST00039,2026-06-04 22:59:30,RETURNED,NORTH
ORD004587,CUST00771,2026-06-05 08:55:24,DELIVERED,SOUTH
ORD001703,CUST00276,2026-06-05 10:03:08,DELIVERED,EAST
ORD002885,CUST00485,2026-06-05 11:24:02,DELIVERED,EAST
ORD000238,CUST00038,2026-06-05 14:42:12,DELIVERED,EAST
ORD001989,CUST00329,2026-06-05 14:54:49,DELIVERED,SOUTH
ORD001900,CUST00315,2026-06-05 14:55:37,CANCELLED,WEST
ORD004046,CUST00675,2026-06-05 15:43:59,DELIVERED,SOUTH
ORD003115,CUST00528,2026-06-05 16:19:15,SHIPPED,SOUTH
ORD004393,CUST00736,2026-06-05 18:11:09,PLACED,CENTRAL
ORD000101,CUST00017,2026-06-05 18:20:15,DELIVERED,SOUTH
ORD002597,CUST00430,2026-06-05 18:23:59,PLACED,SOUTH
ORD003250,CUST00546,2026-06-05 18:59:42,DELIVERED,EAST
ORD000026,CUST00008,2026-06-05 22:35:28,DELIVERED,NORTH
ORD004319,CUST00724,2026-06-06 01:55:05,SHIPPED,WEST
ORD002780,CUST00462,2026-06-06 05:38:26,SHIPPED,EAST
ORD000906,CUST00151,2026-06-06 05:49:13,DELIVERED,NORTH
ORD002581,CUST00428,2026-06-06 06:19:14,SHIPPED,WEST
ORD000578,CUST00097,2026-06-06 10:05:22,DELIVERED,SOUTH
ORD002470,CUST00409,2026-06-06 11:12:12,DELIVERED,NORTH
ORD001069,CUST00177,2026-06-06 11:12:43,RETURNED,WEST
ORD001867,CUST00311,2026-06-06 12:39:36,PLACED,CENTRAL
ORD000473,CUST00073,2026-06-06 12:54:39,CANCELLED,CENTRAL
ORD002989,CUST00507,2026-06-06 13:53:09,DELIVERED,WEST
ORD003073,CUST00519,2026-06-06 15:39:52,RETURNED,SOUTH
ORD003894,,2026-06-06 15:40:30,DELIVERED,WEST
ORD004284,CUST00717,2026-06-06 17:15:48,CANCELLED,NORTH
ORD001630,CUST00267,2026-06-06 18:15:50,RETURNED,NORTH
ORD000633,CUST00107,2026-06-06 21:29:34,DELIVERED,WEST
ORD000248,CUST00039,2026-06-06 23:01:10,CANCELLED,NORTH
ORD002931,,2026-06-07 06:07:43,DELIVERED,SOUTH
ORD002050,CUST00340,2026-06-07 07:04:22,CANCELLED,CENTRAL
ORD000911,CUST00154,2026-06-07 08:01:28,PLACED,EAST
ORD000469,CUST00073,2026-06-07 08:17:36,DELIVERED,CENTRAL
ORD000160,CUST00026,2026-06-07 08:53:01,SHIPPED,WEST
ORD003275,CUST00551,2026-06-07 08:58:49,DELIVERED,CENTRAL
ORD000766,CUST00126,2026-06-07 09:11:56,DELIVERED,SOUTH
ORD004668,CUST00786,2026-06-07 10:02:27,DELIVERED,EAST
ORD002077,CUST00343,2026-06-07 10:59:08,DELIVERED,NORTH
ORD001182,CUST00190,2026-06-07 11:31:40,DELIVERED,SOUTH
ORD002583,,2026-06-07 12:52:34,CANCELLED,WEST
ORD000979,CUST00165,2026-06-07 14:14:54,DELIVERED,EAST
ORD003188,,2026-06-07 16:53:35,DELIVERED,EAST
ORD002598,CUST00430,2026-06-07 19:09:49,DELIVERED,SOUTH
ORD002174,CUST00358,2026-06-07 00:00:00,DELIVERED,WEST
ORD001335,CUST00218,2026-06-07 21:11:05,PLACED,EAST
ORD003488,CUST00583,2026-06-08 01:41:23,PLACED,WEST
ORD000826,CUST00137,2026-06-08 01:47:53,DELIVERED,SOUTH
ORD003333,CUST00559,2026-06-08 05:53:46,CANCELLED,NORTH
ORD001745,CUST00283,2026-06-08 09:15:20,DELIVERED,WEST
ORD000905,CUST00151,2026-06-08 09:44:32,DELIVERED,NORTH
ORD002274,CUST00370,2026-06-08 10:05:45,DELIVERED,CENTRAL
ORD003261,CUST00550,2026-06-08 13:31:15,DELIVERED,WEST
ORD003415,CUST00572,2026-06-08 14:19:08,SHIPPED,SOUTH
ORD000943,CUST00160,2026-06-08 15:12:32,PLACED,WEST
ORD003168,CUST00536,2026-06-08 15:28:36,PLACED,EAST
ORD003438,CUST00574,2026-06-08 17:19:31,DELIVERED,WEST
ORD000774,CUST00128,2026-06-08 17:46:11,PLACED,NORTH
ORD003408,CUST00571,2026-06-08 18:15:13,SHIPPED,EAST
ORD000485,CUST00076,2026-06-08 18:30:13,DELIVERED,SOUTH
ORD001175,CUST00188,2026-06-08 18:46:29,CANCELLED,NORTH
ORD004182,CUST00700,2026-06-08 19:15:36,DELIVERED,SOUTH
ORD004170,CUST00700,2026-06-08 19:18:00,DELIVERED,SOUTH
ORD004656,CUST00785,2026-06-08 19:22:59,DELIVERED,NORTH
ORD002201,CUST00362,2026-06-08 20:50:08,CANCELLED,EAST
ORD003024,CUST00513,2026-06-08 23:49:17,DELIVERED,SOUTH
ORD000966,CUST00162,2026-06-09 00:21:20,DELIVERED,NORTH
ORD002765,CUST00460,2026-06-09 04:50:11,DELIVERED,WEST
ORD001112,CUST00181,2026-06-09 08:06:00,DELIVERED,WEST
ORD002500,CUST00417,2026-06-09 08:52:42,RETURNED,CENTRAL
ORD004196,CUST00702,2026-06-09 11:41:21,DELIVERED,WEST
ORD004648,CUST00781,2026-06-09 11:41:26,SHIPPED,WEST
ORD002659,CUST00439,2026-06-09 13:33:30,DELIVERED,NORTH
ORD004197,CUST00702,2026-06-09 14:01:43,DELIVERED,WEST
ORD002135,CUST00352,2026-06-09 15:57:09,CANCELLED,NORTH
ORD004099,CUST00687,2026-06-09 16:30:59,DELIVERED,CENTRAL
ORD002637,CUST00437,2026-06-09 17:26:14,DELIVERED,NORTH
ORD003345,CUST00562,2026-06-09 00:00:00,CANCELLED,NORTH
ORD001542,CUST00256,2026-06-09 19:43:24,DELIVERED,WEST
ORD003349,CUST00562,2026-06-09 19:58:28,DELIVERED,NORTH
ORD002735,CUST00452,2026-06-09 21:10:19,CANCELLED,NORTH
ORD001474,CUST00247,2026-06-10 07:09:53,DELIVERED,EAST
ORD004308,CUST00723,2026-06-10 09:09:01,DELIVERED,EAST
ORD001614,CUST00266,2026-06-10 09:27:54,DELIVERED,NORTH
ORD000083,CUST00013,2026-06-10 11:12:40,CANCELLED,NORTH
ORD001211,,2026-06-10 00:00:00,CANCELLED,NORTH
ORD000475,CUST00073,2026-06-10 11:43:26,DELIVERED,CENTRAL
ORD002567,CUST00424,2026-06-10 00:00:00,PLACED,NORTH
ORD003078,CUST00521,2026-06-10 12:21:52,DELIVERED,WEST
ORD003581,CUST00601,2026-06-10 12:56:16,PLACED,SOUTH
ORD003867,CUST00647,2026-06-10 13:37:47,PLACED,CENTRAL
ORD002596,CUST00430,2026-06-10 13:46:44,DELIVERED,SOUTH
ORD004392,CUST00736,2026-06-10 14:42:31,DELIVERED,CENTRAL
ORD000749,CUST00124,2026-06-10 15:10:23,DELIVERED,WEST
ORD003540,CUST00592,2026-06-10 15:18:01,CANCELLED,WEST
ORD002044,CUST00340,2026-06-10 16:44:47,PLACED,CENTRAL
ORD002337,CUST00383,2026-06-10 17:46:01,SHIPPED,SOUTH
ORD003807,CUST00633,2026-06-10 19:24:39,DELIVERED,NORTH
ORD003728,CUST00617,2026-06-10 21:10:49,SHIPPED,CENTRAL
ORD004742,,2026-06-11 00:41:15,DELIVERED,WEST
ORD003814,CUST00635,2026-06-11 04:09:31,DELIVERED,SOUTH
ORD000024,CUST00008,2026-06-11 05:40:32,DELIVERED,NORTH
ORD001776,CUST00288,2026-06-11 07:44:08,CANCELLED,CENTRAL
ORD003905,CUST00655,2026-06-11 15:05:58,CANCELLED,NORTH
ORD002933,CUST00496,2026-06-11 15:18:42,CANCELLED,SOUTH
ORD001427,CUST00238,2026-06-11 15:35:17,DELIVERED,WEST
ORD003042,CUST00516,2026-06-11 16:11:03,SHIPPED,CENTRAL
ORD003090,CUST00523,2026-06-11 18:22:54,RETURNED,EAST
ORD001546,CUST00257,2026-06-11 18:24:36,DELIVERED,NORTH
ORD004519,CUST00758,2026-06-11 00:00:00,DELIVERED,SOUTH
ORD000372,CUST00059,2026-06-11 19:12:45,DELIVERED,NORTH
ORD002687,CUST00445,2026-06-11 20:29:47,SHIPPED,NORTH
ORD004682,CUST00791,2026-06-11 21:53:13,SHIPPED,CENTRAL
ORD000717,CUST00121,2026-06-11 22:01:31,CANCELLED,EAST
ORD003712,CUST00615,2026-06-12 00:01:42,DELIVERED,NORTH
ORD001582,CUST00261,2026-06-12 04:18:22,CANCELLED,EAST
ORD001985,,2026-06-12 06:49:50,DELIVERED,SOUTH
ORD001598,CUST00264,2026-06-12 07:42:29,PLACED,SOUTH
ORD001966,CUST00326,2026-06-12 08:48:21,PLACED,SOUTH
ORD000631,CUST00107,2026-06-12 08:49:12,DELIVERED,WEST
ORD000556,CUST00091,2026-06-12 09:35:17,PLACED,WEST
ORD000873,CUST00147,2026-06-12 11:27:13,SHIPPED,EAST
ORD004343,CUST00729,2026-06-12 11:34:46,DELIVERED,SOUTH
ORD003285,CUST00553,2026-06-12 13:02:37,SHIPPED,SOUTH
ORD000572,CUST00097,2026-06-12 18:17:44,DELIVERED,SOUTH
ORD001204,CUST00193,2026-06-12 19:14:29,DELIVERED,CENTRAL
ORD002269,CUST00370,2026-06-12 21:00:23,PLACED,CENTRAL
ORD002076,CUST00343,2026-06-12 21:35:20,DELIVERED,NORTH
ORD000177,CUST00028,2026-06-12 00:00:00,DELIVERED,EAST
ORD003717,CUST00615,2026-06-13 00:40:52,DELIVERED,NORTH
ORD001045,CUST00171,2026-06-13 09:43:09,DELIVERED,NORTH
ORD002094,CUST00345,2026-06-13 14:06:28,DELIVERED,WEST
ORD000725,,2026-06-13 15:55:27,PLACED,NORTH
ORD000040,CUST00009,2026-06-13 16:04:34,DELIVERED,CENTRAL
ORD001047,CUST00171,2026-06-13 16:20:33,RETURNED,NORTH
ORD002045,CUST00340,2026-06-13 16:22:11,DELIVERED,CENTRAL
ORD002633,CUST00437,2026-06-13 16:49:32,SHIPPED,NORTH
ORD000626,CUST00106,2026-06-13 16:49:35,DELIVERED,EAST
ORD000944,CUST00160,2026-06-13 19:27:03,DELIVERED,WEST
ORD001780,CUST00289,2026-06-13 19:34:56,DELIVERED,SOUTH
ORD002943,CUST00498,2026-06-13 23:54:40,DELIVERED,CENTRAL
ORD001168,CUST00187,2026-06-14 06:53:50,SHIPPED,WEST
ORD003056,CUST00517,2026-06-14 07:31:06,DELIVERED,WEST
ORD000171,CUST00027,2026-06-14 08:26:32,DELIVERED,NORTH
ORD002405,CUST00398,2026-06-14 08:40:47,DELIVERED,CENTRAL
ORD003494,CUST00585,2026-06-14 08:49:09,CANCELLED,WEST
ORD004590,CUST00772,2026-06-14 09:59:34,SHIPPED,CENTRAL
ORD000831,CUST00138,2026-06-14 10:44:34,DELIVERED,WEST
ORD002397,CUST00397,2026-06-14 10:56:19,CANCELLED,EAST
ORD000761,CUST00126,2026-06-14 12:36:52,CANCELLED,SOUTH
ORD003358,CUST00563,2026-06-14 13:38:23,DELIVERED,NORTH
ORD002923,CUST00495,2026-06-14 14:58:08,SHIPPED,CENTRAL
ORD004567,CUST00768,2026-06-14 16:00:06,DELIVERED,EAST
ORD002613,CUST00432,2026-06-14 16:21:32,CANCELLED,WEST
ORD004246,CUST00708,2026-06-14 17:04:03,PLACED,CENTRAL
ORD002396,CUST00397,2026-06-14 00:00:00,DELIVERED,EAST
ORD000672,CUST00113,2026-06-14 21:50:15,DELIVERED,WEST
ORD003021,,2026-06-14 22:02:48,SHIPPED,SOUTH
ORD003671,CUST00611,2026-06-15 03:04:55,DELIVERED,WEST
ORD000946,CUST00161,2026-06-15 11:18:49,PLACED,EAST
ORD000410,CUST00062,2026-06-15 14:01:52,DELIVERED,NORTH
ORD000751,CUST00124,2026-06-15 14:49:47,DELIVERED,WEST
ORD003340,CUST00561,2026-06-15 16:30:30,RETURNED,SOUTH
ORD001511,CUST00253,2026-06-15 16:49:39,CANCELLED,EAST
ORD002839,CUST00474,2026-06-15 23:50:06,PLACED,CENTRAL
ORD000857,CUST00144,2026-06-16 00:12:17,DELIVERED,CENTRAL
ORD000741,CUST00124,2026-06-16 02:45:14,DELIVERED,WEST
ORD002112,CUST00348,2026-06-16 04:07:03,DELIVERED,WEST
ORD001853,CUST00308,2026-06-16 05:55:48,DELIVERED,WEST
ORD004354,CUST00730,2026-06-16 07:39:39,DELIVERED,CENTRAL
ORD000802,CUST00132,2026-06-16 09:22:30,DELIVERED,NORTH
ORD000931,CUST00158,2026-06-16 00:00:00,DELIVERED,WEST
ORD000272,CUST00046,2026-06-16 00:00:00,DELIVERED,WEST
ORD002572,CUST00426,2026-06-16 11:25:55,DELIVERED,WEST
ORD000320,CUST00050,2026-06-16 13:28:22,PLACED,SOUTH
ORD004483,CUST00752,2026-06-16 14:19:12,SHIPPED,EAST
ORD001167,CUST00187,2026-06-16 14:59:42,DELIVERED,WEST
ORD001461,CUST00244,2026-06-16 15:30:40,SHIPPED,NORTH
ORD001650,CUST00269,2026-06-16 15:39:12,DELIVERED,EAST
ORD002116,CUST00348,2026-06-16 17:45:40,SHIPPED,WEST
ORD000252,CUST00040,2026-06-16 18:38:04,SHIPPED,WEST
ORD003228,CUST00544,2026-06-16 18:58:03,DELIVERED,SOUTH
ORD002953,CUST00499,2026-06-16 19:17:50,SHIPPED,SOUTH
ORD003334,CUST00559,2026-06-16 20:18:55,DELIVERED,NORTH
ORD001465,CUST00244,2026-06-16 20:43:31,RETURNED,NORTH
ORD002272,CUST00370,2026-06-16 23:42:24,DELIVERED,CENTRAL
ORD001835,CUST00305,2026-06-17 00:00:00,PLACED,SOUTH
ORD000789,CUST00130,2026-06-17 08:29:18,CANCELLED,EAST
ORD002192,CUST00361,2026-06-17 08:33:37,DELIVERED,CENTRAL
ORD002843,CUST00475,2026-06-17 09:25:18,PLACED,EAST
ORD003606,CUST00604,2026-06-17 12:21:41,SHIPPED,NORTH
ORD002697,CUST00447,2026-06-17 12:23:44,RETURNED,NORTH
ORD000449,CUST00068,2026-06-17 12:24:10,DELIVERED,NORTH
ORD001489,CUST00250,2026-06-17 14:19:56,PLACED,SOUTH
ORD002432,CUST00401,2026-06-17 14:20:17,SHIPPED,NORTH
ORD000901,CUST00151,2026-06-17 15:22:49,SHIPPED,NORTH
ORD004617,CUST00775,2026-06-17 15:46:45,PLACED,NORTH
ORD001222,CUST00196,2026-06-17 18:33:16,DELIVERED,EAST
ORD004187,CUST00701,2026-06-17 22:13:59,DELIVERED,EAST
ORD003380,CUST00568,2026-06-17 22:46:47,DELIVERED,SOUTH
ORD002281,CUST00372,2026-06-17 23:42:41,DELIVERED,NORTH
ORD000493,CUST00078,2026-06-18 00:50:57,SHIPPED,WEST
ORD002393,CUST00397,2026-06-18 02:03:48,RETURNED,EAST
ORD002205,CUST00362,2026-06-18 08:11:07,DELIVERED,EAST
ORD002200,CUST00362,2026-06-18 08:54:50,DELIVERED,EAST
ORD004112,CUST00689,2026-06-18 09:51:43,CANCELLED,CENTRAL
ORD001695,CUST00274,2026-06-18 10:01:01,RETURNED,NORTH
ORD004122,CUST00689,2026-06-18 11:50:43,SHIPPED,CENTRAL
ORD001901,CUST00315,2026-06-18 12:09:03,PLACED,WEST
ORD001144,CUST00184,2026-06-18 12:12:17,DELIVERED,NORTH
ORD001680,CUST00272,2026-06-18 14:51:25,DELIVERED,CENTRAL
ORD004741,CUST00799,2026-06-18 15:32:16,DELIVERED,WEST
ORD003368,CUST00566,2026-06-18 16:09:07,DELIVERED,EAST
ORD003001,,2026-06-18 16:22:04,DELIVERED,SOUTH
ORD000336,CUST00053,2026-06-18 16:25:13,CANCELLED,NORTH
ORD000983,CUST00165,2026-06-18 16:26:26,DELIVERED,EAST
ORD003167,CUST00536,2026-06-18 18:50:12,DELIVERED,EAST
ORD001082,CUST00178,2026-06-18 19:01:00,DELIVERED,CENTRAL
ORD003041,,2026-06-18 20:44:01,PLACED,CENTRAL
ORD000710,CUST00120,2026-06-18 20:54:14,DELIVERED,NORTH
ORD003109,CUST00527,2026-06-19 01:39:27,DELIVERED,EAST
ORD002133,CUST00352,2026-06-19 00:00:00,PLACED,NORTH
ORD001196,CUST00193,2026-06-19 09:11:54,DELIVERED,CENTRAL
ORD002803,CUST00464,2026-06-19 11:32:34,PLACED,SOUTH
ORD004303,CUST00722,2026-06-19 15:24:09,DELIVERED,NORTH
ORD001122,CUST00182,2026-06-19 16:33:33,SHIPPED,EAST
ORD000813,CUST00133,2026-06-19 17:21:40,PLACED,WEST
ORD001946,CUST00323,2026-06-19 17:32:35,SHIPPED,EAST
ORD001478,CUST00247,2026-06-19 18:58:07,DELIVERED,EAST
ORD003756,CUST00622,2026-06-19 21:20:51,CANCELLED,SOUTH
ORD002115,CUST00348,2026-06-19 22:04:52,PLACED,WEST
ORD000956,CUST00161,2026-06-19 22:50:12,SHIPPED,EAST
ORD003113,CUST00527,2026-06-20 00:00:00,DELIVERED,EAST
ORD001927,CUST00318,2026-06-20 09:27:55,CANCELLED,WEST
ORD004685,CUST00792,2026-06-20 10:33:14,PLACED,EAST
ORD003000,CUST00508,2026-06-20 10:42:30,DELIVERED,SOUTH
ORD003266,CUST00550,2026-06-20 10:52:31,RETURNED,WEST
ORD000220,CUST00034,2026-06-20 11:09:17,PLACED,EAST
ORD000669,CUST00113,2026-06-20 12:02:01,CANCELLED,WEST
ORD001822,CUST00301,2026-06-20 14:53:17,DELIVERED,CENTRAL
ORD003858,CUST00643,2026-06-20 16:06:17,DELIVERED,NORTH
ORD001186,CUST00190,2026-06-20 17:35:18,PLACED,SOUTH
ORD001055,,2026-06-20 18:20:35,DELIVERED,NORTH
ORD004699,CUST00792,2026-06-20 19:56:58,DELIVERED,EAST
ORD003477,CUST00581,2026-06-21 00:45:39,DELIVERED,CENTRAL
ORD001062,CUST00176,2026-06-21 04:49:46,DELIVERED,CENTRAL
ORD002221,CUST00364,2026-06-21 08:16:32,DELIVERED,EAST
ORD000679,CUST00114,2026-06-21 09:37:01,SHIPPED,WEST
ORD000959,CUST00161,2026-06-21 10:44:49,DELIVERED,EAST
ORD003590,CUST00601,2026-06-21 10:53:12,DELIVERED,SOUTH
ORD003406,CUST00571,2026-06-21 11:36:44,SHIPPED,EAST
ORD002377,CUST00391,2026-06-21 12:14:50,DELIVERED,WEST
ORD004436,CUST00745,2026-06-21 12:57:46,DELIVERED,EAST
ORD003821,CUST00635,2026-06-21 16:20:00,RETURNED,SOUTH
ORD000885,CUST00148,2026-06-21 17:20:06,CANCELLED,WEST
ORD003666,CUST00610,2026-06-21 17:36:38,DELIVERED,SOUTH
ORD000121,CUST00020,2026-06-21 18:00:30,SHIPPED,WEST
ORD001021,CUST00168,2026-06-21 21:53:47,CANCELLED,EAST
ORD002749,CUST00455,2026-06-21 23:31:10,DELIVERED,SOUTH
ORD001633,CUST00268,2026-06-22 08:46:04,DELIVERED,NORTH
ORD003818,CUST00635,2026-06-22 10:28:32,DELIVERED,SOUTH
ORD001868,CUST00311,2026-06-22 10:35:41,SHIPPED,CENTRAL
ORD002477,CUST00411,2026-06-22 10:36:44,PLACED,WEST
ORD002644,CUST00438,2026-06-22 12:27:15,DELIVERED,EAST
ORD000357,CUST00056,2026-06-22 12:30:45,PLACED,WEST
ORD000306,CUST00048,2026-06-22 15:26:52,DELIVERED,NORTH
ORD002442,CUST00403,2026-06-22 19:54:42,DELIVERED,NORTH
ORD000146,CUST00023,2026-06-22 20:29:29,SHIPPED,CENTRAL
ORD002893,CUST00485,2026-06-22 23:36:07,SHIPPED,EAST
ORD000613,CUST00103,2026-06-23 09:09:22,DELIVERED,NORTH
ORD001552,CUST00257,2026-06-23 09:45:58,DELIVERED,NORTH
ORD003802,,2026-06-23 10:01:02,DELIVERED,NORTH
ORD003973,CUST00665,2026-06-23 11:11:10,DELIVERED,CENTRAL
ORD004693,CUST00792,2026-06-23 11:25:03,DELIVERED,EAST
ORD000511,CUST00083,2026-06-23 12:12:54,DELIVERED,CENTRAL
ORD004704,,2026-06-23 12:20:53,DELIVERED,CENTRAL
ORD004740,CUST00799,2026-06-23 12:40:40,SHIPPED,WEST
ORD004002,CUST00669,2026-06-23 18:22:42,SHIPPED,EAST
ORD002963,,2026-06-23 18:34:35,DELIVERED,EAST
ORD001480,CUST00248,2026-06-23 20:23:40,DELIVERED,WEST
ORD000752,CUST00124,2026-06-23 22:24:53,SHIPPED,WEST
ORD000244,CUST00039,2026-06-24 02:31:50,DELIVERED,NORTH
ORD000191,CUST00031,2026-06-24 04:12:03,SHIPPED,SOUTH
ORD004281,CUST00717,2026-06-24 04:16:55,DELIVERED,NORTH
ORD000460,CUST00072,2026-06-24 05:45:14,CANCELLED,WEST
ORD002934,CUST00496,2026-06-24 07:02:03,DELIVERED,SOUTH
ORD004440,CUST00745,2026-06-24 08:12:50,PLACED,EAST
ORD001187,CUST00190,2026-06-24 08:39:44,DELIVERED,SOUTH
ORD001725,CUST00280,2026-06-24 00:00:00,DELIVERED,SOUTH
ORD003773,CUST00627,2026-06-24 09:54:53,DELIVERED,NORTH
ORD000022,CUST00007,2026-06-24 09:56:01,DELIVERED,EAST
ORD001513,CUST00253,2026-06-24 11:34:35,DELIVERED,EAST
ORD004302,CUST00722,2026-06-24 12:41:50,DELIVERED,NORTH
ORD004395,CUST00736,2026-06-24 00:00:00,DELIVERED,CENTRAL
ORD004190,CUST00701,2026-06-24 15:16:29,DELIVERED,EAST
ORD001969,CUST00327,2026-06-24 16:06:14,CANCELLED,CENTRAL
ORD000933,CUST00159,2026-06-24 16:30:02,DELIVERED,EAST
ORD000096,CUST00017,2026-06-24 18:42:10,CANCELLED,SOUTH
ORD000464,CUST00073,2026-06-25 02:45:49,SHIPPED,CENTRAL
ORD003794,CUST00633,2026-06-25 03:08:15,DELIVERED,NORTH
ORD000167,CUST00027,2026-06-25 09:15:23,CANCELLED,NORTH
ORD000099,CUST00017,2026-06-25 11:27:40,DELIVERED,SOUTH
ORD002484,CUST00411,2026-06-25 11:57:55,SHIPPED,WEST
ORD001403,CUST00230,2026-06-25 12:32:48,DELIVERED,WEST
ORD000743,CUST00124,2026-06-25 14:02:38,DELIVERED,WEST
ORD002043,,2026-06-25 00:00:00,SHIPPED,CENTRAL
ORD002544,CUST00423,2026-06-25 15:22:08,SHIPPED,WEST
ORD002227,CUST00365,2026-06-25 15:47:46,RETURNED,EAST
ORD001419,CUST00233,2026-06-25 15:50:42,CANCELLED,EAST
ORD002251,CUST00367,2026-06-25 17:11:17,DELIVERED,CENTRAL
ORD000879,CUST00147,2026-06-25 17:17:40,DELIVERED,EAST
ORD000077,CUST00013,2026-06-25 17:28:11,DELIVERED,NORTH
ORD000198,CUST00032,2026-06-25 17:48:09,PLACED,NORTH
ORD003956,CUST00665,2026-06-25 19:24:18,DELIVERED,CENTRAL
ORD002465,CUST00408,2026-06-25 20:32:51,DELIVERED,EAST
ORD000440,CUST00067,2026-06-25 22:30:26,PLACED,EAST
ORD001687,CUST00272,2026-06-26 00:00:00,DELIVERED,CENTRAL
ORD003819,CUST00635,2026-06-26 08:17:52,PLACED,SOUTH
ORD002407,CUST00398,2026-06-26 08:54:08,DELIVERED,CENTRAL
ORD000637,CUST00108,2026-06-26 08:58:19,PLACED,WEST
ORD002754,CUST00459,2026-06-26 00:00:00,DELIVERED,NORTH
ORD001931,CUST00319,2026-06-26 12:59:07,DELIVERED,EAST
ORD000940,CUST00160,2026-06-26 13:21:54,DELIVERED,WEST
ORD000116,CUST00019,2026-06-26 14:05:50,DELIVERED,WEST
ORD004671,CUST00787,2026-06-26 15:23:52,DELIVERED,WEST
ORD003218,,2026-06-26 15:26:28,DELIVERED,SOUTH
ORD003433,CUST00574,2026-06-26 15:59:56,DELIVERED,WEST
ORD003789,CUST00631,2026-06-26 17:06:58,DELIVERED,EAST
ORD000993,CUST00166,2026-06-26 19:55:58,CANCELLED,SOUTH
ORD000208,CUST00033,2026-06-26 21:46:22,DELIVERED,SOUTH
ORD002574,CUST00426,2026-06-26 22:35:27,RETURNED,WEST
ORD003893,CUST00652,2026-06-26 23:06:48,SHIPPED,EAST
ORD001771,CUST00287,2026-06-26 23:56:28,DELIVERED,SOUTH
ORD002739,CUST00452,2026-06-27 08:38:00,DELIVERED,NORTH
ORD002912,CUST00490,2026-06-27 12:16:24,DELIVERED,NORTH
ORD001583,CUST00261,2026-06-27 13:59:55,CANCELLED,EAST
ORD004049,CUST00676,2026-06-27 14:14:52,SHIPPED,EAST
ORD002916,CUST00492,2026-06-27 14:23:44,DELIVERED,EAST
ORD002472,CUST00409,2026-06-27 16:22:52,DELIVERED,NORTH
ORD004608,CUST00774,2026-06-27 18:05:22,DELIVERED,NORTH
ORD002495,CUST00416,2026-06-27 18:34:55,DELIVERED,CENTRAL
ORD000476,CUST00074,2026-06-27 18:44:52,SHIPPED,NORTH
ORD001058,CUST00173,2026-06-27 22:37:30,RETURNED,NORTH
ORD004120,CUST00689,2026-06-27 23:10:44,DELIVERED,CENTRAL
ORD001037,,2026-06-28 10:41:19,DELIVERED,EAST
ORD002928,CUST00496,2026-06-28 10:59:14,DELIVERED,SOUTH
ORD002172,CUST00357,2026-06-28 11:02:55,DELIVERED,SOUTH
ORD002289,CUST00372,2026-06-28 11:08:04,PLACED,NORTH
ORD002690,CUST00445,2026-06-28 13:06:41,DELIVERED,NORTH
ORD001281,CUST00206,2026-06-28 16:18:43,SHIPPED,NORTH
ORD001065,CUST00176,2026-06-28 16:35:33,PLACED,CENTRAL
ORD002970,CUST00502,2026-06-28 20:19:12,SHIPPED,EAST
ORD000297,CUST00048,2026-06-28 21:22:38,DELIVERED,NORTH
ORD004474,CUST00749,2026-06-28 23:45:38,DELIVERED,WEST
ORD002969,CUST00502,2026-06-29 06:02:11,DELIVERED,EAST
ORD004171,CUST00700,2026-06-29 08:47:12,DELIVERED,SOUTH
ORD004589,CUST00772,2026-06-29 08:58:36,DELIVERED,CENTRAL
ORD001575,CUST00260,2026-06-29 00:00:00,DELIVERED,WEST
ORD003870,CUST00647,2026-06-29 09:12:16,DELIVERED,CENTRAL
ORD001422,CUST00237,2026-06-29 09:12:27,PLACED,NORTH
ORD003080,CUST00521,2026-06-29 10:47:40,SHIPPED,WEST
ORD002599,CUST00430,2026-06-29 00:00:00,DELIVERED,SOUTH
ORD002860,CUST00477,2026-06-29 16:11:26,DELIVERED,SOUTH
ORD003096,CUST00525,2026-06-29 00:00:00,DELIVERED,NORTH
ORD003907,CUST00655,2026-06-29 19:09:26,DELIVERED,NORTH
ORD001964,CUST00326,2026-06-29 19:14:55,CANCELLED,SOUTH
ORD000902,CUST00151,2026-06-29 00:00:00,DELIVERED,NORTH
ORD004034,CUST00673,2026-06-29 21:33:02,DELIVERED,NORTH
ORD001941,CUST00323,2026-06-30 01:10:08,CANCELLED,EAST
ORD003871,CUST00647,2026-06-30 04:22:27,DELIVERED,CENTRAL
ORD001423,CUST00237,2026-06-30 04:26:41,DELIVERED,NORTH
ORD003371,CUST00566,2026-06-30 08:34:27,DELIVERED,EAST
ORD002635,CUST00437,2026-06-30 13:16:39,PLACED,NORTH
ORD002300,CUST00375,2026-06-30 00:00:00,DELIVERED,NORTH
ORD000539,CUST00087,2026-06-30 18:13:55,DELIVERED,SOUTH
ORD003813,CUST00635,2026-06-30 19:56:14,CANCELLED,SOUTH
ORD002462,CUST00407,2026-06-30 19:58:10,DELIVERED,SOUTH
ORD002140,CUST00353,2026-06-30 20:33:32,PLACED,CENTRAL
ORD002525,,2026-06-30 00:00:00,DELIVERED,WEST
ORD000471,CUST00073,2026-06-30 23:48:56,DELIVERED,CENTRAL
ORD003953,CUST00665,2026-07-01 00:18:37,SHIPPED,CENTRAL
ORD003909,CUST00655,2026-07-01 09:16:54,DELIVERED,NORTH
ORD004346,CUST00729,2026-07-01 09:17:46,DELIVERED,SOUTH
ORD003071,CUST00519,2026-07-01 09:36:02,PLACED,SOUTH
ORD000907,CUST00151,2026-07-01 10:59:07,DELIVERED,NORTH
ORD003641,CUST00608,2026-07-01 13:41:44,CANCELLED,CENTRAL
ORD002413,CUST00400,2026-07-01 14:08:49,DELIVERED,SOUTH
ORD001772,CUST00287,2026-07-01 14:36:13,RETURNED,SOUTH
ORD004452,CUST00746,2026-07-01 16:06:44,SHIPPED,SOUTH
ORD000072,CUST00012,2026-07-01 18:39:00,DELIVERED,NORTH
ORD004481,CUST00750,2026-07-02 01:45:32,DELIVERED,WEST
ORD000952,CUST00161,2026-07-02 02:20:23,DELIVERED,EAST
ORD004211,CUST00705,2026-07-02 03:24:12,DELIVERED,NORTH
ORD001380,CUST00229,2026-07-02 03:56:12,DELIVERED,NORTH
ORD003737,CUST00618,2026-07-02 08:02:11,DELIVERED,EAST
ORD000934,CUST00159,2026-07-02 08:25:43,DELIVERED,EAST
ORD000604,CUST00103,2026-07-02 09:07:02,PLACED,NORTH
ORD000190,CUST00031,2026-07-02 11:28:40,DELIVERED,SOUTH
ORD002628,CUST00435,2026-07-02 11:51:16,SHIPPED,EAST
ORD002027,CUST00336,2026-07-02 12:20:42,CANCELLED,NORTH
ORD000089,CUST00015,2026-07-02 12:25:11,CANCELLED,WEST
ORD002321,CUST00380,2026-07-02 18:32:59,DELIVERED,NORTH
ORD003860,CUST00646,2026-07-02 21:24:18,DELIVERED,NORTH
ORD001790,CUST00295,2026-07-03 01:09:22,DELIVERED,NORTH
ORD000997,CUST00167,2026-07-03 01:30:52,PLACED,EAST
ORD001749,CUST00284,2026-07-03 04:43:35,DELIVERED,SOUTH
ORD002190,CUST00359,2026-07-03 08:32:37,DELIVERED,NORTH
ORD004145,CUST00693,2026-07-03 09:27:28,DELIVERED,NORTH
ORD001009,CUST00167,2026-07-03 10:45:10,SHIPPED,EAST
ORD004692,CUST00792,2026-07-03 12:09:21,DELIVERED,EAST
ORD002654,CUST00439,2026-07-03 12:31:25,DELIVERED,NORTH
ORD004396,CUST00737,2026-07-03 13:07:03,SHIPPED,SOUTH
ORD003798,CUST00633,2026-07-03 13:34:22,SHIPPED,NORTH
ORD001464,CUST00244,2026-07-03 14:06:27,SHIPPED,NORTH
ORD004138,CUST00693,2026-07-03 15:33:42,PLACED,NORTH
ORD004362,CUST00732,2026-07-03 17:19:49,SHIPPED,NORTH
ORD003944,,2026-07-03 17:25:51,DELIVERED,EAST
ORD002008,CUST00333,2026-07-03 00:00:00,DELIVERED,EAST
ORD002585,CUST00428,2026-07-03 20:36:55,DELIVERED,WEST
ORD002980,CUST00506,2026-07-03 23:03:46,DELIVERED,SOUTH
ORD004043,CUST00675,2026-07-04 05:02:43,SHIPPED,SOUTH
ORD001762,CUST00286,2026-07-04 09:08:18,DELIVERED,SOUTH
ORD003772,CUST00627,2026-07-04 09:11:57,DELIVERED,NORTH
ORD004321,CUST00724,2026-07-04 10:02:06,CANCELLED,WEST
ORD003554,CUST00595,2026-07-04 10:59:59,CANCELLED,SOUTH
ORD000074,CUST00013,2026-07-04 11:12:06,DELIVERED,NORTH
ORD002046,CUST00340,2026-07-04 12:03:51,CANCELLED,CENTRAL
ORD002022,CUST00335,2026-07-04 13:07:41,DELIVERED,NORTH
ORD000296,CUST00048,2026-07-04 13:36:31,SHIPPED,NORTH
ORD003695,CUST00613,2026-07-04 13:39:07,SHIPPED,EAST
ORD003731,CUST00617,2026-07-04 14:02:38,PLACED,CENTRAL
ORD000793,CUST00131,2026-07-04 16:04:45,SHIPPED,NORTH
ORD000924,CUST00157,2026-07-04 16:44:13,CANCELLED,SOUTH
ORD002696,CUST00447,2026-07-04 16:45:52,PLACED,NORTH
ORD000315,CUST00050,2026-07-04 16:50:34,DELIVERED,SOUTH
ORD002024,CUST00335,2026-07-04 17:59:36,SHIPPED,NORTH
ORD004036,CUST00674,2026-07-04 19:25:19,DELIVERED,SOUTH
ORD000976,CUST00164,2026-07-04 23:35:26,DELIVERED,SOUTH
ORD004290,CUST00720,2026-07-05 03:56:47,DELIVERED,EAST
ORD001319,CUST00211,2026-07-05 05:38:51,DELIVERED,NORTH
ORD004701,CUST00792,2026-07-05 07:11:13,SHIPPED,EAST
ORD003655,CUST00609,2026-07-05 08:41:17,CANCELLED,WEST
ORD003587,CUST00601,2026-07-05 09:00:19,DELIVERED,SOUTH
ORD004229,CUST00708,2026-07-05 10:18:41,DELIVERED,CENTRAL
ORD004355,CUST00731,2026-07-05 11:20:04,PLACED,SOUTH
ORD002468,CUST00409,2026-07-05 11:47:52,DELIVERED,NORTH
ORD002059,CUST00341,2026-07-05 12:48:42,DELIVERED,CENTRAL
ORD003301,CUST00554,2026-07-05 13:41:10,DELIVERED,NORTH
ORD003506,CUST00586,2026-07-05 16:53:28,PLACED,CENTRAL
ORD004479,CUST00750,2026-07-05 19:10:25,PLACED,WEST
ORD001982,CUST00328,2026-07-05 22:06:15,PLACED,SOUTH
ORD000245,CUST00039,2026-07-05 23:29:10,CANCELLED,NORTH
ORD000166,CUST00026,2026-07-06 00:00:00,DELIVERED,WEST
ORD000808,CUST00132,2026-07-06 07:44:25,PLACED,NORTH
ORD000286,,2026-07-06 08:52:44,DELIVERED,NORTH
ORD001551,CUST00257,2026-07-06 09:02:24,DELIVERED,NORTH
ORD000715,CUST00121,2026-07-06 09:23:46,PLACED,EAST
ORD003545,CUST00592,2026-07-06 11:45:58,DELIVERED,WEST
ORD000807,CUST00132,2026-07-06 12:11:29,RETURNED,NORTH
ORD002152,CUST00355,2026-07-06 14:21:46,DELIVERED,WEST
ORD002582,CUST00428,2026-07-06 15:32:47,SHIPPED,WEST
ORD003658,CUST00610,2026-07-06 15:57:19,DELIVERED,SOUTH
ORD002151,CUST00355,2026-07-06 00:00:00,DELIVERED,WEST
ORD004337,CUST00728,2026-07-06 18:25:52,SHIPPED,CENTRAL
ORD004492,CUST00754,2026-07-07 01:02:22,DELIVERED,CENTRAL
ORD002276,CUST00371,2026-07-07 02:39:00,DELIVERED,WEST
ORD000549,CUST00089,2026-07-07 04:10:56,DELIVERED,CENTRAL
ORD001002,CUST00167,2026-07-07 08:26:42,DELIVERED,EAST
ORD001212,,2026-07-07 08:34:43,SHIPPED,NORTH
ORD001466,CUST00245,2026-07-07 10:05:05,DELIVERED,WEST
ORD001646,CUST00269,2026-07-07 11:21:51,SHIPPED,EAST
ORD000988,CUST00165,2026-07-07 12:32:55,DELIVERED,EAST
ORD001014,CUST00167,2026-07-07 14:55:33,DELIVERED,EAST
ORD004517,CUST00758,2026-07-07 17:26:04,DELIVERED,SOUTH
ORD000264,CUST00042,2026-07-07 17:30:40,CANCELLED,EAST
ORD001572,,2026-07-07 19:08:51,DELIVERED,WEST
ORD002476,CUST00411,2026-07-07 19:12:07,DELIVERED,WEST
ORD002119,CUST00350,2026-07-07 19:52:31,CANCELLED,NORTH
ORD002121,CUST00350,2026-07-08 04:29:37,DELIVERED,NORTH
ORD002056,CUST00341,2026-07-08 05:43:37,DELIVERED,CENTRAL
ORD001850,CUST00308,2026-07-08 06:47:08,DELIVERED,WEST
ORD002131,CUST00351,2026-07-08 08:05:26,DELIVERED,WEST
ORD001203,,2026-07-08 09:22:45,PLACED,CENTRAL
ORD004639,CUST00777,2026-07-08 10:16:59,PLACED,EAST
ORD003800,CUST00633,2026-07-08 10:32:23,DELIVERED,NORTH
ORD003161,CUST00535,2026-07-08 10:39:02,PLACED,SOUTH
ORD003583,CUST00601,2026-07-08 11:11:47,PLACED,SOUTH
ORD003586,CUST00601,2026-07-08 12:09:11,DELIVERED,SOUTH
ORD001475,CUST00247,2026-07-08 13:00:24,PLACED,EAST
ORD000804,CUST00132,2026-07-08 13:50:40,DELIVERED,NORTH
ORD001432,,2026-07-08 13:51:17,DELIVERED,WEST
ORD000847,CUST00140,2026-07-08 14:08:47,CANCELLED,WEST
ORD000370,CUST00058,2026-07-08 15:15:41,DELIVERED,SOUTH
ORD000461,CUST00072,2026-07-08 16:49:45,DELIVERED,WEST
ORD001863,CUST00310,2026-07-08 17:38:52,DELIVERED,CENTRAL
ORD004186,CUST00701,2026-07-08 18:21:17,DELIVERED,EAST
ORD002106,CUST00347,2026-07-08 19:12:38,DELIVERED,SOUTH
ORD004118,,2026-07-08 19:13:33,CANCELLED,CENTRAL
ORD003308,CUST00555,2026-07-08 19:49:14,DELIVERED,SOUTH
ORD002929,CUST00496,2026-07-09 00:00:00,DELIVERED,SOUTH
ORD002340,,2026-07-09 01:21:51,DELIVERED,SOUTH
ORD002282,CUST00372,2026-07-09 04:01:23,PLACED,NORTH
ORD000294,CUST00048,2026-07-09 08:42:00,DELIVERED,NORTH
ORD002727,CUST00451,2026-07-09 09:28:34,SHIPPED,WEST
ORD001587,CUST00263,2026-07-09 11:20:18,DELIVERED,EAST
ORD002379,CUST00391,2026-07-09 11:56:36,DELIVERED,WEST
ORD003943,CUST00662,2026-07-09 12:14:30,RETURNED,SOUTH
ORD001953,CUST00324,2026-07-09 13:34:09,CANCELLED,WEST
ORD003785,CUST00631,2026-07-09 13:58:50,DELIVERED,EAST
ORD002748,CUST00455,2026-07-09 13:59:49,SHIPPED,SOUTH
ORD003752,CUST00622,2026-07-09 14:08:22,DELIVERED,SOUTH
ORD001341,CUST00220,2026-07-09 15:12:44,DELIVERED,SOUTH
ORD000359,CUST00056,2026-07-09 15:40:09,DELIVERED,WEST
ORD000023,,2026-07-09 00:00:00,SHIPPED,NORTH
ORD002999,CUST00508,2026-07-09 16:24:35,DELIVERED,SOUTH
ORD002510,CUST00419,2026-07-09 19:30:42,DELIVERED,WEST
ORD004279,CUST00716,2026-07-09 19:37:14,DELIVERED,NORTH
ORD003515,CUST00586,2026-07-09 19:47:05,DELIVERED,CENTRAL
ORD000193,CUST00031,2026-07-09 19:59:13,DELIVERED,SOUTH
ORD000748,,2026-07-09 20:23:30,CANCELLED,WEST
ORD003290,CUST00553,2026-07-09 21:27:27,SHIPPED,SOUTH
ORD002779,CUST00462,2026-07-09 21:45:21,DELIVERED,EAST
ORD000567,CUST00096,2026-07-10 00:00:00,CANCELLED,EAST
ORD004568,CUST00768,2026-07-10 06:27:31,SHIPPED,EAST
ORD002175,CUST00358,2026-07-10 08:16:38,DELIVERED,WEST
ORD004357,CUST00731,2026-07-10 09:46:00,CANCELLED,SOUTH
ORD000920,CUST00155,2026-07-10 11:25:10,DELIVERED,CENTRAL
ORD004658,CUST00785,2026-07-10 12:25:48,DELIVERED,NORTH
ORD004092,,2026-07-10 12:34:47,DELIVERED,SOUTH
ORD001925,CUST00317,2026-07-10 14:11:06,SHIPPED,SOUTH
ORD004737,CUST00798,2026-07-10 15:41:21,DELIVERED,WEST
ORD004238,CUST00708,2026-07-10 15:50:02,SHIPPED,CENTRAL
ORD003670,CUST00611,2026-07-10 15:51:44,DELIVERED,WEST
ORD001595,CUST00264,2026-07-10 15:58:13,DELIVERED,SOUTH
ORD003272,CUST00550,2026-07-10 16:09:37,CANCELLED,WEST
ORD003979,CUST00666,2026-07-10 17:18:01,SHIPPED,WEST
ORD001067,CUST00176,2026-07-10 17:47:20,RETURNED,CENTRAL
ORD002680,CUST00443,2026-07-10 19:39:57,DELIVERED,SOUTH
ORD004449,CUST00746,2026-07-10 00:00:00,DELIVERED,SOUTH
ORD000427,CUST00065,2026-07-10 21:24:26,DELIVERED,SOUTH
ORD000938,CUST00159,2026-07-11 00:41:42,DELIVERED,EAST
ORD000746,CUST00124,2026-07-11 04:27:56,DELIVERED,WEST
ORD000775,CUST00128,2026-07-11 05:57:00,SHIPPED,NORTH
ORD001450,CUST00242,2026-07-11 07:46:53,PLACED,NORTH
ORD000143,CUST00023,2026-07-11 09:45:43,DELIVERED,CENTRAL
ORD003803,,2026-07-11 09:53:21,PLACED,NORTH
ORD001996,CUST00330,2026-07-11 10:32:08,DELIVERED,SOUTH
ORD000569,CUST00097,2026-07-11 14:00:59,SHIPPED,SOUTH
ORD002306,CUST00376,2026-07-11 14:10:44,DELIVERED,NORTH
ORD004275,CUST00715,2026-07-11 15:19:45,CANCELLED,EAST
ORD001711,CUST00279,2026-07-11 16:12:52,DELIVERED,CENTRAL
ORD000429,CUST00066,2026-07-11 17:47:14,PLACED,WEST
ORD004158,CUST00696,2026-07-11 18:18:06,DELIVERED,EAST
ORD003627,CUST00607,2026-07-11 18:21:44,DELIVERED,WEST
ORD003449,,2026-07-11 19:28:09,DELIVERED,EAST
ORD000097,CUST00017,2026-07-11 20:04:07,DELIVERED,SOUTH
ORD002147,CUST00354,2026-07-11 20:09:29,PLACED,SOUTH
ORD001997,CUST00330,2026-07-11 21:05:51,SHIPPED,SOUTH
ORD004305,CUST00722,2026-07-12 05:00:00,DELIVERED,NORTH
ORD004455,CUST00747,2026-07-12 08:01:04,DELIVERED,EAST
ORD003612,CUST00605,2026-07-12 08:08:54,DELIVERED,NORTH
ORD004356,CUST00731,2026-07-12 10:07:39,DELIVERED,SOUTH
ORD002813,CUST00468,2026-07-12 11:46:38,DELIVERED,NORTH
ORD001838,CUST00307,2026-07-12 16:25:23,SHIPPED,EAST
ORD004669,CUST00786,2026-07-12 00:00:00,DELIVERED,EAST
ORD000853,CUST00142,2026-07-12 17:30:00,DELIVERED,SOUTH
ORD002516,CUST00419,2026-07-12 17:37:13,SHIPPED,WEST
ORD003273,CUST00550,2026-07-12 18:46:35,DELIVERED,WEST
ORD000120,CUST00019,2026-07-12 21:00:49,DELIVERED,WEST
ORD000435,CUST00067,2026-07-13 01:27:23,DELIVERED,EAST
ORD004657,CUST00785,2026-07-13 02:22:40,DELIVERED,NORTH
ORD004407,,2026-07-13 06:26:25,DELIVERED,WEST
ORD000487,CUST00076,2026-07-13 08:09:04,DELIVERED,SOUTH
ORD004037,CUST00674,2026-07-13 08:11:50,PLACED,SOUTH
ORD003327,CUST00558,2026-07-13 00:00:00,DELIVERED,SOUTH
ORD002287,CUST00372,2026-07-13 14:35:53,CANCELLED,NORTH
ORD002231,CUST00365,2026-07-13 14:43:10,PLACED,EAST
ORD001635,CUST00269,2026-07-13 16:42:35,PLACED,EAST
ORD004119,CUST00689,2026-07-13 16:56:37,DELIVERED,CENTRAL
ORD003864,CUST00646,2026-07-13 00:00:00,DELIVERED,NORTH
ORD001382,CUST00229,2026-07-13 19:19:16,DELIVERED,NORTH
ORD002384,CUST00393,2026-07-14 00:00:00,RETURNED,CENTRAL
ORD001755,CUST00284,2026-07-14 09:30:44,DELIVERED,SOUTH
ORD002464,CUST00407,2026-07-14 00:00:00,DELIVERED,SOUTH
ORD003993,CUST00668,2026-07-14 12:51:39,SHIPPED,CENTRAL
ORD000414,CUST00062,2026-07-14 12:56:45,CANCELLED,NORTH
ORD003284,CUST00553,2026-07-14 13:09:57,SHIPPED,SOUTH
ORD004320,CUST00724,2026-07-14 15:21:27,DELIVERED,WEST
ORD000457,CUST00070,2026-07-14 16:21:26,CANCELLED,EAST
ORD003544,CUST00592,2026-07-14 16:55:07,DELIVERED,WEST
ORD003246,CUST00545,2026-07-14 18:59:26,DELIVERED,NORTH
ORD003899,CUST00654,2026-07-14 19:18:08,RETURNED,WEST
ORD002968,CUST00501,2026-07-15 01:25:25,DELIVERED,EAST
ORD003223,CUST00544,2026-07-15 03:09:50,CANCELLED,SOUTH
ORD000987,CUST00165,2026-07-15 05:23:01,PLACED,EAST
ORD003187,CUST00539,2026-07-15 08:53:07,DELIVERED,NORTH
ORD003075,CUST00520,2026-07-15 08:55:05,DELIVERED,WEST
ORD000815,CUST00133,2026-07-15 09:40:07,CANCELLED,WEST
ORD001255,CUST00202,2026-07-15 10:56:41,PLACED,NORTH
ORD003955,CUST00665,2026-07-15 13:29:09,DELIVERED,CENTRAL
ORD002566,CUST00424,2026-07-15 14:12:18,SHIPPED,NORTH
ORD000667,CUST00113,2026-07-15 14:42:33,DELIVERED,WEST
ORD002602,CUST00430,2026-07-15 15:49:16,PLACED,SOUTH
ORD002532,CUST00421,2026-07-15 16:11:14,DELIVERED,EAST
ORD004566,CUST00768,2026-07-15 16:21:32,PLACED,EAST
ORD002068,CUST00342,2026-07-15 16:40:33,DELIVERED,CENTRAL
ORD000287,CUST00048,2026-07-15 19:50:51,DELIVERED,NORTH
ORD000136,CUST00022,2026-07-16 01:12:04,CANCELLED,EAST
ORD002600,CUST00430,2026-07-16 03:17:41,DELIVERED,SOUTH
ORD004506,CUST00756,2026-07-16 07:05:22,DELIVERED,WEST
ORD001802,CUST00301,2026-07-16 08:04:03,DELIVERED,CENTRAL
ORD004420,CUST00740,2026-07-16 08:33:20,DELIVERED,EAST
ORD001038,CUST00170,2026-07-16 09:17:43,SHIPPED,EAST
ORD003306,,2026-07-16 10:38:00,PLACED,SOUTH
ORD002721,CUST00450,2026-07-16 10:54:47,RETURNED,SOUTH
ORD003019,CUST00512,2026-07-16 11:06:08,DELIVERED,CENTRAL
ORD000723,CUST00122,2026-07-16 11:53:58,DELIVERED,NORTH
ORD000903,,2026-07-16 12:34:36,DELIVERED,NORTH
ORD002074,CUST00343,2026-07-16 15:52:01,PLACED,NORTH
ORD000611,CUST00103,2026-07-16 19:30:07,DELIVERED,NORTH
ORD002788,CUST00463,2026-07-16 19:52:08,DELIVERED,CENTRAL
ORD000537,CUST00087,2026-07-17 00:33:47,DELIVERED,SOUTH
ORD000675,CUST00114,2026-07-17 01:11:20,DELIVERED,WEST
ORD001862,CUST00310,2026-07-17 07:06:42,DELIVERED,CENTRAL
ORD001564,CUST00257,2026-07-17 08:17:32,PLACED,NORTH
ORD004554,CUST00766,2026-07-17 11:23:17,DELIVERED,WEST
ORD002313,CUST00377,2026-07-17 11:52:55,PLACED,NORTH
ORD000084,CUST00014,2026-07-17 13:44:29,SHIPPED,EAST
ORD003978,CUST00666,2026-07-17 15:23:15,DELIVERED,WEST
ORD000462,CUST00073,2026-07-17 16:59:49,DELIVERED,CENTRAL
ORD001413,CUST00232,2026-07-17 17:19:53,SHIPPED,SOUTH
ORD003110,CUST00527,2026-07-17 18:01:00,SHIPPED,EAST
ORD002333,CUST00383,2026-07-18 03:23:28,SHIPPED,SOUTH
ORD001864,CUST00311,2026-07-18 04:18:18,SHIPPED,CENTRAL
ORD002049,CUST00340,2026-07-18 05:36:54,PLACED,CENTRAL
ORD001737,CUST00282,2026-07-18 06:57:18,DELIVERED,EAST
ORD000076,CUST00013,2026-07-18 08:32:16,DELIVERED,NORTH
ORD001421,CUST00237,2026-07-18 12:36:10,DELIVERED,NORTH
ORD002129,CUST00351,2026-07-18 12:42:08,DELIVERED,WEST
ORD001570,CUST00260,2026-07-18 13:41:33,DELIVERED,WEST
ORD001011,CUST00167,2026-07-18 18:08:09,SHIPPED,EAST
ORD003639,CUST00608,2026-07-18 18:24:31,CANCELLED,CENTRAL
ORD002107,CUST00347,2026-07-18 18:28:59,DELIVERED,SOUTH
ORD002907,CUST00490,2026-07-18 18:40:09,CANCELLED,NORTH
ORD004003,CUST00669,2026-07-19 00:35:59,DELIVERED,EAST
ORD000010,CUST00004,2026-07-19 01:50:13,DELIVERED,CENTRAL
ORD004471,CUST00749,2026-07-19 01:50:58,DELIVERED,WEST
ORD001804,CUST00301,2026-07-19 07:35:58,DELIVERED,CENTRAL
ORD003534,CUST00591,2026-07-19 08:14:41,PLACED,NORTH
ORD004394,CUST00736,2026-07-19 10:39:54,CANCELLED,CENTRAL
ORD000034,CUST00009,2026-07-19 11:16:48,PLACED,CENTRAL
ORD001813,CUST00301,2026-07-19 12:06:19,RETURNED,CENTRAL
ORD001078,CUST00178,2026-07-19 12:17:29,DELIVERED,CENTRAL
ORD001218,CUST00195,2026-07-19 12:26:24,SHIPPED,SOUTH
ORD001808,CUST00301,2026-07-19 16:25:17,DELIVERED,CENTRAL
ORD002073,CUST00343,2026-07-19 16:38:22,DELIVERED,NORTH
ORD001193,CUST00192,2026-07-19 17:14:15,CANCELLED,NORTH
ORD003529,CUST00588,2026-07-19 19:20:28,SHIPPED,CENTRAL
ORD004745,CUST00799,2026-07-19 19:41:30,DELIVERED,WEST
ORD002155,CUST00355,2026-07-19 21:44:40,DELIVERED,WEST
ORD001361,CUST00225,2026-07-20 03:06:04,RETURNED,SOUTH
ORD003617,CUST00605,2026-07-20 10:14:36,DELIVERED,NORTH
ORD004507,CUST00756,2026-07-20 11:18:10,DELIVERED,WEST
ORD004253,CUST00709,2026-07-20 12:31:42,DELIVERED,CENTRAL
ORD000969,CUST00163,2026-07-20 13:22:05,DELIVERED,WEST
ORD000691,CUST00117,2026-07-20 13:58:16,SHIPPED,CENTRAL
ORD003516,CUST00587,2026-07-20 14:24:54,SHIPPED,NORTH
ORD001709,CUST00278,2026-07-20 14:26:00,SHIPPED,NORTH
ORD000664,CUST00112,2026-07-20 15:29:45,CANCELLED,WEST
ORD004217,CUST00705,2026-07-20 17:29:22,DELIVERED,NORTH
ORD001774,CUST00288,2026-07-20 18:53:01,DELIVERED,CENTRAL
ORD003994,CUST00668,2026-07-20 19:16:19,DELIVERED,CENTRAL
ORD000779,CUST00128,2026-07-20 20:37:32,CANCELLED,NORTH
ORD001558,CUST00257,2026-07-20 22:11:18,DELIVERED,NORTH
ORD003872,CUST00647,2026-07-21 08:23:15,DELIVERED,CENTRAL
ORD001795,CUST00299,2026-07-21 00:00:00,DELIVERED,NORTH
ORD000380,CUST00059,2026-07-21 09:52:25,DELIVERED,NORTH
ORD002612,CUST00432,2026-07-21 09:55:58,DELIVERED,WEST
ORD003839,CUST00638,2026-07-21 12:00:07,DELIVERED,NORTH
ORD002157,CUST00355,2026-07-21 12:17:28,DELIVERED,WEST
ORD003812,CUST00634,2026-07-21 12:22:10,PLACED,CENTRAL
ORD002156,CUST00355,2026-07-21 12:34:15,PLACED,WEST
ORD002220,CUST00364,2026-07-21 14:29:35,DELIVERED,EAST
ORD004498,CUST00754,2026-07-21 14:48:53,DELIVERED,CENTRAL
ORD000861,CUST00145,2026-07-21 15:49:24,DELIVERED,EAST
ORD002799,CUST00464,2026-07-21 15:54:10,CANCELLED,SOUTH
ORD003914,CUST00656,2026-07-21 17:59:26,RETURNED,EAST
ORD004447,CUST00746,2026-07-21 19:17:18,CANCELLED,SOUTH
ORD001683,CUST00272,2026-07-21 21:31:35,PLACED,CENTRAL
ORD001824,CUST00302,2026-07-22 03:54:18,DELIVERED,NORTH
ORD003689,,2026-07-22 05:05:07,DELIVERED,EAST
ORD000908,CUST00151,2026-07-22 08:08:29,SHIPPED,NORTH
ORD002604,CUST00430,2026-07-22 08:08:34,DELIVERED,SOUTH
ORD001967,CUST00326,2026-07-22 08:21:24,DELIVERED,SOUTH
ORD004595,CUST00772,2026-07-22 08:24:44,PLACED,CENTRAL
ORD003732,CUST00617,2026-07-22 09:08:59,DELIVERED,CENTRAL
ORD004041,CUST00674,2026-07-22 10:16:12,CANCELLED,SOUTH
ORD000571,CUST00097,2026-07-22 10:16:21,SHIPPED,SOUTH
ORD001629,CUST00267,2026-07-22 10:41:45,PLACED,NORTH
ORD001469,CUST00246,2026-07-22 12:00:43,DELIVERED,NORTH
ORD003015,CUST00512,2026-07-22 12:49:09,DELIVERED,CENTRAL
ORD000551,CUST00089,2026-07-22 16:33:22,DELIVERED,CENTRAL
ORD003673,CUST00613,2026-07-22 17:42:42,DELIVERED,EAST
ORD001339,CUST00220,2026-07-22 19:03:28,DELIVERED,SOUTH
ORD001306,CUST00209,2026-07-22 21:37:57,CANCELLED,EAST
ORD002361,CUST00387,2026-07-22 22:00:41,DELIVERED,EAST
ORD000285,CUST00048,2026-07-23 08:20:04,PLACED,NORTH
ORD001005,CUST00167,2026-07-23 09:16:21,DELIVERED,EAST
ORD001979,CUST00327,2026-07-23 11:25:19,DELIVERED,CENTRAL
ORD002362,,2026-07-23 12:58:58,CANCELLED,EAST
ORD003875,CUST00648,2026-07-23 13:35:02,DELIVERED,NORTH
ORD001566,CUST00259,2026-07-23 15:23:36,PLACED,SOUTH
ORD001043,CUST00170,2026-07-23 19:12:49,DELIVERED,EAST
ORD002606,CUST00430,2026-07-23 23:49:01,DELIVERED,SOUTH
ORD000170,CUST00027,2026-07-24 06:53:53,SHIPPED,NORTH
ORD002475,CUST00411,2026-07-24 08:19:11,DELIVERED,WEST
ORD001138,CUST00184,2026-07-24 09:01:12,PLACED,NORTH
ORD003344,CUST00562,2026-07-24 11:15:36,DELIVERED,NORTH
ORD000666,CUST00113,2026-07-24 13:42:11,SHIPPED,WEST
ORD004744,CUST00799,2026-07-24 13:48:04,DELIVERED,WEST
ORD000075,CUST00013,2026-07-24 17:37:50,CANCELLED,NORTH
ORD000221,CUST00034,2026-07-24 17:44:19,DELIVERED,EAST
ORD003650,CUST00609,2026-07-24 17:49:53,PLACED,WEST
ORD003249,CUST00546,2026-07-24 20:05:11,DELIVERED,EAST
ORD003715,CUST00615,2026-07-24 22:55:11,DELIVERED,NORTH
ORD004276,CUST00716,2026-07-24 23:24:21,DELIVERED,NORTH
ORD000068,CUST00012,2026-07-25 04:08:03,CANCELLED,NORTH
ORD001149,CUST00185,2026-07-25 08:51:15,DELIVERED,CENTRAL
ORD001054,CUST00172,2026-07-25 09:42:45,DELIVERED,SOUTH
ORD002262,CUST00369,2026-07-25 10:23:24,PLACED,CENTRAL
ORD002725,CUST00451,2026-07-25 11:13:01,CANCELLED,WEST
ORD004751,CUST00799,2026-07-25 11:54:37,DELIVERED,WEST
ORD002137,CUST00353,2026-07-25 16:01:52,CANCELLED,CENTRAL
ORD000870,CUST00146,2026-07-25 16:17:45,DELIVERED,SOUTH
ORD004383,,2026-07-25 17:06:38,DELIVERED,SOUTH
ORD001338,CUST00220,2026-07-25 17:30:18,PLACED,SOUTH
ORD001207,CUST00194,2026-07-25 19:09:04,SHIPPED,NORTH
ORD001536,CUST00255,2026-07-25 19:54:24,DELIVERED,NORTH
ORD002975,CUST00503,2026-07-26 09:38:28,DELIVERED,SOUTH
ORD001254,CUST00202,2026-07-26 10:59:27,SHIPPED,NORTH
ORD002737,CUST00452,2026-07-26 11:38:27,CANCELLED,NORTH
ORD001060,CUST00173,2026-07-26 13:17:38,SHIPPED,NORTH
ORD001133,CUST00183,2026-07-26 14:04:50,DELIVERED,SOUTH
ORD000036,CUST00009,2026-07-26 15:01:58,SHIPPED,CENTRAL
ORD002586,CUST00428,2026-07-26 15:03:09,CANCELLED,WEST
ORD000401,CUST00061,2026-07-26 15:04:09,DELIVERED,SOUTH
ORD003484,CUST00583,2026-07-26 17:12:00,DELIVERED,WEST
ORD000561,CUST00092,2026-07-26 18:36:00,CANCELLED,EAST
ORD002804,CUST00465,2026-07-26 19:20:12,DELIVERED,WEST
ORD002142,CUST00353,2026-07-27 00:11:03,PLACED,CENTRAL
ORD002815,CUST00468,2026-07-27 00:21:34,DELIVERED,NORTH
ORD002082,CUST00344,2026-07-27 01:14:08,DELIVERED,SOUTH
ORD002148,CUST00355,2026-07-27 03:02:37,DELIVERED,WEST
ORD002146,CUST00354,2026-07-27 10:10:38,SHIPPED,SOUTH
ORD001459,CUST00244,2026-07-27 11:25:00,SHIPPED,NORTH
ORD004654,CUST00784,2026-07-27 12:07:24,CANCELLED,CENTRAL
ORD002995,CUST00507,2026-07-27 14:50:22,DELIVERED,WEST
ORD000735,CUST00124,2026-07-27 16:35:13,DELIVERED,WEST
ORD003925,CUST00658,2026-07-27 17:12:15,DELIVERED,EAST
ORD002445,CUST00404,2026-07-27 17:17:46,PLACED,WEST
ORD003793,CUST00632,2026-07-27 17:20:30,DELIVERED,WEST
ORD002244,CUST00366,2026-07-27 18:51:46,SHIPPED,SOUTH
ORD004749,CUST00799,2026-07-28 03:02:17,SHIPPED,WEST
ORD002011,CUST00333,2026-07-28 04:12:38,DELIVERED,EAST
ORD002350,CUST00385,2026-07-28 06:28:45,DELIVERED,EAST
ORD003638,CUST00608,2026-07-28 09:18:12,CANCELLED,CENTRAL
ORD003307,CUST00555,2026-07-28 12:28:47,RETURNED,SOUTH
ORD003874,CUST00647,2026-07-28 14:18:10,DELIVERED,CENTRAL
ORD001048,CUST00171,2026-07-28 15:26:49,PLACED,NORTH
ORD000050,CUST00010,2026-07-28 17:43:43,SHIPPED,WEST
ORD002676,CUST00442,2026-07-28 17:59:22,DELIVERED,SOUTH
ORD000521,CUST00086,2026-07-28 18:53:48,SHIPPED,CENTRAL
ORD004521,CUST00759,2026-07-28 19:09:24,DELIVERED,CENTRAL
ORD003072,CUST00519,2026-07-28 21:16:03,DELIVERED,SOUTH
ORD001860,CUST00309,2026-07-28 23:49:12,DELIVERED,CENTRAL
ORD004581,CUST00771,2026-07-29 05:59:34,DELIVERED,SOUTH
ORD000439,CUST00067,2026-07-29 08:47:08,PLACED,EAST
ORD000686,CUST00116,2026-07-29 09:38:34,DELIVERED,CENTRAL
ORD002154,CUST00355,2026-07-29 12:18:40,DELIVERED,WEST
ORD000518,CUST00086,2026-07-29 12:40:24,RETURNED,CENTRAL
ORD004216,CUST00705,2026-07-29 00:00:00,CANCELLED,NORTH
ORD002012,CUST00333,2026-07-29 16:40:19,SHIPPED,EAST
ORD001258,CUST00203,2026-07-29 18:08:42,SHIPPED,SOUTH
ORD001722,CUST00279,2026-07-29 18:55:23,DELIVERED,CENTRAL
ORD002247,CUST00367,2026-07-29 18:56:56,PLACED,CENTRAL
ORD002806,CUST00466,2026-07-29 19:08:54,SHIPPED,NORTH
ORD003885,CUST00649,2026-07-29 19:40:29,PLACED,WEST
ORD001707,CUST00278,2026-07-29 19:40:51,DELIVERED,NORTH
ORD002592,CUST00429,2026-07-29 19:59:48,DELIVERED,WEST
ORD002053,CUST00340,2026-07-29 22:47:22,SHIPPED,CENTRAL
ORD003920,CUST00658,2026-07-30 08:34:25,SHIPPED,EAST
ORD002055,CUST00340,2026-07-30 14:03:39,CANCELLED,CENTRAL
ORD004031,CUST00673,2026-07-30 14:58:52,DELIVERED,NORTH
ORD002608,CUST00431,2026-07-30 17:58:53,DELIVERED,SOUTH
ORD000806,CUST00132,2026-07-30 18:26:28,DELIVERED,NORTH
ORD001699,,2026-07-30 18:58:54,DELIVERED,EAST
ORD003476,CUST00581,2026-07-30 19:48:35,DELIVERED,CENTRAL
ORD002446,CUST00404,2026-07-30 21:21:12,DELIVERED,WEST
ORD001700,CUST00276,2026-07-30 21:55:44,DELIVERED,EAST
ORD001434,CUST00239,2026-07-31 00:41:02,CANCELLED,WEST
ORD000128,CUST00020,2026-07-31 00:51:42,CANCELLED,WEST
ORD003535,CUST00591,2026-07-31 00:00:00,RETURNED,NORTH
ORD004288,CUST00719,2026-07-31 04:14:02,DELIVERED,SOUTH
ORD002747,CUST00455,2026-07-31 05:55:04,CANCELLED,SOUTH
ORD001151,CUST00185,2026-07-31 11:14:17,DELIVERED,CENTRAL
ORD004060,CUST00677,2026-07-31 12:15:41,PLACED,NORTH
ORD000904,CUST00151,2026-07-31 12:41:51,SHIPPED,NORTH
ORD001602,CUST00264,2026-07-31 14:17:51,SHIPPED,SOUTH
ORD001701,CUST00276,2026-07-31 16:06:57,DELIVERED,EAST
ORD004340,CUST00728,2026-07-31 16:55:56,DELIVERED,CENTRAL
ORD002372,CUST00390,2026-07-31 17:09:14,PLACED,WEST
ORD002286,CUST00372,2026-07-31 18:22:29,CANCELLED,NORTH
ORD003649,CUST00609,2026-07-31 18:30:08,DELIVERED,WEST
ORD001765,CUST00286,2026-07-31 18:53:43,DELIVERED,SOUTH
ORD004696,CUST00792,2026-07-31 19:06:11,DELIVERED,EAST
ORD002632,CUST00436,2026-07-31 21:00:17,DELIVERED,SOUTH
ORD002689,CUST00445,2026-07-31 22:01:25,RETURNED,NORTH
ORD003647,CUST00609,2026-08-01 05:25:57,PLACED,WEST
ORD002897,CUST00486,2026-08-01 09:20:14,DELIVERED,CENTRAL
ORD002030,CUST00336,2026-08-01 09:36:54,CANCELLED,NORTH
ORD002071,CUST00342,2026-08-01 09:54:23,RETURNED,CENTRAL
ORD000730,CUST00122,2026-08-01 09:58:00,DELIVERED,NORTH
ORD001181,CUST00190,2026-08-01 10:58:46,DELIVERED,SOUTH
ORD004011,CUST00671,2026-08-01 11:01:17,RETURNED,SOUTH
ORD002579,CUST00427,2026-08-01 12:59:42,PLACED,EAST
ORD003801,CUST00633,2026-08-01 13:05:18,CANCELLED,NORTH
ORD003070,CUST00519,2026-08-01 13:15:58,DELIVERED,SOUTH
ORD002380,CUST00391,2026-08-01 13:54:36,CANCELLED,WEST
ORD000654,CUST00110,2026-08-01 16:10:32,PLACED,NORTH
ORD002909,CUST00490,2026-08-01 16:49:36,PLACED,NORTH
ORD003206,,2026-08-01 17:01:26,DELIVERED,NORTH
ORD004579,CUST00770,2026-08-01 00:00:00,DELIVERED,NORTH
ORD002667,CUST00440,2026-08-01 18:44:55,DELIVERED,SOUTH
ORD002047,CUST00340,2026-08-01 18:52:49,DELIVERED,CENTRAL
ORD001311,CUST00210,2026-08-01 22:58:28,DELIVERED,CENTRAL
ORD000834,CUST00138,2026-08-01 00:00:00,DELIVERED,WEST
